 
****************************************
Report : constraint
        -all_violators
Design : css_phy_tx_top
Version: O-2018.06-SP1
Date   : Fri Sep 18 01:21:57 2026
****************************************


   min_delay/hold ('CLK' group)

                             Required        Actual
   Endpoint                 Path Delay     Path Delay        Slack
   -----------------------------------------------------------------
   u_dqpsk/s_real_d_reg[0][0]/SI
                                2.15           0.94 f        -1.21  (VIOLATED)
   u_csk_rom/i_c_reg[1]/SI      2.12           0.92 f        -1.19  (VIOLATED)
   u_csk_rom/i_c_reg[2]/SI      2.12           0.92 f        -1.19  (VIOLATED)
   u_csk_rom/i_c_reg[3]/SI      2.12           0.92 f        -1.19  (VIOLATED)
   u_csk_rom/i_c_reg[4]/SI      2.12           0.92 f        -1.19  (VIOLATED)
   u_csk_rom/i_c_reg[5]/SI      2.12           0.92 f        -1.19  (VIOLATED)
   u_csk_rom/q_c_reg[0]/SI      2.12           0.92 f        -1.19  (VIOLATED)
   u_csk_rom/q_c_reg[1]/SI      2.12           0.92 f        -1.19  (VIOLATED)
   u_csk_rom/q_c_reg[2]/SI      2.12           0.92 f        -1.19  (VIOLATED)
   u_csk_rom/q_c_reg[3]/SI      2.12           0.92 f        -1.19  (VIOLATED)
   u_csk_rom/q_c_reg[4]/SI      2.12           0.92 f        -1.19  (VIOLATED)
   u_csk_rom/q_c_reg[5]/SI      2.12           0.92 f        -1.19  (VIOLATED)
   u_interleaver/i_out_reg[1]/SI
                                2.04           0.94 f        -1.10  (VIOLATED)
   u_interleaver/i_out_reg[2]/SI
                                2.04           0.94 f        -1.10  (VIOLATED)
   u_interleaver/i_out_reg[3]/SI
                                2.04           0.94 f        -1.10  (VIOLATED)
   u_interleaver/i_out_reg[4]/SI
                                2.04           0.94 f        -1.10  (VIOLATED)
   u_interleaver/i_out_reg[5]/SI
                                2.04           0.94 f        -1.10  (VIOLATED)
   u_interleaver/i_out_reg[6]/SI
                                2.04           0.94 f        -1.10  (VIOLATED)
   u_interleaver/i_out_reg[7]/SI
                                2.04           0.94 f        -1.10  (VIOLATED)
   u_interleaver/i_out_reg[8]/SI
                                2.04           0.94 f        -1.10  (VIOLATED)
   u_interleaver/i_out_reg[9]/SI
                                2.04           0.94 f        -1.10  (VIOLATED)
   u_interleaver/i_out_reg[10]/SI
                                2.04           0.94 f        -1.10  (VIOLATED)
   u_interleaver/i_out_reg[11]/SI
                                2.04           0.94 f        -1.10  (VIOLATED)
   u_interleaver/i_out_reg[12]/SI
                                2.04           0.94 f        -1.10  (VIOLATED)
   u_interleaver/i_out_reg[13]/SI
                                2.04           0.94 f        -1.10  (VIOLATED)
   u_interleaver/i_out_reg[14]/SI
                                2.04           0.94 f        -1.10  (VIOLATED)
   u_interleaver/i_out_reg[15]/SI
                                2.04           0.94 f        -1.10  (VIOLATED)
   u_interleaver/i_out_reg[16]/SI
                                2.04           0.94 f        -1.10  (VIOLATED)
   u_interleaver/i_out_reg[17]/SI
                                2.04           0.94 f        -1.10  (VIOLATED)
   u_interleaver/i_out_reg[18]/SI
                                2.04           0.94 f        -1.10  (VIOLATED)
   u_interleaver/i_out_reg[19]/SI
                                2.04           0.94 f        -1.10  (VIOLATED)
   u_interleaver/i_out_reg[20]/SI
                                2.04           0.94 f        -1.10  (VIOLATED)
   u_interleaver/i_out_reg[21]/SI
                                2.04           0.94 f        -1.10  (VIOLATED)
   u_interleaver/i_out_reg[22]/SI
                                2.04           0.94 f        -1.10  (VIOLATED)
   u_interleaver/i_out_reg[23]/SI
                                2.04           0.94 f        -1.10  (VIOLATED)
   u_interleaver/i_out_reg[24]/SI
                                2.04           0.94 f        -1.10  (VIOLATED)
   u_interleaver/i_out_reg[25]/SI
                                2.04           0.94 f        -1.10  (VIOLATED)
   u_interleaver/i_out_reg[26]/SI
                                2.04           0.94 f        -1.10  (VIOLATED)
   u_interleaver/i_out_reg[27]/SI
                                2.04           0.94 f        -1.10  (VIOLATED)
   u_interleaver/i_out_reg[28]/SI
                                2.04           0.94 f        -1.10  (VIOLATED)
   u_interleaver/i_out_reg[29]/SI
                                2.04           0.94 f        -1.10  (VIOLATED)
   u_interleaver/i_out_reg[30]/SI
                                2.04           0.94 f        -1.10  (VIOLATED)
   u_interleaver/i_out_reg[31]/SI
                                2.04           0.94 f        -1.10  (VIOLATED)
   u_interleaver/i_out_reg[32]/SI
                                2.04           0.94 f        -1.10  (VIOLATED)
   u_interleaver/i_out_reg[33]/SI
                                2.04           0.94 f        -1.10  (VIOLATED)
   u_interleaver/i_out_reg[34]/SI
                                2.04           0.94 f        -1.10  (VIOLATED)
   u_interleaver/i_out_reg[35]/SI
                                2.04           0.94 f        -1.10  (VIOLATED)
   u_interleaver/i_out_reg[36]/SI
                                2.04           0.94 f        -1.10  (VIOLATED)
   u_interleaver/i_out_reg[37]/SI
                                2.04           0.94 f        -1.10  (VIOLATED)
   u_interleaver/i_out_reg[38]/SI
                                2.04           0.94 f        -1.10  (VIOLATED)
   u_interleaver/i_out_reg[39]/SI
                                2.04           0.94 f        -1.10  (VIOLATED)
   u_interleaver/i_out_reg[40]/SI
                                2.04           0.94 f        -1.10  (VIOLATED)
   u_interleaver/i_out_reg[41]/SI
                                2.04           0.94 f        -1.10  (VIOLATED)
   u_interleaver/i_out_reg[42]/SI
                                2.04           0.94 f        -1.10  (VIOLATED)
   u_interleaver/i_out_reg[43]/SI
                                2.04           0.94 f        -1.10  (VIOLATED)
   u_interleaver/i_out_reg[44]/SI
                                2.04           0.94 f        -1.10  (VIOLATED)
   u_interleaver/i_out_reg[45]/SI
                                2.04           0.94 f        -1.10  (VIOLATED)
   u_interleaver/i_out_reg[46]/SI
                                2.04           0.94 f        -1.10  (VIOLATED)
   u_interleaver/i_out_reg[47]/SI
                                2.04           0.94 f        -1.10  (VIOLATED)
   u_interleaver/i_out_reg[48]/SI
                                2.04           0.94 f        -1.10  (VIOLATED)
   u_interleaver/i_out_reg[49]/SI
                                2.04           0.94 f        -1.10  (VIOLATED)
   u_interleaver/i_out_reg[50]/SI
                                2.04           0.94 f        -1.10  (VIOLATED)
   u_interleaver/i_out_reg[51]/SI
                                2.04           0.94 f        -1.10  (VIOLATED)
   u_interleaver/i_out_reg[52]/SI
                                2.04           0.94 f        -1.10  (VIOLATED)
   u_interleaver/i_out_reg[53]/SI
                                2.04           0.94 f        -1.10  (VIOLATED)
   u_interleaver/i_out_reg[54]/SI
                                2.04           0.94 f        -1.10  (VIOLATED)
   u_interleaver/i_out_reg[55]/SI
                                2.04           0.94 f        -1.10  (VIOLATED)
   u_interleaver/i_out_reg[56]/SI
                                2.04           0.94 f        -1.10  (VIOLATED)
   u_interleaver/i_out_reg[57]/SI
                                2.04           0.94 f        -1.10  (VIOLATED)
   u_interleaver/i_out_reg[58]/SI
                                2.04           0.94 f        -1.10  (VIOLATED)
   u_interleaver/i_out_reg[59]/SI
                                2.04           0.94 f        -1.10  (VIOLATED)
   u_interleaver/i_out_reg[60]/SI
                                2.04           0.94 f        -1.10  (VIOLATED)
   u_interleaver/i_out_reg[61]/SI
                                2.04           0.94 f        -1.10  (VIOLATED)
   u_interleaver/i_out_reg[62]/SI
                                2.04           0.94 f        -1.10  (VIOLATED)
   u_interleaver/i_out_reg[63]/SI
                                2.04           0.94 f        -1.10  (VIOLATED)
   u_interleaver/i_temp_reg[0]/SI
                                2.04           0.94 f        -1.10  (VIOLATED)
   u_interleaver/q_out_reg[1]/SI
                                2.04           0.94 f        -1.10  (VIOLATED)
   u_interleaver/q_out_reg[2]/SI
                                2.04           0.94 f        -1.10  (VIOLATED)
   u_interleaver/q_out_reg[3]/SI
                                2.04           0.94 f        -1.10  (VIOLATED)
   u_interleaver/q_out_reg[4]/SI
                                2.04           0.94 f        -1.10  (VIOLATED)
   u_interleaver/q_out_reg[5]/SI
                                2.04           0.94 f        -1.10  (VIOLATED)
   u_interleaver/q_out_reg[6]/SI
                                2.04           0.94 f        -1.10  (VIOLATED)
   u_interleaver/q_out_reg[7]/SI
                                2.04           0.94 f        -1.10  (VIOLATED)
   u_interleaver/q_out_reg[8]/SI
                                2.04           0.94 f        -1.10  (VIOLATED)
   u_interleaver/q_out_reg[9]/SI
                                2.04           0.94 f        -1.10  (VIOLATED)
   u_interleaver/q_out_reg[10]/SI
                                2.04           0.94 f        -1.10  (VIOLATED)
   u_interleaver/q_out_reg[11]/SI
                                2.04           0.94 f        -1.10  (VIOLATED)
   u_interleaver/q_out_reg[12]/SI
                                2.04           0.94 f        -1.10  (VIOLATED)
   u_interleaver/q_out_reg[13]/SI
                                2.04           0.94 f        -1.10  (VIOLATED)
   u_interleaver/q_out_reg[14]/SI
                                2.04           0.94 f        -1.10  (VIOLATED)
   u_interleaver/q_out_reg[15]/SI
                                2.04           0.94 f        -1.10  (VIOLATED)
   u_interleaver/q_out_reg[16]/SI
                                2.04           0.94 f        -1.10  (VIOLATED)
   u_interleaver/q_out_reg[17]/SI
                                2.04           0.94 f        -1.10  (VIOLATED)
   u_interleaver/q_out_reg[18]/SI
                                2.04           0.94 f        -1.10  (VIOLATED)
   u_interleaver/q_out_reg[19]/SI
                                2.04           0.94 f        -1.10  (VIOLATED)
   u_interleaver/q_out_reg[20]/SI
                                2.04           0.94 f        -1.10  (VIOLATED)
   u_interleaver/q_out_reg[21]/SI
                                2.04           0.94 f        -1.10  (VIOLATED)
   u_interleaver/q_out_reg[22]/SI
                                2.04           0.94 f        -1.10  (VIOLATED)
   u_interleaver/q_out_reg[23]/SI
                                2.04           0.94 f        -1.10  (VIOLATED)
   u_interleaver/q_out_reg[24]/SI
                                2.04           0.94 f        -1.10  (VIOLATED)
   u_interleaver/q_out_reg[25]/SI
                                2.04           0.94 f        -1.10  (VIOLATED)
   u_interleaver/q_out_reg[26]/SI
                                2.04           0.94 f        -1.10  (VIOLATED)
   u_interleaver/q_out_reg[27]/SI
                                2.04           0.94 f        -1.10  (VIOLATED)
   u_interleaver/q_out_reg[28]/SI
                                2.04           0.94 f        -1.10  (VIOLATED)
   u_interleaver/q_out_reg[29]/SI
                                2.04           0.94 f        -1.10  (VIOLATED)
   u_interleaver/q_out_reg[30]/SI
                                2.04           0.94 f        -1.10  (VIOLATED)
   u_interleaver/q_out_reg[31]/SI
                                2.04           0.94 f        -1.10  (VIOLATED)
   u_interleaver/q_out_reg[32]/SI
                                2.04           0.94 f        -1.10  (VIOLATED)
   u_interleaver/q_out_reg[33]/SI
                                2.04           0.94 f        -1.10  (VIOLATED)
   u_interleaver/q_out_reg[34]/SI
                                2.04           0.94 f        -1.10  (VIOLATED)
   u_interleaver/q_out_reg[35]/SI
                                2.04           0.94 f        -1.10  (VIOLATED)
   u_interleaver/q_out_reg[36]/SI
                                2.04           0.94 f        -1.10  (VIOLATED)
   u_interleaver/q_out_reg[37]/SI
                                2.04           0.94 f        -1.10  (VIOLATED)
   u_interleaver/q_out_reg[38]/SI
                                2.04           0.94 f        -1.10  (VIOLATED)
   u_interleaver/q_out_reg[39]/SI
                                2.04           0.94 f        -1.10  (VIOLATED)
   u_interleaver/q_out_reg[40]/SI
                                2.04           0.94 f        -1.10  (VIOLATED)
   u_interleaver/q_out_reg[41]/SI
                                2.04           0.94 f        -1.10  (VIOLATED)
   u_interleaver/q_out_reg[42]/SI
                                2.04           0.94 f        -1.10  (VIOLATED)
   u_interleaver/q_out_reg[43]/SI
                                2.04           0.94 f        -1.10  (VIOLATED)
   u_interleaver/q_out_reg[44]/SI
                                2.04           0.94 f        -1.10  (VIOLATED)
   u_interleaver/q_out_reg[45]/SI
                                2.04           0.94 f        -1.10  (VIOLATED)
   u_interleaver/q_out_reg[46]/SI
                                2.04           0.94 f        -1.10  (VIOLATED)
   u_interleaver/q_out_reg[47]/SI
                                2.04           0.94 f        -1.10  (VIOLATED)
   u_interleaver/q_out_reg[48]/SI
                                2.04           0.94 f        -1.10  (VIOLATED)
   u_interleaver/q_out_reg[49]/SI
                                2.04           0.94 f        -1.10  (VIOLATED)
   u_interleaver/q_out_reg[50]/SI
                                2.04           0.94 f        -1.10  (VIOLATED)
   u_interleaver/q_out_reg[51]/SI
                                2.04           0.94 f        -1.10  (VIOLATED)
   u_interleaver/q_out_reg[52]/SI
                                2.04           0.94 f        -1.10  (VIOLATED)
   u_interleaver/q_out_reg[53]/SI
                                2.04           0.94 f        -1.10  (VIOLATED)
   u_interleaver/q_out_reg[54]/SI
                                2.04           0.94 f        -1.10  (VIOLATED)
   u_interleaver/q_out_reg[55]/SI
                                2.04           0.94 f        -1.10  (VIOLATED)
   u_interleaver/q_out_reg[56]/SI
                                2.04           0.94 f        -1.10  (VIOLATED)
   u_interleaver/q_out_reg[57]/SI
                                2.04           0.94 f        -1.10  (VIOLATED)
   u_interleaver/q_out_reg[58]/SI
                                2.04           0.94 f        -1.10  (VIOLATED)
   u_interleaver/q_out_reg[59]/SI
                                2.04           0.94 f        -1.10  (VIOLATED)
   u_interleaver/q_out_reg[60]/SI
                                2.04           0.94 f        -1.10  (VIOLATED)
   u_interleaver/q_out_reg[61]/SI
                                2.04           0.94 f        -1.10  (VIOLATED)
   u_interleaver/q_out_reg[62]/SI
                                2.04           0.94 f        -1.10  (VIOLATED)
   u_interleaver/q_out_reg[63]/SI
                                2.04           0.94 f        -1.10  (VIOLATED)
   u_interleaver/q_temp_reg[0]/SI
                                2.04           0.94 f        -1.10  (VIOLATED)
   u_interleaver/q_temp_reg[1]/SI
                                2.04           0.94 f        -1.10  (VIOLATED)
   u_interleaver/q_temp_reg[2]/SI
                                2.04           0.94 f        -1.10  (VIOLATED)
   u_interleaver/q_temp_reg[3]/SI
                                2.04           0.94 f        -1.10  (VIOLATED)
   u_interleaver/q_temp_reg[4]/SI
                                2.04           0.94 f        -1.10  (VIOLATED)
   u_interleaver/q_temp_reg[5]/SI
                                2.04           0.94 f        -1.10  (VIOLATED)
   u_interleaver/q_temp_reg[6]/SI
                                2.04           0.94 f        -1.10  (VIOLATED)
   u_interleaver/q_temp_reg[7]/SI
                                2.04           0.94 f        -1.10  (VIOLATED)
   u_interleaver/q_temp_reg[8]/SI
                                2.04           0.94 f        -1.10  (VIOLATED)
   u_interleaver/q_temp_reg[9]/SI
                                2.04           0.94 f        -1.10  (VIOLATED)
   u_interleaver/q_temp_reg[10]/SI
                                2.04           0.94 f        -1.10  (VIOLATED)
   u_interleaver/q_temp_reg[11]/SI
                                2.04           0.94 f        -1.10  (VIOLATED)
   u_interleaver/q_temp_reg[12]/SI
                                2.04           0.94 f        -1.10  (VIOLATED)
   u_interleaver/q_temp_reg[13]/SI
                                2.04           0.94 f        -1.10  (VIOLATED)
   u_interleaver/q_temp_reg[14]/SI
                                2.04           0.94 f        -1.10  (VIOLATED)
   u_interleaver/q_temp_reg[15]/SI
                                2.04           0.94 f        -1.10  (VIOLATED)
   u_interleaver/q_temp_reg[16]/SI
                                2.04           0.94 f        -1.10  (VIOLATED)
   u_interleaver/q_temp_reg[17]/SI
                                2.04           0.94 f        -1.10  (VIOLATED)
   u_interleaver/q_temp_reg[18]/SI
                                2.04           0.94 f        -1.10  (VIOLATED)
   u_interleaver/q_temp_reg[19]/SI
                                2.04           0.94 f        -1.10  (VIOLATED)
   u_interleaver/q_temp_reg[20]/SI
                                2.04           0.94 f        -1.10  (VIOLATED)
   u_interleaver/q_temp_reg[21]/SI
                                2.04           0.94 f        -1.10  (VIOLATED)
   u_interleaver/q_temp_reg[22]/SI
                                2.04           0.94 f        -1.10  (VIOLATED)
   u_interleaver/q_temp_reg[23]/SI
                                2.04           0.94 f        -1.10  (VIOLATED)
   u_interleaver/q_temp_reg[24]/SI
                                2.04           0.94 f        -1.10  (VIOLATED)
   u_interleaver/q_temp_reg[25]/SI
                                2.04           0.94 f        -1.10  (VIOLATED)
   u_interleaver/q_temp_reg[26]/SI
                                2.04           0.94 f        -1.10  (VIOLATED)
   u_interleaver/q_temp_reg[27]/SI
                                2.04           0.94 f        -1.10  (VIOLATED)
   u_interleaver/q_temp_reg[28]/SI
                                2.04           0.94 f        -1.10  (VIOLATED)
   u_interleaver/q_temp_reg[29]/SI
                                2.04           0.94 f        -1.10  (VIOLATED)
   u_interleaver/q_temp_reg[30]/SI
                                2.04           0.94 f        -1.10  (VIOLATED)
   u_interleaver/q_temp_reg[31]/SI
                                2.04           0.94 f        -1.10  (VIOLATED)
   u_interleaver/valid_out_reg/SI
                                2.04           0.94 f        -1.10  (VIOLATED)
   u_interleaver/wait_second_reg/SI
                                2.04           0.94 f        -1.10  (VIOLATED)
   u_csk_sequencer/even_odd_reg/SI
                                2.04           0.94 f        -1.10  (VIOLATED)
   u_csk_sequencer/gap_counter_reg[0]/SI
                                2.04           0.94 f        -1.10  (VIOLATED)
   u_csk_sequencer/gap_counter_reg[1]/SI
                                2.04           0.94 f        -1.10  (VIOLATED)
   u_csk_sequencer/group_count_reg[1]/SI
                                2.04           0.94 f        -1.10  (VIOLATED)
   u_csk_sequencer/group_count_reg[2]/SI
                                2.04           0.94 f        -1.10  (VIOLATED)
   u_csk_sequencer/group_count_reg[3]/SI
                                2.04           0.94 f        -1.10  (VIOLATED)
   u_csk_sequencer/group_count_reg[4]/SI
                                2.04           0.94 f        -1.10  (VIOLATED)
   u_csk_sequencer/group_count_reg[5]/SI
                                2.04           0.94 f        -1.10  (VIOLATED)
   u_csk_sequencer/group_count_reg[6]/SI
                                2.04           0.94 f        -1.10  (VIOLATED)
   u_csk_sequencer/group_count_reg[7]/SI
                                2.04           0.94 f        -1.10  (VIOLATED)
   u_csk_sequencer/group_count_reg[8]/SI
                                2.04           0.94 f        -1.10  (VIOLATED)
   u_csk_sequencer/group_count_reg[9]/SI
                                2.04           0.94 f        -1.10  (VIOLATED)
   u_csk_sequencer/group_count_reg[10]/SI
                                2.04           0.94 f        -1.10  (VIOLATED)
   u_csk_sequencer/k_index_reg[0]/SI
                                2.04           0.94 f        -1.10  (VIOLATED)
   u_csk_sequencer/sample_index_reg[1]/SI
                                2.04           0.94 f        -1.10  (VIOLATED)
   u_csk_sequencer/sample_index_reg[2]/SI
                                2.04           0.94 f        -1.10  (VIOLATED)
   u_csk_sequencer/sample_index_reg[3]/SI
                                2.04           0.94 f        -1.10  (VIOLATED)
   u_csk_sequencer/sample_index_reg[4]/SI
                                2.04           0.94 f        -1.10  (VIOLATED)
   u_csk_sequencer/sample_index_reg[5]/SI
                                2.04           0.94 f        -1.10  (VIOLATED)
   u_csk_sequencer/seq_active_reg/SI
                                2.04           0.94 f        -1.10  (VIOLATED)
   u_csk_sequencer/state_reg[0]/SI
                                2.04           0.94 f        -1.10  (VIOLATED)
   u_csk_sequencer/state_reg[1]/SI
                                2.04           0.94 f        -1.10  (VIOLATED)
   u_csk_sequencer/subchirp_tick_reg/SI
                                2.04           0.94 f        -1.10  (VIOLATED)
   u_demux/i_temp_reg/SI        2.04           0.94 f        -1.10  (VIOLATED)
   u_demux/toggle_reg/SI        2.04           0.94 f        -1.10  (VIOLATED)
   u_demux/valid_out_reg/SI     2.04           0.94 f        -1.10  (VIOLATED)
   u_dqpsk/valid_out_reg/SI     2.04           0.94 f        -1.10  (VIOLATED)
   u_dqpsk_csk_multiplier/css_i_reg[1]/SI
                                2.04           0.94 f        -1.10  (VIOLATED)
   u_dqpsk_csk_multiplier/css_i_reg[2]/SI
                                2.04           0.94 f        -1.10  (VIOLATED)
   u_dqpsk_csk_multiplier/css_i_reg[3]/SI
                                2.04           0.94 f        -1.10  (VIOLATED)
   u_dqpsk_csk_multiplier/css_i_reg[4]/SI
                                2.04           0.94 f        -1.10  (VIOLATED)
   u_dqpsk_csk_multiplier/css_i_reg[5]/SI
                                2.04           0.94 f        -1.10  (VIOLATED)
   u_dqpsk_csk_multiplier/css_i_reg[6]/SI
                                2.04           0.94 f        -1.10  (VIOLATED)
   u_dqpsk_csk_multiplier/css_i_reg[7]/SI
                                2.04           0.94 f        -1.10  (VIOLATED)
   u_dqpsk_csk_multiplier/css_q_reg[0]/SI
                                2.04           0.94 f        -1.10  (VIOLATED)
   u_dqpsk_csk_multiplier/css_q_reg[1]/SI
                                2.04           0.94 f        -1.10  (VIOLATED)
   u_dqpsk_csk_multiplier/css_q_reg[2]/SI
                                2.04           0.94 f        -1.10  (VIOLATED)
   u_dqpsk_csk_multiplier/css_q_reg[3]/SI
                                2.04           0.94 f        -1.10  (VIOLATED)
   u_dqpsk_csk_multiplier/css_q_reg[4]/SI
                                2.04           0.94 f        -1.10  (VIOLATED)
   u_dqpsk_csk_multiplier/css_q_reg[5]/SI
                                2.04           0.94 f        -1.10  (VIOLATED)
   u_dqpsk_csk_multiplier/css_q_reg[6]/SI
                                2.04           0.94 f        -1.10  (VIOLATED)
   u_dqpsk_csk_multiplier/css_valid_reg/SI
                                2.04           0.94 f        -1.10  (VIOLATED)
   u_dqpsk_csk_multiplier/s_imag_held_reg[1]/SI
                                2.04           0.94 f        -1.10  (VIOLATED)
   u_dqpsk_csk_multiplier/s_real_held_reg[1]/SI
                                2.04           0.94 f        -1.10  (VIOLATED)
   u_qpsk/x_imag_reg[0]/SI      2.04           0.94 f        -1.10  (VIOLATED)
   u_qpsk/x_imag_reg[1]/SI      2.04           0.94 f        -1.10  (VIOLATED)
   u_qpsk/x_real_reg[0]/SI      2.04           0.94 f        -1.10  (VIOLATED)
   u_qpsk/x_real_reg[1]/SI      2.04           0.94 f        -1.10  (VIOLATED)
   u_symbol_mapper/i_mapped_reg[1]/SI
                                2.04           0.94 f        -1.10  (VIOLATED)
   u_symbol_mapper/i_mapped_reg[2]/SI
                                2.04           0.94 f        -1.10  (VIOLATED)
   u_symbol_mapper/i_mapped_reg[3]/SI
                                2.04           0.94 f        -1.10  (VIOLATED)
   u_symbol_mapper/i_mapped_reg[4]/SI
                                2.04           0.94 f        -1.10  (VIOLATED)
   u_symbol_mapper/i_mapped_reg[5]/SI
                                2.04           0.94 f        -1.10  (VIOLATED)
   u_symbol_mapper/i_mapped_reg[6]/SI
                                2.04           0.94 f        -1.10  (VIOLATED)
   u_symbol_mapper/i_mapped_reg[7]/SI
                                2.04           0.94 f        -1.10  (VIOLATED)
   u_symbol_mapper/i_mapped_reg[8]/SI
                                2.04           0.94 f        -1.10  (VIOLATED)
   u_symbol_mapper/i_mapped_reg[9]/SI
                                2.04           0.94 f        -1.10  (VIOLATED)
   u_symbol_mapper/i_mapped_reg[10]/SI
                                2.04           0.94 f        -1.10  (VIOLATED)
   u_symbol_mapper/i_mapped_reg[11]/SI
                                2.04           0.94 f        -1.10  (VIOLATED)
   u_symbol_mapper/i_mapped_reg[12]/SI
                                2.04           0.94 f        -1.10  (VIOLATED)
   u_symbol_mapper/i_mapped_reg[13]/SI
                                2.04           0.94 f        -1.10  (VIOLATED)
   u_symbol_mapper/i_mapped_reg[14]/SI
                                2.04           0.94 f        -1.10  (VIOLATED)
   u_symbol_mapper/i_mapped_reg[15]/SI
                                2.04           0.94 f        -1.10  (VIOLATED)
   u_symbol_mapper/i_mapped_reg[16]/SI
                                2.04           0.94 f        -1.10  (VIOLATED)
   u_symbol_mapper/i_mapped_reg[17]/SI
                                2.04           0.94 f        -1.10  (VIOLATED)
   u_symbol_mapper/i_mapped_reg[18]/SI
                                2.04           0.94 f        -1.10  (VIOLATED)
   u_symbol_mapper/i_mapped_reg[19]/SI
                                2.04           0.94 f        -1.10  (VIOLATED)
   u_symbol_mapper/i_mapped_reg[20]/SI
                                2.04           0.94 f        -1.10  (VIOLATED)
   u_symbol_mapper/i_mapped_reg[21]/SI
                                2.04           0.94 f        -1.10  (VIOLATED)
   u_symbol_mapper/i_mapped_reg[22]/SI
                                2.04           0.94 f        -1.10  (VIOLATED)
   u_symbol_mapper/i_mapped_reg[23]/SI
                                2.04           0.94 f        -1.10  (VIOLATED)
   u_symbol_mapper/i_mapped_reg[24]/SI
                                2.04           0.94 f        -1.10  (VIOLATED)
   u_symbol_mapper/i_mapped_reg[25]/SI
                                2.04           0.94 f        -1.10  (VIOLATED)
   u_symbol_mapper/i_mapped_reg[26]/SI
                                2.04           0.94 f        -1.10  (VIOLATED)
   u_symbol_mapper/i_mapped_reg[27]/SI
                                2.04           0.94 f        -1.10  (VIOLATED)
   u_symbol_mapper/i_mapped_reg[28]/SI
                                2.04           0.94 f        -1.10  (VIOLATED)
   u_symbol_mapper/i_mapped_reg[29]/SI
                                2.04           0.94 f        -1.10  (VIOLATED)
   u_symbol_mapper/i_mapped_reg[30]/SI
                                2.04           0.94 f        -1.10  (VIOLATED)
   u_symbol_mapper/i_mapped_reg[31]/SI
                                2.04           0.94 f        -1.10  (VIOLATED)
   u_symbol_mapper/i_shift_reg[0]/SI
                                2.04           0.94 f        -1.10  (VIOLATED)
   u_symbol_mapper/i_shift_reg[1]/SI
                                2.04           0.94 f        -1.10  (VIOLATED)
   u_symbol_mapper/i_shift_reg[2]/SI
                                2.04           0.94 f        -1.10  (VIOLATED)
   u_symbol_mapper/i_shift_reg[3]/SI
                                2.04           0.94 f        -1.10  (VIOLATED)
   u_symbol_mapper/i_shift_reg[4]/SI
                                2.04           0.94 f        -1.10  (VIOLATED)
   u_symbol_mapper/q_mapped_reg[0]/SI
                                2.04           0.94 f        -1.10  (VIOLATED)
   u_symbol_mapper/q_mapped_reg[1]/SI
                                2.04           0.94 f        -1.10  (VIOLATED)
   u_symbol_mapper/q_mapped_reg[2]/SI
                                2.04           0.94 f        -1.10  (VIOLATED)
   u_symbol_mapper/q_mapped_reg[3]/SI
                                2.04           0.94 f        -1.10  (VIOLATED)
   u_symbol_mapper/q_mapped_reg[4]/SI
                                2.04           0.94 f        -1.10  (VIOLATED)
   u_symbol_mapper/q_mapped_reg[5]/SI
                                2.04           0.94 f        -1.10  (VIOLATED)
   u_symbol_mapper/q_mapped_reg[6]/SI
                                2.04           0.94 f        -1.10  (VIOLATED)
   u_symbol_mapper/q_mapped_reg[7]/SI
                                2.04           0.94 f        -1.10  (VIOLATED)
   u_symbol_mapper/q_mapped_reg[8]/SI
                                2.04           0.94 f        -1.10  (VIOLATED)
   u_symbol_mapper/q_mapped_reg[9]/SI
                                2.04           0.94 f        -1.10  (VIOLATED)
   u_symbol_mapper/q_mapped_reg[10]/SI
                                2.04           0.94 f        -1.10  (VIOLATED)
   u_symbol_mapper/q_mapped_reg[11]/SI
                                2.04           0.94 f        -1.10  (VIOLATED)
   u_symbol_mapper/q_mapped_reg[12]/SI
                                2.04           0.94 f        -1.10  (VIOLATED)
   u_symbol_mapper/q_mapped_reg[13]/SI
                                2.04           0.94 f        -1.10  (VIOLATED)
   u_symbol_mapper/q_mapped_reg[14]/SI
                                2.04           0.94 f        -1.10  (VIOLATED)
   u_symbol_mapper/q_mapped_reg[15]/SI
                                2.04           0.94 f        -1.10  (VIOLATED)
   u_symbol_mapper/q_mapped_reg[16]/SI
                                2.04           0.94 f        -1.10  (VIOLATED)
   u_symbol_mapper/q_mapped_reg[17]/SI
                                2.04           0.94 f        -1.10  (VIOLATED)
   u_symbol_mapper/q_mapped_reg[18]/SI
                                2.04           0.94 f        -1.10  (VIOLATED)
   u_symbol_mapper/q_mapped_reg[19]/SI
                                2.04           0.94 f        -1.10  (VIOLATED)
   u_symbol_mapper/q_mapped_reg[20]/SI
                                2.04           0.94 f        -1.10  (VIOLATED)
   u_symbol_mapper/q_mapped_reg[21]/SI
                                2.04           0.94 f        -1.10  (VIOLATED)
   u_symbol_mapper/q_mapped_reg[22]/SI
                                2.04           0.94 f        -1.10  (VIOLATED)
   u_symbol_mapper/q_mapped_reg[23]/SI
                                2.04           0.94 f        -1.10  (VIOLATED)
   u_symbol_mapper/q_mapped_reg[24]/SI
                                2.04           0.94 f        -1.10  (VIOLATED)
   u_symbol_mapper/q_mapped_reg[25]/SI
                                2.04           0.94 f        -1.10  (VIOLATED)
   u_symbol_mapper/q_mapped_reg[26]/SI
                                2.04           0.94 f        -1.10  (VIOLATED)
   u_symbol_mapper/q_mapped_reg[27]/SI
                                2.04           0.94 f        -1.10  (VIOLATED)
   u_symbol_mapper/q_mapped_reg[28]/SI
                                2.04           0.94 f        -1.10  (VIOLATED)
   u_symbol_mapper/q_mapped_reg[29]/SI
                                2.04           0.94 f        -1.10  (VIOLATED)
   u_symbol_mapper/q_mapped_reg[30]/SI
                                2.04           0.94 f        -1.10  (VIOLATED)
   u_symbol_mapper/q_mapped_reg[31]/SI
                                2.04           0.94 f        -1.10  (VIOLATED)
   u_symbol_mapper/q_shift_reg[0]/SI
                                2.04           0.94 f        -1.10  (VIOLATED)
   u_symbol_mapper/q_shift_reg[1]/SI
                                2.04           0.94 f        -1.10  (VIOLATED)
   u_symbol_mapper/q_shift_reg[2]/SI
                                2.04           0.94 f        -1.10  (VIOLATED)
   u_symbol_mapper/q_shift_reg[3]/SI
                                2.04           0.94 f        -1.10  (VIOLATED)
   u_symbol_mapper/q_shift_reg[4]/SI
                                2.04           0.94 f        -1.10  (VIOLATED)
   u_symbol_mapper/valid_out_reg/SI
                                2.04           0.94 f        -1.10  (VIOLATED)
   u_zero_padding/data_bit_count_reg[0]/SI
                                2.04           0.94 f        -1.10  (VIOLATED)
   u_zero_padding/data_bit_count_reg[1]/SI
                                2.04           0.94 f        -1.10  (VIOLATED)
   u_zero_padding/data_bit_count_reg[2]/SI
                                2.04           0.94 f        -1.10  (VIOLATED)
   u_zero_padding/data_bit_count_reg[3]/SI
                                2.04           0.94 f        -1.10  (VIOLATED)
   u_zero_padding/data_bit_count_reg[4]/SI
                                2.04           0.94 f        -1.10  (VIOLATED)
   u_zero_padding/data_bit_count_reg[5]/SI
                                2.04           0.94 f        -1.10  (VIOLATED)
   u_zero_padding/data_bit_count_reg[6]/SI
                                2.04           0.94 f        -1.10  (VIOLATED)
   u_zero_padding/data_bit_count_reg[7]/SI
                                2.04           0.94 f        -1.10  (VIOLATED)
   u_zero_padding/data_bit_count_reg[8]/SI
                                2.04           0.94 f        -1.10  (VIOLATED)
   u_zero_padding/data_bit_count_reg[9]/SI
                                2.04           0.94 f        -1.10  (VIOLATED)
   u_zero_padding/data_bit_count_reg[10]/SI
                                2.04           0.94 f        -1.10  (VIOLATED)
   u_zero_padding/data_bit_count_reg[11]/SI
                                2.04           0.94 f        -1.10  (VIOLATED)
   u_zero_padding/data_bit_count_reg[12]/SI
                                2.04           0.94 f        -1.10  (VIOLATED)
   u_zero_padding/data_bit_count_reg[13]/SI
                                2.04           0.94 f        -1.10  (VIOLATED)
   u_zero_padding/data_bit_count_reg[14]/SI
                                2.04           0.94 f        -1.10  (VIOLATED)
   u_zero_padding/data_bit_count_reg[15]/SI
                                2.04           0.94 f        -1.10  (VIOLATED)
   u_zero_padding/done_padding_reg/SI
                                2.04           0.94 f        -1.10  (VIOLATED)
   u_zero_padding/padding_count_reg[1]/SI
                                2.04           0.94 f        -1.10  (VIOLATED)
   u_zero_padding/padding_count_reg[2]/SI
                                2.04           0.94 f        -1.10  (VIOLATED)
   u_zero_padding/padding_count_reg[3]/SI
                                2.04           0.94 f        -1.10  (VIOLATED)
   u_zero_padding/padding_count_reg[4]/SI
                                2.04           0.94 f        -1.10  (VIOLATED)
   u_zero_padding/padding_count_reg[5]/SI
                                2.04           0.94 f        -1.10  (VIOLATED)
   u_zero_padding/padding_total_reg[1]/SI
                                2.04           0.94 f        -1.10  (VIOLATED)
   u_zero_padding/padding_total_reg[2]/SI
                                2.04           0.94 f        -1.10  (VIOLATED)
   u_zero_padding/padding_total_reg[3]/SI
                                2.04           0.94 f        -1.10  (VIOLATED)
   u_zero_padding/padding_total_reg[4]/SI
                                2.04           0.94 f        -1.10  (VIOLATED)
   u_zero_padding/padding_total_reg[5]/SI
                                2.04           0.94 f        -1.10  (VIOLATED)
   u_zero_padding/state_reg[0]/SI
                                2.04           0.94 f        -1.10  (VIOLATED)
   u_zero_padding/state_reg[1]/SI
                                2.04           0.94 f        -1.10  (VIOLATED)
   u_zero_padding/total_data_bits_reg[2]/SI
                                2.04           0.94 f        -1.10  (VIOLATED)
   u_zero_padding/total_data_bits_reg[3]/SI
                                2.04           0.94 f        -1.10  (VIOLATED)
   u_zero_padding/total_data_bits_reg[4]/SI
                                2.04           0.94 f        -1.10  (VIOLATED)
   u_zero_padding/total_data_bits_reg[5]/SI
                                2.04           0.94 f        -1.10  (VIOLATED)
   u_zero_padding/total_data_bits_reg[6]/SI
                                2.04           0.94 f        -1.10  (VIOLATED)
   u_zero_padding/total_data_bits_reg[7]/SI
                                2.04           0.94 f        -1.10  (VIOLATED)
   u_zero_padding/total_data_bits_reg[8]/SI
                                2.04           0.94 f        -1.10  (VIOLATED)
   u_zero_padding/total_data_bits_reg[9]/SI
                                2.04           0.94 f        -1.10  (VIOLATED)
   u_zero_padding/total_data_bits_reg[10]/SI
                                2.04           0.94 f        -1.10  (VIOLATED)
   u_zero_padding/total_data_bits_reg[11]/SI
                                2.04           0.94 f        -1.10  (VIOLATED)
   u_zero_padding/valid_out_reg/SI
                                2.04           0.94 f        -1.10  (VIOLATED)
   u_dqpsk/s_imag_reg[1]/SI     2.04           1.02 f        -1.02  (VIOLATED)
   u_dqpsk/s_real_reg[1]/SI     2.04           1.02 f        -1.02  (VIOLATED)
   u_dqpsk/s_imag_d_reg[1][0]/SI
                                2.16           1.23 f        -0.93  (VIOLATED)
   u_dqpsk/s_imag_d_reg[2][0]/SI
                                2.16           1.23 f        -0.93  (VIOLATED)
   u_dqpsk/s_imag_d_reg[3][0]/SI
                                2.16           1.23 f        -0.93  (VIOLATED)
   u_dqpsk/s_imag_reg[0]/SI     2.16           1.23 f        -0.93  (VIOLATED)
   u_dqpsk/s_real_d_reg[1][0]/SI
                                2.16           1.23 f        -0.93  (VIOLATED)
   u_dqpsk/s_real_d_reg[2][0]/SI
                                2.16           1.23 f        -0.93  (VIOLATED)
   u_dqpsk/s_real_d_reg[3][0]/SI
                                2.16           1.23 f        -0.93  (VIOLATED)
   u_dqpsk/s_real_reg[0]/SI     2.16           1.23 f        -0.93  (VIOLATED)
   u_controller/payload_ram_reg[0][1]/SI
                                2.12           1.19 f        -0.93  (VIOLATED)
   u_controller/payload_ram_reg[0][2]/SI
                                2.12           1.19 f        -0.93  (VIOLATED)
   u_controller/payload_ram_reg[0][3]/SI
                                2.12           1.19 f        -0.93  (VIOLATED)
   u_controller/payload_ram_reg[0][4]/SI
                                2.12           1.19 f        -0.93  (VIOLATED)
   u_controller/payload_ram_reg[0][5]/SI
                                2.12           1.19 f        -0.93  (VIOLATED)
   u_controller/payload_ram_reg[0][6]/SI
                                2.12           1.19 f        -0.93  (VIOLATED)
   u_controller/payload_ram_reg[0][7]/SI
                                2.12           1.19 f        -0.93  (VIOLATED)
   u_controller/payload_ram_reg[1][0]/SI
                                2.12           1.19 f        -0.93  (VIOLATED)
   u_controller/payload_ram_reg[1][1]/SI
                                2.12           1.19 f        -0.93  (VIOLATED)
   u_controller/payload_ram_reg[1][2]/SI
                                2.12           1.19 f        -0.93  (VIOLATED)
   u_controller/payload_ram_reg[1][3]/SI
                                2.12           1.19 f        -0.93  (VIOLATED)
   u_controller/payload_ram_reg[1][4]/SI
                                2.12           1.19 f        -0.93  (VIOLATED)
   u_controller/payload_ram_reg[1][5]/SI
                                2.12           1.19 f        -0.93  (VIOLATED)
   u_controller/payload_ram_reg[1][6]/SI
                                2.12           1.19 f        -0.93  (VIOLATED)
   u_controller/payload_ram_reg[1][7]/SI
                                2.12           1.19 f        -0.93  (VIOLATED)
   u_controller/payload_ram_reg[2][0]/SI
                                2.12           1.19 f        -0.93  (VIOLATED)
   u_controller/payload_ram_reg[2][1]/SI
                                2.12           1.19 f        -0.93  (VIOLATED)
   u_controller/payload_ram_reg[2][2]/SI
                                2.12           1.19 f        -0.93  (VIOLATED)
   u_controller/payload_ram_reg[2][3]/SI
                                2.12           1.19 f        -0.93  (VIOLATED)
   u_controller/payload_ram_reg[2][4]/SI
                                2.12           1.19 f        -0.93  (VIOLATED)
   u_controller/payload_ram_reg[2][5]/SI
                                2.12           1.19 f        -0.93  (VIOLATED)
   u_controller/payload_ram_reg[2][6]/SI
                                2.12           1.19 f        -0.93  (VIOLATED)
   u_controller/payload_ram_reg[2][7]/SI
                                2.12           1.19 f        -0.93  (VIOLATED)
   u_controller/payload_ram_reg[3][0]/SI
                                2.12           1.19 f        -0.93  (VIOLATED)
   u_controller/payload_ram_reg[3][1]/SI
                                2.12           1.19 f        -0.93  (VIOLATED)
   u_controller/payload_ram_reg[3][2]/SI
                                2.12           1.19 f        -0.93  (VIOLATED)
   u_controller/payload_ram_reg[3][3]/SI
                                2.12           1.19 f        -0.93  (VIOLATED)
   u_controller/payload_ram_reg[3][4]/SI
                                2.12           1.19 f        -0.93  (VIOLATED)
   u_controller/payload_ram_reg[3][5]/SI
                                2.12           1.19 f        -0.93  (VIOLATED)
   u_controller/payload_ram_reg[3][6]/SI
                                2.12           1.19 f        -0.93  (VIOLATED)
   u_controller/payload_ram_reg[3][7]/SI
                                2.12           1.19 f        -0.93  (VIOLATED)
   u_controller/payload_ram_reg[4][0]/SI
                                2.12           1.19 f        -0.93  (VIOLATED)
   u_controller/payload_ram_reg[4][1]/SI
                                2.12           1.19 f        -0.93  (VIOLATED)
   u_controller/payload_ram_reg[4][2]/SI
                                2.12           1.19 f        -0.93  (VIOLATED)
   u_controller/payload_ram_reg[4][3]/SI
                                2.12           1.19 f        -0.93  (VIOLATED)
   u_controller/payload_ram_reg[4][4]/SI
                                2.12           1.19 f        -0.93  (VIOLATED)
   u_controller/payload_ram_reg[4][5]/SI
                                2.12           1.19 f        -0.93  (VIOLATED)
   u_controller/payload_ram_reg[4][6]/SI
                                2.12           1.19 f        -0.93  (VIOLATED)
   u_controller/payload_ram_reg[4][7]/SI
                                2.12           1.19 f        -0.93  (VIOLATED)
   u_controller/payload_ram_reg[5][0]/SI
                                2.12           1.19 f        -0.93  (VIOLATED)
   u_controller/payload_ram_reg[5][1]/SI
                                2.12           1.19 f        -0.93  (VIOLATED)
   u_controller/payload_ram_reg[5][2]/SI
                                2.12           1.19 f        -0.93  (VIOLATED)
   u_controller/payload_ram_reg[5][3]/SI
                                2.12           1.19 f        -0.93  (VIOLATED)
   u_controller/payload_ram_reg[5][4]/SI
                                2.12           1.19 f        -0.93  (VIOLATED)
   u_controller/payload_ram_reg[5][5]/SI
                                2.12           1.19 f        -0.93  (VIOLATED)
   u_controller/payload_ram_reg[5][6]/SI
                                2.12           1.19 f        -0.93  (VIOLATED)
   u_controller/payload_ram_reg[5][7]/SI
                                2.12           1.19 f        -0.93  (VIOLATED)
   u_controller/payload_ram_reg[6][0]/SI
                                2.12           1.19 f        -0.93  (VIOLATED)
   u_controller/payload_ram_reg[6][1]/SI
                                2.12           1.19 f        -0.93  (VIOLATED)
   u_controller/payload_ram_reg[6][2]/SI
                                2.12           1.19 f        -0.93  (VIOLATED)
   u_controller/payload_ram_reg[6][3]/SI
                                2.12           1.19 f        -0.93  (VIOLATED)
   u_controller/payload_ram_reg[6][4]/SI
                                2.12           1.19 f        -0.93  (VIOLATED)
   u_controller/payload_ram_reg[6][5]/SI
                                2.12           1.19 f        -0.93  (VIOLATED)
   u_controller/payload_ram_reg[6][6]/SI
                                2.12           1.19 f        -0.93  (VIOLATED)
   u_controller/payload_ram_reg[6][7]/SI
                                2.12           1.19 f        -0.93  (VIOLATED)
   u_controller/payload_ram_reg[7][0]/SI
                                2.12           1.19 f        -0.93  (VIOLATED)
   u_controller/payload_ram_reg[7][1]/SI
                                2.12           1.19 f        -0.93  (VIOLATED)
   u_controller/payload_ram_reg[7][2]/SI
                                2.12           1.19 f        -0.93  (VIOLATED)
   u_controller/payload_ram_reg[7][3]/SI
                                2.12           1.19 f        -0.93  (VIOLATED)
   u_controller/payload_ram_reg[7][4]/SI
                                2.12           1.19 f        -0.93  (VIOLATED)
   u_controller/payload_ram_reg[7][5]/SI
                                2.12           1.19 f        -0.93  (VIOLATED)
   u_controller/payload_ram_reg[7][6]/SI
                                2.12           1.19 f        -0.93  (VIOLATED)
   u_controller/payload_ram_reg[7][7]/SI
                                2.12           1.19 f        -0.93  (VIOLATED)
   u_controller/payload_ram_reg[8][0]/SI
                                2.12           1.19 f        -0.93  (VIOLATED)
   u_controller/payload_ram_reg[8][1]/SI
                                2.12           1.19 f        -0.93  (VIOLATED)
   u_controller/payload_ram_reg[8][2]/SI
                                2.12           1.19 f        -0.93  (VIOLATED)
   u_controller/payload_ram_reg[8][3]/SI
                                2.12           1.19 f        -0.93  (VIOLATED)
   u_controller/payload_ram_reg[8][4]/SI
                                2.12           1.19 f        -0.93  (VIOLATED)
   u_controller/payload_ram_reg[8][5]/SI
                                2.12           1.19 f        -0.93  (VIOLATED)
   u_controller/payload_ram_reg[8][6]/SI
                                2.12           1.19 f        -0.93  (VIOLATED)
   u_controller/payload_ram_reg[8][7]/SI
                                2.12           1.19 f        -0.93  (VIOLATED)
   u_controller/payload_ram_reg[9][0]/SI
                                2.12           1.19 f        -0.93  (VIOLATED)
   u_controller/payload_ram_reg[9][1]/SI
                                2.12           1.19 f        -0.93  (VIOLATED)
   u_controller/payload_ram_reg[9][2]/SI
                                2.12           1.19 f        -0.93  (VIOLATED)
   u_controller/payload_ram_reg[9][3]/SI
                                2.12           1.19 f        -0.93  (VIOLATED)
   u_controller/payload_ram_reg[9][4]/SI
                                2.12           1.19 f        -0.93  (VIOLATED)
   u_controller/payload_ram_reg[9][5]/SI
                                2.12           1.19 f        -0.93  (VIOLATED)
   u_controller/payload_ram_reg[9][6]/SI
                                2.12           1.19 f        -0.93  (VIOLATED)
   u_controller/payload_ram_reg[9][7]/SI
                                2.12           1.19 f        -0.93  (VIOLATED)
   u_controller/payload_ram_reg[10][0]/SI
                                2.12           1.19 f        -0.93  (VIOLATED)
   u_controller/payload_ram_reg[10][1]/SI
                                2.12           1.19 f        -0.93  (VIOLATED)
   u_controller/payload_ram_reg[10][2]/SI
                                2.12           1.19 f        -0.93  (VIOLATED)
   u_controller/payload_ram_reg[10][3]/SI
                                2.12           1.19 f        -0.93  (VIOLATED)
   u_controller/payload_ram_reg[10][4]/SI
                                2.12           1.19 f        -0.93  (VIOLATED)
   u_controller/payload_ram_reg[10][5]/SI
                                2.12           1.19 f        -0.93  (VIOLATED)
   u_controller/payload_ram_reg[10][6]/SI
                                2.12           1.19 f        -0.93  (VIOLATED)
   u_controller/payload_ram_reg[10][7]/SI
                                2.12           1.19 f        -0.93  (VIOLATED)
   u_controller/payload_ram_reg[11][0]/SI
                                2.12           1.19 f        -0.93  (VIOLATED)
   u_controller/payload_ram_reg[11][1]/SI
                                2.12           1.19 f        -0.93  (VIOLATED)
   u_controller/payload_ram_reg[11][2]/SI
                                2.12           1.19 f        -0.93  (VIOLATED)
   u_controller/payload_ram_reg[11][3]/SI
                                2.12           1.19 f        -0.93  (VIOLATED)
   u_controller/payload_ram_reg[11][4]/SI
                                2.12           1.19 f        -0.93  (VIOLATED)
   u_controller/payload_ram_reg[11][5]/SI
                                2.12           1.19 f        -0.93  (VIOLATED)
   u_controller/payload_ram_reg[11][6]/SI
                                2.12           1.19 f        -0.93  (VIOLATED)
   u_controller/payload_ram_reg[11][7]/SI
                                2.12           1.19 f        -0.93  (VIOLATED)
   u_controller/payload_ram_reg[12][0]/SI
                                2.12           1.19 f        -0.93  (VIOLATED)
   u_controller/payload_ram_reg[12][1]/SI
                                2.12           1.19 f        -0.93  (VIOLATED)
   u_controller/payload_ram_reg[12][2]/SI
                                2.12           1.19 f        -0.93  (VIOLATED)
   u_controller/payload_ram_reg[12][3]/SI
                                2.12           1.19 f        -0.93  (VIOLATED)
   u_controller/payload_ram_reg[12][4]/SI
                                2.12           1.19 f        -0.93  (VIOLATED)
   u_controller/payload_ram_reg[12][5]/SI
                                2.12           1.19 f        -0.93  (VIOLATED)
   u_controller/payload_ram_reg[12][6]/SI
                                2.12           1.19 f        -0.93  (VIOLATED)
   u_controller/payload_ram_reg[12][7]/SI
                                2.12           1.19 f        -0.93  (VIOLATED)
   u_controller/payload_ram_reg[13][0]/SI
                                2.12           1.19 f        -0.93  (VIOLATED)
   u_controller/payload_ram_reg[13][1]/SI
                                2.12           1.19 f        -0.93  (VIOLATED)
   u_controller/payload_ram_reg[13][2]/SI
                                2.12           1.19 f        -0.93  (VIOLATED)
   u_controller/payload_ram_reg[13][3]/SI
                                2.12           1.19 f        -0.93  (VIOLATED)
   u_controller/payload_ram_reg[13][4]/SI
                                2.12           1.19 f        -0.93  (VIOLATED)
   u_controller/payload_ram_reg[13][5]/SI
                                2.12           1.19 f        -0.93  (VIOLATED)
   u_controller/payload_ram_reg[13][6]/SI
                                2.12           1.19 f        -0.93  (VIOLATED)
   u_controller/payload_ram_reg[13][7]/SI
                                2.12           1.19 f        -0.93  (VIOLATED)
   u_controller/payload_ram_reg[14][0]/SI
                                2.12           1.19 f        -0.93  (VIOLATED)
   u_controller/payload_ram_reg[14][1]/SI
                                2.12           1.19 f        -0.93  (VIOLATED)
   u_controller/payload_ram_reg[14][2]/SI
                                2.12           1.19 f        -0.93  (VIOLATED)
   u_controller/payload_ram_reg[14][3]/SI
                                2.12           1.19 f        -0.93  (VIOLATED)
   u_controller/payload_ram_reg[14][4]/SI
                                2.12           1.19 f        -0.93  (VIOLATED)
   u_controller/payload_ram_reg[14][5]/SI
                                2.12           1.19 f        -0.93  (VIOLATED)
   u_controller/payload_ram_reg[14][6]/SI
                                2.12           1.19 f        -0.93  (VIOLATED)
   u_controller/payload_ram_reg[14][7]/SI
                                2.12           1.19 f        -0.93  (VIOLATED)
   u_controller/payload_ram_reg[15][0]/SI
                                2.12           1.19 f        -0.93  (VIOLATED)
   u_controller/payload_ram_reg[15][1]/SI
                                2.12           1.19 f        -0.93  (VIOLATED)
   u_controller/payload_ram_reg[15][2]/SI
                                2.12           1.19 f        -0.93  (VIOLATED)
   u_controller/payload_ram_reg[15][3]/SI
                                2.12           1.19 f        -0.93  (VIOLATED)
   u_controller/payload_ram_reg[15][4]/SI
                                2.12           1.19 f        -0.93  (VIOLATED)
   u_controller/payload_ram_reg[15][5]/SI
                                2.12           1.19 f        -0.93  (VIOLATED)
   u_controller/payload_ram_reg[15][6]/SI
                                2.12           1.19 f        -0.93  (VIOLATED)
   u_controller/payload_ram_reg[15][7]/SI
                                2.12           1.19 f        -0.93  (VIOLATED)
   u_controller/payload_ram_reg[16][0]/SI
                                2.12           1.19 f        -0.93  (VIOLATED)
   u_controller/payload_ram_reg[16][1]/SI
                                2.12           1.19 f        -0.93  (VIOLATED)
   u_controller/payload_ram_reg[16][2]/SI
                                2.12           1.19 f        -0.93  (VIOLATED)
   u_controller/payload_ram_reg[16][3]/SI
                                2.12           1.19 f        -0.93  (VIOLATED)
   u_controller/payload_ram_reg[16][4]/SI
                                2.12           1.19 f        -0.93  (VIOLATED)
   u_controller/payload_ram_reg[16][5]/SI
                                2.12           1.19 f        -0.93  (VIOLATED)
   u_controller/payload_ram_reg[16][6]/SI
                                2.12           1.19 f        -0.93  (VIOLATED)
   u_controller/payload_ram_reg[16][7]/SI
                                2.12           1.19 f        -0.93  (VIOLATED)
   u_controller/payload_ram_reg[17][0]/SI
                                2.12           1.19 f        -0.93  (VIOLATED)
   u_controller/payload_ram_reg[17][1]/SI
                                2.12           1.19 f        -0.93  (VIOLATED)
   u_controller/payload_ram_reg[17][2]/SI
                                2.12           1.19 f        -0.93  (VIOLATED)
   u_controller/payload_ram_reg[17][3]/SI
                                2.12           1.19 f        -0.93  (VIOLATED)
   u_controller/payload_ram_reg[17][4]/SI
                                2.12           1.19 f        -0.93  (VIOLATED)
   u_controller/payload_ram_reg[17][5]/SI
                                2.12           1.19 f        -0.93  (VIOLATED)
   u_controller/payload_ram_reg[17][6]/SI
                                2.12           1.19 f        -0.93  (VIOLATED)
   u_controller/payload_ram_reg[17][7]/SI
                                2.12           1.19 f        -0.93  (VIOLATED)
   u_controller/payload_ram_reg[18][0]/SI
                                2.12           1.19 f        -0.93  (VIOLATED)
   u_controller/payload_ram_reg[18][1]/SI
                                2.12           1.19 f        -0.93  (VIOLATED)
   u_controller/payload_ram_reg[18][2]/SI
                                2.12           1.19 f        -0.93  (VIOLATED)
   u_controller/payload_ram_reg[18][3]/SI
                                2.12           1.19 f        -0.93  (VIOLATED)
   u_controller/payload_ram_reg[18][4]/SI
                                2.12           1.19 f        -0.93  (VIOLATED)
   u_controller/payload_ram_reg[18][5]/SI
                                2.12           1.19 f        -0.93  (VIOLATED)
   u_controller/payload_ram_reg[18][6]/SI
                                2.12           1.19 f        -0.93  (VIOLATED)
   u_controller/payload_ram_reg[18][7]/SI
                                2.12           1.19 f        -0.93  (VIOLATED)
   u_controller/payload_ram_reg[19][0]/SI
                                2.12           1.19 f        -0.93  (VIOLATED)
   u_controller/payload_ram_reg[19][1]/SI
                                2.12           1.19 f        -0.93  (VIOLATED)
   u_controller/payload_ram_reg[19][2]/SI
                                2.12           1.19 f        -0.93  (VIOLATED)
   u_controller/payload_ram_reg[19][3]/SI
                                2.12           1.19 f        -0.93  (VIOLATED)
   u_controller/payload_ram_reg[19][4]/SI
                                2.12           1.19 f        -0.93  (VIOLATED)
   u_controller/payload_ram_reg[19][5]/SI
                                2.12           1.19 f        -0.93  (VIOLATED)
   u_controller/payload_ram_reg[19][6]/SI
                                2.12           1.19 f        -0.93  (VIOLATED)
   u_controller/payload_ram_reg[19][7]/SI
                                2.12           1.19 f        -0.93  (VIOLATED)
   u_controller/payload_ram_reg[20][0]/SI
                                2.12           1.19 f        -0.93  (VIOLATED)
   u_controller/payload_ram_reg[20][1]/SI
                                2.12           1.19 f        -0.93  (VIOLATED)
   u_controller/payload_ram_reg[20][2]/SI
                                2.12           1.19 f        -0.93  (VIOLATED)
   u_controller/payload_ram_reg[20][3]/SI
                                2.12           1.19 f        -0.93  (VIOLATED)
   u_controller/payload_ram_reg[20][4]/SI
                                2.12           1.19 f        -0.93  (VIOLATED)
   u_controller/payload_ram_reg[20][5]/SI
                                2.12           1.19 f        -0.93  (VIOLATED)
   u_controller/payload_ram_reg[20][6]/SI
                                2.12           1.19 f        -0.93  (VIOLATED)
   u_controller/payload_ram_reg[20][7]/SI
                                2.12           1.19 f        -0.93  (VIOLATED)
   u_controller/payload_ram_reg[21][0]/SI
                                2.12           1.19 f        -0.93  (VIOLATED)
   u_controller/payload_ram_reg[21][1]/SI
                                2.12           1.19 f        -0.93  (VIOLATED)
   u_controller/payload_ram_reg[21][2]/SI
                                2.12           1.19 f        -0.93  (VIOLATED)
   u_controller/payload_ram_reg[21][3]/SI
                                2.12           1.19 f        -0.93  (VIOLATED)
   u_controller/payload_ram_reg[21][4]/SI
                                2.12           1.19 f        -0.93  (VIOLATED)
   u_controller/payload_ram_reg[21][5]/SI
                                2.12           1.19 f        -0.93  (VIOLATED)
   u_controller/payload_ram_reg[21][6]/SI
                                2.12           1.19 f        -0.93  (VIOLATED)
   u_controller/payload_ram_reg[21][7]/SI
                                2.12           1.19 f        -0.93  (VIOLATED)
   u_controller/payload_ram_reg[22][0]/SI
                                2.12           1.19 f        -0.93  (VIOLATED)
   u_controller/payload_ram_reg[22][1]/SI
                                2.12           1.19 f        -0.93  (VIOLATED)
   u_controller/payload_ram_reg[22][2]/SI
                                2.12           1.19 f        -0.93  (VIOLATED)
   u_controller/payload_ram_reg[22][3]/SI
                                2.12           1.19 f        -0.93  (VIOLATED)
   u_controller/payload_ram_reg[22][4]/SI
                                2.12           1.19 f        -0.93  (VIOLATED)
   u_controller/payload_ram_reg[22][5]/SI
                                2.12           1.19 f        -0.93  (VIOLATED)
   u_controller/payload_ram_reg[22][6]/SI
                                2.12           1.19 f        -0.93  (VIOLATED)
   u_controller/payload_ram_reg[22][7]/SI
                                2.12           1.19 f        -0.93  (VIOLATED)
   u_controller/payload_ram_reg[23][0]/SI
                                2.12           1.19 f        -0.93  (VIOLATED)
   u_controller/payload_ram_reg[23][1]/SI
                                2.12           1.19 f        -0.93  (VIOLATED)
   u_controller/payload_ram_reg[23][2]/SI
                                2.12           1.19 f        -0.93  (VIOLATED)
   u_controller/payload_ram_reg[23][3]/SI
                                2.12           1.19 f        -0.93  (VIOLATED)
   u_controller/payload_ram_reg[23][4]/SI
                                2.12           1.19 f        -0.93  (VIOLATED)
   u_controller/payload_ram_reg[23][5]/SI
                                2.12           1.19 f        -0.93  (VIOLATED)
   u_controller/payload_ram_reg[23][6]/SI
                                2.12           1.19 f        -0.93  (VIOLATED)
   u_controller/payload_ram_reg[23][7]/SI
                                2.12           1.19 f        -0.93  (VIOLATED)
   u_controller/payload_ram_reg[24][0]/SI
                                2.12           1.19 f        -0.93  (VIOLATED)
   u_controller/payload_ram_reg[24][1]/SI
                                2.12           1.19 f        -0.93  (VIOLATED)
   u_controller/payload_ram_reg[24][2]/SI
                                2.12           1.19 f        -0.93  (VIOLATED)
   u_controller/payload_ram_reg[24][3]/SI
                                2.12           1.19 f        -0.93  (VIOLATED)
   u_controller/payload_ram_reg[24][4]/SI
                                2.12           1.19 f        -0.93  (VIOLATED)
   u_controller/payload_ram_reg[24][5]/SI
                                2.12           1.19 f        -0.93  (VIOLATED)
   u_controller/payload_ram_reg[24][6]/SI
                                2.12           1.19 f        -0.93  (VIOLATED)
   u_controller/payload_ram_reg[24][7]/SI
                                2.12           1.19 f        -0.93  (VIOLATED)
   u_controller/payload_ram_reg[25][0]/SI
                                2.12           1.19 f        -0.93  (VIOLATED)
   u_controller/payload_ram_reg[25][1]/SI
                                2.12           1.19 f        -0.93  (VIOLATED)
   u_controller/payload_ram_reg[25][2]/SI
                                2.12           1.19 f        -0.93  (VIOLATED)
   u_controller/payload_ram_reg[25][3]/SI
                                2.12           1.19 f        -0.93  (VIOLATED)
   u_controller/payload_ram_reg[25][4]/SI
                                2.12           1.19 f        -0.93  (VIOLATED)
   u_controller/payload_ram_reg[25][5]/SI
                                2.12           1.19 f        -0.93  (VIOLATED)
   u_controller/payload_ram_reg[25][6]/SI
                                2.12           1.19 f        -0.93  (VIOLATED)
   u_controller/payload_ram_reg[25][7]/SI
                                2.12           1.19 f        -0.93  (VIOLATED)
   u_controller/payload_ram_reg[26][0]/SI
                                2.12           1.19 f        -0.93  (VIOLATED)
   u_controller/payload_ram_reg[26][1]/SI
                                2.12           1.19 f        -0.93  (VIOLATED)
   u_controller/payload_ram_reg[26][2]/SI
                                2.12           1.19 f        -0.93  (VIOLATED)
   u_controller/payload_ram_reg[26][3]/SI
                                2.12           1.19 f        -0.93  (VIOLATED)
   u_controller/payload_ram_reg[26][4]/SI
                                2.12           1.19 f        -0.93  (VIOLATED)
   u_controller/payload_ram_reg[26][5]/SI
                                2.12           1.19 f        -0.93  (VIOLATED)
   u_controller/payload_ram_reg[26][6]/SI
                                2.12           1.19 f        -0.93  (VIOLATED)
   u_controller/payload_ram_reg[26][7]/SI
                                2.12           1.19 f        -0.93  (VIOLATED)
   u_controller/payload_ram_reg[27][0]/SI
                                2.12           1.19 f        -0.93  (VIOLATED)
   u_controller/payload_ram_reg[27][1]/SI
                                2.12           1.19 f        -0.93  (VIOLATED)
   u_controller/payload_ram_reg[27][2]/SI
                                2.12           1.19 f        -0.93  (VIOLATED)
   u_controller/payload_ram_reg[27][3]/SI
                                2.12           1.19 f        -0.93  (VIOLATED)
   u_controller/payload_ram_reg[27][4]/SI
                                2.12           1.19 f        -0.93  (VIOLATED)
   u_controller/payload_ram_reg[27][5]/SI
                                2.12           1.19 f        -0.93  (VIOLATED)
   u_controller/payload_ram_reg[27][6]/SI
                                2.12           1.19 f        -0.93  (VIOLATED)
   u_controller/payload_ram_reg[27][7]/SI
                                2.12           1.19 f        -0.93  (VIOLATED)
   u_controller/payload_ram_reg[28][0]/SI
                                2.12           1.19 f        -0.93  (VIOLATED)
   u_controller/payload_ram_reg[28][1]/SI
                                2.12           1.19 f        -0.93  (VIOLATED)
   u_controller/payload_ram_reg[28][2]/SI
                                2.12           1.19 f        -0.93  (VIOLATED)
   u_controller/payload_ram_reg[28][3]/SI
                                2.12           1.19 f        -0.93  (VIOLATED)
   u_controller/payload_ram_reg[28][4]/SI
                                2.12           1.19 f        -0.93  (VIOLATED)
   u_controller/payload_ram_reg[28][5]/SI
                                2.12           1.19 f        -0.93  (VIOLATED)
   u_controller/payload_ram_reg[28][6]/SI
                                2.12           1.19 f        -0.93  (VIOLATED)
   u_controller/payload_ram_reg[28][7]/SI
                                2.12           1.19 f        -0.93  (VIOLATED)
   u_controller/payload_ram_reg[29][0]/SI
                                2.12           1.19 f        -0.93  (VIOLATED)
   u_controller/payload_ram_reg[29][1]/SI
                                2.12           1.19 f        -0.93  (VIOLATED)
   u_controller/payload_ram_reg[29][2]/SI
                                2.12           1.19 f        -0.93  (VIOLATED)
   u_controller/payload_ram_reg[29][3]/SI
                                2.12           1.19 f        -0.93  (VIOLATED)
   u_controller/payload_ram_reg[29][4]/SI
                                2.12           1.19 f        -0.93  (VIOLATED)
   u_controller/payload_ram_reg[29][5]/SI
                                2.12           1.19 f        -0.93  (VIOLATED)
   u_controller/payload_ram_reg[29][6]/SI
                                2.12           1.19 f        -0.93  (VIOLATED)
   u_controller/payload_ram_reg[29][7]/SI
                                2.12           1.19 f        -0.93  (VIOLATED)
   u_controller/payload_ram_reg[30][0]/SI
                                2.12           1.19 f        -0.93  (VIOLATED)
   u_controller/payload_ram_reg[30][1]/SI
                                2.12           1.19 f        -0.93  (VIOLATED)
   u_controller/payload_ram_reg[30][2]/SI
                                2.12           1.19 f        -0.93  (VIOLATED)
   u_controller/payload_ram_reg[30][3]/SI
                                2.12           1.19 f        -0.93  (VIOLATED)
   u_controller/payload_ram_reg[30][4]/SI
                                2.12           1.19 f        -0.93  (VIOLATED)
   u_controller/payload_ram_reg[30][5]/SI
                                2.12           1.19 f        -0.93  (VIOLATED)
   u_controller/payload_ram_reg[30][6]/SI
                                2.12           1.19 f        -0.93  (VIOLATED)
   u_controller/payload_ram_reg[30][7]/SI
                                2.12           1.19 f        -0.93  (VIOLATED)
   u_controller/payload_ram_reg[31][0]/SI
                                2.12           1.19 f        -0.93  (VIOLATED)
   u_controller/payload_ram_reg[31][1]/SI
                                2.12           1.19 f        -0.93  (VIOLATED)
   u_controller/payload_ram_reg[31][2]/SI
                                2.12           1.19 f        -0.93  (VIOLATED)
   u_controller/payload_ram_reg[31][3]/SI
                                2.12           1.19 f        -0.93  (VIOLATED)
   u_controller/payload_ram_reg[31][4]/SI
                                2.12           1.19 f        -0.93  (VIOLATED)
   u_controller/payload_ram_reg[31][5]/SI
                                2.12           1.19 f        -0.93  (VIOLATED)
   u_controller/payload_ram_reg[31][6]/SI
                                2.12           1.19 f        -0.93  (VIOLATED)
   u_controller/payload_ram_reg[31][7]/SI
                                2.12           1.19 f        -0.93  (VIOLATED)
   u_controller/payload_ram_reg[32][0]/SI
                                2.12           1.19 f        -0.93  (VIOLATED)
   u_controller/payload_ram_reg[32][1]/SI
                                2.12           1.19 f        -0.93  (VIOLATED)
   u_controller/payload_ram_reg[32][2]/SI
                                2.12           1.19 f        -0.93  (VIOLATED)
   u_controller/payload_ram_reg[32][3]/SI
                                2.12           1.19 f        -0.93  (VIOLATED)
   u_controller/payload_ram_reg[32][4]/SI
                                2.12           1.19 f        -0.93  (VIOLATED)
   u_controller/payload_ram_reg[32][5]/SI
                                2.12           1.19 f        -0.93  (VIOLATED)
   u_controller/payload_ram_reg[32][6]/SI
                                2.12           1.19 f        -0.93  (VIOLATED)
   u_controller/payload_ram_reg[32][7]/SI
                                2.12           1.19 f        -0.93  (VIOLATED)
   u_controller/payload_ram_reg[33][0]/SI
                                2.12           1.19 f        -0.93  (VIOLATED)
   u_controller/payload_ram_reg[33][1]/SI
                                2.12           1.19 f        -0.93  (VIOLATED)
   u_controller/payload_ram_reg[33][2]/SI
                                2.12           1.19 f        -0.93  (VIOLATED)
   u_controller/payload_ram_reg[33][3]/SI
                                2.12           1.19 f        -0.93  (VIOLATED)
   u_controller/payload_ram_reg[33][4]/SI
                                2.12           1.19 f        -0.93  (VIOLATED)
   u_controller/payload_ram_reg[33][5]/SI
                                2.12           1.19 f        -0.93  (VIOLATED)
   u_controller/payload_ram_reg[33][6]/SI
                                2.12           1.19 f        -0.93  (VIOLATED)
   u_controller/payload_ram_reg[33][7]/SI
                                2.12           1.19 f        -0.93  (VIOLATED)
   u_controller/payload_ram_reg[34][0]/SI
                                2.12           1.19 f        -0.93  (VIOLATED)
   u_controller/payload_ram_reg[34][1]/SI
                                2.12           1.19 f        -0.93  (VIOLATED)
   u_controller/payload_ram_reg[34][2]/SI
                                2.12           1.19 f        -0.93  (VIOLATED)
   u_controller/payload_ram_reg[34][3]/SI
                                2.12           1.19 f        -0.93  (VIOLATED)
   u_controller/payload_ram_reg[34][4]/SI
                                2.12           1.19 f        -0.93  (VIOLATED)
   u_controller/payload_ram_reg[34][5]/SI
                                2.12           1.19 f        -0.93  (VIOLATED)
   u_controller/payload_ram_reg[34][6]/SI
                                2.12           1.19 f        -0.93  (VIOLATED)
   u_controller/payload_ram_reg[34][7]/SI
                                2.12           1.19 f        -0.93  (VIOLATED)
   u_controller/payload_ram_reg[35][0]/SI
                                2.12           1.19 f        -0.93  (VIOLATED)
   u_controller/payload_ram_reg[35][1]/SI
                                2.12           1.19 f        -0.93  (VIOLATED)
   u_controller/payload_ram_reg[35][2]/SI
                                2.12           1.19 f        -0.93  (VIOLATED)
   u_controller/payload_ram_reg[35][3]/SI
                                2.12           1.19 f        -0.93  (VIOLATED)
   u_controller/payload_ram_reg[35][4]/SI
                                2.12           1.19 f        -0.93  (VIOLATED)
   u_controller/payload_ram_reg[35][5]/SI
                                2.12           1.19 f        -0.93  (VIOLATED)
   u_controller/payload_ram_reg[35][6]/SI
                                2.12           1.19 f        -0.93  (VIOLATED)
   u_controller/payload_ram_reg[35][7]/SI
                                2.12           1.19 f        -0.93  (VIOLATED)
   u_controller/payload_ram_reg[36][0]/SI
                                2.12           1.19 f        -0.93  (VIOLATED)
   u_controller/payload_ram_reg[36][1]/SI
                                2.12           1.19 f        -0.93  (VIOLATED)
   u_controller/payload_ram_reg[36][2]/SI
                                2.12           1.19 f        -0.93  (VIOLATED)
   u_controller/payload_ram_reg[36][3]/SI
                                2.12           1.19 f        -0.93  (VIOLATED)
   u_controller/payload_ram_reg[36][4]/SI
                                2.12           1.19 f        -0.93  (VIOLATED)
   u_controller/payload_ram_reg[36][5]/SI
                                2.12           1.19 f        -0.93  (VIOLATED)
   u_controller/payload_ram_reg[36][6]/SI
                                2.12           1.19 f        -0.93  (VIOLATED)
   u_controller/payload_ram_reg[36][7]/SI
                                2.12           1.19 f        -0.93  (VIOLATED)
   u_controller/payload_ram_reg[37][0]/SI
                                2.12           1.19 f        -0.93  (VIOLATED)
   u_controller/payload_ram_reg[37][1]/SI
                                2.12           1.19 f        -0.93  (VIOLATED)
   u_controller/payload_ram_reg[37][2]/SI
                                2.12           1.19 f        -0.93  (VIOLATED)
   u_controller/payload_ram_reg[37][3]/SI
                                2.12           1.19 f        -0.93  (VIOLATED)
   u_controller/payload_ram_reg[37][4]/SI
                                2.12           1.19 f        -0.93  (VIOLATED)
   u_controller/payload_ram_reg[37][5]/SI
                                2.12           1.19 f        -0.93  (VIOLATED)
   u_controller/payload_ram_reg[37][6]/SI
                                2.12           1.19 f        -0.93  (VIOLATED)
   u_controller/payload_ram_reg[37][7]/SI
                                2.12           1.19 f        -0.93  (VIOLATED)
   u_controller/payload_ram_reg[38][0]/SI
                                2.12           1.19 f        -0.93  (VIOLATED)
   u_controller/payload_ram_reg[38][1]/SI
                                2.12           1.19 f        -0.93  (VIOLATED)
   u_controller/payload_ram_reg[38][2]/SI
                                2.12           1.19 f        -0.93  (VIOLATED)
   u_controller/payload_ram_reg[38][3]/SI
                                2.12           1.19 f        -0.93  (VIOLATED)
   u_controller/payload_ram_reg[38][4]/SI
                                2.12           1.19 f        -0.93  (VIOLATED)
   u_controller/payload_ram_reg[38][5]/SI
                                2.12           1.19 f        -0.93  (VIOLATED)
   u_controller/payload_ram_reg[38][6]/SI
                                2.12           1.19 f        -0.93  (VIOLATED)
   u_controller/payload_ram_reg[38][7]/SI
                                2.12           1.19 f        -0.93  (VIOLATED)
   u_controller/payload_ram_reg[39][0]/SI
                                2.12           1.19 f        -0.93  (VIOLATED)
   u_controller/payload_ram_reg[39][1]/SI
                                2.12           1.19 f        -0.93  (VIOLATED)
   u_controller/payload_ram_reg[39][2]/SI
                                2.12           1.19 f        -0.93  (VIOLATED)
   u_controller/payload_ram_reg[39][3]/SI
                                2.12           1.19 f        -0.93  (VIOLATED)
   u_controller/payload_ram_reg[39][4]/SI
                                2.12           1.19 f        -0.93  (VIOLATED)
   u_controller/payload_ram_reg[39][5]/SI
                                2.12           1.19 f        -0.93  (VIOLATED)
   u_controller/payload_ram_reg[39][6]/SI
                                2.12           1.19 f        -0.93  (VIOLATED)
   u_controller/payload_ram_reg[39][7]/SI
                                2.12           1.19 f        -0.93  (VIOLATED)
   u_controller/payload_ram_reg[40][0]/SI
                                2.12           1.19 f        -0.93  (VIOLATED)
   u_controller/payload_ram_reg[40][1]/SI
                                2.12           1.19 f        -0.93  (VIOLATED)
   u_controller/payload_ram_reg[40][2]/SI
                                2.12           1.19 f        -0.93  (VIOLATED)
   u_controller/payload_ram_reg[40][3]/SI
                                2.12           1.19 f        -0.93  (VIOLATED)
   u_controller/payload_ram_reg[40][4]/SI
                                2.12           1.19 f        -0.93  (VIOLATED)
   u_controller/payload_ram_reg[40][5]/SI
                                2.12           1.19 f        -0.93  (VIOLATED)
   u_controller/payload_ram_reg[40][6]/SI
                                2.12           1.19 f        -0.93  (VIOLATED)
   u_controller/payload_ram_reg[40][7]/SI
                                2.12           1.19 f        -0.93  (VIOLATED)
   u_controller/payload_ram_reg[41][0]/SI
                                2.12           1.19 f        -0.93  (VIOLATED)
   u_controller/payload_ram_reg[41][1]/SI
                                2.12           1.19 f        -0.93  (VIOLATED)
   u_controller/payload_ram_reg[41][2]/SI
                                2.12           1.19 f        -0.93  (VIOLATED)
   u_controller/payload_ram_reg[41][3]/SI
                                2.12           1.19 f        -0.93  (VIOLATED)
   u_controller/payload_ram_reg[41][4]/SI
                                2.12           1.19 f        -0.93  (VIOLATED)
   u_controller/payload_ram_reg[41][5]/SI
                                2.12           1.19 f        -0.93  (VIOLATED)
   u_controller/payload_ram_reg[41][6]/SI
                                2.12           1.19 f        -0.93  (VIOLATED)
   u_controller/payload_ram_reg[41][7]/SI
                                2.12           1.19 f        -0.93  (VIOLATED)
   u_controller/payload_ram_reg[42][0]/SI
                                2.12           1.19 f        -0.93  (VIOLATED)
   u_controller/payload_ram_reg[42][1]/SI
                                2.12           1.19 f        -0.93  (VIOLATED)
   u_controller/payload_ram_reg[42][2]/SI
                                2.12           1.19 f        -0.93  (VIOLATED)
   u_controller/payload_ram_reg[42][3]/SI
                                2.12           1.19 f        -0.93  (VIOLATED)
   u_controller/payload_ram_reg[42][4]/SI
                                2.12           1.19 f        -0.93  (VIOLATED)
   u_controller/payload_ram_reg[42][5]/SI
                                2.12           1.19 f        -0.93  (VIOLATED)
   u_controller/payload_ram_reg[42][6]/SI
                                2.12           1.19 f        -0.93  (VIOLATED)
   u_controller/payload_ram_reg[42][7]/SI
                                2.12           1.19 f        -0.93  (VIOLATED)
   u_controller/payload_ram_reg[43][0]/SI
                                2.12           1.19 f        -0.93  (VIOLATED)
   u_controller/payload_ram_reg[43][1]/SI
                                2.12           1.19 f        -0.93  (VIOLATED)
   u_controller/payload_ram_reg[43][2]/SI
                                2.12           1.19 f        -0.93  (VIOLATED)
   u_controller/payload_ram_reg[43][3]/SI
                                2.12           1.19 f        -0.93  (VIOLATED)
   u_controller/payload_ram_reg[43][4]/SI
                                2.12           1.19 f        -0.93  (VIOLATED)
   u_controller/payload_ram_reg[43][5]/SI
                                2.12           1.19 f        -0.93  (VIOLATED)
   u_controller/payload_ram_reg[43][6]/SI
                                2.12           1.19 f        -0.93  (VIOLATED)
   u_controller/payload_ram_reg[43][7]/SI
                                2.12           1.19 f        -0.93  (VIOLATED)
   u_controller/payload_ram_reg[44][0]/SI
                                2.12           1.19 f        -0.93  (VIOLATED)
   u_controller/payload_ram_reg[44][1]/SI
                                2.12           1.19 f        -0.93  (VIOLATED)
   u_controller/payload_ram_reg[44][2]/SI
                                2.12           1.19 f        -0.93  (VIOLATED)
   u_controller/payload_ram_reg[44][3]/SI
                                2.12           1.19 f        -0.93  (VIOLATED)
   u_controller/payload_ram_reg[44][4]/SI
                                2.12           1.19 f        -0.93  (VIOLATED)
   u_controller/payload_ram_reg[44][5]/SI
                                2.12           1.19 f        -0.93  (VIOLATED)
   u_controller/payload_ram_reg[44][6]/SI
                                2.12           1.19 f        -0.93  (VIOLATED)
   u_controller/payload_ram_reg[44][7]/SI
                                2.12           1.19 f        -0.93  (VIOLATED)
   u_controller/payload_ram_reg[45][0]/SI
                                2.12           1.19 f        -0.93  (VIOLATED)
   u_controller/payload_ram_reg[45][1]/SI
                                2.12           1.19 f        -0.93  (VIOLATED)
   u_controller/payload_ram_reg[45][2]/SI
                                2.12           1.19 f        -0.93  (VIOLATED)
   u_controller/payload_ram_reg[45][3]/SI
                                2.12           1.19 f        -0.93  (VIOLATED)
   u_controller/payload_ram_reg[45][4]/SI
                                2.12           1.19 f        -0.93  (VIOLATED)
   u_controller/payload_ram_reg[45][5]/SI
                                2.12           1.19 f        -0.93  (VIOLATED)
   u_controller/payload_ram_reg[45][6]/SI
                                2.12           1.19 f        -0.93  (VIOLATED)
   u_controller/payload_ram_reg[45][7]/SI
                                2.12           1.19 f        -0.93  (VIOLATED)
   u_controller/payload_ram_reg[46][0]/SI
                                2.12           1.19 f        -0.93  (VIOLATED)
   u_controller/payload_ram_reg[46][1]/SI
                                2.12           1.19 f        -0.93  (VIOLATED)
   u_controller/payload_ram_reg[46][2]/SI
                                2.12           1.19 f        -0.93  (VIOLATED)
   u_controller/payload_ram_reg[46][3]/SI
                                2.12           1.19 f        -0.93  (VIOLATED)
   u_controller/payload_ram_reg[46][4]/SI
                                2.12           1.19 f        -0.93  (VIOLATED)
   u_controller/payload_ram_reg[46][5]/SI
                                2.12           1.19 f        -0.93  (VIOLATED)
   u_controller/payload_ram_reg[46][6]/SI
                                2.12           1.19 f        -0.93  (VIOLATED)
   u_controller/payload_ram_reg[46][7]/SI
                                2.12           1.19 f        -0.93  (VIOLATED)
   u_controller/payload_ram_reg[47][0]/SI
                                2.12           1.19 f        -0.93  (VIOLATED)
   u_controller/payload_ram_reg[47][1]/SI
                                2.12           1.19 f        -0.93  (VIOLATED)
   u_controller/payload_ram_reg[47][2]/SI
                                2.12           1.19 f        -0.93  (VIOLATED)
   u_controller/payload_ram_reg[47][3]/SI
                                2.12           1.19 f        -0.93  (VIOLATED)
   u_controller/payload_ram_reg[47][4]/SI
                                2.12           1.19 f        -0.93  (VIOLATED)
   u_controller/payload_ram_reg[47][5]/SI
                                2.12           1.19 f        -0.93  (VIOLATED)
   u_controller/payload_ram_reg[47][6]/SI
                                2.12           1.19 f        -0.93  (VIOLATED)
   u_controller/payload_ram_reg[47][7]/SI
                                2.12           1.19 f        -0.93  (VIOLATED)
   u_controller/payload_ram_reg[48][0]/SI
                                2.12           1.19 f        -0.93  (VIOLATED)
   u_controller/payload_ram_reg[48][1]/SI
                                2.12           1.19 f        -0.93  (VIOLATED)
   u_controller/payload_ram_reg[48][2]/SI
                                2.12           1.19 f        -0.93  (VIOLATED)
   u_controller/payload_ram_reg[48][3]/SI
                                2.12           1.19 f        -0.93  (VIOLATED)
   u_controller/payload_ram_reg[48][4]/SI
                                2.12           1.19 f        -0.93  (VIOLATED)
   u_controller/payload_ram_reg[48][5]/SI
                                2.12           1.19 f        -0.93  (VIOLATED)
   u_controller/payload_ram_reg[48][6]/SI
                                2.12           1.19 f        -0.93  (VIOLATED)
   u_controller/payload_ram_reg[48][7]/SI
                                2.12           1.19 f        -0.93  (VIOLATED)
   u_controller/payload_ram_reg[49][0]/SI
                                2.12           1.19 f        -0.93  (VIOLATED)
   u_controller/payload_ram_reg[49][1]/SI
                                2.12           1.19 f        -0.93  (VIOLATED)
   u_controller/payload_ram_reg[49][2]/SI
                                2.12           1.19 f        -0.93  (VIOLATED)
   u_controller/payload_ram_reg[49][3]/SI
                                2.12           1.19 f        -0.93  (VIOLATED)
   u_controller/payload_ram_reg[49][4]/SI
                                2.12           1.19 f        -0.93  (VIOLATED)
   u_controller/payload_ram_reg[49][5]/SI
                                2.12           1.19 f        -0.93  (VIOLATED)
   u_controller/payload_ram_reg[49][6]/SI
                                2.12           1.19 f        -0.93  (VIOLATED)
   u_controller/payload_ram_reg[49][7]/SI
                                2.12           1.19 f        -0.93  (VIOLATED)
   u_controller/payload_ram_reg[50][0]/SI
                                2.12           1.19 f        -0.93  (VIOLATED)
   u_controller/payload_ram_reg[50][1]/SI
                                2.12           1.19 f        -0.93  (VIOLATED)
   u_controller/payload_ram_reg[50][2]/SI
                                2.12           1.19 f        -0.93  (VIOLATED)
   u_controller/payload_ram_reg[50][3]/SI
                                2.12           1.19 f        -0.93  (VIOLATED)
   u_controller/payload_ram_reg[50][4]/SI
                                2.12           1.19 f        -0.93  (VIOLATED)
   u_controller/payload_ram_reg[50][5]/SI
                                2.12           1.19 f        -0.93  (VIOLATED)
   u_controller/payload_ram_reg[50][6]/SI
                                2.12           1.19 f        -0.93  (VIOLATED)
   u_controller/payload_ram_reg[50][7]/SI
                                2.12           1.19 f        -0.93  (VIOLATED)
   u_controller/payload_ram_reg[51][0]/SI
                                2.12           1.19 f        -0.93  (VIOLATED)
   u_controller/payload_ram_reg[51][1]/SI
                                2.12           1.19 f        -0.93  (VIOLATED)
   u_controller/payload_ram_reg[51][2]/SI
                                2.12           1.19 f        -0.93  (VIOLATED)
   u_controller/payload_ram_reg[51][3]/SI
                                2.12           1.19 f        -0.93  (VIOLATED)
   u_controller/payload_ram_reg[51][4]/SI
                                2.12           1.19 f        -0.93  (VIOLATED)
   u_controller/payload_ram_reg[51][5]/SI
                                2.12           1.19 f        -0.93  (VIOLATED)
   u_controller/payload_ram_reg[51][6]/SI
                                2.12           1.19 f        -0.93  (VIOLATED)
   u_controller/payload_ram_reg[51][7]/SI
                                2.12           1.19 f        -0.93  (VIOLATED)
   u_controller/payload_ram_reg[52][0]/SI
                                2.12           1.19 f        -0.93  (VIOLATED)
   u_controller/payload_ram_reg[52][1]/SI
                                2.12           1.19 f        -0.93  (VIOLATED)
   u_controller/payload_ram_reg[52][2]/SI
                                2.12           1.19 f        -0.93  (VIOLATED)
   u_controller/payload_ram_reg[52][3]/SI
                                2.12           1.19 f        -0.93  (VIOLATED)
   u_controller/payload_ram_reg[52][4]/SI
                                2.12           1.19 f        -0.93  (VIOLATED)
   u_controller/payload_ram_reg[52][5]/SI
                                2.12           1.19 f        -0.93  (VIOLATED)
   u_controller/payload_ram_reg[52][6]/SI
                                2.12           1.19 f        -0.93  (VIOLATED)
   u_controller/payload_ram_reg[52][7]/SI
                                2.12           1.19 f        -0.93  (VIOLATED)
   u_controller/payload_ram_reg[53][0]/SI
                                2.12           1.19 f        -0.93  (VIOLATED)
   u_controller/payload_ram_reg[53][1]/SI
                                2.12           1.19 f        -0.93  (VIOLATED)
   u_controller/payload_ram_reg[53][2]/SI
                                2.12           1.19 f        -0.93  (VIOLATED)
   u_controller/payload_ram_reg[53][3]/SI
                                2.12           1.19 f        -0.93  (VIOLATED)
   u_controller/payload_ram_reg[53][4]/SI
                                2.12           1.19 f        -0.93  (VIOLATED)
   u_controller/payload_ram_reg[53][5]/SI
                                2.12           1.19 f        -0.93  (VIOLATED)
   u_controller/payload_ram_reg[53][6]/SI
                                2.12           1.19 f        -0.93  (VIOLATED)
   u_controller/payload_ram_reg[53][7]/SI
                                2.12           1.19 f        -0.93  (VIOLATED)
   u_controller/payload_ram_reg[54][0]/SI
                                2.12           1.19 f        -0.93  (VIOLATED)
   u_controller/payload_ram_reg[54][1]/SI
                                2.12           1.19 f        -0.93  (VIOLATED)
   u_controller/payload_ram_reg[54][2]/SI
                                2.12           1.19 f        -0.93  (VIOLATED)
   u_controller/payload_ram_reg[54][3]/SI
                                2.12           1.19 f        -0.93  (VIOLATED)
   u_controller/payload_ram_reg[54][4]/SI
                                2.12           1.19 f        -0.93  (VIOLATED)
   u_controller/payload_ram_reg[54][5]/SI
                                2.12           1.19 f        -0.93  (VIOLATED)
   u_controller/payload_ram_reg[54][6]/SI
                                2.12           1.19 f        -0.93  (VIOLATED)
   u_controller/payload_ram_reg[54][7]/SI
                                2.12           1.19 f        -0.93  (VIOLATED)
   u_controller/payload_ram_reg[55][0]/SI
                                2.12           1.19 f        -0.93  (VIOLATED)
   u_controller/payload_ram_reg[55][1]/SI
                                2.12           1.19 f        -0.93  (VIOLATED)
   u_controller/payload_ram_reg[55][2]/SI
                                2.12           1.19 f        -0.93  (VIOLATED)
   u_controller/payload_ram_reg[55][3]/SI
                                2.12           1.19 f        -0.93  (VIOLATED)
   u_controller/payload_ram_reg[55][4]/SI
                                2.12           1.19 f        -0.93  (VIOLATED)
   u_controller/payload_ram_reg[55][5]/SI
                                2.12           1.19 f        -0.93  (VIOLATED)
   u_controller/payload_ram_reg[55][6]/SI
                                2.12           1.19 f        -0.93  (VIOLATED)
   u_controller/payload_ram_reg[55][7]/SI
                                2.12           1.19 f        -0.93  (VIOLATED)
   u_controller/payload_ram_reg[56][0]/SI
                                2.12           1.19 f        -0.93  (VIOLATED)
   u_controller/payload_ram_reg[56][1]/SI
                                2.12           1.19 f        -0.93  (VIOLATED)
   u_controller/payload_ram_reg[56][2]/SI
                                2.12           1.19 f        -0.93  (VIOLATED)
   u_controller/payload_ram_reg[56][3]/SI
                                2.12           1.19 f        -0.93  (VIOLATED)
   u_controller/payload_ram_reg[56][4]/SI
                                2.12           1.19 f        -0.93  (VIOLATED)
   u_controller/payload_ram_reg[56][5]/SI
                                2.12           1.19 f        -0.93  (VIOLATED)
   u_controller/payload_ram_reg[56][6]/SI
                                2.12           1.19 f        -0.93  (VIOLATED)
   u_controller/payload_ram_reg[56][7]/SI
                                2.12           1.19 f        -0.93  (VIOLATED)
   u_controller/payload_ram_reg[57][0]/SI
                                2.12           1.19 f        -0.93  (VIOLATED)
   u_controller/payload_ram_reg[57][1]/SI
                                2.12           1.19 f        -0.93  (VIOLATED)
   u_controller/payload_ram_reg[57][2]/SI
                                2.12           1.19 f        -0.93  (VIOLATED)
   u_controller/payload_ram_reg[57][3]/SI
                                2.12           1.19 f        -0.93  (VIOLATED)
   u_controller/payload_ram_reg[57][4]/SI
                                2.12           1.19 f        -0.93  (VIOLATED)
   u_controller/payload_ram_reg[57][5]/SI
                                2.12           1.19 f        -0.93  (VIOLATED)
   u_controller/payload_ram_reg[57][6]/SI
                                2.12           1.19 f        -0.93  (VIOLATED)
   u_controller/payload_ram_reg[57][7]/SI
                                2.12           1.19 f        -0.93  (VIOLATED)
   u_controller/payload_ram_reg[58][0]/SI
                                2.12           1.19 f        -0.93  (VIOLATED)
   u_controller/payload_ram_reg[58][1]/SI
                                2.12           1.19 f        -0.93  (VIOLATED)
   u_controller/payload_ram_reg[58][2]/SI
                                2.12           1.19 f        -0.93  (VIOLATED)
   u_controller/payload_ram_reg[58][3]/SI
                                2.12           1.19 f        -0.93  (VIOLATED)
   u_controller/payload_ram_reg[58][4]/SI
                                2.12           1.19 f        -0.93  (VIOLATED)
   u_controller/payload_ram_reg[58][5]/SI
                                2.12           1.19 f        -0.93  (VIOLATED)
   u_controller/payload_ram_reg[58][6]/SI
                                2.12           1.19 f        -0.93  (VIOLATED)
   u_controller/payload_ram_reg[58][7]/SI
                                2.12           1.19 f        -0.93  (VIOLATED)
   u_controller/payload_ram_reg[59][0]/SI
                                2.12           1.19 f        -0.93  (VIOLATED)
   u_controller/payload_ram_reg[59][1]/SI
                                2.12           1.19 f        -0.93  (VIOLATED)
   u_controller/payload_ram_reg[59][2]/SI
                                2.12           1.19 f        -0.93  (VIOLATED)
   u_controller/payload_ram_reg[59][3]/SI
                                2.12           1.19 f        -0.93  (VIOLATED)
   u_controller/payload_ram_reg[59][4]/SI
                                2.12           1.19 f        -0.93  (VIOLATED)
   u_controller/payload_ram_reg[59][5]/SI
                                2.12           1.19 f        -0.93  (VIOLATED)
   u_controller/payload_ram_reg[59][6]/SI
                                2.12           1.19 f        -0.93  (VIOLATED)
   u_controller/payload_ram_reg[59][7]/SI
                                2.12           1.19 f        -0.93  (VIOLATED)
   u_controller/payload_ram_reg[60][0]/SI
                                2.12           1.19 f        -0.93  (VIOLATED)
   u_controller/payload_ram_reg[60][1]/SI
                                2.12           1.19 f        -0.93  (VIOLATED)
   u_controller/payload_ram_reg[60][2]/SI
                                2.12           1.19 f        -0.93  (VIOLATED)
   u_controller/payload_ram_reg[60][3]/SI
                                2.12           1.19 f        -0.93  (VIOLATED)
   u_controller/payload_ram_reg[60][4]/SI
                                2.12           1.19 f        -0.93  (VIOLATED)
   u_controller/payload_ram_reg[60][5]/SI
                                2.12           1.19 f        -0.93  (VIOLATED)
   u_controller/payload_ram_reg[60][6]/SI
                                2.12           1.19 f        -0.93  (VIOLATED)
   u_controller/payload_ram_reg[60][7]/SI
                                2.12           1.19 f        -0.93  (VIOLATED)
   u_controller/payload_ram_reg[61][0]/SI
                                2.12           1.19 f        -0.93  (VIOLATED)
   u_controller/payload_ram_reg[61][1]/SI
                                2.12           1.19 f        -0.93  (VIOLATED)
   u_controller/payload_ram_reg[61][2]/SI
                                2.12           1.19 f        -0.93  (VIOLATED)
   u_controller/payload_ram_reg[61][3]/SI
                                2.12           1.19 f        -0.93  (VIOLATED)
   u_controller/payload_ram_reg[61][4]/SI
                                2.12           1.19 f        -0.93  (VIOLATED)
   u_controller/payload_ram_reg[61][5]/SI
                                2.12           1.19 f        -0.93  (VIOLATED)
   u_controller/payload_ram_reg[61][6]/SI
                                2.12           1.19 f        -0.93  (VIOLATED)
   u_controller/payload_ram_reg[61][7]/SI
                                2.12           1.19 f        -0.93  (VIOLATED)
   u_controller/payload_ram_reg[62][0]/SI
                                2.12           1.19 f        -0.93  (VIOLATED)
   u_controller/payload_ram_reg[62][1]/SI
                                2.12           1.19 f        -0.93  (VIOLATED)
   u_controller/payload_ram_reg[62][2]/SI
                                2.12           1.19 f        -0.93  (VIOLATED)
   u_controller/payload_ram_reg[62][3]/SI
                                2.12           1.19 f        -0.93  (VIOLATED)
   u_controller/payload_ram_reg[62][4]/SI
                                2.12           1.19 f        -0.93  (VIOLATED)
   u_controller/payload_ram_reg[62][5]/SI
                                2.12           1.19 f        -0.93  (VIOLATED)
   u_controller/payload_ram_reg[62][6]/SI
                                2.12           1.19 f        -0.93  (VIOLATED)
   u_controller/payload_ram_reg[62][7]/SI
                                2.12           1.19 f        -0.93  (VIOLATED)
   u_controller/payload_ram_reg[63][0]/SI
                                2.12           1.19 f        -0.93  (VIOLATED)
   u_controller/payload_ram_reg[63][1]/SI
                                2.12           1.19 f        -0.93  (VIOLATED)
   u_controller/payload_ram_reg[63][2]/SI
                                2.12           1.19 f        -0.93  (VIOLATED)
   u_controller/payload_ram_reg[63][3]/SI
                                2.12           1.19 f        -0.93  (VIOLATED)
   u_controller/payload_ram_reg[63][4]/SI
                                2.12           1.19 f        -0.93  (VIOLATED)
   u_controller/payload_ram_reg[63][5]/SI
                                2.12           1.19 f        -0.93  (VIOLATED)
   u_controller/payload_ram_reg[63][6]/SI
                                2.12           1.19 f        -0.93  (VIOLATED)
   u_controller/payload_ram_reg[63][7]/SI
                                2.12           1.19 f        -0.93  (VIOLATED)
   u_controller/payload_ram_reg[64][0]/SI
                                2.12           1.19 f        -0.93  (VIOLATED)
   u_controller/payload_ram_reg[64][1]/SI
                                2.12           1.19 f        -0.93  (VIOLATED)
   u_controller/payload_ram_reg[64][2]/SI
                                2.12           1.19 f        -0.93  (VIOLATED)
   u_controller/payload_ram_reg[64][3]/SI
                                2.12           1.19 f        -0.93  (VIOLATED)
   u_controller/payload_ram_reg[64][4]/SI
                                2.12           1.19 f        -0.93  (VIOLATED)
   u_controller/payload_ram_reg[64][5]/SI
                                2.12           1.19 f        -0.93  (VIOLATED)
   u_controller/payload_ram_reg[64][6]/SI
                                2.12           1.19 f        -0.93  (VIOLATED)
   u_controller/payload_ram_reg[64][7]/SI
                                2.12           1.19 f        -0.93  (VIOLATED)
   u_controller/payload_ram_reg[65][0]/SI
                                2.12           1.19 f        -0.93  (VIOLATED)
   u_controller/payload_ram_reg[65][1]/SI
                                2.12           1.19 f        -0.93  (VIOLATED)
   u_controller/payload_ram_reg[65][2]/SI
                                2.12           1.19 f        -0.93  (VIOLATED)
   u_controller/payload_ram_reg[65][3]/SI
                                2.12           1.19 f        -0.93  (VIOLATED)
   u_controller/payload_ram_reg[65][4]/SI
                                2.12           1.19 f        -0.93  (VIOLATED)
   u_controller/payload_ram_reg[65][5]/SI
                                2.12           1.19 f        -0.93  (VIOLATED)
   u_controller/payload_ram_reg[65][6]/SI
                                2.12           1.19 f        -0.93  (VIOLATED)
   u_controller/payload_ram_reg[65][7]/SI
                                2.12           1.19 f        -0.93  (VIOLATED)
   u_controller/payload_ram_reg[66][0]/SI
                                2.12           1.19 f        -0.93  (VIOLATED)
   u_controller/payload_ram_reg[66][1]/SI
                                2.12           1.19 f        -0.93  (VIOLATED)
   u_controller/payload_ram_reg[66][2]/SI
                                2.12           1.19 f        -0.93  (VIOLATED)
   u_controller/payload_ram_reg[66][3]/SI
                                2.12           1.19 f        -0.93  (VIOLATED)
   u_controller/payload_ram_reg[66][4]/SI
                                2.12           1.19 f        -0.93  (VIOLATED)
   u_controller/payload_ram_reg[66][5]/SI
                                2.12           1.19 f        -0.93  (VIOLATED)
   u_controller/payload_ram_reg[66][6]/SI
                                2.12           1.19 f        -0.93  (VIOLATED)
   u_controller/payload_ram_reg[66][7]/SI
                                2.12           1.19 f        -0.93  (VIOLATED)
   u_controller/payload_ram_reg[67][0]/SI
                                2.12           1.19 f        -0.93  (VIOLATED)
   u_controller/payload_ram_reg[67][1]/SI
                                2.12           1.19 f        -0.93  (VIOLATED)
   u_controller/payload_ram_reg[67][2]/SI
                                2.12           1.19 f        -0.93  (VIOLATED)
   u_controller/payload_ram_reg[67][3]/SI
                                2.12           1.19 f        -0.93  (VIOLATED)
   u_controller/payload_ram_reg[67][4]/SI
                                2.12           1.19 f        -0.93  (VIOLATED)
   u_controller/payload_ram_reg[67][5]/SI
                                2.12           1.19 f        -0.93  (VIOLATED)
   u_controller/payload_ram_reg[67][6]/SI
                                2.12           1.19 f        -0.93  (VIOLATED)
   u_controller/payload_ram_reg[67][7]/SI
                                2.12           1.19 f        -0.93  (VIOLATED)
   u_controller/payload_ram_reg[68][0]/SI
                                2.12           1.19 f        -0.93  (VIOLATED)
   u_controller/payload_ram_reg[68][1]/SI
                                2.12           1.19 f        -0.93  (VIOLATED)
   u_controller/payload_ram_reg[68][2]/SI
                                2.12           1.19 f        -0.93  (VIOLATED)
   u_controller/payload_ram_reg[68][3]/SI
                                2.12           1.19 f        -0.93  (VIOLATED)
   u_controller/payload_ram_reg[68][4]/SI
                                2.12           1.19 f        -0.93  (VIOLATED)
   u_controller/payload_ram_reg[68][5]/SI
                                2.12           1.19 f        -0.93  (VIOLATED)
   u_controller/payload_ram_reg[68][6]/SI
                                2.12           1.19 f        -0.93  (VIOLATED)
   u_controller/payload_ram_reg[68][7]/SI
                                2.12           1.19 f        -0.93  (VIOLATED)
   u_controller/payload_ram_reg[69][0]/SI
                                2.12           1.19 f        -0.93  (VIOLATED)
   u_controller/payload_ram_reg[69][1]/SI
                                2.12           1.19 f        -0.93  (VIOLATED)
   u_controller/payload_ram_reg[69][2]/SI
                                2.12           1.19 f        -0.93  (VIOLATED)
   u_controller/payload_ram_reg[69][3]/SI
                                2.12           1.19 f        -0.93  (VIOLATED)
   u_controller/payload_ram_reg[69][4]/SI
                                2.12           1.19 f        -0.93  (VIOLATED)
   u_controller/payload_ram_reg[69][5]/SI
                                2.12           1.19 f        -0.93  (VIOLATED)
   u_controller/payload_ram_reg[69][6]/SI
                                2.12           1.19 f        -0.93  (VIOLATED)
   u_controller/payload_ram_reg[69][7]/SI
                                2.12           1.19 f        -0.93  (VIOLATED)
   u_controller/payload_ram_reg[70][0]/SI
                                2.12           1.19 f        -0.93  (VIOLATED)
   u_controller/payload_ram_reg[70][1]/SI
                                2.12           1.19 f        -0.93  (VIOLATED)
   u_controller/payload_ram_reg[70][2]/SI
                                2.12           1.19 f        -0.93  (VIOLATED)
   u_controller/payload_ram_reg[70][3]/SI
                                2.12           1.19 f        -0.93  (VIOLATED)
   u_controller/payload_ram_reg[70][4]/SI
                                2.12           1.19 f        -0.93  (VIOLATED)
   u_controller/payload_ram_reg[70][5]/SI
                                2.12           1.19 f        -0.93  (VIOLATED)
   u_controller/payload_ram_reg[70][6]/SI
                                2.12           1.19 f        -0.93  (VIOLATED)
   u_controller/payload_ram_reg[70][7]/SI
                                2.12           1.19 f        -0.93  (VIOLATED)
   u_controller/payload_ram_reg[71][0]/SI
                                2.12           1.19 f        -0.93  (VIOLATED)
   u_controller/payload_ram_reg[71][1]/SI
                                2.12           1.19 f        -0.93  (VIOLATED)
   u_controller/payload_ram_reg[71][2]/SI
                                2.12           1.19 f        -0.93  (VIOLATED)
   u_controller/payload_ram_reg[71][3]/SI
                                2.12           1.19 f        -0.93  (VIOLATED)
   u_controller/payload_ram_reg[71][4]/SI
                                2.12           1.19 f        -0.93  (VIOLATED)
   u_controller/payload_ram_reg[71][5]/SI
                                2.12           1.19 f        -0.93  (VIOLATED)
   u_controller/payload_ram_reg[71][6]/SI
                                2.12           1.19 f        -0.93  (VIOLATED)
   u_controller/payload_ram_reg[71][7]/SI
                                2.12           1.19 f        -0.93  (VIOLATED)
   u_controller/payload_ram_reg[72][0]/SI
                                2.12           1.19 f        -0.93  (VIOLATED)
   u_controller/payload_ram_reg[72][1]/SI
                                2.12           1.19 f        -0.93  (VIOLATED)
   u_controller/payload_ram_reg[72][2]/SI
                                2.12           1.19 f        -0.93  (VIOLATED)
   u_controller/payload_ram_reg[72][3]/SI
                                2.12           1.19 f        -0.93  (VIOLATED)
   u_controller/payload_ram_reg[72][4]/SI
                                2.12           1.19 f        -0.93  (VIOLATED)
   u_controller/payload_ram_reg[72][5]/SI
                                2.12           1.19 f        -0.93  (VIOLATED)
   u_controller/payload_ram_reg[72][6]/SI
                                2.12           1.19 f        -0.93  (VIOLATED)
   u_controller/payload_ram_reg[72][7]/SI
                                2.12           1.19 f        -0.93  (VIOLATED)
   u_controller/payload_ram_reg[73][0]/SI
                                2.12           1.19 f        -0.93  (VIOLATED)
   u_controller/payload_ram_reg[73][1]/SI
                                2.12           1.19 f        -0.93  (VIOLATED)
   u_controller/payload_ram_reg[73][2]/SI
                                2.12           1.19 f        -0.93  (VIOLATED)
   u_controller/payload_ram_reg[73][3]/SI
                                2.12           1.19 f        -0.93  (VIOLATED)
   u_controller/payload_ram_reg[73][4]/SI
                                2.12           1.19 f        -0.93  (VIOLATED)
   u_controller/payload_ram_reg[73][5]/SI
                                2.12           1.19 f        -0.93  (VIOLATED)
   u_controller/payload_ram_reg[73][6]/SI
                                2.12           1.19 f        -0.93  (VIOLATED)
   u_controller/payload_ram_reg[73][7]/SI
                                2.12           1.19 f        -0.93  (VIOLATED)
   u_controller/payload_ram_reg[74][0]/SI
                                2.12           1.19 f        -0.93  (VIOLATED)
   u_controller/payload_ram_reg[74][1]/SI
                                2.12           1.19 f        -0.93  (VIOLATED)
   u_controller/payload_ram_reg[74][2]/SI
                                2.12           1.19 f        -0.93  (VIOLATED)
   u_controller/payload_ram_reg[74][3]/SI
                                2.12           1.19 f        -0.93  (VIOLATED)
   u_controller/payload_ram_reg[74][4]/SI
                                2.12           1.19 f        -0.93  (VIOLATED)
   u_controller/payload_ram_reg[74][5]/SI
                                2.12           1.19 f        -0.93  (VIOLATED)
   u_controller/payload_ram_reg[74][6]/SI
                                2.12           1.19 f        -0.93  (VIOLATED)
   u_controller/payload_ram_reg[74][7]/SI
                                2.12           1.19 f        -0.93  (VIOLATED)
   u_controller/payload_ram_reg[75][0]/SI
                                2.12           1.19 f        -0.93  (VIOLATED)
   u_controller/payload_ram_reg[75][1]/SI
                                2.12           1.19 f        -0.93  (VIOLATED)
   u_controller/payload_ram_reg[75][2]/SI
                                2.12           1.19 f        -0.93  (VIOLATED)
   u_controller/payload_ram_reg[75][3]/SI
                                2.12           1.19 f        -0.93  (VIOLATED)
   u_controller/payload_ram_reg[75][4]/SI
                                2.12           1.19 f        -0.93  (VIOLATED)
   u_controller/payload_ram_reg[75][5]/SI
                                2.12           1.19 f        -0.93  (VIOLATED)
   u_controller/payload_ram_reg[75][6]/SI
                                2.12           1.19 f        -0.93  (VIOLATED)
   u_controller/payload_ram_reg[75][7]/SI
                                2.12           1.19 f        -0.93  (VIOLATED)
   u_controller/payload_ram_reg[76][0]/SI
                                2.12           1.19 f        -0.93  (VIOLATED)
   u_controller/payload_ram_reg[76][1]/SI
                                2.12           1.19 f        -0.93  (VIOLATED)
   u_controller/payload_ram_reg[76][2]/SI
                                2.12           1.19 f        -0.93  (VIOLATED)
   u_controller/payload_ram_reg[76][3]/SI
                                2.12           1.19 f        -0.93  (VIOLATED)
   u_controller/payload_ram_reg[76][4]/SI
                                2.12           1.19 f        -0.93  (VIOLATED)
   u_controller/payload_ram_reg[76][5]/SI
                                2.12           1.19 f        -0.93  (VIOLATED)
   u_controller/payload_ram_reg[76][6]/SI
                                2.12           1.19 f        -0.93  (VIOLATED)
   u_controller/payload_ram_reg[76][7]/SI
                                2.12           1.19 f        -0.93  (VIOLATED)
   u_controller/payload_ram_reg[77][0]/SI
                                2.12           1.19 f        -0.93  (VIOLATED)
   u_controller/payload_ram_reg[77][1]/SI
                                2.12           1.19 f        -0.93  (VIOLATED)
   u_controller/payload_ram_reg[77][2]/SI
                                2.12           1.19 f        -0.93  (VIOLATED)
   u_controller/payload_ram_reg[77][3]/SI
                                2.12           1.19 f        -0.93  (VIOLATED)
   u_controller/payload_ram_reg[77][4]/SI
                                2.12           1.19 f        -0.93  (VIOLATED)
   u_controller/payload_ram_reg[77][5]/SI
                                2.12           1.19 f        -0.93  (VIOLATED)
   u_controller/payload_ram_reg[77][6]/SI
                                2.12           1.19 f        -0.93  (VIOLATED)
   u_controller/payload_ram_reg[77][7]/SI
                                2.12           1.19 f        -0.93  (VIOLATED)
   u_controller/payload_ram_reg[78][0]/SI
                                2.12           1.19 f        -0.93  (VIOLATED)
   u_controller/payload_ram_reg[78][1]/SI
                                2.12           1.19 f        -0.93  (VIOLATED)
   u_controller/payload_ram_reg[78][2]/SI
                                2.12           1.19 f        -0.93  (VIOLATED)
   u_controller/payload_ram_reg[78][3]/SI
                                2.12           1.19 f        -0.93  (VIOLATED)
   u_controller/payload_ram_reg[78][4]/SI
                                2.12           1.19 f        -0.93  (VIOLATED)
   u_controller/payload_ram_reg[78][5]/SI
                                2.12           1.19 f        -0.93  (VIOLATED)
   u_controller/payload_ram_reg[78][6]/SI
                                2.12           1.19 f        -0.93  (VIOLATED)
   u_controller/payload_ram_reg[78][7]/SI
                                2.12           1.19 f        -0.93  (VIOLATED)
   u_controller/payload_ram_reg[79][0]/SI
                                2.12           1.19 f        -0.93  (VIOLATED)
   u_controller/payload_ram_reg[79][1]/SI
                                2.12           1.19 f        -0.93  (VIOLATED)
   u_controller/payload_ram_reg[79][2]/SI
                                2.12           1.19 f        -0.93  (VIOLATED)
   u_controller/payload_ram_reg[79][3]/SI
                                2.12           1.19 f        -0.93  (VIOLATED)
   u_controller/payload_ram_reg[79][4]/SI
                                2.12           1.19 f        -0.93  (VIOLATED)
   u_controller/payload_ram_reg[79][5]/SI
                                2.12           1.19 f        -0.93  (VIOLATED)
   u_controller/payload_ram_reg[79][6]/SI
                                2.12           1.19 f        -0.93  (VIOLATED)
   u_controller/payload_ram_reg[79][7]/SI
                                2.12           1.19 f        -0.93  (VIOLATED)
   u_controller/payload_ram_reg[80][0]/SI
                                2.12           1.19 f        -0.93  (VIOLATED)
   u_controller/payload_ram_reg[80][1]/SI
                                2.12           1.19 f        -0.93  (VIOLATED)
   u_controller/payload_ram_reg[80][2]/SI
                                2.12           1.19 f        -0.93  (VIOLATED)
   u_controller/payload_ram_reg[80][3]/SI
                                2.12           1.19 f        -0.93  (VIOLATED)
   u_controller/payload_ram_reg[80][4]/SI
                                2.12           1.19 f        -0.93  (VIOLATED)
   u_controller/payload_ram_reg[80][5]/SI
                                2.12           1.19 f        -0.93  (VIOLATED)
   u_controller/payload_ram_reg[80][6]/SI
                                2.12           1.19 f        -0.93  (VIOLATED)
   u_controller/payload_ram_reg[80][7]/SI
                                2.12           1.19 f        -0.93  (VIOLATED)
   u_controller/payload_ram_reg[81][0]/SI
                                2.12           1.19 f        -0.93  (VIOLATED)
   u_controller/payload_ram_reg[81][1]/SI
                                2.12           1.19 f        -0.93  (VIOLATED)
   u_controller/payload_ram_reg[81][2]/SI
                                2.12           1.19 f        -0.93  (VIOLATED)
   u_controller/payload_ram_reg[81][3]/SI
                                2.12           1.19 f        -0.93  (VIOLATED)
   u_controller/payload_ram_reg[81][4]/SI
                                2.12           1.19 f        -0.93  (VIOLATED)
   u_controller/payload_ram_reg[81][5]/SI
                                2.12           1.19 f        -0.93  (VIOLATED)
   u_controller/payload_ram_reg[81][6]/SI
                                2.12           1.19 f        -0.93  (VIOLATED)
   u_controller/payload_ram_reg[81][7]/SI
                                2.12           1.19 f        -0.93  (VIOLATED)
   u_controller/payload_ram_reg[82][0]/SI
                                2.12           1.19 f        -0.93  (VIOLATED)
   u_controller/payload_ram_reg[82][1]/SI
                                2.12           1.19 f        -0.93  (VIOLATED)
   u_controller/payload_ram_reg[82][2]/SI
                                2.12           1.19 f        -0.93  (VIOLATED)
   u_controller/payload_ram_reg[82][3]/SI
                                2.12           1.19 f        -0.93  (VIOLATED)
   u_controller/payload_ram_reg[82][4]/SI
                                2.12           1.19 f        -0.93  (VIOLATED)
   u_controller/payload_ram_reg[82][5]/SI
                                2.12           1.19 f        -0.93  (VIOLATED)
   u_controller/payload_ram_reg[82][6]/SI
                                2.12           1.19 f        -0.93  (VIOLATED)
   u_controller/payload_ram_reg[82][7]/SI
                                2.12           1.19 f        -0.93  (VIOLATED)
   u_controller/payload_ram_reg[83][0]/SI
                                2.12           1.19 f        -0.93  (VIOLATED)
   u_controller/payload_ram_reg[83][1]/SI
                                2.12           1.19 f        -0.93  (VIOLATED)
   u_controller/payload_ram_reg[83][2]/SI
                                2.12           1.19 f        -0.93  (VIOLATED)
   u_controller/payload_ram_reg[83][3]/SI
                                2.12           1.19 f        -0.93  (VIOLATED)
   u_controller/payload_ram_reg[83][4]/SI
                                2.12           1.19 f        -0.93  (VIOLATED)
   u_controller/payload_ram_reg[83][5]/SI
                                2.12           1.19 f        -0.93  (VIOLATED)
   u_controller/payload_ram_reg[83][6]/SI
                                2.12           1.19 f        -0.93  (VIOLATED)
   u_controller/payload_ram_reg[83][7]/SI
                                2.12           1.19 f        -0.93  (VIOLATED)
   u_controller/payload_ram_reg[84][0]/SI
                                2.12           1.19 f        -0.93  (VIOLATED)
   u_controller/payload_ram_reg[84][1]/SI
                                2.12           1.19 f        -0.93  (VIOLATED)
   u_controller/payload_ram_reg[84][2]/SI
                                2.12           1.19 f        -0.93  (VIOLATED)
   u_controller/payload_ram_reg[84][3]/SI
                                2.12           1.19 f        -0.93  (VIOLATED)
   u_controller/payload_ram_reg[84][4]/SI
                                2.12           1.19 f        -0.93  (VIOLATED)
   u_controller/payload_ram_reg[84][5]/SI
                                2.12           1.19 f        -0.93  (VIOLATED)
   u_controller/payload_ram_reg[84][6]/SI
                                2.12           1.19 f        -0.93  (VIOLATED)
   u_controller/payload_ram_reg[84][7]/SI
                                2.12           1.19 f        -0.93  (VIOLATED)
   u_controller/payload_ram_reg[85][0]/SI
                                2.12           1.19 f        -0.93  (VIOLATED)
   u_controller/payload_ram_reg[85][1]/SI
                                2.12           1.19 f        -0.93  (VIOLATED)
   u_controller/payload_ram_reg[85][2]/SI
                                2.12           1.19 f        -0.93  (VIOLATED)
   u_controller/payload_ram_reg[85][3]/SI
                                2.12           1.19 f        -0.93  (VIOLATED)
   u_controller/payload_ram_reg[85][4]/SI
                                2.12           1.19 f        -0.93  (VIOLATED)
   u_controller/payload_ram_reg[85][5]/SI
                                2.12           1.19 f        -0.93  (VIOLATED)
   u_controller/payload_ram_reg[85][6]/SI
                                2.12           1.19 f        -0.93  (VIOLATED)
   u_controller/payload_ram_reg[85][7]/SI
                                2.12           1.19 f        -0.93  (VIOLATED)
   u_controller/payload_ram_reg[86][0]/SI
                                2.12           1.19 f        -0.93  (VIOLATED)
   u_controller/payload_ram_reg[86][1]/SI
                                2.12           1.19 f        -0.93  (VIOLATED)
   u_controller/payload_ram_reg[86][2]/SI
                                2.12           1.19 f        -0.93  (VIOLATED)
   u_controller/payload_ram_reg[86][3]/SI
                                2.12           1.19 f        -0.93  (VIOLATED)
   u_controller/payload_ram_reg[86][4]/SI
                                2.12           1.19 f        -0.93  (VIOLATED)
   u_controller/payload_ram_reg[86][5]/SI
                                2.12           1.19 f        -0.93  (VIOLATED)
   u_controller/payload_ram_reg[86][6]/SI
                                2.12           1.19 f        -0.93  (VIOLATED)
   u_controller/payload_ram_reg[86][7]/SI
                                2.12           1.19 f        -0.93  (VIOLATED)
   u_controller/payload_ram_reg[87][0]/SI
                                2.12           1.19 f        -0.93  (VIOLATED)
   u_controller/payload_ram_reg[87][1]/SI
                                2.12           1.19 f        -0.93  (VIOLATED)
   u_controller/payload_ram_reg[87][2]/SI
                                2.12           1.19 f        -0.93  (VIOLATED)
   u_controller/payload_ram_reg[87][3]/SI
                                2.12           1.19 f        -0.93  (VIOLATED)
   u_controller/payload_ram_reg[87][4]/SI
                                2.12           1.19 f        -0.93  (VIOLATED)
   u_controller/payload_ram_reg[87][5]/SI
                                2.12           1.19 f        -0.93  (VIOLATED)
   u_controller/payload_ram_reg[87][6]/SI
                                2.12           1.19 f        -0.93  (VIOLATED)
   u_controller/payload_ram_reg[87][7]/SI
                                2.12           1.19 f        -0.93  (VIOLATED)
   u_controller/payload_ram_reg[88][0]/SI
                                2.12           1.19 f        -0.93  (VIOLATED)
   u_controller/payload_ram_reg[88][1]/SI
                                2.12           1.19 f        -0.93  (VIOLATED)
   u_controller/payload_ram_reg[88][2]/SI
                                2.12           1.19 f        -0.93  (VIOLATED)
   u_controller/payload_ram_reg[88][3]/SI
                                2.12           1.19 f        -0.93  (VIOLATED)
   u_controller/payload_ram_reg[88][4]/SI
                                2.12           1.19 f        -0.93  (VIOLATED)
   u_controller/payload_ram_reg[88][5]/SI
                                2.12           1.19 f        -0.93  (VIOLATED)
   u_controller/payload_ram_reg[88][6]/SI
                                2.12           1.19 f        -0.93  (VIOLATED)
   u_controller/payload_ram_reg[89][0]/SI
                                2.12           1.19 f        -0.93  (VIOLATED)
   u_controller/payload_ram_reg[89][1]/SI
                                2.12           1.19 f        -0.93  (VIOLATED)
   u_controller/payload_ram_reg[89][2]/SI
                                2.12           1.19 f        -0.93  (VIOLATED)
   u_controller/payload_ram_reg[89][3]/SI
                                2.12           1.19 f        -0.93  (VIOLATED)
   u_controller/payload_ram_reg[89][4]/SI
                                2.12           1.19 f        -0.93  (VIOLATED)
   u_controller/payload_ram_reg[89][5]/SI
                                2.12           1.19 f        -0.93  (VIOLATED)
   u_controller/payload_ram_reg[89][6]/SI
                                2.12           1.19 f        -0.93  (VIOLATED)
   u_controller/payload_ram_reg[89][7]/SI
                                2.12           1.19 f        -0.93  (VIOLATED)
   u_controller/payload_ram_reg[90][0]/SI
                                2.12           1.19 f        -0.93  (VIOLATED)
   u_controller/payload_ram_reg[90][1]/SI
                                2.12           1.19 f        -0.93  (VIOLATED)
   u_controller/payload_ram_reg[90][2]/SI
                                2.12           1.19 f        -0.93  (VIOLATED)
   u_controller/payload_ram_reg[90][3]/SI
                                2.12           1.19 f        -0.93  (VIOLATED)
   u_controller/payload_ram_reg[90][4]/SI
                                2.12           1.19 f        -0.93  (VIOLATED)
   u_controller/payload_ram_reg[90][5]/SI
                                2.12           1.19 f        -0.93  (VIOLATED)
   u_controller/payload_ram_reg[90][6]/SI
                                2.12           1.19 f        -0.93  (VIOLATED)
   u_controller/payload_ram_reg[90][7]/SI
                                2.12           1.19 f        -0.93  (VIOLATED)
   u_controller/payload_ram_reg[91][0]/SI
                                2.12           1.19 f        -0.93  (VIOLATED)
   u_controller/payload_ram_reg[91][1]/SI
                                2.12           1.19 f        -0.93  (VIOLATED)
   u_controller/payload_ram_reg[91][2]/SI
                                2.12           1.19 f        -0.93  (VIOLATED)
   u_controller/payload_ram_reg[91][3]/SI
                                2.12           1.19 f        -0.93  (VIOLATED)
   u_controller/payload_ram_reg[91][4]/SI
                                2.12           1.19 f        -0.93  (VIOLATED)
   u_controller/payload_ram_reg[91][5]/SI
                                2.12           1.19 f        -0.93  (VIOLATED)
   u_controller/payload_ram_reg[91][6]/SI
                                2.12           1.19 f        -0.93  (VIOLATED)
   u_controller/payload_ram_reg[91][7]/SI
                                2.12           1.19 f        -0.93  (VIOLATED)
   u_controller/payload_ram_reg[92][0]/SI
                                2.12           1.19 f        -0.93  (VIOLATED)
   u_controller/payload_ram_reg[92][1]/SI
                                2.12           1.19 f        -0.93  (VIOLATED)
   u_controller/payload_ram_reg[92][2]/SI
                                2.12           1.19 f        -0.93  (VIOLATED)
   u_controller/payload_ram_reg[92][3]/SI
                                2.12           1.19 f        -0.93  (VIOLATED)
   u_controller/payload_ram_reg[92][4]/SI
                                2.12           1.19 f        -0.93  (VIOLATED)
   u_controller/payload_ram_reg[92][5]/SI
                                2.12           1.19 f        -0.93  (VIOLATED)
   u_controller/payload_ram_reg[92][6]/SI
                                2.12           1.19 f        -0.93  (VIOLATED)
   u_controller/payload_ram_reg[92][7]/SI
                                2.12           1.19 f        -0.93  (VIOLATED)
   u_controller/payload_ram_reg[93][0]/SI
                                2.12           1.19 f        -0.93  (VIOLATED)
   u_controller/payload_ram_reg[93][1]/SI
                                2.12           1.19 f        -0.93  (VIOLATED)
   u_controller/payload_ram_reg[93][2]/SI
                                2.12           1.19 f        -0.93  (VIOLATED)
   u_controller/payload_ram_reg[93][3]/SI
                                2.12           1.19 f        -0.93  (VIOLATED)
   u_controller/payload_ram_reg[93][4]/SI
                                2.12           1.19 f        -0.93  (VIOLATED)
   u_controller/payload_ram_reg[93][5]/SI
                                2.12           1.19 f        -0.93  (VIOLATED)
   u_controller/payload_ram_reg[93][6]/SI
                                2.12           1.19 f        -0.93  (VIOLATED)
   u_controller/payload_ram_reg[93][7]/SI
                                2.12           1.19 f        -0.93  (VIOLATED)
   u_controller/payload_ram_reg[94][0]/SI
                                2.12           1.19 f        -0.93  (VIOLATED)
   u_controller/payload_ram_reg[94][1]/SI
                                2.12           1.19 f        -0.93  (VIOLATED)
   u_controller/payload_ram_reg[94][2]/SI
                                2.12           1.19 f        -0.93  (VIOLATED)
   u_controller/payload_ram_reg[94][3]/SI
                                2.12           1.19 f        -0.93  (VIOLATED)
   u_controller/payload_ram_reg[94][4]/SI
                                2.12           1.19 f        -0.93  (VIOLATED)
   u_controller/payload_ram_reg[94][5]/SI
                                2.12           1.19 f        -0.93  (VIOLATED)
   u_controller/payload_ram_reg[94][6]/SI
                                2.12           1.19 f        -0.93  (VIOLATED)
   u_controller/payload_ram_reg[94][7]/SI
                                2.12           1.19 f        -0.93  (VIOLATED)
   u_controller/payload_ram_reg[95][0]/SI
                                2.12           1.19 f        -0.93  (VIOLATED)
   u_controller/payload_ram_reg[95][1]/SI
                                2.12           1.19 f        -0.93  (VIOLATED)
   u_controller/payload_ram_reg[95][2]/SI
                                2.12           1.19 f        -0.93  (VIOLATED)
   u_controller/payload_ram_reg[95][3]/SI
                                2.12           1.19 f        -0.93  (VIOLATED)
   u_controller/payload_ram_reg[95][4]/SI
                                2.12           1.19 f        -0.93  (VIOLATED)
   u_controller/payload_ram_reg[95][5]/SI
                                2.12           1.19 f        -0.93  (VIOLATED)
   u_controller/payload_ram_reg[95][6]/SI
                                2.12           1.19 f        -0.93  (VIOLATED)
   u_controller/payload_ram_reg[95][7]/SI
                                2.12           1.19 f        -0.93  (VIOLATED)
   u_controller/payload_ram_reg[96][0]/SI
                                2.12           1.19 f        -0.93  (VIOLATED)
   u_controller/payload_ram_reg[96][1]/SI
                                2.12           1.19 f        -0.93  (VIOLATED)
   u_controller/payload_ram_reg[96][2]/SI
                                2.12           1.19 f        -0.93  (VIOLATED)
   u_controller/payload_ram_reg[96][3]/SI
                                2.12           1.19 f        -0.93  (VIOLATED)
   u_controller/payload_ram_reg[96][4]/SI
                                2.12           1.19 f        -0.93  (VIOLATED)
   u_controller/payload_ram_reg[96][5]/SI
                                2.12           1.19 f        -0.93  (VIOLATED)
   u_controller/payload_ram_reg[96][6]/SI
                                2.12           1.19 f        -0.93  (VIOLATED)
   u_controller/payload_ram_reg[96][7]/SI
                                2.12           1.19 f        -0.93  (VIOLATED)
   u_controller/payload_ram_reg[97][0]/SI
                                2.12           1.19 f        -0.93  (VIOLATED)
   u_controller/payload_ram_reg[97][1]/SI
                                2.12           1.19 f        -0.93  (VIOLATED)
   u_controller/payload_ram_reg[97][2]/SI
                                2.12           1.19 f        -0.93  (VIOLATED)
   u_controller/payload_ram_reg[97][3]/SI
                                2.12           1.19 f        -0.93  (VIOLATED)
   u_controller/payload_ram_reg[97][4]/SI
                                2.12           1.19 f        -0.93  (VIOLATED)
   u_controller/payload_ram_reg[97][5]/SI
                                2.12           1.19 f        -0.93  (VIOLATED)
   u_controller/payload_ram_reg[97][6]/SI
                                2.12           1.19 f        -0.93  (VIOLATED)
   u_controller/payload_ram_reg[97][7]/SI
                                2.12           1.19 f        -0.93  (VIOLATED)
   u_controller/payload_ram_reg[98][0]/SI
                                2.12           1.19 f        -0.93  (VIOLATED)
   u_controller/payload_ram_reg[98][1]/SI
                                2.12           1.19 f        -0.93  (VIOLATED)
   u_controller/payload_ram_reg[98][2]/SI
                                2.12           1.19 f        -0.93  (VIOLATED)
   u_controller/payload_ram_reg[98][3]/SI
                                2.12           1.19 f        -0.93  (VIOLATED)
   u_controller/payload_ram_reg[98][4]/SI
                                2.12           1.19 f        -0.93  (VIOLATED)
   u_controller/payload_ram_reg[98][5]/SI
                                2.12           1.19 f        -0.93  (VIOLATED)
   u_controller/payload_ram_reg[98][6]/SI
                                2.12           1.19 f        -0.93  (VIOLATED)
   u_controller/payload_ram_reg[98][7]/SI
                                2.12           1.19 f        -0.93  (VIOLATED)
   u_controller/payload_ram_reg[99][0]/SI
                                2.12           1.19 f        -0.93  (VIOLATED)
   u_controller/payload_ram_reg[99][1]/SI
                                2.12           1.19 f        -0.93  (VIOLATED)
   u_controller/payload_ram_reg[99][2]/SI
                                2.12           1.19 f        -0.93  (VIOLATED)
   u_controller/payload_ram_reg[99][3]/SI
                                2.12           1.19 f        -0.93  (VIOLATED)
   u_controller/payload_ram_reg[99][4]/SI
                                2.12           1.19 f        -0.93  (VIOLATED)
   u_controller/payload_ram_reg[99][5]/SI
                                2.12           1.19 f        -0.93  (VIOLATED)
   u_controller/payload_ram_reg[99][6]/SI
                                2.12           1.19 f        -0.93  (VIOLATED)
   u_controller/payload_ram_reg[99][7]/SI
                                2.12           1.19 f        -0.93  (VIOLATED)
   u_controller/payload_ram_reg[100][0]/SI
                                2.12           1.19 f        -0.93  (VIOLATED)
   u_controller/payload_ram_reg[100][1]/SI
                                2.12           1.19 f        -0.93  (VIOLATED)
   u_controller/payload_ram_reg[100][2]/SI
                                2.12           1.19 f        -0.93  (VIOLATED)
   u_controller/payload_ram_reg[100][3]/SI
                                2.12           1.19 f        -0.93  (VIOLATED)
   u_controller/payload_ram_reg[100][4]/SI
                                2.12           1.19 f        -0.93  (VIOLATED)
   u_controller/payload_ram_reg[100][5]/SI
                                2.12           1.19 f        -0.93  (VIOLATED)
   u_controller/payload_ram_reg[100][6]/SI
                                2.12           1.19 f        -0.93  (VIOLATED)
   u_controller/payload_ram_reg[100][7]/SI
                                2.12           1.19 f        -0.93  (VIOLATED)
   u_controller/payload_ram_reg[101][0]/SI
                                2.12           1.19 f        -0.93  (VIOLATED)
   u_controller/payload_ram_reg[101][1]/SI
                                2.12           1.19 f        -0.93  (VIOLATED)
   u_controller/payload_ram_reg[101][2]/SI
                                2.12           1.19 f        -0.93  (VIOLATED)
   u_controller/payload_ram_reg[101][3]/SI
                                2.12           1.19 f        -0.93  (VIOLATED)
   u_controller/payload_ram_reg[101][4]/SI
                                2.12           1.19 f        -0.93  (VIOLATED)
   u_controller/payload_ram_reg[101][5]/SI
                                2.12           1.19 f        -0.93  (VIOLATED)
   u_controller/payload_ram_reg[101][6]/SI
                                2.12           1.19 f        -0.93  (VIOLATED)
   u_controller/payload_ram_reg[101][7]/SI
                                2.12           1.19 f        -0.93  (VIOLATED)
   u_controller/payload_ram_reg[102][0]/SI
                                2.12           1.19 f        -0.93  (VIOLATED)
   u_controller/payload_ram_reg[102][1]/SI
                                2.12           1.19 f        -0.93  (VIOLATED)
   u_controller/payload_ram_reg[102][2]/SI
                                2.12           1.19 f        -0.93  (VIOLATED)
   u_controller/payload_ram_reg[102][3]/SI
                                2.12           1.19 f        -0.93  (VIOLATED)
   u_controller/payload_ram_reg[102][4]/SI
                                2.12           1.19 f        -0.93  (VIOLATED)
   u_controller/payload_ram_reg[102][5]/SI
                                2.12           1.19 f        -0.93  (VIOLATED)
   u_controller/payload_ram_reg[102][6]/SI
                                2.12           1.19 f        -0.93  (VIOLATED)
   u_controller/payload_ram_reg[102][7]/SI
                                2.12           1.19 f        -0.93  (VIOLATED)
   u_controller/payload_ram_reg[103][0]/SI
                                2.12           1.19 f        -0.93  (VIOLATED)
   u_controller/payload_ram_reg[103][1]/SI
                                2.12           1.19 f        -0.93  (VIOLATED)
   u_controller/payload_ram_reg[103][2]/SI
                                2.12           1.19 f        -0.93  (VIOLATED)
   u_controller/payload_ram_reg[103][3]/SI
                                2.12           1.19 f        -0.93  (VIOLATED)
   u_controller/payload_ram_reg[103][4]/SI
                                2.12           1.19 f        -0.93  (VIOLATED)
   u_controller/payload_ram_reg[103][5]/SI
                                2.12           1.19 f        -0.93  (VIOLATED)
   u_controller/payload_ram_reg[103][6]/SI
                                2.12           1.19 f        -0.93  (VIOLATED)
   u_controller/payload_ram_reg[103][7]/SI
                                2.12           1.19 f        -0.93  (VIOLATED)
   u_controller/payload_ram_reg[104][0]/SI
                                2.12           1.19 f        -0.93  (VIOLATED)
   u_controller/payload_ram_reg[104][1]/SI
                                2.12           1.19 f        -0.93  (VIOLATED)
   u_controller/payload_ram_reg[104][2]/SI
                                2.12           1.19 f        -0.93  (VIOLATED)
   u_controller/payload_ram_reg[104][3]/SI
                                2.12           1.19 f        -0.93  (VIOLATED)
   u_controller/payload_ram_reg[104][4]/SI
                                2.12           1.19 f        -0.93  (VIOLATED)
   u_controller/payload_ram_reg[104][5]/SI
                                2.12           1.19 f        -0.93  (VIOLATED)
   u_controller/payload_ram_reg[104][6]/SI
                                2.12           1.19 f        -0.93  (VIOLATED)
   u_controller/payload_ram_reg[104][7]/SI
                                2.12           1.19 f        -0.93  (VIOLATED)
   u_controller/payload_ram_reg[105][0]/SI
                                2.12           1.19 f        -0.93  (VIOLATED)
   u_controller/payload_ram_reg[105][1]/SI
                                2.12           1.19 f        -0.93  (VIOLATED)
   u_controller/payload_ram_reg[105][2]/SI
                                2.12           1.19 f        -0.93  (VIOLATED)
   u_controller/payload_ram_reg[105][3]/SI
                                2.12           1.19 f        -0.93  (VIOLATED)
   u_controller/payload_ram_reg[105][4]/SI
                                2.12           1.19 f        -0.93  (VIOLATED)
   u_controller/payload_ram_reg[105][5]/SI
                                2.12           1.19 f        -0.93  (VIOLATED)
   u_controller/payload_ram_reg[105][6]/SI
                                2.12           1.19 f        -0.93  (VIOLATED)
   u_controller/payload_ram_reg[105][7]/SI
                                2.12           1.19 f        -0.93  (VIOLATED)
   u_controller/payload_ram_reg[106][0]/SI
                                2.12           1.19 f        -0.93  (VIOLATED)
   u_controller/payload_ram_reg[106][1]/SI
                                2.12           1.19 f        -0.93  (VIOLATED)
   u_controller/payload_ram_reg[106][2]/SI
                                2.12           1.19 f        -0.93  (VIOLATED)
   u_controller/payload_ram_reg[106][3]/SI
                                2.12           1.19 f        -0.93  (VIOLATED)
   u_controller/payload_ram_reg[106][4]/SI
                                2.12           1.19 f        -0.93  (VIOLATED)
   u_controller/payload_ram_reg[106][5]/SI
                                2.12           1.19 f        -0.93  (VIOLATED)
   u_controller/payload_ram_reg[106][6]/SI
                                2.12           1.19 f        -0.93  (VIOLATED)
   u_controller/payload_ram_reg[106][7]/SI
                                2.12           1.19 f        -0.93  (VIOLATED)
   u_controller/payload_ram_reg[107][0]/SI
                                2.12           1.19 f        -0.93  (VIOLATED)
   u_controller/payload_ram_reg[107][1]/SI
                                2.12           1.19 f        -0.93  (VIOLATED)
   u_controller/payload_ram_reg[107][2]/SI
                                2.12           1.19 f        -0.93  (VIOLATED)
   u_controller/payload_ram_reg[107][3]/SI
                                2.12           1.19 f        -0.93  (VIOLATED)
   u_controller/payload_ram_reg[107][4]/SI
                                2.12           1.19 f        -0.93  (VIOLATED)
   u_controller/payload_ram_reg[107][5]/SI
                                2.12           1.19 f        -0.93  (VIOLATED)
   u_controller/payload_ram_reg[107][6]/SI
                                2.12           1.19 f        -0.93  (VIOLATED)
   u_controller/payload_ram_reg[107][7]/SI
                                2.12           1.19 f        -0.93  (VIOLATED)
   u_controller/payload_ram_reg[108][0]/SI
                                2.12           1.19 f        -0.93  (VIOLATED)
   u_controller/payload_ram_reg[108][1]/SI
                                2.12           1.19 f        -0.93  (VIOLATED)
   u_controller/payload_ram_reg[108][2]/SI
                                2.12           1.19 f        -0.93  (VIOLATED)
   u_controller/payload_ram_reg[108][3]/SI
                                2.12           1.19 f        -0.93  (VIOLATED)
   u_controller/payload_ram_reg[108][4]/SI
                                2.12           1.19 f        -0.93  (VIOLATED)
   u_controller/payload_ram_reg[108][5]/SI
                                2.12           1.19 f        -0.93  (VIOLATED)
   u_controller/payload_ram_reg[108][6]/SI
                                2.12           1.19 f        -0.93  (VIOLATED)
   u_controller/payload_ram_reg[108][7]/SI
                                2.12           1.19 f        -0.93  (VIOLATED)
   u_controller/payload_ram_reg[109][0]/SI
                                2.12           1.19 f        -0.93  (VIOLATED)
   u_controller/payload_ram_reg[109][1]/SI
                                2.12           1.19 f        -0.93  (VIOLATED)
   u_controller/payload_ram_reg[109][2]/SI
                                2.12           1.19 f        -0.93  (VIOLATED)
   u_controller/payload_ram_reg[109][3]/SI
                                2.12           1.19 f        -0.93  (VIOLATED)
   u_controller/payload_ram_reg[109][4]/SI
                                2.12           1.19 f        -0.93  (VIOLATED)
   u_controller/payload_ram_reg[109][5]/SI
                                2.12           1.19 f        -0.93  (VIOLATED)
   u_controller/payload_ram_reg[109][6]/SI
                                2.12           1.19 f        -0.93  (VIOLATED)
   u_controller/payload_ram_reg[109][7]/SI
                                2.12           1.19 f        -0.93  (VIOLATED)
   u_controller/payload_ram_reg[110][0]/SI
                                2.12           1.19 f        -0.93  (VIOLATED)
   u_controller/payload_ram_reg[110][1]/SI
                                2.12           1.19 f        -0.93  (VIOLATED)
   u_controller/payload_ram_reg[110][2]/SI
                                2.12           1.19 f        -0.93  (VIOLATED)
   u_controller/payload_ram_reg[110][3]/SI
                                2.12           1.19 f        -0.93  (VIOLATED)
   u_controller/payload_ram_reg[110][4]/SI
                                2.12           1.19 f        -0.93  (VIOLATED)
   u_controller/payload_ram_reg[110][5]/SI
                                2.12           1.19 f        -0.93  (VIOLATED)
   u_controller/payload_ram_reg[110][6]/SI
                                2.12           1.19 f        -0.93  (VIOLATED)
   u_controller/payload_ram_reg[110][7]/SI
                                2.12           1.19 f        -0.93  (VIOLATED)
   u_controller/payload_ram_reg[111][0]/SI
                                2.12           1.19 f        -0.93  (VIOLATED)
   u_controller/payload_ram_reg[111][1]/SI
                                2.12           1.19 f        -0.93  (VIOLATED)
   u_controller/payload_ram_reg[111][2]/SI
                                2.12           1.19 f        -0.93  (VIOLATED)
   u_controller/payload_ram_reg[111][3]/SI
                                2.12           1.19 f        -0.93  (VIOLATED)
   u_controller/payload_ram_reg[111][4]/SI
                                2.12           1.19 f        -0.93  (VIOLATED)
   u_controller/payload_ram_reg[111][5]/SI
                                2.12           1.19 f        -0.93  (VIOLATED)
   u_controller/payload_ram_reg[111][6]/SI
                                2.12           1.19 f        -0.93  (VIOLATED)
   u_controller/payload_ram_reg[111][7]/SI
                                2.12           1.19 f        -0.93  (VIOLATED)
   u_controller/payload_ram_reg[112][0]/SI
                                2.12           1.19 f        -0.93  (VIOLATED)
   u_controller/payload_ram_reg[112][1]/SI
                                2.12           1.19 f        -0.93  (VIOLATED)
   u_controller/payload_ram_reg[112][2]/SI
                                2.12           1.19 f        -0.93  (VIOLATED)
   u_controller/payload_ram_reg[112][3]/SI
                                2.12           1.19 f        -0.93  (VIOLATED)
   u_controller/payload_ram_reg[112][4]/SI
                                2.12           1.19 f        -0.93  (VIOLATED)
   u_controller/payload_ram_reg[112][5]/SI
                                2.12           1.19 f        -0.93  (VIOLATED)
   u_controller/payload_ram_reg[112][6]/SI
                                2.12           1.19 f        -0.93  (VIOLATED)
   u_controller/payload_ram_reg[112][7]/SI
                                2.12           1.19 f        -0.93  (VIOLATED)
   u_controller/payload_ram_reg[113][0]/SI
                                2.12           1.19 f        -0.93  (VIOLATED)
   u_controller/payload_ram_reg[113][1]/SI
                                2.12           1.19 f        -0.93  (VIOLATED)
   u_controller/payload_ram_reg[113][2]/SI
                                2.12           1.19 f        -0.93  (VIOLATED)
   u_controller/payload_ram_reg[113][3]/SI
                                2.12           1.19 f        -0.93  (VIOLATED)
   u_controller/payload_ram_reg[113][4]/SI
                                2.12           1.19 f        -0.93  (VIOLATED)
   u_controller/payload_ram_reg[113][5]/SI
                                2.12           1.19 f        -0.93  (VIOLATED)
   u_controller/payload_ram_reg[113][6]/SI
                                2.12           1.19 f        -0.93  (VIOLATED)
   u_controller/payload_ram_reg[113][7]/SI
                                2.12           1.19 f        -0.93  (VIOLATED)
   u_controller/payload_ram_reg[114][0]/SI
                                2.12           1.19 f        -0.93  (VIOLATED)
   u_controller/payload_ram_reg[114][1]/SI
                                2.12           1.19 f        -0.93  (VIOLATED)
   u_controller/payload_ram_reg[114][2]/SI
                                2.12           1.19 f        -0.93  (VIOLATED)
   u_controller/payload_ram_reg[114][3]/SI
                                2.12           1.19 f        -0.93  (VIOLATED)
   u_controller/payload_ram_reg[114][4]/SI
                                2.12           1.19 f        -0.93  (VIOLATED)
   u_controller/payload_ram_reg[114][5]/SI
                                2.12           1.19 f        -0.93  (VIOLATED)
   u_controller/payload_ram_reg[114][6]/SI
                                2.12           1.19 f        -0.93  (VIOLATED)
   u_controller/payload_ram_reg[114][7]/SI
                                2.12           1.19 f        -0.93  (VIOLATED)
   u_controller/payload_ram_reg[115][0]/SI
                                2.12           1.19 f        -0.93  (VIOLATED)
   u_controller/payload_ram_reg[115][1]/SI
                                2.12           1.19 f        -0.93  (VIOLATED)
   u_controller/payload_ram_reg[115][2]/SI
                                2.12           1.19 f        -0.93  (VIOLATED)
   u_controller/payload_ram_reg[115][3]/SI
                                2.12           1.19 f        -0.93  (VIOLATED)
   u_controller/payload_ram_reg[115][4]/SI
                                2.12           1.19 f        -0.93  (VIOLATED)
   u_controller/payload_ram_reg[115][5]/SI
                                2.12           1.19 f        -0.93  (VIOLATED)
   u_controller/payload_ram_reg[115][6]/SI
                                2.12           1.19 f        -0.93  (VIOLATED)
   u_controller/payload_ram_reg[115][7]/SI
                                2.12           1.19 f        -0.93  (VIOLATED)
   u_controller/payload_ram_reg[116][0]/SI
                                2.12           1.19 f        -0.93  (VIOLATED)
   u_controller/payload_ram_reg[116][1]/SI
                                2.12           1.19 f        -0.93  (VIOLATED)
   u_controller/payload_ram_reg[116][2]/SI
                                2.12           1.19 f        -0.93  (VIOLATED)
   u_controller/payload_ram_reg[116][3]/SI
                                2.12           1.19 f        -0.93  (VIOLATED)
   u_controller/payload_ram_reg[116][4]/SI
                                2.12           1.19 f        -0.93  (VIOLATED)
   u_controller/payload_ram_reg[116][5]/SI
                                2.12           1.19 f        -0.93  (VIOLATED)
   u_controller/payload_ram_reg[116][6]/SI
                                2.12           1.19 f        -0.93  (VIOLATED)
   u_controller/payload_ram_reg[116][7]/SI
                                2.12           1.19 f        -0.93  (VIOLATED)
   u_controller/payload_ram_reg[117][0]/SI
                                2.12           1.19 f        -0.93  (VIOLATED)
   u_controller/payload_ram_reg[117][1]/SI
                                2.12           1.19 f        -0.93  (VIOLATED)
   u_controller/payload_ram_reg[117][2]/SI
                                2.12           1.19 f        -0.93  (VIOLATED)
   u_controller/payload_ram_reg[117][3]/SI
                                2.12           1.19 f        -0.93  (VIOLATED)
   u_controller/payload_ram_reg[117][4]/SI
                                2.12           1.19 f        -0.93  (VIOLATED)
   u_controller/payload_ram_reg[117][5]/SI
                                2.12           1.19 f        -0.93  (VIOLATED)
   u_controller/payload_ram_reg[117][6]/SI
                                2.12           1.19 f        -0.93  (VIOLATED)
   u_controller/payload_ram_reg[117][7]/SI
                                2.12           1.19 f        -0.93  (VIOLATED)
   u_controller/payload_ram_reg[118][0]/SI
                                2.12           1.19 f        -0.93  (VIOLATED)
   u_controller/payload_ram_reg[118][1]/SI
                                2.12           1.19 f        -0.93  (VIOLATED)
   u_controller/payload_ram_reg[118][2]/SI
                                2.12           1.19 f        -0.93  (VIOLATED)
   u_controller/payload_ram_reg[118][3]/SI
                                2.12           1.19 f        -0.93  (VIOLATED)
   u_controller/payload_ram_reg[118][4]/SI
                                2.12           1.19 f        -0.93  (VIOLATED)
   u_controller/payload_ram_reg[118][5]/SI
                                2.12           1.19 f        -0.93  (VIOLATED)
   u_controller/payload_ram_reg[118][6]/SI
                                2.12           1.19 f        -0.93  (VIOLATED)
   u_controller/payload_ram_reg[118][7]/SI
                                2.12           1.19 f        -0.93  (VIOLATED)
   u_controller/payload_ram_reg[119][0]/SI
                                2.12           1.19 f        -0.93  (VIOLATED)
   u_controller/payload_ram_reg[119][1]/SI
                                2.12           1.19 f        -0.93  (VIOLATED)
   u_controller/payload_ram_reg[119][2]/SI
                                2.12           1.19 f        -0.93  (VIOLATED)
   u_controller/payload_ram_reg[119][3]/SI
                                2.12           1.19 f        -0.93  (VIOLATED)
   u_controller/payload_ram_reg[119][4]/SI
                                2.12           1.19 f        -0.93  (VIOLATED)
   u_controller/payload_ram_reg[119][5]/SI
                                2.12           1.19 f        -0.93  (VIOLATED)
   u_controller/payload_ram_reg[119][6]/SI
                                2.12           1.19 f        -0.93  (VIOLATED)
   u_controller/payload_ram_reg[119][7]/SI
                                2.12           1.19 f        -0.93  (VIOLATED)
   u_controller/payload_ram_reg[120][0]/SI
                                2.12           1.19 f        -0.93  (VIOLATED)
   u_controller/payload_ram_reg[120][1]/SI
                                2.12           1.19 f        -0.93  (VIOLATED)
   u_controller/payload_ram_reg[120][2]/SI
                                2.12           1.19 f        -0.93  (VIOLATED)
   u_controller/payload_ram_reg[120][3]/SI
                                2.12           1.19 f        -0.93  (VIOLATED)
   u_controller/payload_ram_reg[120][4]/SI
                                2.12           1.19 f        -0.93  (VIOLATED)
   u_controller/payload_ram_reg[120][5]/SI
                                2.12           1.19 f        -0.93  (VIOLATED)
   u_controller/payload_ram_reg[120][6]/SI
                                2.12           1.19 f        -0.93  (VIOLATED)
   u_controller/payload_ram_reg[120][7]/SI
                                2.12           1.19 f        -0.93  (VIOLATED)
   u_controller/payload_ram_reg[121][0]/SI
                                2.12           1.19 f        -0.93  (VIOLATED)
   u_controller/payload_ram_reg[121][1]/SI
                                2.12           1.19 f        -0.93  (VIOLATED)
   u_controller/payload_ram_reg[121][2]/SI
                                2.12           1.19 f        -0.93  (VIOLATED)
   u_controller/payload_ram_reg[121][3]/SI
                                2.12           1.19 f        -0.93  (VIOLATED)
   u_controller/payload_ram_reg[121][4]/SI
                                2.12           1.19 f        -0.93  (VIOLATED)
   u_controller/payload_ram_reg[121][5]/SI
                                2.12           1.19 f        -0.93  (VIOLATED)
   u_controller/payload_ram_reg[121][6]/SI
                                2.12           1.19 f        -0.93  (VIOLATED)
   u_controller/payload_ram_reg[121][7]/SI
                                2.12           1.19 f        -0.93  (VIOLATED)
   u_controller/payload_ram_reg[122][0]/SI
                                2.12           1.19 f        -0.93  (VIOLATED)
   u_controller/payload_ram_reg[122][1]/SI
                                2.12           1.19 f        -0.93  (VIOLATED)
   u_controller/payload_ram_reg[122][2]/SI
                                2.12           1.19 f        -0.93  (VIOLATED)
   u_controller/payload_ram_reg[122][3]/SI
                                2.12           1.19 f        -0.93  (VIOLATED)
   u_controller/payload_ram_reg[122][4]/SI
                                2.12           1.19 f        -0.93  (VIOLATED)
   u_controller/payload_ram_reg[122][5]/SI
                                2.12           1.19 f        -0.93  (VIOLATED)
   u_controller/payload_ram_reg[122][6]/SI
                                2.12           1.19 f        -0.93  (VIOLATED)
   u_controller/payload_ram_reg[122][7]/SI
                                2.12           1.19 f        -0.93  (VIOLATED)
   u_controller/payload_ram_reg[123][0]/SI
                                2.12           1.19 f        -0.93  (VIOLATED)
   u_controller/payload_ram_reg[123][1]/SI
                                2.12           1.19 f        -0.93  (VIOLATED)
   u_controller/payload_ram_reg[123][2]/SI
                                2.12           1.19 f        -0.93  (VIOLATED)
   u_controller/payload_ram_reg[123][3]/SI
                                2.12           1.19 f        -0.93  (VIOLATED)
   u_controller/payload_ram_reg[123][4]/SI
                                2.12           1.19 f        -0.93  (VIOLATED)
   u_controller/payload_ram_reg[123][5]/SI
                                2.12           1.19 f        -0.93  (VIOLATED)
   u_controller/payload_ram_reg[123][6]/SI
                                2.12           1.19 f        -0.93  (VIOLATED)
   u_controller/payload_ram_reg[123][7]/SI
                                2.12           1.19 f        -0.93  (VIOLATED)
   u_controller/payload_ram_reg[124][0]/SI
                                2.12           1.19 f        -0.93  (VIOLATED)
   u_controller/payload_ram_reg[124][1]/SI
                                2.12           1.19 f        -0.93  (VIOLATED)
   u_controller/payload_ram_reg[124][2]/SI
                                2.12           1.19 f        -0.93  (VIOLATED)
   u_controller/payload_ram_reg[124][3]/SI
                                2.12           1.19 f        -0.93  (VIOLATED)
   u_controller/payload_ram_reg[124][4]/SI
                                2.12           1.19 f        -0.93  (VIOLATED)
   u_controller/payload_ram_reg[124][5]/SI
                                2.12           1.19 f        -0.93  (VIOLATED)
   u_controller/payload_ram_reg[124][6]/SI
                                2.12           1.19 f        -0.93  (VIOLATED)
   u_controller/payload_ram_reg[124][7]/SI
                                2.12           1.19 f        -0.93  (VIOLATED)
   u_controller/payload_ram_reg[125][0]/SI
                                2.12           1.19 f        -0.93  (VIOLATED)
   u_controller/payload_ram_reg[125][1]/SI
                                2.12           1.19 f        -0.93  (VIOLATED)
   u_controller/payload_ram_reg[125][2]/SI
                                2.12           1.19 f        -0.93  (VIOLATED)
   u_controller/payload_ram_reg[125][3]/SI
                                2.12           1.19 f        -0.93  (VIOLATED)
   u_controller/payload_ram_reg[125][4]/SI
                                2.12           1.19 f        -0.93  (VIOLATED)
   u_controller/payload_ram_reg[125][5]/SI
                                2.12           1.19 f        -0.93  (VIOLATED)
   u_controller/payload_ram_reg[125][6]/SI
                                2.12           1.19 f        -0.93  (VIOLATED)
   u_controller/payload_ram_reg[125][7]/SI
                                2.12           1.19 f        -0.93  (VIOLATED)
   u_controller/payload_ram_reg[126][0]/SI
                                2.12           1.19 f        -0.93  (VIOLATED)
   u_controller/payload_ram_reg[126][1]/SI
                                2.12           1.19 f        -0.93  (VIOLATED)
   u_controller/payload_ram_reg[126][2]/SI
                                2.12           1.19 f        -0.93  (VIOLATED)
   u_controller/payload_ram_reg[126][3]/SI
                                2.12           1.19 f        -0.93  (VIOLATED)
   u_controller/payload_ram_reg[126][4]/SI
                                2.12           1.19 f        -0.93  (VIOLATED)
   u_controller/payload_ram_reg[126][5]/SI
                                2.12           1.19 f        -0.93  (VIOLATED)
   u_controller/payload_ram_reg[126][6]/SI
                                2.12           1.19 f        -0.93  (VIOLATED)
   u_controller/payload_ram_reg[126][7]/SI
                                2.12           1.19 f        -0.93  (VIOLATED)
   u_controller/payload_ram_reg[0][0]/SI
                                2.12           1.21 f        -0.91  (VIOLATED)
   u_form_ppdu/q_fifo_reg[0][0]/SI
                                2.12           1.27 f        -0.84  (VIOLATED)
   u_controller/serial_idx_reg[0]/SI
                                2.04           1.21 f        -0.84  (VIOLATED)
   u_dqpsk/s_imag_d_reg[0][0]/SI
                                2.15           1.32 f        -0.83  (VIOLATED)
   u_interleaver/i_temp_reg[1]/SI
                                2.06           1.23 f        -0.83  (VIOLATED)
   u_interleaver/i_temp_reg[2]/SI
                                2.06           1.23 f        -0.83  (VIOLATED)
   u_interleaver/i_temp_reg[3]/SI
                                2.06           1.23 f        -0.83  (VIOLATED)
   u_interleaver/i_temp_reg[4]/SI
                                2.06           1.23 f        -0.83  (VIOLATED)
   u_interleaver/i_temp_reg[5]/SI
                                2.06           1.23 f        -0.83  (VIOLATED)
   u_interleaver/i_temp_reg[6]/SI
                                2.06           1.23 f        -0.83  (VIOLATED)
   u_interleaver/i_temp_reg[7]/SI
                                2.06           1.23 f        -0.83  (VIOLATED)
   u_interleaver/i_temp_reg[8]/SI
                                2.06           1.23 f        -0.83  (VIOLATED)
   u_interleaver/i_temp_reg[9]/SI
                                2.06           1.23 f        -0.83  (VIOLATED)
   u_interleaver/i_temp_reg[10]/SI
                                2.06           1.23 f        -0.83  (VIOLATED)
   u_interleaver/i_temp_reg[11]/SI
                                2.06           1.23 f        -0.83  (VIOLATED)
   u_interleaver/i_temp_reg[12]/SI
                                2.06           1.23 f        -0.83  (VIOLATED)
   u_interleaver/i_temp_reg[13]/SI
                                2.06           1.23 f        -0.83  (VIOLATED)
   u_interleaver/i_temp_reg[14]/SI
                                2.06           1.23 f        -0.83  (VIOLATED)
   u_interleaver/i_temp_reg[15]/SI
                                2.06           1.23 f        -0.83  (VIOLATED)
   u_interleaver/i_temp_reg[16]/SI
                                2.06           1.23 f        -0.83  (VIOLATED)
   u_interleaver/i_temp_reg[17]/SI
                                2.06           1.23 f        -0.83  (VIOLATED)
   u_interleaver/i_temp_reg[18]/SI
                                2.06           1.23 f        -0.83  (VIOLATED)
   u_interleaver/i_temp_reg[19]/SI
                                2.06           1.23 f        -0.83  (VIOLATED)
   u_interleaver/i_temp_reg[20]/SI
                                2.06           1.23 f        -0.83  (VIOLATED)
   u_interleaver/i_temp_reg[21]/SI
                                2.06           1.23 f        -0.83  (VIOLATED)
   u_interleaver/i_temp_reg[22]/SI
                                2.06           1.23 f        -0.83  (VIOLATED)
   u_interleaver/i_temp_reg[23]/SI
                                2.06           1.23 f        -0.83  (VIOLATED)
   u_interleaver/i_temp_reg[24]/SI
                                2.06           1.23 f        -0.83  (VIOLATED)
   u_interleaver/i_temp_reg[25]/SI
                                2.06           1.23 f        -0.83  (VIOLATED)
   u_interleaver/i_temp_reg[26]/SI
                                2.06           1.23 f        -0.83  (VIOLATED)
   u_interleaver/i_temp_reg[27]/SI
                                2.06           1.23 f        -0.83  (VIOLATED)
   u_interleaver/i_temp_reg[28]/SI
                                2.06           1.23 f        -0.83  (VIOLATED)
   u_interleaver/i_temp_reg[29]/SI
                                2.06           1.23 f        -0.83  (VIOLATED)
   u_interleaver/i_temp_reg[30]/SI
                                2.06           1.23 f        -0.83  (VIOLATED)
   u_interleaver/i_temp_reg[31]/SI
                                2.06           1.23 f        -0.83  (VIOLATED)
   u_interleaver/q_out_reg[0]/SI
                                2.06           1.23 f        -0.83  (VIOLATED)
   u_dqpsk/s_imag_d_reg[0][1]/SI
                                2.06           1.23 f        -0.83  (VIOLATED)
   u_dqpsk/s_imag_d_reg[1][1]/SI
                                2.06           1.23 f        -0.83  (VIOLATED)
   u_dqpsk/s_imag_d_reg[2][1]/SI
                                2.06           1.23 f        -0.83  (VIOLATED)
   u_dqpsk/s_imag_d_reg[3][1]/SI
                                2.06           1.23 f        -0.83  (VIOLATED)
   u_dqpsk/s_real_d_reg[0][1]/SI
                                2.06           1.23 f        -0.83  (VIOLATED)
   u_dqpsk/s_real_d_reg[1][1]/SI
                                2.06           1.23 f        -0.83  (VIOLATED)
   u_dqpsk/s_real_d_reg[2][1]/SI
                                2.06           1.23 f        -0.83  (VIOLATED)
   u_dqpsk/s_real_d_reg[3][1]/SI
                                2.06           1.23 f        -0.83  (VIOLATED)
   u_csk_sequencer/finished_reg/SI
                                2.06           1.23 f        -0.83  (VIOLATED)
   u_csk_sequencer/gap_counter_reg[2]/SI
                                2.06           1.23 f        -0.83  (VIOLATED)
   u_csk_sequencer/gap_counter_reg[3]/SI
                                2.06           1.23 f        -0.83  (VIOLATED)
   u_csk_sequencer/gap_counter_reg[4]/SI
                                2.06           1.23 f        -0.83  (VIOLATED)
   u_csk_sequencer/gap_counter_reg[5]/SI
                                2.06           1.23 f        -0.83  (VIOLATED)
   u_csk_sequencer/gap_counter_reg[6]/SI
                                2.06           1.23 f        -0.83  (VIOLATED)
   u_csk_sequencer/group_count_reg[0]/SI
                                2.06           1.23 f        -0.83  (VIOLATED)
   u_demux/q_bit_reg/SI         2.06           1.23 f        -0.83  (VIOLATED)
   u_symbol_mapper/bit_cnt_reg[1]/SI
                                2.06           1.23 f        -0.83  (VIOLATED)
   u_symbol_mapper/bit_cnt_reg[2]/SI
                                2.06           1.23 f        -0.83  (VIOLATED)
   u_symbol_mapper/i_mapped_reg[0]/SI
                                2.06           1.23 f        -0.83  (VIOLATED)
   u_zero_padding/padding_count_reg[0]/SI
                                2.06           1.23 f        -0.83  (VIOLATED)
   u_controller/chip_counter_reg[1]/SI
                                2.04           1.22 f        -0.82  (VIOLATED)
   u_controller/chip_counter_reg[2]/SI
                                2.04           1.22 f        -0.82  (VIOLATED)
   u_controller/chip_counter_reg[3]/SI
                                2.04           1.22 f        -0.82  (VIOLATED)
   u_controller/chip_counter_reg[4]/SI
                                2.04           1.22 f        -0.82  (VIOLATED)
   u_controller/chip_counter_reg[5]/SI
                                2.04           1.22 f        -0.82  (VIOLATED)
   u_controller/chip_counter_reg[6]/SI
                                2.04           1.22 f        -0.82  (VIOLATED)
   u_controller/chip_counter_reg[7]/SI
                                2.04           1.22 f        -0.82  (VIOLATED)
   u_controller/chip_counter_reg[8]/SI
                                2.04           1.22 f        -0.82  (VIOLATED)
   u_controller/chip_counter_reg[9]/SI
                                2.04           1.22 f        -0.82  (VIOLATED)
   u_controller/chip_counter_reg[10]/SI
                                2.04           1.22 f        -0.82  (VIOLATED)
   u_controller/chip_counter_reg[11]/SI
                                2.04           1.22 f        -0.82  (VIOLATED)
   u_controller/chip_counter_reg[12]/SI
                                2.04           1.22 f        -0.82  (VIOLATED)
   u_controller/done_Tx_reg/SI
                                2.04           1.22 f        -0.82  (VIOLATED)
   u_controller/feed_state_reg[1]/SI
                                2.04           1.22 f        -0.82  (VIOLATED)
   u_controller/frame_in_flight_reg/SI
                                2.04           1.22 f        -0.82  (VIOLATED)
   u_controller/payload_length_reg_reg[1]/SI
                                2.04           1.22 f        -0.82  (VIOLATED)
   u_controller/payload_length_reg_reg[2]/SI
                                2.04           1.22 f        -0.82  (VIOLATED)
   u_controller/payload_length_reg_reg[3]/SI
                                2.04           1.22 f        -0.82  (VIOLATED)
   u_controller/payload_length_reg_reg[4]/SI
                                2.04           1.22 f        -0.82  (VIOLATED)
   u_controller/payload_length_reg_reg[5]/SI
                                2.04           1.22 f        -0.82  (VIOLATED)
   u_controller/payload_length_reg_reg[6]/SI
                                2.04           1.22 f        -0.82  (VIOLATED)
   u_controller/serial_idx_reg[4]/SI
                                2.04           1.22 f        -0.82  (VIOLATED)
   u_controller/serial_idx_reg[5]/SI
                                2.04           1.22 f        -0.82  (VIOLATED)
   u_controller/serial_idx_reg[6]/SI
                                2.04           1.22 f        -0.82  (VIOLATED)
   u_controller/serial_idx_reg[7]/SI
                                2.04           1.22 f        -0.82  (VIOLATED)
   u_controller/serial_idx_reg[8]/SI
                                2.04           1.22 f        -0.82  (VIOLATED)
   u_controller/serial_idx_reg[9]/SI
                                2.04           1.22 f        -0.82  (VIOLATED)
   u_controller/serial_idx_reg[10]/SI
                                2.04           1.22 f        -0.82  (VIOLATED)
   u_controller/start_frame_reg/SI
                                2.04           1.22 f        -0.82  (VIOLATED)
   u_controller/total_bits_reg_reg[2]/SI
                                2.04           1.22 f        -0.82  (VIOLATED)
   u_controller/total_bits_reg_reg[3]/SI
                                2.04           1.22 f        -0.82  (VIOLATED)
   u_controller/total_bits_reg_reg[4]/SI
                                2.04           1.22 f        -0.82  (VIOLATED)
   u_controller/total_bits_reg_reg[5]/SI
                                2.04           1.22 f        -0.82  (VIOLATED)
   u_controller/total_bits_reg_reg[6]/SI
                                2.04           1.22 f        -0.82  (VIOLATED)
   u_controller/total_bits_reg_reg[7]/SI
                                2.04           1.22 f        -0.82  (VIOLATED)
   u_controller/total_bits_reg_reg[8]/SI
                                2.04           1.22 f        -0.82  (VIOLATED)
   u_controller/total_bits_reg_reg[9]/SI
                                2.04           1.22 f        -0.82  (VIOLATED)
   u_controller/total_bits_reg_reg[10]/SI
                                2.04           1.22 f        -0.82  (VIOLATED)
   u_controller/valid_in_reg/SI
                                2.04           1.22 f        -0.82  (VIOLATED)
   u_csk_rom/i_c_reg[0]/SI      2.12           1.31 f        -0.81  (VIOLATED)
   u_form_ppdu/i_fifo_reg[0][0]/SI
                                2.12           1.31 f        -0.81  (VIOLATED)
   u_form_ppdu/total_out_cnt_reg[0]/SI
                                2.04           1.29 f        -0.75  (VIOLATED)
   u_form_ppdu/total_out_cnt_reg[5]/SI
                                2.04           1.29 f        -0.75  (VIOLATED)
   u_form_ppdu/total_out_cnt_reg[6]/SI
                                2.04           1.29 f        -0.75  (VIOLATED)
   u_form_ppdu/total_out_cnt_reg[7]/SI
                                2.04           1.29 f        -0.75  (VIOLATED)
   u_form_ppdu/total_out_cnt_reg[8]/SI
                                2.04           1.29 f        -0.75  (VIOLATED)
   u_form_ppdu/total_out_cnt_reg[9]/SI
                                2.04           1.29 f        -0.75  (VIOLATED)
   u_form_ppdu/total_out_cnt_reg[10]/SI
                                2.04           1.29 f        -0.75  (VIOLATED)
   u_form_ppdu/total_out_cnt_reg[11]/SI
                                2.04           1.29 f        -0.75  (VIOLATED)
   u_form_ppdu/valid_out_reg/SI
                                2.04           1.29 f        -0.75  (VIOLATED)
   u_form_ppdu/wr_ptr_reg[2]/SI
                                2.04           1.29 f        -0.75  (VIOLATED)
   u_form_ppdu/wr_ptr_reg[8]/SI
                                2.04           1.29 f        -0.75  (VIOLATED)
   u_form_ppdu/wr_ptr_reg[9]/SI
                                2.04           1.29 f        -0.75  (VIOLATED)
   u_form_ppdu/wr_ptr_reg[10]/SI
                                2.04           1.29 f        -0.75  (VIOLATED)
   u_form_ppdu/wr_ptr_reg[11]/SI
                                2.04           1.29 f        -0.75  (VIOLATED)
   u_csk_sequencer/csk_sample_valid_reg/SI
                                2.04           1.31 f        -0.73  (VIOLATED)
   csk_running_reg/SI           2.04           1.33 f        -0.71  (VIOLATED)
   csk_valid_d1_reg/SI          2.04           1.33 f        -0.71  (VIOLATED)
   csk_valid_d2_reg/SI          2.04           1.33 f        -0.71  (VIOLATED)
   css_seen_reg/SI              2.04           1.33 f        -0.71  (VIOLATED)
   u_controller/bit_in_reg/SI
                                2.04           1.33 f        -0.71  (VIOLATED)
   u_demux/i_bit_reg/SI         2.04           1.33 f        -0.71  (VIOLATED)
   u_dqpsk_csk_multiplier/css_i_reg[0]/SI
                                2.04           1.33 f        -0.71  (VIOLATED)
   u_interleaver/i_out_reg[0]/SI
                                2.04           1.33 f        -0.71  (VIOLATED)
   u_qpsk/valid_out_reg/SI      2.04           1.33 f        -0.71  (VIOLATED)
   u_symbol_mapper/bit_cnt_reg[0]/SI
                                2.04           1.33 f        -0.71  (VIOLATED)
   u_zero_padding/bit_out_reg/SI
                                2.04           1.33 f        -0.71  (VIOLATED)
   u_form_ppdu/q_fifo_reg[6][29]/SI
                                2.13           1.48 f        -0.65  (VIOLATED)
   u_form_ppdu/q_fifo_reg[6][32]/SI
                                2.13           1.48 f        -0.65  (VIOLATED)
   u_form_ppdu/q_fifo_reg[9][14]/SI
                                2.13           1.48 f        -0.65  (VIOLATED)
   u_form_ppdu/q_fifo_reg[9][43]/SI
                                2.13           1.48 f        -0.65  (VIOLATED)
   csk_valid_d1_reg/D           2.09           1.51 f        -0.57  (VIOLATED)
   csk_valid_d2_reg/D           2.09           1.51 f        -0.57  (VIOLATED)
   u_dqpsk/s_real_d_reg[2][1]/D
                                2.09           1.54 f        -0.55  (VIOLATED)
   u_interleaver/i_temp_reg[17]/D
                                2.09           1.54 f        -0.55  (VIOLATED)
   u_interleaver/i_temp_reg[19]/D
                                2.09           1.54 f        -0.55  (VIOLATED)
   u_interleaver/i_temp_reg[25]/D
                                2.09           1.54 f        -0.55  (VIOLATED)
   u_interleaver/i_temp_reg[27]/D
                                2.09           1.54 f        -0.55  (VIOLATED)
   u_interleaver/i_temp_reg[8]/D
                                2.09           1.54 f        -0.55  (VIOLATED)
   u_interleaver/i_temp_reg[9]/D
                                2.09           1.54 f        -0.55  (VIOLATED)
   u_interleaver/i_temp_reg[10]/D
                                2.09           1.54 f        -0.55  (VIOLATED)
   u_interleaver/i_temp_reg[11]/D
                                2.09           1.54 f        -0.55  (VIOLATED)
   u_interleaver/i_temp_reg[16]/D
                                2.09           1.54 f        -0.55  (VIOLATED)
   u_interleaver/i_temp_reg[18]/D
                                2.09           1.54 f        -0.55  (VIOLATED)
   u_interleaver/i_temp_reg[24]/D
                                2.09           1.54 f        -0.55  (VIOLATED)
   u_interleaver/i_temp_reg[26]/D
                                2.09           1.54 f        -0.55  (VIOLATED)
   u_interleaver/i_temp_reg[0]/D
                                2.09           1.54 f        -0.55  (VIOLATED)
   u_interleaver/i_temp_reg[1]/D
                                2.09           1.54 f        -0.55  (VIOLATED)
   u_interleaver/i_temp_reg[2]/D
                                2.09           1.54 f        -0.55  (VIOLATED)
   u_interleaver/i_temp_reg[3]/D
                                2.09           1.54 f        -0.55  (VIOLATED)
   u_controller/expected_chip_count_reg_reg[2]/SI
                                2.06           1.51 f        -0.55  (VIOLATED)
   u_controller/expected_chip_count_reg_reg[3]/SI
                                2.06           1.51 f        -0.55  (VIOLATED)
   u_controller/expected_chip_count_reg_reg[4]/SI
                                2.06           1.51 f        -0.55  (VIOLATED)
   u_controller/expected_chip_count_reg_reg[5]/SI
                                2.06           1.51 f        -0.55  (VIOLATED)
   u_controller/expected_chip_count_reg_reg[6]/SI
                                2.06           1.51 f        -0.55  (VIOLATED)
   u_controller/expected_chip_count_reg_reg[7]/SI
                                2.06           1.51 f        -0.55  (VIOLATED)
   u_controller/expected_chip_count_reg_reg[8]/SI
                                2.06           1.51 f        -0.55  (VIOLATED)
   u_controller/expected_chip_count_reg_reg[9]/SI
                                2.06           1.51 f        -0.55  (VIOLATED)
   u_controller/expected_chip_count_reg_reg[10]/SI
                                2.06           1.51 f        -0.55  (VIOLATED)
   u_controller/expected_chip_count_reg_reg[11]/SI
                                2.06           1.51 f        -0.55  (VIOLATED)
   u_controller/expected_chip_count_reg_reg[12]/SI
                                2.06           1.51 f        -0.55  (VIOLATED)
   u_controller/feed_state_reg[0]/SI
                                2.06           1.51 f        -0.55  (VIOLATED)
   u_controller/payload_length_reg_reg[0]/SI
                                2.06           1.51 f        -0.55  (VIOLATED)
   u_dqpsk/s_imag_d_reg[2][0]/D
                                2.13           1.59 f        -0.55  (VIOLATED)
   u_interleaver/i_out_reg[63]/D
                                2.09           1.54 f        -0.54  (VIOLATED)
   u_interleaver/i_out_reg[36]/D
                                2.09           1.54 f        -0.54  (VIOLATED)
   u_interleaver/i_out_reg[37]/D
                                2.09           1.54 f        -0.54  (VIOLATED)
   u_interleaver/i_out_reg[38]/D
                                2.09           1.54 f        -0.54  (VIOLATED)
   u_interleaver/i_out_reg[39]/D
                                2.09           1.54 f        -0.54  (VIOLATED)
   u_interleaver/i_out_reg[44]/D
                                2.09           1.54 f        -0.54  (VIOLATED)
   u_interleaver/i_out_reg[45]/D
                                2.09           1.54 f        -0.54  (VIOLATED)
   u_interleaver/i_out_reg[46]/D
                                2.09           1.54 f        -0.54  (VIOLATED)
   u_interleaver/i_out_reg[47]/D
                                2.09           1.54 f        -0.54  (VIOLATED)
   u_interleaver/i_out_reg[52]/D
                                2.09           1.54 f        -0.54  (VIOLATED)
   u_interleaver/i_out_reg[53]/D
                                2.09           1.54 f        -0.54  (VIOLATED)
   u_interleaver/i_out_reg[54]/D
                                2.09           1.54 f        -0.54  (VIOLATED)
   u_interleaver/i_out_reg[55]/D
                                2.09           1.54 f        -0.54  (VIOLATED)
   u_interleaver/i_out_reg[60]/D
                                2.09           1.54 f        -0.54  (VIOLATED)
   u_interleaver/i_out_reg[61]/D
                                2.09           1.54 f        -0.54  (VIOLATED)
   u_interleaver/i_out_reg[62]/D
                                2.09           1.54 f        -0.54  (VIOLATED)
   u_interleaver/i_temp_reg[30]/D
                                2.09           1.54 f        -0.54  (VIOLATED)
   u_interleaver/i_temp_reg[21]/D
                                2.09           1.54 f        -0.54  (VIOLATED)
   u_interleaver/i_temp_reg[23]/D
                                2.09           1.54 f        -0.54  (VIOLATED)
   u_interleaver/i_temp_reg[29]/D
                                2.09           1.54 f        -0.54  (VIOLATED)
   u_interleaver/i_temp_reg[4]/D
                                2.09           1.54 f        -0.54  (VIOLATED)
   u_interleaver/i_temp_reg[5]/D
                                2.09           1.54 f        -0.54  (VIOLATED)
   u_interleaver/i_temp_reg[6]/D
                                2.09           1.54 f        -0.54  (VIOLATED)
   u_interleaver/i_temp_reg[7]/D
                                2.09           1.54 f        -0.54  (VIOLATED)
   u_interleaver/i_temp_reg[12]/D
                                2.09           1.54 f        -0.54  (VIOLATED)
   u_interleaver/i_temp_reg[13]/D
                                2.09           1.54 f        -0.54  (VIOLATED)
   u_interleaver/i_temp_reg[14]/D
                                2.09           1.54 f        -0.54  (VIOLATED)
   u_interleaver/i_temp_reg[15]/D
                                2.09           1.54 f        -0.54  (VIOLATED)
   u_interleaver/i_temp_reg[20]/D
                                2.09           1.54 f        -0.54  (VIOLATED)
   u_interleaver/i_temp_reg[22]/D
                                2.09           1.54 f        -0.54  (VIOLATED)
   u_interleaver/i_temp_reg[28]/D
                                2.09           1.54 f        -0.54  (VIOLATED)
   u_interleaver/i_temp_reg[31]/D
                                2.09           1.54 f        -0.54  (VIOLATED)
   u_dqpsk/s_imag_d_reg[1][1]/D
                                2.09           1.54 f        -0.54  (VIOLATED)
   u_dqpsk/s_real_d_reg[1][1]/D
                                2.09           1.54 f        -0.54  (VIOLATED)
   u_dqpsk/s_imag_d_reg[1][0]/D
                                2.13           1.60 f        -0.53  (VIOLATED)
   u_dqpsk/s_real_d_reg[1][0]/D
                                2.13           1.60 f        -0.53  (VIOLATED)
   u_dqpsk/s_real_d_reg[2][0]/D
                                2.13           1.60 f        -0.53  (VIOLATED)
   dqpsk_mem_imag_reg[0][0]/SI
                                2.13           1.59 f        -0.53  (VIOLATED)
   u_dqpsk/s_imag_d_reg[3][0]/D
                                2.13           1.60 f        -0.53  (VIOLATED)
   u_dqpsk/s_imag_d_reg[2][1]/D
                                2.09           1.56 f        -0.53  (VIOLATED)
   u_demux/i_bit_reg/D          2.09           1.56 f        -0.52  (VIOLATED)
   u_csk_sequencer/gap_counter_reg[6]/D
                                2.09           1.57 f        -0.52  (VIOLATED)
   u_dqpsk/s_real_d_reg[3][1]/D
                                2.09           1.57 f        -0.51  (VIOLATED)
   u_dqpsk/s_imag_d_reg[3][1]/D
                                2.09           1.57 f        -0.51  (VIOLATED)
   u_dqpsk/s_imag_d_reg[0][0]/D
                                2.13           1.64 f        -0.50  (VIOLATED)
   u_dqpsk/s_real_d_reg[0][0]/D
                                2.13           1.64 f        -0.50  (VIOLATED)
   u_dqpsk/s_real_d_reg[3][0]/D
                                2.13           1.64 f        -0.49  (VIOLATED)
   u_dqpsk/s_imag_d_reg[0][1]/D
                                2.09           1.60 f        -0.49  (VIOLATED)
   u_dqpsk/s_real_d_reg[0][1]/D
                                2.09           1.60 f        -0.49  (VIOLATED)
   u_form_ppdu/wr_ptr_reg[5]/SI
                                2.06           1.58 f        -0.48  (VIOLATED)
   u_demux/i_temp_reg/D         2.09           1.61 f        -0.47  (VIOLATED)
   u_interleaver/q_temp_reg[0]/D
                                2.09           1.62 f        -0.47  (VIOLATED)
   u_interleaver/q_temp_reg[1]/D
                                2.09           1.62 f        -0.47  (VIOLATED)
   u_interleaver/q_temp_reg[2]/D
                                2.09           1.62 f        -0.47  (VIOLATED)
   u_interleaver/q_temp_reg[3]/D
                                2.09           1.62 f        -0.47  (VIOLATED)
   u_interleaver/q_temp_reg[8]/D
                                2.09           1.62 f        -0.47  (VIOLATED)
   u_interleaver/q_temp_reg[9]/D
                                2.09           1.62 f        -0.47  (VIOLATED)
   u_interleaver/q_temp_reg[10]/D
                                2.09           1.62 f        -0.47  (VIOLATED)
   u_interleaver/q_temp_reg[11]/D
                                2.09           1.62 f        -0.47  (VIOLATED)
   u_interleaver/q_temp_reg[16]/D
                                2.09           1.62 f        -0.47  (VIOLATED)
   u_interleaver/q_temp_reg[17]/D
                                2.09           1.62 f        -0.47  (VIOLATED)
   u_interleaver/q_temp_reg[18]/D
                                2.09           1.62 f        -0.47  (VIOLATED)
   u_interleaver/q_temp_reg[19]/D
                                2.09           1.62 f        -0.47  (VIOLATED)
   u_interleaver/q_temp_reg[24]/D
                                2.09           1.62 f        -0.47  (VIOLATED)
   u_interleaver/q_out_reg[44]/D
                                2.09           1.62 f        -0.47  (VIOLATED)
   u_interleaver/q_out_reg[45]/D
                                2.09           1.62 f        -0.47  (VIOLATED)
   u_interleaver/q_out_reg[46]/D
                                2.09           1.62 f        -0.47  (VIOLATED)
   u_interleaver/q_out_reg[47]/D
                                2.09           1.62 f        -0.47  (VIOLATED)
   u_interleaver/q_temp_reg[28]/D
                                2.09           1.62 f        -0.47  (VIOLATED)
   u_interleaver/q_temp_reg[29]/D
                                2.09           1.62 f        -0.47  (VIOLATED)
   u_interleaver/q_temp_reg[30]/D
                                2.09           1.62 f        -0.47  (VIOLATED)
   u_interleaver/q_temp_reg[31]/D
                                2.09           1.62 f        -0.47  (VIOLATED)
   u_interleaver/q_temp_reg[4]/D
                                2.09           1.62 f        -0.47  (VIOLATED)
   u_interleaver/q_temp_reg[5]/D
                                2.09           1.62 f        -0.47  (VIOLATED)
   u_interleaver/q_temp_reg[6]/D
                                2.09           1.62 f        -0.47  (VIOLATED)
   u_interleaver/q_temp_reg[7]/D
                                2.09           1.62 f        -0.47  (VIOLATED)
   u_interleaver/q_temp_reg[12]/D
                                2.09           1.62 f        -0.47  (VIOLATED)
   u_interleaver/q_temp_reg[13]/D
                                2.09           1.62 f        -0.47  (VIOLATED)
   u_interleaver/q_temp_reg[14]/D
                                2.09           1.62 f        -0.47  (VIOLATED)
   u_interleaver/q_temp_reg[15]/D
                                2.09           1.62 f        -0.47  (VIOLATED)
   u_interleaver/q_temp_reg[20]/D
                                2.09           1.62 f        -0.47  (VIOLATED)
   u_interleaver/q_temp_reg[21]/D
                                2.09           1.62 f        -0.47  (VIOLATED)
   u_interleaver/q_temp_reg[22]/D
                                2.09           1.62 f        -0.47  (VIOLATED)
   u_interleaver/q_temp_reg[23]/D
                                2.09           1.62 f        -0.47  (VIOLATED)
   u_interleaver/q_temp_reg[25]/D
                                2.09           1.62 f        -0.46  (VIOLATED)
   u_interleaver/q_temp_reg[26]/D
                                2.09           1.62 f        -0.46  (VIOLATED)
   u_interleaver/q_temp_reg[27]/D
                                2.09           1.62 f        -0.46  (VIOLATED)
   u_interleaver/q_out_reg[36]/D
                                2.09           1.63 f        -0.45  (VIOLATED)
   u_interleaver/q_out_reg[37]/D
                                2.09           1.63 f        -0.45  (VIOLATED)
   u_interleaver/q_out_reg[38]/D
                                2.09           1.63 f        -0.45  (VIOLATED)
   u_interleaver/q_out_reg[39]/D
                                2.09           1.63 f        -0.45  (VIOLATED)
   u_interleaver/q_out_reg[52]/D
                                2.09           1.63 f        -0.45  (VIOLATED)
   u_interleaver/q_out_reg[53]/D
                                2.09           1.63 f        -0.45  (VIOLATED)
   u_interleaver/q_out_reg[54]/D
                                2.09           1.63 f        -0.45  (VIOLATED)
   u_interleaver/q_out_reg[60]/D
                                2.09           1.63 f        -0.45  (VIOLATED)
   u_interleaver/q_out_reg[61]/D
                                2.09           1.63 f        -0.45  (VIOLATED)
   u_interleaver/q_out_reg[62]/D
                                2.09           1.63 f        -0.45  (VIOLATED)
   u_interleaver/q_out_reg[63]/D
                                2.09           1.63 f        -0.45  (VIOLATED)
   u_interleaver/q_out_reg[55]/D
                                2.09           1.63 f        -0.45  (VIOLATED)
   csk_finished_reg/SI          2.06           1.62 f        -0.44  (VIOLATED)
   csk_start_pending_reg/SI     2.06           1.62 f        -0.44  (VIOLATED)
   u_zero_padding/padding_total_reg[3]/D
                                2.09           1.68 f        -0.40  (VIOLATED)
   u_zero_padding/padding_total_reg[5]/D
                                2.09           1.69 f        -0.39  (VIOLATED)
   u_zero_padding/padding_total_reg[4]/D
                                2.09           1.69 f        -0.39  (VIOLATED)
   u_zero_padding/padding_total_reg[2]/D
                                2.09           1.69 f        -0.39  (VIOLATED)
   u_zero_padding/total_data_bits_reg[2]/D
                                2.09           1.70 f        -0.39  (VIOLATED)
   u_interleaver/i_out_reg[0]/D
                                2.08           1.72 f        -0.37  (VIOLATED)
   u_interleaver/i_out_reg[24]/D
                                2.08           1.72 f        -0.37  (VIOLATED)
   u_interleaver/i_out_reg[25]/D
                                2.08           1.72 f        -0.37  (VIOLATED)
   u_interleaver/i_out_reg[27]/D
                                2.08           1.72 f        -0.37  (VIOLATED)
   u_interleaver/i_out_reg[8]/D
                                2.08           1.72 f        -0.37  (VIOLATED)
   u_interleaver/i_out_reg[10]/D
                                2.08           1.72 f        -0.37  (VIOLATED)
   u_interleaver/i_out_reg[11]/D
                                2.08           1.72 f        -0.37  (VIOLATED)
   u_interleaver/i_out_reg[16]/D
                                2.08           1.72 f        -0.37  (VIOLATED)
   u_interleaver/i_out_reg[17]/D
                                2.08           1.72 f        -0.37  (VIOLATED)
   u_interleaver/i_out_reg[18]/D
                                2.08           1.72 f        -0.37  (VIOLATED)
   u_interleaver/i_out_reg[19]/D
                                2.08           1.72 f        -0.37  (VIOLATED)
   u_interleaver/i_out_reg[26]/D
                                2.08           1.72 f        -0.37  (VIOLATED)
   u_interleaver/i_out_reg[1]/D
                                2.08           1.72 f        -0.37  (VIOLATED)
   u_interleaver/i_out_reg[2]/D
                                2.08           1.72 f        -0.37  (VIOLATED)
   u_interleaver/i_out_reg[3]/D
                                2.08           1.72 f        -0.37  (VIOLATED)
   u_interleaver/i_out_reg[9]/D
                                2.08           1.72 f        -0.37  (VIOLATED)
   u_zero_padding/padding_total_reg[1]/D
                                2.09           1.74 f        -0.34  (VIOLATED)
   u_zero_padding/total_data_bits_reg[5]/D
                                2.09           1.77 f        -0.31  (VIOLATED)
   u_zero_padding/total_data_bits_reg[9]/D
                                2.09           1.77 f        -0.31  (VIOLATED)
   u_zero_padding/total_data_bits_reg[7]/D
                                2.09           1.77 f        -0.31  (VIOLATED)
   u_zero_padding/total_data_bits_reg[6]/D
                                2.09           1.77 f        -0.31  (VIOLATED)
   u_zero_padding/total_data_bits_reg[4]/D
                                2.09           1.77 f        -0.31  (VIOLATED)
   u_zero_padding/total_data_bits_reg[8]/D
                                2.09           1.77 f        -0.31  (VIOLATED)
   u_zero_padding/total_data_bits_reg[10]/D
                                2.09           1.77 f        -0.31  (VIOLATED)
   u_zero_padding/total_data_bits_reg[3]/D
                                2.09           1.77 f        -0.31  (VIOLATED)
   u_zero_padding/total_data_bits_reg[11]/D
                                2.09           1.77 f        -0.31  (VIOLATED)
   u_zero_padding/data_bit_count_reg[15]/D
                                2.09           1.79 f        -0.30  (VIOLATED)
   u_interleaver/q_out_reg[25]/D
                                2.08           1.80 f        -0.28  (VIOLATED)
   u_interleaver/q_out_reg[26]/D
                                2.08           1.80 f        -0.28  (VIOLATED)
   u_interleaver/q_out_reg[27]/D
                                2.08           1.80 f        -0.28  (VIOLATED)
   u_zero_padding/data_bit_count_reg[13]/D
                                2.09           1.80 f        -0.28  (VIOLATED)
   u_zero_padding/data_bit_count_reg[14]/D
                                2.09           1.80 f        -0.28  (VIOLATED)
   u_zero_padding/data_bit_count_reg[12]/D
                                2.09           1.80 f        -0.28  (VIOLATED)
   u_zero_padding/data_bit_count_reg[1]/D
                                2.09           1.80 f        -0.28  (VIOLATED)
   u_zero_padding/data_bit_count_reg[2]/D
                                2.09           1.80 f        -0.28  (VIOLATED)
   u_zero_padding/data_bit_count_reg[3]/D
                                2.09           1.80 f        -0.28  (VIOLATED)
   u_zero_padding/data_bit_count_reg[4]/D
                                2.09           1.80 f        -0.28  (VIOLATED)
   u_zero_padding/data_bit_count_reg[5]/D
                                2.09           1.80 f        -0.28  (VIOLATED)
   u_zero_padding/data_bit_count_reg[6]/D
                                2.09           1.80 f        -0.28  (VIOLATED)
   u_zero_padding/data_bit_count_reg[7]/D
                                2.09           1.80 f        -0.28  (VIOLATED)
   u_zero_padding/data_bit_count_reg[8]/D
                                2.09           1.80 f        -0.28  (VIOLATED)
   u_zero_padding/data_bit_count_reg[9]/D
                                2.09           1.80 f        -0.28  (VIOLATED)
   u_zero_padding/data_bit_count_reg[10]/D
                                2.09           1.80 f        -0.28  (VIOLATED)
   u_zero_padding/data_bit_count_reg[11]/D
                                2.09           1.80 f        -0.28  (VIOLATED)
   u_interleaver/q_out_reg[2]/D
                                2.08           1.81 f        -0.28  (VIOLATED)
   u_interleaver/q_out_reg[3]/D
                                2.08           1.81 f        -0.28  (VIOLATED)
   u_interleaver/q_out_reg[0]/D
                                2.08           1.81 f        -0.28  (VIOLATED)
   u_interleaver/q_out_reg[1]/D
                                2.08           1.81 f        -0.28  (VIOLATED)
   u_interleaver/q_out_reg[8]/D
                                2.08           1.81 f        -0.28  (VIOLATED)
   u_interleaver/q_out_reg[9]/D
                                2.08           1.81 f        -0.28  (VIOLATED)
   u_interleaver/q_out_reg[10]/D
                                2.08           1.81 f        -0.28  (VIOLATED)
   u_interleaver/q_out_reg[11]/D
                                2.08           1.81 f        -0.28  (VIOLATED)
   u_interleaver/q_out_reg[16]/D
                                2.08           1.81 f        -0.28  (VIOLATED)
   u_interleaver/q_out_reg[17]/D
                                2.08           1.81 f        -0.28  (VIOLATED)
   u_interleaver/q_out_reg[18]/D
                                2.08           1.81 f        -0.28  (VIOLATED)
   u_interleaver/q_out_reg[19]/D
                                2.08           1.81 f        -0.28  (VIOLATED)
   u_interleaver/q_out_reg[24]/D
                                2.08           1.81 f        -0.28  (VIOLATED)
   u_csk_sequencer/sample_index_reg[0]/SI
                                2.04           1.85 f        -0.19  (VIOLATED)
   u_interleaver/wait_second_reg/D
                                2.09           1.91 f        -0.17  (VIOLATED)
   u_csk_sequencer/gap_counter_reg[4]/D
                                2.08           1.95 f        -0.13  (VIOLATED)
   u_controller/bit_in_reg/D
                                2.09           1.96 f        -0.12  (VIOLATED)
   u_csk_sequencer/gap_counter_reg[2]/D
                                2.08           1.97 f        -0.12  (VIOLATED)
   u_qpsk/x_real_reg[0]/D       2.09           1.98 f        -0.11  (VIOLATED)
   u_interleaver/valid_out_reg/D
                                2.09           2.02 f        -0.06  (VIOLATED)
   u_csk_sequencer/gap_counter_reg[0]/D
                                2.08           2.03 f        -0.05  (VIOLATED)
   dqpsk_mem_imag_reg[0][0]/D
                                2.13           2.08 f        -0.05  (VIOLATED)
   dqpsk_mem_imag_reg[1][0]/D
                                2.13           2.08 f        -0.05  (VIOLATED)
   dqpsk_mem_imag_reg[2][0]/D
                                2.13           2.08 f        -0.05  (VIOLATED)
   dqpsk_mem_imag_reg[3][0]/D
                                2.13           2.08 f        -0.05  (VIOLATED)
   dqpsk_mem_imag_reg[4][0]/D
                                2.13           2.08 f        -0.05  (VIOLATED)
   dqpsk_mem_imag_reg[5][0]/D
                                2.13           2.08 f        -0.05  (VIOLATED)
   dqpsk_mem_imag_reg[6][0]/D
                                2.13           2.08 f        -0.05  (VIOLATED)
   dqpsk_mem_imag_reg[7][0]/D
                                2.13           2.08 f        -0.05  (VIOLATED)
   dqpsk_mem_imag_reg[8][0]/D
                                2.13           2.08 f        -0.05  (VIOLATED)
   dqpsk_mem_imag_reg[9][0]/D
                                2.13           2.08 f        -0.05  (VIOLATED)
   dqpsk_mem_imag_reg[10][0]/D
                                2.13           2.08 f        -0.05  (VIOLATED)
   dqpsk_mem_imag_reg[11][0]/D
                                2.13           2.08 f        -0.05  (VIOLATED)
   dqpsk_mem_imag_reg[12][0]/D
                                2.13           2.08 f        -0.05  (VIOLATED)
   dqpsk_mem_imag_reg[13][0]/D
                                2.13           2.08 f        -0.05  (VIOLATED)
   dqpsk_mem_imag_reg[14][0]/D
                                2.13           2.08 f        -0.05  (VIOLATED)
   dqpsk_mem_imag_reg[15][0]/D
                                2.13           2.08 f        -0.05  (VIOLATED)
   dqpsk_mem_imag_reg[16][0]/D
                                2.13           2.08 f        -0.05  (VIOLATED)
   dqpsk_mem_imag_reg[17][0]/D
                                2.13           2.08 f        -0.05  (VIOLATED)
   dqpsk_mem_imag_reg[18][0]/D
                                2.13           2.08 f        -0.05  (VIOLATED)
   dqpsk_mem_imag_reg[19][0]/D
                                2.13           2.08 f        -0.05  (VIOLATED)
   dqpsk_mem_imag_reg[20][0]/D
                                2.13           2.08 f        -0.05  (VIOLATED)
   dqpsk_mem_imag_reg[21][0]/D
                                2.13           2.08 f        -0.05  (VIOLATED)
   dqpsk_mem_imag_reg[22][0]/D
                                2.13           2.08 f        -0.05  (VIOLATED)
   dqpsk_mem_imag_reg[23][0]/D
                                2.13           2.08 f        -0.05  (VIOLATED)
   dqpsk_mem_imag_reg[24][0]/D
                                2.13           2.08 f        -0.05  (VIOLATED)
   dqpsk_mem_imag_reg[25][0]/D
                                2.13           2.08 f        -0.05  (VIOLATED)
   dqpsk_mem_imag_reg[26][0]/D
                                2.13           2.08 f        -0.05  (VIOLATED)
   dqpsk_mem_imag_reg[27][0]/D
                                2.13           2.08 f        -0.05  (VIOLATED)
   dqpsk_mem_imag_reg[28][0]/D
                                2.13           2.08 f        -0.05  (VIOLATED)
   dqpsk_mem_imag_reg[29][0]/D
                                2.13           2.08 f        -0.05  (VIOLATED)
   dqpsk_mem_imag_reg[30][0]/D
                                2.13           2.08 f        -0.05  (VIOLATED)
   dqpsk_mem_imag_reg[31][0]/D
                                2.13           2.08 f        -0.05  (VIOLATED)
   dqpsk_mem_imag_reg[32][0]/D
                                2.13           2.08 f        -0.05  (VIOLATED)
   dqpsk_mem_imag_reg[33][0]/D
                                2.13           2.08 f        -0.05  (VIOLATED)
   dqpsk_mem_imag_reg[34][0]/D
                                2.13           2.08 f        -0.05  (VIOLATED)
   dqpsk_mem_imag_reg[35][0]/D
                                2.13           2.08 f        -0.05  (VIOLATED)
   dqpsk_mem_imag_reg[36][0]/D
                                2.13           2.08 f        -0.05  (VIOLATED)
   dqpsk_mem_imag_reg[37][0]/D
                                2.13           2.08 f        -0.05  (VIOLATED)
   dqpsk_mem_imag_reg[38][0]/D
                                2.13           2.08 f        -0.05  (VIOLATED)
   dqpsk_mem_imag_reg[39][0]/D
                                2.13           2.08 f        -0.05  (VIOLATED)
   dqpsk_mem_imag_reg[40][0]/D
                                2.13           2.08 f        -0.05  (VIOLATED)
   dqpsk_mem_imag_reg[41][0]/D
                                2.13           2.08 f        -0.05  (VIOLATED)
   dqpsk_mem_imag_reg[42][0]/D
                                2.13           2.08 f        -0.05  (VIOLATED)
   dqpsk_mem_imag_reg[43][0]/D
                                2.13           2.08 f        -0.05  (VIOLATED)
   dqpsk_mem_imag_reg[44][0]/D
                                2.13           2.08 f        -0.05  (VIOLATED)
   dqpsk_mem_imag_reg[45][0]/D
                                2.13           2.08 f        -0.05  (VIOLATED)
   dqpsk_mem_imag_reg[46][0]/D
                                2.13           2.08 f        -0.05  (VIOLATED)
   dqpsk_mem_imag_reg[47][0]/D
                                2.13           2.08 f        -0.05  (VIOLATED)
   dqpsk_mem_imag_reg[48][0]/D
                                2.13           2.08 f        -0.05  (VIOLATED)
   dqpsk_mem_imag_reg[49][0]/D
                                2.13           2.08 f        -0.05  (VIOLATED)
   dqpsk_mem_imag_reg[50][0]/D
                                2.13           2.08 f        -0.05  (VIOLATED)
   dqpsk_mem_imag_reg[51][0]/D
                                2.13           2.08 f        -0.05  (VIOLATED)
   dqpsk_mem_imag_reg[52][0]/D
                                2.13           2.08 f        -0.05  (VIOLATED)
   dqpsk_mem_imag_reg[53][0]/D
                                2.13           2.08 f        -0.05  (VIOLATED)
   dqpsk_mem_imag_reg[54][0]/D
                                2.13           2.08 f        -0.05  (VIOLATED)
   dqpsk_mem_imag_reg[55][0]/D
                                2.13           2.08 f        -0.05  (VIOLATED)
   dqpsk_mem_imag_reg[56][0]/D
                                2.13           2.08 f        -0.05  (VIOLATED)
   dqpsk_mem_imag_reg[57][0]/D
                                2.13           2.08 f        -0.05  (VIOLATED)
   dqpsk_mem_imag_reg[58][0]/D
                                2.13           2.08 f        -0.05  (VIOLATED)
   dqpsk_mem_imag_reg[59][0]/D
                                2.13           2.08 f        -0.05  (VIOLATED)
   dqpsk_mem_imag_reg[60][0]/D
                                2.13           2.08 f        -0.05  (VIOLATED)
   dqpsk_mem_imag_reg[61][0]/D
                                2.13           2.08 f        -0.05  (VIOLATED)
   dqpsk_mem_imag_reg[62][0]/D
                                2.13           2.08 f        -0.05  (VIOLATED)
   dqpsk_mem_imag_reg[63][0]/D
                                2.13           2.08 f        -0.05  (VIOLATED)
   dqpsk_mem_imag_reg[64][0]/D
                                2.13           2.08 f        -0.05  (VIOLATED)
   dqpsk_mem_imag_reg[65][0]/D
                                2.13           2.08 f        -0.05  (VIOLATED)
   dqpsk_mem_imag_reg[66][0]/D
                                2.13           2.08 f        -0.05  (VIOLATED)
   dqpsk_mem_imag_reg[67][0]/D
                                2.13           2.08 f        -0.05  (VIOLATED)
   dqpsk_mem_imag_reg[68][0]/D
                                2.13           2.08 f        -0.05  (VIOLATED)
   dqpsk_mem_imag_reg[69][0]/D
                                2.13           2.08 f        -0.05  (VIOLATED)
   dqpsk_mem_imag_reg[70][0]/D
                                2.13           2.08 f        -0.05  (VIOLATED)
   dqpsk_mem_imag_reg[71][0]/D
                                2.13           2.08 f        -0.05  (VIOLATED)
   dqpsk_mem_imag_reg[72][0]/D
                                2.13           2.08 f        -0.05  (VIOLATED)
   dqpsk_mem_imag_reg[73][0]/D
                                2.13           2.08 f        -0.05  (VIOLATED)
   dqpsk_mem_imag_reg[74][0]/D
                                2.13           2.08 f        -0.05  (VIOLATED)
   dqpsk_mem_imag_reg[75][0]/D
                                2.13           2.08 f        -0.05  (VIOLATED)
   dqpsk_mem_imag_reg[76][0]/D
                                2.13           2.08 f        -0.05  (VIOLATED)
   dqpsk_mem_imag_reg[77][0]/D
                                2.13           2.08 f        -0.05  (VIOLATED)
   dqpsk_mem_imag_reg[78][0]/D
                                2.13           2.08 f        -0.05  (VIOLATED)
   dqpsk_mem_imag_reg[79][0]/D
                                2.13           2.08 f        -0.05  (VIOLATED)
   dqpsk_mem_imag_reg[80][0]/D
                                2.13           2.08 f        -0.05  (VIOLATED)
   dqpsk_mem_imag_reg[81][0]/D
                                2.13           2.08 f        -0.05  (VIOLATED)
   dqpsk_mem_imag_reg[82][0]/D
                                2.13           2.08 f        -0.05  (VIOLATED)
   dqpsk_mem_imag_reg[83][0]/D
                                2.13           2.08 f        -0.05  (VIOLATED)
   dqpsk_mem_imag_reg[84][0]/D
                                2.13           2.08 f        -0.05  (VIOLATED)
   dqpsk_mem_imag_reg[85][0]/D
                                2.13           2.08 f        -0.05  (VIOLATED)
   dqpsk_mem_imag_reg[86][0]/D
                                2.13           2.08 f        -0.05  (VIOLATED)
   dqpsk_mem_imag_reg[87][0]/D
                                2.13           2.08 f        -0.05  (VIOLATED)
   dqpsk_mem_imag_reg[88][0]/D
                                2.13           2.08 f        -0.05  (VIOLATED)
   dqpsk_mem_imag_reg[89][0]/D
                                2.13           2.08 f        -0.05  (VIOLATED)
   dqpsk_mem_imag_reg[90][0]/D
                                2.13           2.08 f        -0.05  (VIOLATED)
   dqpsk_mem_imag_reg[91][0]/D
                                2.13           2.08 f        -0.05  (VIOLATED)
   dqpsk_mem_imag_reg[92][0]/D
                                2.13           2.08 f        -0.05  (VIOLATED)
   dqpsk_mem_imag_reg[93][0]/D
                                2.13           2.08 f        -0.05  (VIOLATED)
   dqpsk_mem_imag_reg[94][0]/D
                                2.13           2.08 f        -0.05  (VIOLATED)
   dqpsk_mem_imag_reg[95][0]/D
                                2.13           2.08 f        -0.05  (VIOLATED)
   dqpsk_mem_imag_reg[96][0]/D
                                2.13           2.08 f        -0.05  (VIOLATED)
   dqpsk_mem_imag_reg[97][0]/D
                                2.13           2.08 f        -0.05  (VIOLATED)
   dqpsk_mem_imag_reg[98][0]/D
                                2.13           2.08 f        -0.05  (VIOLATED)
   dqpsk_mem_imag_reg[99][0]/D
                                2.13           2.08 f        -0.05  (VIOLATED)
   dqpsk_mem_imag_reg[100][0]/D
                                2.13           2.08 f        -0.05  (VIOLATED)
   dqpsk_mem_imag_reg[101][0]/D
                                2.13           2.08 f        -0.05  (VIOLATED)
   dqpsk_mem_imag_reg[102][0]/D
                                2.13           2.08 f        -0.05  (VIOLATED)
   dqpsk_mem_imag_reg[103][0]/D
                                2.13           2.08 f        -0.05  (VIOLATED)
   dqpsk_mem_imag_reg[104][0]/D
                                2.13           2.08 f        -0.05  (VIOLATED)
   dqpsk_mem_imag_reg[105][0]/D
                                2.13           2.08 f        -0.05  (VIOLATED)
   dqpsk_mem_imag_reg[106][0]/D
                                2.13           2.08 f        -0.05  (VIOLATED)
   dqpsk_mem_imag_reg[107][0]/D
                                2.13           2.08 f        -0.05  (VIOLATED)
   dqpsk_mem_imag_reg[108][0]/D
                                2.13           2.08 f        -0.05  (VIOLATED)
   dqpsk_mem_imag_reg[109][0]/D
                                2.13           2.08 f        -0.05  (VIOLATED)
   dqpsk_mem_imag_reg[110][0]/D
                                2.13           2.08 f        -0.05  (VIOLATED)
   dqpsk_mem_imag_reg[111][0]/D
                                2.13           2.08 f        -0.05  (VIOLATED)
   dqpsk_mem_imag_reg[112][0]/D
                                2.13           2.08 f        -0.05  (VIOLATED)
   dqpsk_mem_imag_reg[113][0]/D
                                2.13           2.08 f        -0.05  (VIOLATED)
   dqpsk_mem_imag_reg[114][0]/D
                                2.13           2.08 f        -0.05  (VIOLATED)
   dqpsk_mem_imag_reg[115][0]/D
                                2.13           2.08 f        -0.05  (VIOLATED)
   dqpsk_mem_imag_reg[116][0]/D
                                2.13           2.08 f        -0.05  (VIOLATED)
   dqpsk_mem_imag_reg[117][0]/D
                                2.13           2.08 f        -0.05  (VIOLATED)
   dqpsk_mem_imag_reg[118][0]/D
                                2.13           2.08 f        -0.05  (VIOLATED)
   dqpsk_mem_imag_reg[119][0]/D
                                2.13           2.08 f        -0.05  (VIOLATED)
   dqpsk_mem_imag_reg[120][0]/D
                                2.13           2.08 f        -0.05  (VIOLATED)
   dqpsk_mem_imag_reg[121][0]/D
                                2.13           2.08 f        -0.05  (VIOLATED)
   dqpsk_mem_imag_reg[122][0]/D
                                2.13           2.08 f        -0.05  (VIOLATED)
   dqpsk_mem_imag_reg[123][0]/D
                                2.13           2.08 f        -0.05  (VIOLATED)
   dqpsk_mem_imag_reg[124][0]/D
                                2.13           2.08 f        -0.05  (VIOLATED)
   dqpsk_mem_imag_reg[125][0]/D
                                2.13           2.08 f        -0.05  (VIOLATED)
   dqpsk_mem_imag_reg[126][0]/D
                                2.13           2.08 f        -0.05  (VIOLATED)
   dqpsk_mem_imag_reg[127][0]/D
                                2.13           2.08 f        -0.05  (VIOLATED)
   dqpsk_mem_imag_reg[128][0]/D
                                2.13           2.08 f        -0.05  (VIOLATED)
   dqpsk_mem_imag_reg[129][0]/D
                                2.13           2.08 f        -0.05  (VIOLATED)
   dqpsk_mem_imag_reg[130][0]/D
                                2.13           2.08 f        -0.05  (VIOLATED)
   dqpsk_mem_imag_reg[131][0]/D
                                2.13           2.08 f        -0.05  (VIOLATED)
   dqpsk_mem_imag_reg[132][0]/D
                                2.13           2.08 f        -0.05  (VIOLATED)
   dqpsk_mem_imag_reg[133][0]/D
                                2.13           2.08 f        -0.05  (VIOLATED)
   dqpsk_mem_imag_reg[134][0]/D
                                2.13           2.08 f        -0.05  (VIOLATED)
   dqpsk_mem_imag_reg[135][0]/D
                                2.13           2.08 f        -0.05  (VIOLATED)
   dqpsk_mem_imag_reg[136][0]/D
                                2.13           2.08 f        -0.05  (VIOLATED)
   dqpsk_mem_imag_reg[137][0]/D
                                2.13           2.08 f        -0.05  (VIOLATED)
   dqpsk_mem_imag_reg[138][0]/D
                                2.13           2.08 f        -0.05  (VIOLATED)
   dqpsk_mem_imag_reg[139][0]/D
                                2.13           2.08 f        -0.05  (VIOLATED)
   dqpsk_mem_imag_reg[140][0]/D
                                2.13           2.08 f        -0.05  (VIOLATED)
   dqpsk_mem_imag_reg[141][0]/D
                                2.13           2.08 f        -0.05  (VIOLATED)
   dqpsk_mem_imag_reg[142][0]/D
                                2.13           2.08 f        -0.05  (VIOLATED)
   dqpsk_mem_imag_reg[143][0]/D
                                2.13           2.08 f        -0.05  (VIOLATED)
   dqpsk_mem_imag_reg[144][0]/D
                                2.13           2.08 f        -0.05  (VIOLATED)
   dqpsk_mem_imag_reg[145][0]/D
                                2.13           2.08 f        -0.05  (VIOLATED)
   dqpsk_mem_imag_reg[146][0]/D
                                2.13           2.08 f        -0.05  (VIOLATED)
   dqpsk_mem_imag_reg[147][0]/D
                                2.13           2.08 f        -0.05  (VIOLATED)
   dqpsk_mem_imag_reg[148][0]/D
                                2.13           2.08 f        -0.05  (VIOLATED)
   dqpsk_mem_imag_reg[149][0]/D
                                2.13           2.08 f        -0.05  (VIOLATED)
   dqpsk_mem_imag_reg[150][0]/D
                                2.13           2.08 f        -0.05  (VIOLATED)
   dqpsk_mem_imag_reg[151][0]/D
                                2.13           2.08 f        -0.05  (VIOLATED)
   dqpsk_mem_imag_reg[152][0]/D
                                2.13           2.08 f        -0.05  (VIOLATED)
   dqpsk_mem_imag_reg[153][0]/D
                                2.13           2.08 f        -0.05  (VIOLATED)
   dqpsk_mem_imag_reg[154][0]/D
                                2.13           2.08 f        -0.05  (VIOLATED)
   dqpsk_mem_imag_reg[155][0]/D
                                2.13           2.08 f        -0.05  (VIOLATED)
   dqpsk_mem_imag_reg[156][0]/D
                                2.13           2.08 f        -0.05  (VIOLATED)
   dqpsk_mem_imag_reg[157][0]/D
                                2.13           2.08 f        -0.05  (VIOLATED)
   dqpsk_mem_imag_reg[158][0]/D
                                2.13           2.08 f        -0.05  (VIOLATED)
   dqpsk_mem_imag_reg[159][0]/D
                                2.13           2.08 f        -0.05  (VIOLATED)
   dqpsk_mem_imag_reg[160][0]/D
                                2.13           2.08 f        -0.05  (VIOLATED)
   dqpsk_mem_imag_reg[161][0]/D
                                2.13           2.08 f        -0.05  (VIOLATED)
   dqpsk_mem_imag_reg[162][0]/D
                                2.13           2.08 f        -0.05  (VIOLATED)
   dqpsk_mem_imag_reg[163][0]/D
                                2.13           2.08 f        -0.05  (VIOLATED)
   dqpsk_mem_imag_reg[164][0]/D
                                2.13           2.08 f        -0.05  (VIOLATED)
   dqpsk_mem_imag_reg[165][0]/D
                                2.13           2.08 f        -0.05  (VIOLATED)
   dqpsk_mem_imag_reg[166][0]/D
                                2.13           2.08 f        -0.05  (VIOLATED)
   dqpsk_mem_imag_reg[167][0]/D
                                2.13           2.08 f        -0.05  (VIOLATED)
   dqpsk_mem_imag_reg[168][0]/D
                                2.13           2.08 f        -0.05  (VIOLATED)
   dqpsk_mem_imag_reg[169][0]/D
                                2.13           2.08 f        -0.05  (VIOLATED)
   dqpsk_mem_imag_reg[170][0]/D
                                2.13           2.08 f        -0.05  (VIOLATED)
   dqpsk_mem_imag_reg[171][0]/D
                                2.13           2.08 f        -0.05  (VIOLATED)
   dqpsk_mem_imag_reg[172][0]/D
                                2.13           2.08 f        -0.05  (VIOLATED)
   dqpsk_mem_imag_reg[173][0]/D
                                2.13           2.08 f        -0.05  (VIOLATED)
   dqpsk_mem_imag_reg[174][0]/D
                                2.13           2.08 f        -0.05  (VIOLATED)
   dqpsk_mem_imag_reg[175][0]/D
                                2.13           2.08 f        -0.05  (VIOLATED)
   dqpsk_mem_imag_reg[176][0]/D
                                2.13           2.08 f        -0.05  (VIOLATED)
   dqpsk_mem_imag_reg[177][0]/D
                                2.13           2.08 f        -0.05  (VIOLATED)
   dqpsk_mem_imag_reg[178][0]/D
                                2.13           2.08 f        -0.05  (VIOLATED)
   dqpsk_mem_imag_reg[179][0]/D
                                2.13           2.08 f        -0.05  (VIOLATED)
   dqpsk_mem_imag_reg[180][0]/D
                                2.13           2.08 f        -0.05  (VIOLATED)
   dqpsk_mem_imag_reg[181][0]/D
                                2.13           2.08 f        -0.05  (VIOLATED)
   dqpsk_mem_imag_reg[182][0]/D
                                2.13           2.08 f        -0.05  (VIOLATED)
   dqpsk_mem_imag_reg[183][0]/D
                                2.13           2.08 f        -0.05  (VIOLATED)
   dqpsk_mem_imag_reg[184][0]/D
                                2.13           2.08 f        -0.05  (VIOLATED)
   dqpsk_mem_imag_reg[185][0]/D
                                2.13           2.08 f        -0.05  (VIOLATED)
   dqpsk_mem_imag_reg[186][0]/D
                                2.13           2.08 f        -0.05  (VIOLATED)
   dqpsk_mem_imag_reg[187][0]/D
                                2.13           2.08 f        -0.05  (VIOLATED)
   dqpsk_mem_imag_reg[188][0]/D
                                2.13           2.08 f        -0.05  (VIOLATED)
   dqpsk_mem_imag_reg[189][0]/D
                                2.13           2.08 f        -0.05  (VIOLATED)
   dqpsk_mem_imag_reg[190][0]/D
                                2.13           2.08 f        -0.05  (VIOLATED)
   dqpsk_mem_imag_reg[191][0]/D
                                2.13           2.08 f        -0.05  (VIOLATED)
   dqpsk_mem_imag_reg[192][0]/D
                                2.13           2.08 f        -0.05  (VIOLATED)
   dqpsk_mem_imag_reg[193][0]/D
                                2.13           2.08 f        -0.05  (VIOLATED)
   dqpsk_mem_imag_reg[194][0]/D
                                2.13           2.08 f        -0.05  (VIOLATED)
   dqpsk_mem_imag_reg[195][0]/D
                                2.13           2.08 f        -0.05  (VIOLATED)
   dqpsk_mem_imag_reg[196][0]/D
                                2.13           2.08 f        -0.05  (VIOLATED)
   dqpsk_mem_imag_reg[197][0]/D
                                2.13           2.08 f        -0.05  (VIOLATED)
   dqpsk_mem_imag_reg[198][0]/D
                                2.13           2.08 f        -0.05  (VIOLATED)
   dqpsk_mem_imag_reg[199][0]/D
                                2.13           2.08 f        -0.05  (VIOLATED)
   dqpsk_mem_imag_reg[200][0]/D
                                2.13           2.08 f        -0.05  (VIOLATED)
   dqpsk_mem_imag_reg[201][0]/D
                                2.13           2.08 f        -0.05  (VIOLATED)
   dqpsk_mem_imag_reg[202][0]/D
                                2.13           2.08 f        -0.05  (VIOLATED)
   dqpsk_mem_imag_reg[203][0]/D
                                2.13           2.08 f        -0.05  (VIOLATED)
   dqpsk_mem_imag_reg[204][0]/D
                                2.13           2.08 f        -0.05  (VIOLATED)
   dqpsk_mem_imag_reg[205][0]/D
                                2.13           2.08 f        -0.05  (VIOLATED)
   dqpsk_mem_imag_reg[206][0]/D
                                2.13           2.08 f        -0.05  (VIOLATED)
   dqpsk_mem_imag_reg[207][0]/D
                                2.13           2.08 f        -0.05  (VIOLATED)
   dqpsk_mem_imag_reg[208][0]/D
                                2.13           2.08 f        -0.05  (VIOLATED)
   dqpsk_mem_imag_reg[209][0]/D
                                2.13           2.08 f        -0.05  (VIOLATED)
   dqpsk_mem_imag_reg[210][0]/D
                                2.13           2.08 f        -0.05  (VIOLATED)
   dqpsk_mem_imag_reg[211][0]/D
                                2.13           2.08 f        -0.05  (VIOLATED)
   dqpsk_mem_imag_reg[212][0]/D
                                2.13           2.08 f        -0.05  (VIOLATED)
   dqpsk_mem_imag_reg[213][0]/D
                                2.13           2.08 f        -0.05  (VIOLATED)
   dqpsk_mem_imag_reg[214][0]/D
                                2.13           2.08 f        -0.05  (VIOLATED)
   dqpsk_mem_imag_reg[215][0]/D
                                2.13           2.08 f        -0.05  (VIOLATED)
   dqpsk_mem_imag_reg[216][0]/D
                                2.13           2.08 f        -0.05  (VIOLATED)
   dqpsk_mem_imag_reg[217][0]/D
                                2.13           2.08 f        -0.05  (VIOLATED)
   dqpsk_mem_imag_reg[218][0]/D
                                2.13           2.08 f        -0.05  (VIOLATED)
   dqpsk_mem_imag_reg[219][0]/D
                                2.13           2.08 f        -0.05  (VIOLATED)
   dqpsk_mem_imag_reg[220][0]/D
                                2.13           2.08 f        -0.05  (VIOLATED)
   dqpsk_mem_imag_reg[221][0]/D
                                2.13           2.08 f        -0.05  (VIOLATED)
   dqpsk_mem_imag_reg[222][0]/D
                                2.13           2.08 f        -0.05  (VIOLATED)
   dqpsk_mem_imag_reg[223][0]/D
                                2.13           2.08 f        -0.05  (VIOLATED)
   dqpsk_mem_imag_reg[224][0]/D
                                2.13           2.08 f        -0.05  (VIOLATED)
   dqpsk_mem_imag_reg[225][0]/D
                                2.13           2.08 f        -0.05  (VIOLATED)
   dqpsk_mem_imag_reg[226][0]/D
                                2.13           2.08 f        -0.05  (VIOLATED)
   dqpsk_mem_imag_reg[227][0]/D
                                2.13           2.08 f        -0.05  (VIOLATED)
   dqpsk_mem_imag_reg[228][0]/D
                                2.13           2.08 f        -0.05  (VIOLATED)
   dqpsk_mem_imag_reg[229][0]/D
                                2.13           2.08 f        -0.05  (VIOLATED)
   dqpsk_mem_imag_reg[230][0]/D
                                2.13           2.08 f        -0.05  (VIOLATED)
   dqpsk_mem_imag_reg[231][0]/D
                                2.13           2.08 f        -0.05  (VIOLATED)
   dqpsk_mem_imag_reg[232][0]/D
                                2.13           2.08 f        -0.05  (VIOLATED)
   dqpsk_mem_imag_reg[233][0]/D
                                2.13           2.08 f        -0.05  (VIOLATED)
   dqpsk_mem_imag_reg[234][0]/D
                                2.13           2.08 f        -0.05  (VIOLATED)
   dqpsk_mem_imag_reg[235][0]/D
                                2.13           2.08 f        -0.05  (VIOLATED)
   dqpsk_mem_imag_reg[236][0]/D
                                2.13           2.08 f        -0.05  (VIOLATED)
   dqpsk_mem_imag_reg[237][0]/D
                                2.13           2.08 f        -0.05  (VIOLATED)
   dqpsk_mem_imag_reg[238][0]/D
                                2.13           2.08 f        -0.05  (VIOLATED)
   dqpsk_mem_imag_reg[239][0]/D
                                2.13           2.08 f        -0.05  (VIOLATED)
   dqpsk_mem_imag_reg[240][0]/D
                                2.13           2.08 f        -0.05  (VIOLATED)
   dqpsk_mem_imag_reg[241][0]/D
                                2.13           2.08 f        -0.05  (VIOLATED)
   dqpsk_mem_imag_reg[242][0]/D
                                2.13           2.08 f        -0.05  (VIOLATED)
   dqpsk_mem_imag_reg[243][0]/D
                                2.13           2.08 f        -0.05  (VIOLATED)
   dqpsk_mem_imag_reg[244][0]/D
                                2.13           2.08 f        -0.05  (VIOLATED)
   dqpsk_mem_imag_reg[245][0]/D
                                2.13           2.08 f        -0.05  (VIOLATED)
   dqpsk_mem_imag_reg[246][0]/D
                                2.13           2.08 f        -0.05  (VIOLATED)
   dqpsk_mem_imag_reg[247][0]/D
                                2.13           2.08 f        -0.05  (VIOLATED)
   dqpsk_mem_imag_reg[248][0]/D
                                2.13           2.08 f        -0.05  (VIOLATED)
   dqpsk_mem_imag_reg[249][0]/D
                                2.13           2.08 f        -0.05  (VIOLATED)
   dqpsk_mem_imag_reg[250][0]/D
                                2.13           2.08 f        -0.05  (VIOLATED)
   dqpsk_mem_imag_reg[251][0]/D
                                2.13           2.08 f        -0.05  (VIOLATED)
   dqpsk_mem_imag_reg[252][0]/D
                                2.13           2.08 f        -0.05  (VIOLATED)
   dqpsk_mem_imag_reg[253][0]/D
                                2.13           2.08 f        -0.05  (VIOLATED)
   dqpsk_mem_imag_reg[254][0]/D
                                2.13           2.08 f        -0.05  (VIOLATED)
   dqpsk_mem_imag_reg[255][0]/D
                                2.13           2.08 f        -0.05  (VIOLATED)
   dqpsk_mem_imag_reg[256][0]/D
                                2.13           2.08 f        -0.05  (VIOLATED)
   dqpsk_mem_imag_reg[257][0]/D
                                2.13           2.08 f        -0.05  (VIOLATED)
   dqpsk_mem_imag_reg[258][0]/D
                                2.13           2.08 f        -0.05  (VIOLATED)
   dqpsk_mem_imag_reg[259][0]/D
                                2.13           2.08 f        -0.05  (VIOLATED)
   dqpsk_mem_imag_reg[260][0]/D
                                2.13           2.08 f        -0.05  (VIOLATED)
   dqpsk_mem_imag_reg[261][0]/D
                                2.13           2.08 f        -0.05  (VIOLATED)
   dqpsk_mem_imag_reg[262][0]/D
                                2.13           2.08 f        -0.05  (VIOLATED)
   dqpsk_mem_imag_reg[263][0]/D
                                2.13           2.08 f        -0.05  (VIOLATED)
   dqpsk_mem_imag_reg[264][0]/D
                                2.13           2.08 f        -0.05  (VIOLATED)
   dqpsk_mem_imag_reg[265][0]/D
                                2.13           2.08 f        -0.05  (VIOLATED)
   dqpsk_mem_imag_reg[266][0]/D
                                2.13           2.08 f        -0.05  (VIOLATED)
   dqpsk_mem_imag_reg[267][0]/D
                                2.13           2.08 f        -0.05  (VIOLATED)
   dqpsk_mem_imag_reg[268][0]/D
                                2.13           2.08 f        -0.05  (VIOLATED)
   dqpsk_mem_imag_reg[269][0]/D
                                2.13           2.08 f        -0.05  (VIOLATED)
   dqpsk_mem_imag_reg[270][0]/D
                                2.13           2.08 f        -0.05  (VIOLATED)
   dqpsk_mem_imag_reg[271][0]/D
                                2.13           2.08 f        -0.05  (VIOLATED)
   dqpsk_mem_imag_reg[272][0]/D
                                2.13           2.08 f        -0.05  (VIOLATED)
   dqpsk_mem_imag_reg[273][0]/D
                                2.13           2.08 f        -0.05  (VIOLATED)
   dqpsk_mem_imag_reg[274][0]/D
                                2.13           2.08 f        -0.05  (VIOLATED)
   dqpsk_mem_imag_reg[275][0]/D
                                2.13           2.08 f        -0.05  (VIOLATED)
   dqpsk_mem_imag_reg[276][0]/D
                                2.13           2.08 f        -0.05  (VIOLATED)
   dqpsk_mem_imag_reg[277][0]/D
                                2.13           2.08 f        -0.05  (VIOLATED)
   dqpsk_mem_imag_reg[278][0]/D
                                2.13           2.08 f        -0.05  (VIOLATED)
   dqpsk_mem_imag_reg[279][0]/D
                                2.13           2.08 f        -0.05  (VIOLATED)
   dqpsk_mem_imag_reg[280][0]/D
                                2.13           2.08 f        -0.05  (VIOLATED)
   dqpsk_mem_imag_reg[281][0]/D
                                2.13           2.08 f        -0.05  (VIOLATED)
   dqpsk_mem_imag_reg[282][0]/D
                                2.13           2.08 f        -0.05  (VIOLATED)
   dqpsk_mem_imag_reg[283][0]/D
                                2.13           2.08 f        -0.05  (VIOLATED)
   dqpsk_mem_imag_reg[284][0]/D
                                2.13           2.08 f        -0.05  (VIOLATED)
   dqpsk_mem_imag_reg[285][0]/D
                                2.13           2.08 f        -0.05  (VIOLATED)
   dqpsk_mem_imag_reg[286][0]/D
                                2.13           2.08 f        -0.05  (VIOLATED)
   dqpsk_mem_imag_reg[287][0]/D
                                2.13           2.08 f        -0.05  (VIOLATED)
   dqpsk_mem_imag_reg[288][0]/D
                                2.13           2.08 f        -0.05  (VIOLATED)
   dqpsk_mem_imag_reg[289][0]/D
                                2.13           2.08 f        -0.05  (VIOLATED)
   dqpsk_mem_imag_reg[290][0]/D
                                2.13           2.08 f        -0.05  (VIOLATED)
   dqpsk_mem_imag_reg[291][0]/D
                                2.13           2.08 f        -0.05  (VIOLATED)
   dqpsk_mem_imag_reg[292][0]/D
                                2.13           2.08 f        -0.05  (VIOLATED)
   dqpsk_mem_imag_reg[293][0]/D
                                2.13           2.08 f        -0.05  (VIOLATED)
   dqpsk_mem_imag_reg[294][0]/D
                                2.13           2.08 f        -0.05  (VIOLATED)
   dqpsk_mem_imag_reg[295][0]/D
                                2.13           2.08 f        -0.05  (VIOLATED)
   dqpsk_mem_imag_reg[296][0]/D
                                2.13           2.08 f        -0.05  (VIOLATED)
   dqpsk_mem_imag_reg[297][0]/D
                                2.13           2.08 f        -0.05  (VIOLATED)
   dqpsk_mem_imag_reg[298][0]/D
                                2.13           2.08 f        -0.05  (VIOLATED)
   dqpsk_mem_imag_reg[299][0]/D
                                2.13           2.08 f        -0.05  (VIOLATED)
   dqpsk_mem_imag_reg[300][0]/D
                                2.13           2.08 f        -0.05  (VIOLATED)
   dqpsk_mem_imag_reg[301][0]/D
                                2.13           2.08 f        -0.05  (VIOLATED)
   dqpsk_mem_imag_reg[302][0]/D
                                2.13           2.08 f        -0.05  (VIOLATED)
   dqpsk_mem_imag_reg[303][0]/D
                                2.13           2.08 f        -0.05  (VIOLATED)
   dqpsk_mem_imag_reg[304][0]/D
                                2.13           2.08 f        -0.05  (VIOLATED)
   dqpsk_mem_imag_reg[305][0]/D
                                2.13           2.08 f        -0.05  (VIOLATED)
   dqpsk_mem_imag_reg[306][0]/D
                                2.13           2.08 f        -0.05  (VIOLATED)
   dqpsk_mem_imag_reg[307][0]/D
                                2.13           2.08 f        -0.05  (VIOLATED)
   dqpsk_mem_imag_reg[308][0]/D
                                2.13           2.08 f        -0.05  (VIOLATED)
   dqpsk_mem_imag_reg[309][0]/D
                                2.13           2.08 f        -0.05  (VIOLATED)
   dqpsk_mem_imag_reg[310][0]/D
                                2.13           2.08 f        -0.05  (VIOLATED)
   dqpsk_mem_imag_reg[311][0]/D
                                2.13           2.08 f        -0.05  (VIOLATED)
   dqpsk_mem_imag_reg[312][0]/D
                                2.13           2.08 f        -0.05  (VIOLATED)
   dqpsk_mem_imag_reg[313][0]/D
                                2.13           2.08 f        -0.05  (VIOLATED)
   dqpsk_mem_imag_reg[314][0]/D
                                2.13           2.08 f        -0.05  (VIOLATED)
   dqpsk_mem_imag_reg[315][0]/D
                                2.13           2.08 f        -0.05  (VIOLATED)
   dqpsk_mem_imag_reg[316][0]/D
                                2.13           2.08 f        -0.05  (VIOLATED)
   dqpsk_mem_imag_reg[317][0]/D
                                2.13           2.08 f        -0.05  (VIOLATED)
   dqpsk_mem_imag_reg[318][0]/D
                                2.13           2.08 f        -0.05  (VIOLATED)
   dqpsk_mem_imag_reg[319][0]/D
                                2.13           2.08 f        -0.05  (VIOLATED)
   dqpsk_mem_imag_reg[320][0]/D
                                2.13           2.08 f        -0.05  (VIOLATED)
   dqpsk_mem_imag_reg[321][0]/D
                                2.13           2.08 f        -0.05  (VIOLATED)
   dqpsk_mem_imag_reg[322][0]/D
                                2.13           2.08 f        -0.05  (VIOLATED)
   dqpsk_mem_imag_reg[323][0]/D
                                2.13           2.08 f        -0.05  (VIOLATED)
   dqpsk_mem_imag_reg[324][0]/D
                                2.13           2.08 f        -0.05  (VIOLATED)
   dqpsk_mem_imag_reg[325][0]/D
                                2.13           2.08 f        -0.05  (VIOLATED)
   dqpsk_mem_imag_reg[326][0]/D
                                2.13           2.08 f        -0.05  (VIOLATED)
   dqpsk_mem_imag_reg[327][0]/D
                                2.13           2.08 f        -0.05  (VIOLATED)
   dqpsk_mem_imag_reg[328][0]/D
                                2.13           2.08 f        -0.05  (VIOLATED)
   dqpsk_mem_imag_reg[329][0]/D
                                2.13           2.08 f        -0.05  (VIOLATED)
   dqpsk_mem_imag_reg[330][0]/D
                                2.13           2.08 f        -0.05  (VIOLATED)
   dqpsk_mem_imag_reg[331][0]/D
                                2.13           2.08 f        -0.05  (VIOLATED)
   dqpsk_mem_imag_reg[332][0]/D
                                2.13           2.08 f        -0.05  (VIOLATED)
   dqpsk_mem_imag_reg[333][0]/D
                                2.13           2.08 f        -0.05  (VIOLATED)
   dqpsk_mem_imag_reg[334][0]/D
                                2.13           2.08 f        -0.05  (VIOLATED)
   dqpsk_mem_imag_reg[335][0]/D
                                2.13           2.08 f        -0.05  (VIOLATED)
   dqpsk_mem_imag_reg[336][0]/D
                                2.13           2.08 f        -0.05  (VIOLATED)
   dqpsk_mem_imag_reg[337][0]/D
                                2.13           2.08 f        -0.05  (VIOLATED)
   dqpsk_mem_imag_reg[338][0]/D
                                2.13           2.08 f        -0.05  (VIOLATED)
   dqpsk_mem_imag_reg[339][0]/D
                                2.13           2.08 f        -0.05  (VIOLATED)
   dqpsk_mem_imag_reg[340][0]/D
                                2.13           2.08 f        -0.05  (VIOLATED)
   dqpsk_mem_imag_reg[341][0]/D
                                2.13           2.08 f        -0.05  (VIOLATED)
   dqpsk_mem_imag_reg[342][0]/D
                                2.13           2.08 f        -0.05  (VIOLATED)
   dqpsk_mem_imag_reg[343][0]/D
                                2.13           2.08 f        -0.05  (VIOLATED)
   dqpsk_mem_imag_reg[344][0]/D
                                2.13           2.08 f        -0.05  (VIOLATED)
   dqpsk_mem_imag_reg[345][0]/D
                                2.13           2.08 f        -0.05  (VIOLATED)
   dqpsk_mem_imag_reg[346][0]/D
                                2.13           2.08 f        -0.05  (VIOLATED)
   dqpsk_mem_imag_reg[347][0]/D
                                2.13           2.08 f        -0.05  (VIOLATED)
   dqpsk_mem_imag_reg[348][0]/D
                                2.13           2.08 f        -0.05  (VIOLATED)
   dqpsk_mem_imag_reg[349][0]/D
                                2.13           2.08 f        -0.05  (VIOLATED)
   dqpsk_mem_imag_reg[350][0]/D
                                2.13           2.08 f        -0.05  (VIOLATED)
   dqpsk_mem_imag_reg[351][0]/D
                                2.13           2.08 f        -0.05  (VIOLATED)
   dqpsk_mem_imag_reg[352][0]/D
                                2.13           2.08 f        -0.05  (VIOLATED)
   dqpsk_mem_imag_reg[353][0]/D
                                2.13           2.08 f        -0.05  (VIOLATED)
   dqpsk_mem_imag_reg[354][0]/D
                                2.13           2.08 f        -0.05  (VIOLATED)
   dqpsk_mem_imag_reg[355][0]/D
                                2.13           2.08 f        -0.05  (VIOLATED)
   dqpsk_mem_imag_reg[356][0]/D
                                2.13           2.08 f        -0.05  (VIOLATED)
   dqpsk_mem_imag_reg[357][0]/D
                                2.13           2.08 f        -0.05  (VIOLATED)
   dqpsk_mem_imag_reg[358][0]/D
                                2.13           2.08 f        -0.05  (VIOLATED)
   dqpsk_mem_imag_reg[359][0]/D
                                2.13           2.08 f        -0.05  (VIOLATED)
   dqpsk_mem_imag_reg[360][0]/D
                                2.13           2.08 f        -0.05  (VIOLATED)
   dqpsk_mem_imag_reg[361][0]/D
                                2.13           2.08 f        -0.05  (VIOLATED)
   dqpsk_mem_imag_reg[362][0]/D
                                2.13           2.08 f        -0.05  (VIOLATED)
   dqpsk_mem_imag_reg[363][0]/D
                                2.13           2.08 f        -0.05  (VIOLATED)
   dqpsk_mem_imag_reg[364][0]/D
                                2.13           2.08 f        -0.05  (VIOLATED)
   dqpsk_mem_imag_reg[365][0]/D
                                2.13           2.08 f        -0.05  (VIOLATED)
   dqpsk_mem_imag_reg[366][0]/D
                                2.13           2.08 f        -0.05  (VIOLATED)
   dqpsk_mem_imag_reg[367][0]/D
                                2.13           2.08 f        -0.05  (VIOLATED)
   dqpsk_mem_imag_reg[368][0]/D
                                2.13           2.08 f        -0.05  (VIOLATED)
   dqpsk_mem_imag_reg[369][0]/D
                                2.13           2.08 f        -0.05  (VIOLATED)
   dqpsk_mem_imag_reg[370][0]/D
                                2.13           2.08 f        -0.05  (VIOLATED)
   dqpsk_mem_imag_reg[371][0]/D
                                2.13           2.08 f        -0.05  (VIOLATED)
   dqpsk_mem_imag_reg[372][0]/D
                                2.13           2.08 f        -0.05  (VIOLATED)
   dqpsk_mem_imag_reg[373][0]/D
                                2.13           2.08 f        -0.05  (VIOLATED)
   dqpsk_mem_imag_reg[374][0]/D
                                2.13           2.08 f        -0.05  (VIOLATED)
   dqpsk_mem_imag_reg[375][0]/D
                                2.13           2.08 f        -0.05  (VIOLATED)
   dqpsk_mem_imag_reg[376][0]/D
                                2.13           2.08 f        -0.05  (VIOLATED)
   dqpsk_mem_imag_reg[377][0]/D
                                2.13           2.08 f        -0.05  (VIOLATED)
   dqpsk_mem_imag_reg[378][0]/D
                                2.13           2.08 f        -0.05  (VIOLATED)
   dqpsk_mem_imag_reg[379][0]/D
                                2.13           2.08 f        -0.05  (VIOLATED)
   dqpsk_mem_imag_reg[380][0]/D
                                2.13           2.08 f        -0.05  (VIOLATED)
   dqpsk_mem_imag_reg[381][0]/D
                                2.13           2.08 f        -0.05  (VIOLATED)
   dqpsk_mem_imag_reg[382][0]/D
                                2.13           2.08 f        -0.05  (VIOLATED)
   dqpsk_mem_imag_reg[383][0]/D
                                2.13           2.08 f        -0.05  (VIOLATED)
   dqpsk_mem_imag_reg[384][0]/D
                                2.13           2.08 f        -0.05  (VIOLATED)
   dqpsk_mem_imag_reg[385][0]/D
                                2.13           2.08 f        -0.05  (VIOLATED)
   dqpsk_mem_imag_reg[386][0]/D
                                2.13           2.08 f        -0.05  (VIOLATED)
   dqpsk_mem_imag_reg[387][0]/D
                                2.13           2.08 f        -0.05  (VIOLATED)
   dqpsk_mem_imag_reg[388][0]/D
                                2.13           2.08 f        -0.05  (VIOLATED)
   dqpsk_mem_imag_reg[389][0]/D
                                2.13           2.08 f        -0.05  (VIOLATED)
   dqpsk_mem_imag_reg[390][0]/D
                                2.13           2.08 f        -0.05  (VIOLATED)
   dqpsk_mem_imag_reg[391][0]/D
                                2.13           2.08 f        -0.05  (VIOLATED)
   dqpsk_mem_imag_reg[392][0]/D
                                2.13           2.08 f        -0.05  (VIOLATED)
   dqpsk_mem_imag_reg[393][0]/D
                                2.13           2.08 f        -0.05  (VIOLATED)
   dqpsk_mem_imag_reg[394][0]/D
                                2.13           2.08 f        -0.05  (VIOLATED)
   dqpsk_mem_imag_reg[395][0]/D
                                2.13           2.08 f        -0.05  (VIOLATED)
   dqpsk_mem_imag_reg[396][0]/D
                                2.13           2.08 f        -0.05  (VIOLATED)
   dqpsk_mem_imag_reg[397][0]/D
                                2.13           2.08 f        -0.05  (VIOLATED)
   dqpsk_mem_imag_reg[398][0]/D
                                2.13           2.08 f        -0.05  (VIOLATED)
   dqpsk_mem_imag_reg[399][0]/D
                                2.13           2.08 f        -0.05  (VIOLATED)
   dqpsk_mem_imag_reg[400][0]/D
                                2.13           2.08 f        -0.05  (VIOLATED)
   dqpsk_mem_imag_reg[401][0]/D
                                2.13           2.08 f        -0.05  (VIOLATED)
   dqpsk_mem_imag_reg[402][0]/D
                                2.13           2.08 f        -0.05  (VIOLATED)
   dqpsk_mem_imag_reg[403][0]/D
                                2.13           2.08 f        -0.05  (VIOLATED)
   dqpsk_mem_imag_reg[404][0]/D
                                2.13           2.08 f        -0.05  (VIOLATED)
   dqpsk_mem_imag_reg[405][0]/D
                                2.13           2.08 f        -0.05  (VIOLATED)
   dqpsk_mem_imag_reg[406][0]/D
                                2.13           2.08 f        -0.05  (VIOLATED)
   dqpsk_mem_imag_reg[407][0]/D
                                2.13           2.08 f        -0.05  (VIOLATED)
   dqpsk_mem_imag_reg[408][0]/D
                                2.13           2.08 f        -0.05  (VIOLATED)
   dqpsk_mem_imag_reg[409][0]/D
                                2.13           2.08 f        -0.05  (VIOLATED)
   dqpsk_mem_imag_reg[410][0]/D
                                2.13           2.08 f        -0.05  (VIOLATED)
   dqpsk_mem_imag_reg[411][0]/D
                                2.13           2.08 f        -0.05  (VIOLATED)
   dqpsk_mem_imag_reg[412][0]/D
                                2.13           2.08 f        -0.05  (VIOLATED)
   dqpsk_mem_imag_reg[413][0]/D
                                2.13           2.08 f        -0.05  (VIOLATED)
   dqpsk_mem_imag_reg[414][0]/D
                                2.13           2.08 f        -0.05  (VIOLATED)
   dqpsk_mem_imag_reg[415][0]/D
                                2.13           2.08 f        -0.05  (VIOLATED)
   dqpsk_mem_imag_reg[416][0]/D
                                2.13           2.08 f        -0.05  (VIOLATED)
   dqpsk_mem_imag_reg[417][0]/D
                                2.13           2.08 f        -0.05  (VIOLATED)
   dqpsk_mem_imag_reg[418][0]/D
                                2.13           2.08 f        -0.05  (VIOLATED)
   dqpsk_mem_imag_reg[419][0]/D
                                2.13           2.08 f        -0.05  (VIOLATED)
   dqpsk_mem_imag_reg[420][0]/D
                                2.13           2.08 f        -0.05  (VIOLATED)
   dqpsk_mem_imag_reg[421][0]/D
                                2.13           2.08 f        -0.05  (VIOLATED)
   dqpsk_mem_imag_reg[422][0]/D
                                2.13           2.08 f        -0.05  (VIOLATED)
   dqpsk_mem_imag_reg[423][0]/D
                                2.13           2.08 f        -0.05  (VIOLATED)
   dqpsk_mem_imag_reg[424][0]/D
                                2.13           2.08 f        -0.05  (VIOLATED)
   dqpsk_mem_imag_reg[425][0]/D
                                2.13           2.08 f        -0.05  (VIOLATED)
   dqpsk_mem_imag_reg[426][0]/D
                                2.13           2.08 f        -0.05  (VIOLATED)
   dqpsk_mem_imag_reg[427][0]/D
                                2.13           2.08 f        -0.05  (VIOLATED)
   dqpsk_mem_imag_reg[428][0]/D
                                2.13           2.08 f        -0.05  (VIOLATED)
   dqpsk_mem_imag_reg[429][0]/D
                                2.13           2.08 f        -0.05  (VIOLATED)
   dqpsk_mem_imag_reg[430][0]/D
                                2.13           2.08 f        -0.05  (VIOLATED)
   dqpsk_mem_imag_reg[431][0]/D
                                2.13           2.08 f        -0.05  (VIOLATED)
   dqpsk_mem_imag_reg[432][0]/D
                                2.13           2.08 f        -0.05  (VIOLATED)
   dqpsk_mem_imag_reg[433][0]/D
                                2.13           2.08 f        -0.05  (VIOLATED)
   dqpsk_mem_imag_reg[434][0]/D
                                2.13           2.08 f        -0.05  (VIOLATED)
   dqpsk_mem_imag_reg[435][0]/D
                                2.13           2.08 f        -0.05  (VIOLATED)
   dqpsk_mem_imag_reg[436][0]/D
                                2.13           2.08 f        -0.05  (VIOLATED)
   dqpsk_mem_imag_reg[437][0]/D
                                2.13           2.08 f        -0.05  (VIOLATED)
   dqpsk_mem_imag_reg[438][0]/D
                                2.13           2.08 f        -0.05  (VIOLATED)
   dqpsk_mem_imag_reg[439][0]/D
                                2.13           2.08 f        -0.05  (VIOLATED)
   dqpsk_mem_imag_reg[440][0]/D
                                2.13           2.08 f        -0.05  (VIOLATED)
   dqpsk_mem_imag_reg[441][0]/D
                                2.13           2.08 f        -0.05  (VIOLATED)
   dqpsk_mem_imag_reg[442][0]/D
                                2.13           2.08 f        -0.05  (VIOLATED)
   dqpsk_mem_imag_reg[443][0]/D
                                2.13           2.08 f        -0.05  (VIOLATED)
   dqpsk_mem_imag_reg[444][0]/D
                                2.13           2.08 f        -0.05  (VIOLATED)
   dqpsk_mem_imag_reg[445][0]/D
                                2.13           2.08 f        -0.05  (VIOLATED)
   dqpsk_mem_imag_reg[446][0]/D
                                2.13           2.08 f        -0.05  (VIOLATED)
   dqpsk_mem_imag_reg[447][0]/D
                                2.13           2.08 f        -0.05  (VIOLATED)
   dqpsk_mem_imag_reg[448][0]/D
                                2.13           2.08 f        -0.05  (VIOLATED)
   dqpsk_mem_imag_reg[449][0]/D
                                2.13           2.08 f        -0.05  (VIOLATED)
   dqpsk_mem_imag_reg[450][0]/D
                                2.13           2.08 f        -0.05  (VIOLATED)
   dqpsk_mem_imag_reg[451][0]/D
                                2.13           2.08 f        -0.05  (VIOLATED)
   dqpsk_mem_imag_reg[452][0]/D
                                2.13           2.08 f        -0.05  (VIOLATED)
   dqpsk_mem_imag_reg[453][0]/D
                                2.13           2.08 f        -0.05  (VIOLATED)
   dqpsk_mem_imag_reg[454][0]/D
                                2.13           2.08 f        -0.05  (VIOLATED)
   dqpsk_mem_imag_reg[455][0]/D
                                2.13           2.08 f        -0.05  (VIOLATED)
   dqpsk_mem_imag_reg[456][0]/D
                                2.13           2.08 f        -0.05  (VIOLATED)
   dqpsk_mem_imag_reg[457][0]/D
                                2.13           2.08 f        -0.05  (VIOLATED)
   dqpsk_mem_imag_reg[458][0]/D
                                2.13           2.08 f        -0.05  (VIOLATED)
   dqpsk_mem_imag_reg[459][0]/D
                                2.13           2.08 f        -0.05  (VIOLATED)
   dqpsk_mem_imag_reg[460][0]/D
                                2.13           2.08 f        -0.05  (VIOLATED)
   dqpsk_mem_imag_reg[461][0]/D
                                2.13           2.08 f        -0.05  (VIOLATED)
   dqpsk_mem_imag_reg[462][0]/D
                                2.13           2.08 f        -0.05  (VIOLATED)
   dqpsk_mem_imag_reg[463][0]/D
                                2.13           2.08 f        -0.05  (VIOLATED)
   dqpsk_mem_imag_reg[464][0]/D
                                2.13           2.08 f        -0.05  (VIOLATED)
   dqpsk_mem_imag_reg[465][0]/D
                                2.13           2.08 f        -0.05  (VIOLATED)
   dqpsk_mem_imag_reg[466][0]/D
                                2.13           2.08 f        -0.05  (VIOLATED)
   dqpsk_mem_imag_reg[467][0]/D
                                2.13           2.08 f        -0.05  (VIOLATED)
   dqpsk_mem_imag_reg[468][0]/D
                                2.13           2.08 f        -0.05  (VIOLATED)
   dqpsk_mem_imag_reg[469][0]/D
                                2.13           2.08 f        -0.05  (VIOLATED)
   dqpsk_mem_imag_reg[470][0]/D
                                2.13           2.08 f        -0.05  (VIOLATED)
   dqpsk_mem_imag_reg[471][0]/D
                                2.13           2.08 f        -0.05  (VIOLATED)
   dqpsk_mem_imag_reg[472][0]/D
                                2.13           2.08 f        -0.05  (VIOLATED)
   dqpsk_mem_imag_reg[473][0]/D
                                2.13           2.08 f        -0.05  (VIOLATED)
   dqpsk_mem_imag_reg[474][0]/D
                                2.13           2.08 f        -0.05  (VIOLATED)
   dqpsk_mem_imag_reg[475][0]/D
                                2.13           2.08 f        -0.05  (VIOLATED)
   dqpsk_mem_imag_reg[476][0]/D
                                2.13           2.08 f        -0.05  (VIOLATED)
   dqpsk_mem_imag_reg[477][0]/D
                                2.13           2.08 f        -0.05  (VIOLATED)
   dqpsk_mem_imag_reg[478][0]/D
                                2.13           2.08 f        -0.05  (VIOLATED)
   dqpsk_mem_imag_reg[479][0]/D
                                2.13           2.08 f        -0.05  (VIOLATED)
   dqpsk_mem_imag_reg[480][0]/D
                                2.13           2.08 f        -0.05  (VIOLATED)
   dqpsk_mem_imag_reg[481][0]/D
                                2.13           2.08 f        -0.05  (VIOLATED)
   dqpsk_mem_imag_reg[482][0]/D
                                2.13           2.08 f        -0.05  (VIOLATED)
   dqpsk_mem_imag_reg[483][0]/D
                                2.13           2.08 f        -0.05  (VIOLATED)
   dqpsk_mem_imag_reg[484][0]/D
                                2.13           2.08 f        -0.05  (VIOLATED)
   dqpsk_mem_imag_reg[485][0]/D
                                2.13           2.08 f        -0.05  (VIOLATED)
   dqpsk_mem_imag_reg[486][0]/D
                                2.13           2.08 f        -0.05  (VIOLATED)
   dqpsk_mem_imag_reg[487][0]/D
                                2.13           2.08 f        -0.05  (VIOLATED)
   dqpsk_mem_imag_reg[488][0]/D
                                2.13           2.08 f        -0.05  (VIOLATED)
   dqpsk_mem_imag_reg[489][0]/D
                                2.13           2.08 f        -0.05  (VIOLATED)
   dqpsk_mem_imag_reg[490][0]/D
                                2.13           2.08 f        -0.05  (VIOLATED)
   dqpsk_mem_imag_reg[491][0]/D
                                2.13           2.08 f        -0.05  (VIOLATED)
   dqpsk_mem_imag_reg[492][0]/D
                                2.13           2.08 f        -0.05  (VIOLATED)
   dqpsk_mem_imag_reg[493][0]/D
                                2.13           2.08 f        -0.05  (VIOLATED)
   dqpsk_mem_imag_reg[494][0]/D
                                2.13           2.08 f        -0.05  (VIOLATED)
   dqpsk_mem_imag_reg[495][0]/D
                                2.13           2.08 f        -0.05  (VIOLATED)
   dqpsk_mem_imag_reg[496][0]/D
                                2.13           2.08 f        -0.05  (VIOLATED)
   dqpsk_mem_imag_reg[497][0]/D
                                2.13           2.08 f        -0.05  (VIOLATED)
   dqpsk_mem_imag_reg[498][0]/D
                                2.13           2.08 f        -0.05  (VIOLATED)
   dqpsk_mem_imag_reg[499][0]/D
                                2.13           2.08 f        -0.05  (VIOLATED)
   dqpsk_mem_imag_reg[500][0]/D
                                2.13           2.08 f        -0.05  (VIOLATED)
   dqpsk_mem_imag_reg[501][0]/D
                                2.13           2.08 f        -0.05  (VIOLATED)
   dqpsk_mem_imag_reg[502][0]/D
                                2.13           2.08 f        -0.05  (VIOLATED)
   dqpsk_mem_imag_reg[503][0]/D
                                2.13           2.08 f        -0.05  (VIOLATED)
   dqpsk_mem_imag_reg[504][0]/D
                                2.13           2.08 f        -0.05  (VIOLATED)
   dqpsk_mem_imag_reg[505][0]/D
                                2.13           2.08 f        -0.05  (VIOLATED)
   dqpsk_mem_imag_reg[506][0]/D
                                2.13           2.08 f        -0.05  (VIOLATED)
   dqpsk_mem_imag_reg[507][0]/D
                                2.13           2.08 f        -0.05  (VIOLATED)
   dqpsk_mem_imag_reg[508][0]/D
                                2.13           2.08 f        -0.05  (VIOLATED)
   dqpsk_mem_imag_reg[509][0]/D
                                2.13           2.08 f        -0.05  (VIOLATED)
   dqpsk_mem_imag_reg[510][0]/D
                                2.13           2.08 f        -0.05  (VIOLATED)
   dqpsk_mem_imag_reg[511][0]/D
                                2.13           2.08 f        -0.05  (VIOLATED)
   dqpsk_mem_imag_reg[512][0]/D
                                2.13           2.08 f        -0.05  (VIOLATED)
   dqpsk_mem_imag_reg[513][0]/D
                                2.13           2.08 f        -0.05  (VIOLATED)
   dqpsk_mem_imag_reg[514][0]/D
                                2.13           2.08 f        -0.05  (VIOLATED)
   dqpsk_mem_imag_reg[515][0]/D
                                2.13           2.08 f        -0.05  (VIOLATED)
   dqpsk_mem_imag_reg[516][0]/D
                                2.13           2.08 f        -0.05  (VIOLATED)
   dqpsk_mem_imag_reg[517][0]/D
                                2.13           2.08 f        -0.05  (VIOLATED)
   dqpsk_mem_imag_reg[518][0]/D
                                2.13           2.08 f        -0.05  (VIOLATED)
   dqpsk_mem_imag_reg[519][0]/D
                                2.13           2.08 f        -0.05  (VIOLATED)
   dqpsk_mem_imag_reg[520][0]/D
                                2.13           2.08 f        -0.05  (VIOLATED)
   dqpsk_mem_imag_reg[521][0]/D
                                2.13           2.08 f        -0.05  (VIOLATED)
   dqpsk_mem_imag_reg[522][0]/D
                                2.13           2.08 f        -0.05  (VIOLATED)
   dqpsk_mem_imag_reg[523][0]/D
                                2.13           2.08 f        -0.05  (VIOLATED)
   dqpsk_mem_imag_reg[524][0]/D
                                2.13           2.08 f        -0.05  (VIOLATED)
   dqpsk_mem_imag_reg[525][0]/D
                                2.13           2.08 f        -0.05  (VIOLATED)
   dqpsk_mem_imag_reg[526][0]/D
                                2.13           2.08 f        -0.05  (VIOLATED)
   dqpsk_mem_imag_reg[527][0]/D
                                2.13           2.08 f        -0.05  (VIOLATED)
   dqpsk_mem_imag_reg[528][0]/D
                                2.13           2.08 f        -0.05  (VIOLATED)
   dqpsk_mem_imag_reg[529][0]/D
                                2.13           2.08 f        -0.05  (VIOLATED)
   dqpsk_mem_imag_reg[530][0]/D
                                2.13           2.08 f        -0.05  (VIOLATED)
   dqpsk_mem_imag_reg[531][0]/D
                                2.13           2.08 f        -0.05  (VIOLATED)
   dqpsk_mem_imag_reg[532][0]/D
                                2.13           2.08 f        -0.05  (VIOLATED)
   dqpsk_mem_imag_reg[533][0]/D
                                2.13           2.08 f        -0.05  (VIOLATED)
   dqpsk_mem_imag_reg[534][0]/D
                                2.13           2.08 f        -0.05  (VIOLATED)
   dqpsk_mem_imag_reg[535][0]/D
                                2.13           2.08 f        -0.05  (VIOLATED)
   dqpsk_mem_imag_reg[536][0]/D
                                2.13           2.08 f        -0.05  (VIOLATED)
   dqpsk_mem_imag_reg[537][0]/D
                                2.13           2.08 f        -0.05  (VIOLATED)
   dqpsk_mem_imag_reg[538][0]/D
                                2.13           2.08 f        -0.05  (VIOLATED)
   dqpsk_mem_imag_reg[539][0]/D
                                2.13           2.08 f        -0.05  (VIOLATED)
   dqpsk_mem_imag_reg[540][0]/D
                                2.13           2.08 f        -0.05  (VIOLATED)
   dqpsk_mem_imag_reg[541][0]/D
                                2.13           2.08 f        -0.05  (VIOLATED)
   dqpsk_mem_imag_reg[542][0]/D
                                2.13           2.08 f        -0.05  (VIOLATED)
   dqpsk_mem_imag_reg[543][0]/D
                                2.13           2.08 f        -0.05  (VIOLATED)
   dqpsk_mem_imag_reg[544][0]/D
                                2.13           2.08 f        -0.05  (VIOLATED)
   dqpsk_mem_imag_reg[545][0]/D
                                2.13           2.08 f        -0.05  (VIOLATED)
   dqpsk_mem_imag_reg[546][0]/D
                                2.13           2.08 f        -0.05  (VIOLATED)
   dqpsk_mem_imag_reg[547][0]/D
                                2.13           2.08 f        -0.05  (VIOLATED)
   dqpsk_mem_imag_reg[548][0]/D
                                2.13           2.08 f        -0.05  (VIOLATED)
   dqpsk_mem_imag_reg[549][0]/D
                                2.13           2.08 f        -0.05  (VIOLATED)
   dqpsk_mem_imag_reg[550][0]/D
                                2.13           2.08 f        -0.05  (VIOLATED)
   dqpsk_mem_imag_reg[551][0]/D
                                2.13           2.08 f        -0.05  (VIOLATED)
   dqpsk_mem_imag_reg[552][0]/D
                                2.13           2.08 f        -0.05  (VIOLATED)
   dqpsk_mem_imag_reg[553][0]/D
                                2.13           2.08 f        -0.05  (VIOLATED)
   dqpsk_mem_imag_reg[554][0]/D
                                2.13           2.08 f        -0.05  (VIOLATED)
   dqpsk_mem_imag_reg[555][0]/D
                                2.13           2.08 f        -0.05  (VIOLATED)
   dqpsk_mem_imag_reg[556][0]/D
                                2.13           2.08 f        -0.05  (VIOLATED)
   dqpsk_mem_imag_reg[557][0]/D
                                2.13           2.08 f        -0.05  (VIOLATED)
   dqpsk_mem_imag_reg[558][0]/D
                                2.13           2.08 f        -0.05  (VIOLATED)
   dqpsk_mem_imag_reg[559][0]/D
                                2.13           2.08 f        -0.05  (VIOLATED)
   dqpsk_mem_imag_reg[560][0]/D
                                2.13           2.08 f        -0.05  (VIOLATED)
   dqpsk_mem_imag_reg[561][0]/D
                                2.13           2.08 f        -0.05  (VIOLATED)
   dqpsk_mem_imag_reg[562][0]/D
                                2.13           2.08 f        -0.05  (VIOLATED)
   dqpsk_mem_imag_reg[563][0]/D
                                2.13           2.08 f        -0.05  (VIOLATED)
   dqpsk_mem_imag_reg[564][0]/D
                                2.13           2.08 f        -0.05  (VIOLATED)
   dqpsk_mem_imag_reg[565][0]/D
                                2.13           2.08 f        -0.05  (VIOLATED)
   dqpsk_mem_imag_reg[566][0]/D
                                2.13           2.08 f        -0.05  (VIOLATED)
   dqpsk_mem_imag_reg[567][0]/D
                                2.13           2.08 f        -0.05  (VIOLATED)
   dqpsk_mem_imag_reg[568][0]/D
                                2.13           2.08 f        -0.05  (VIOLATED)
   dqpsk_mem_imag_reg[569][0]/D
                                2.13           2.08 f        -0.05  (VIOLATED)
   dqpsk_mem_imag_reg[570][0]/D
                                2.13           2.08 f        -0.05  (VIOLATED)
   dqpsk_mem_imag_reg[571][0]/D
                                2.13           2.08 f        -0.05  (VIOLATED)
   dqpsk_mem_imag_reg[572][0]/D
                                2.13           2.08 f        -0.05  (VIOLATED)
   dqpsk_mem_imag_reg[573][0]/D
                                2.13           2.08 f        -0.05  (VIOLATED)
   dqpsk_mem_imag_reg[574][0]/D
                                2.13           2.08 f        -0.05  (VIOLATED)
   dqpsk_mem_imag_reg[575][0]/D
                                2.13           2.08 f        -0.05  (VIOLATED)
   dqpsk_mem_imag_reg[576][0]/D
                                2.13           2.08 f        -0.05  (VIOLATED)
   dqpsk_mem_imag_reg[577][0]/D
                                2.13           2.08 f        -0.05  (VIOLATED)
   dqpsk_mem_imag_reg[578][0]/D
                                2.13           2.08 f        -0.05  (VIOLATED)
   dqpsk_mem_imag_reg[579][0]/D
                                2.13           2.08 f        -0.05  (VIOLATED)
   dqpsk_mem_imag_reg[580][0]/D
                                2.13           2.08 f        -0.05  (VIOLATED)
   dqpsk_mem_imag_reg[581][0]/D
                                2.13           2.08 f        -0.05  (VIOLATED)
   dqpsk_mem_imag_reg[582][0]/D
                                2.13           2.08 f        -0.05  (VIOLATED)
   dqpsk_mem_imag_reg[583][0]/D
                                2.13           2.08 f        -0.05  (VIOLATED)
   dqpsk_mem_imag_reg[584][0]/D
                                2.13           2.08 f        -0.05  (VIOLATED)
   dqpsk_mem_imag_reg[585][0]/D
                                2.13           2.08 f        -0.05  (VIOLATED)
   dqpsk_mem_imag_reg[586][0]/D
                                2.13           2.08 f        -0.05  (VIOLATED)
   dqpsk_mem_imag_reg[587][0]/D
                                2.13           2.08 f        -0.05  (VIOLATED)
   dqpsk_mem_imag_reg[588][0]/D
                                2.13           2.08 f        -0.05  (VIOLATED)
   dqpsk_mem_imag_reg[589][0]/D
                                2.13           2.08 f        -0.05  (VIOLATED)
   dqpsk_mem_imag_reg[590][0]/D
                                2.13           2.08 f        -0.05  (VIOLATED)
   dqpsk_mem_imag_reg[591][0]/D
                                2.13           2.08 f        -0.05  (VIOLATED)
   dqpsk_mem_imag_reg[592][0]/D
                                2.13           2.08 f        -0.05  (VIOLATED)
   dqpsk_mem_imag_reg[593][0]/D
                                2.13           2.08 f        -0.05  (VIOLATED)
   dqpsk_mem_imag_reg[594][0]/D
                                2.13           2.08 f        -0.05  (VIOLATED)
   dqpsk_mem_imag_reg[595][0]/D
                                2.13           2.08 f        -0.05  (VIOLATED)
   dqpsk_mem_imag_reg[596][0]/D
                                2.13           2.08 f        -0.05  (VIOLATED)
   dqpsk_mem_imag_reg[597][0]/D
                                2.13           2.08 f        -0.05  (VIOLATED)
   dqpsk_mem_imag_reg[598][0]/D
                                2.13           2.08 f        -0.05  (VIOLATED)
   dqpsk_mem_imag_reg[599][0]/D
                                2.13           2.08 f        -0.05  (VIOLATED)
   dqpsk_mem_imag_reg[600][0]/D
                                2.13           2.08 f        -0.05  (VIOLATED)
   dqpsk_mem_imag_reg[601][0]/D
                                2.13           2.08 f        -0.05  (VIOLATED)
   dqpsk_mem_imag_reg[602][0]/D
                                2.13           2.08 f        -0.05  (VIOLATED)
   dqpsk_mem_imag_reg[603][0]/D
                                2.13           2.08 f        -0.05  (VIOLATED)
   dqpsk_mem_imag_reg[604][0]/D
                                2.13           2.08 f        -0.05  (VIOLATED)
   dqpsk_mem_imag_reg[605][0]/D
                                2.13           2.08 f        -0.05  (VIOLATED)
   dqpsk_mem_imag_reg[606][0]/D
                                2.13           2.08 f        -0.05  (VIOLATED)
   dqpsk_mem_imag_reg[607][0]/D
                                2.13           2.08 f        -0.05  (VIOLATED)
   dqpsk_mem_imag_reg[608][0]/D
                                2.13           2.08 f        -0.05  (VIOLATED)
   dqpsk_mem_imag_reg[609][0]/D
                                2.13           2.08 f        -0.05  (VIOLATED)
   dqpsk_mem_imag_reg[610][0]/D
                                2.13           2.08 f        -0.05  (VIOLATED)
   dqpsk_mem_imag_reg[611][0]/D
                                2.13           2.08 f        -0.05  (VIOLATED)
   dqpsk_mem_imag_reg[612][0]/D
                                2.13           2.08 f        -0.05  (VIOLATED)
   dqpsk_mem_imag_reg[613][0]/D
                                2.13           2.08 f        -0.05  (VIOLATED)
   dqpsk_mem_imag_reg[614][0]/D
                                2.13           2.08 f        -0.05  (VIOLATED)
   dqpsk_mem_imag_reg[615][0]/D
                                2.13           2.08 f        -0.05  (VIOLATED)
   dqpsk_mem_imag_reg[616][0]/D
                                2.13           2.08 f        -0.05  (VIOLATED)
   dqpsk_mem_imag_reg[617][0]/D
                                2.13           2.08 f        -0.05  (VIOLATED)
   dqpsk_mem_imag_reg[618][0]/D
                                2.13           2.08 f        -0.05  (VIOLATED)
   dqpsk_mem_imag_reg[619][0]/D
                                2.13           2.08 f        -0.05  (VIOLATED)
   dqpsk_mem_imag_reg[620][0]/D
                                2.13           2.08 f        -0.05  (VIOLATED)
   dqpsk_mem_imag_reg[621][0]/D
                                2.13           2.08 f        -0.05  (VIOLATED)
   dqpsk_mem_imag_reg[622][0]/D
                                2.13           2.08 f        -0.05  (VIOLATED)
   dqpsk_mem_imag_reg[623][0]/D
                                2.13           2.08 f        -0.05  (VIOLATED)
   dqpsk_mem_imag_reg[624][0]/D
                                2.13           2.08 f        -0.05  (VIOLATED)
   dqpsk_mem_imag_reg[625][0]/D
                                2.13           2.08 f        -0.05  (VIOLATED)
   dqpsk_mem_imag_reg[626][0]/D
                                2.13           2.08 f        -0.05  (VIOLATED)
   dqpsk_mem_imag_reg[627][0]/D
                                2.13           2.08 f        -0.05  (VIOLATED)
   dqpsk_mem_imag_reg[628][0]/D
                                2.13           2.08 f        -0.05  (VIOLATED)
   dqpsk_mem_imag_reg[629][0]/D
                                2.13           2.08 f        -0.05  (VIOLATED)
   dqpsk_mem_imag_reg[630][0]/D
                                2.13           2.08 f        -0.05  (VIOLATED)
   dqpsk_mem_imag_reg[631][0]/D
                                2.13           2.08 f        -0.05  (VIOLATED)
   dqpsk_mem_imag_reg[632][0]/D
                                2.13           2.08 f        -0.05  (VIOLATED)
   dqpsk_mem_imag_reg[633][0]/D
                                2.13           2.08 f        -0.05  (VIOLATED)
   dqpsk_mem_imag_reg[634][0]/D
                                2.13           2.08 f        -0.05  (VIOLATED)
   dqpsk_mem_imag_reg[635][0]/D
                                2.13           2.08 f        -0.05  (VIOLATED)
   dqpsk_mem_imag_reg[636][0]/D
                                2.13           2.08 f        -0.05  (VIOLATED)
   dqpsk_mem_imag_reg[637][0]/D
                                2.13           2.08 f        -0.05  (VIOLATED)
   dqpsk_mem_imag_reg[638][0]/D
                                2.13           2.08 f        -0.05  (VIOLATED)
   dqpsk_mem_imag_reg[639][0]/D
                                2.13           2.08 f        -0.05  (VIOLATED)
   dqpsk_mem_imag_reg[640][0]/D
                                2.13           2.08 f        -0.05  (VIOLATED)
   dqpsk_mem_imag_reg[641][0]/D
                                2.13           2.08 f        -0.05  (VIOLATED)
   dqpsk_mem_imag_reg[642][0]/D
                                2.13           2.08 f        -0.05  (VIOLATED)
   dqpsk_mem_imag_reg[643][0]/D
                                2.13           2.08 f        -0.05  (VIOLATED)
   dqpsk_mem_imag_reg[644][0]/D
                                2.13           2.08 f        -0.05  (VIOLATED)
   dqpsk_mem_imag_reg[645][0]/D
                                2.13           2.08 f        -0.05  (VIOLATED)
   dqpsk_mem_imag_reg[646][0]/D
                                2.13           2.08 f        -0.05  (VIOLATED)
   dqpsk_mem_imag_reg[647][0]/D
                                2.13           2.08 f        -0.05  (VIOLATED)
   dqpsk_mem_imag_reg[648][0]/D
                                2.13           2.08 f        -0.05  (VIOLATED)
   dqpsk_mem_imag_reg[649][0]/D
                                2.13           2.08 f        -0.05  (VIOLATED)
   dqpsk_mem_imag_reg[650][0]/D
                                2.13           2.08 f        -0.05  (VIOLATED)
   dqpsk_mem_imag_reg[651][0]/D
                                2.13           2.08 f        -0.05  (VIOLATED)
   dqpsk_mem_imag_reg[652][0]/D
                                2.13           2.08 f        -0.05  (VIOLATED)
   dqpsk_mem_imag_reg[653][0]/D
                                2.13           2.08 f        -0.05  (VIOLATED)
   dqpsk_mem_imag_reg[654][0]/D
                                2.13           2.08 f        -0.05  (VIOLATED)
   dqpsk_mem_imag_reg[655][0]/D
                                2.13           2.08 f        -0.05  (VIOLATED)
   dqpsk_mem_imag_reg[656][0]/D
                                2.13           2.08 f        -0.05  (VIOLATED)
   dqpsk_mem_imag_reg[657][0]/D
                                2.13           2.08 f        -0.05  (VIOLATED)
   dqpsk_mem_imag_reg[658][0]/D
                                2.13           2.08 f        -0.05  (VIOLATED)
   dqpsk_mem_imag_reg[659][0]/D
                                2.13           2.08 f        -0.05  (VIOLATED)
   dqpsk_mem_imag_reg[660][0]/D
                                2.13           2.08 f        -0.05  (VIOLATED)
   dqpsk_mem_imag_reg[661][0]/D
                                2.13           2.08 f        -0.05  (VIOLATED)
   dqpsk_mem_imag_reg[662][0]/D
                                2.13           2.08 f        -0.05  (VIOLATED)
   dqpsk_mem_imag_reg[663][0]/D
                                2.13           2.08 f        -0.05  (VIOLATED)
   dqpsk_mem_imag_reg[664][0]/D
                                2.13           2.08 f        -0.05  (VIOLATED)
   dqpsk_mem_imag_reg[665][0]/D
                                2.13           2.08 f        -0.05  (VIOLATED)
   dqpsk_mem_imag_reg[666][0]/D
                                2.13           2.08 f        -0.05  (VIOLATED)
   dqpsk_mem_imag_reg[667][0]/D
                                2.13           2.08 f        -0.05  (VIOLATED)
   dqpsk_mem_imag_reg[668][0]/D
                                2.13           2.08 f        -0.05  (VIOLATED)
   dqpsk_mem_imag_reg[669][0]/D
                                2.13           2.08 f        -0.05  (VIOLATED)
   dqpsk_mem_imag_reg[670][0]/D
                                2.13           2.08 f        -0.05  (VIOLATED)
   dqpsk_mem_imag_reg[671][0]/D
                                2.13           2.08 f        -0.05  (VIOLATED)
   dqpsk_mem_imag_reg[672][0]/D
                                2.13           2.08 f        -0.05  (VIOLATED)
   dqpsk_mem_imag_reg[673][0]/D
                                2.13           2.08 f        -0.05  (VIOLATED)
   dqpsk_mem_imag_reg[674][0]/D
                                2.13           2.08 f        -0.05  (VIOLATED)
   dqpsk_mem_imag_reg[675][0]/D
                                2.13           2.08 f        -0.05  (VIOLATED)
   dqpsk_mem_imag_reg[676][0]/D
                                2.13           2.08 f        -0.05  (VIOLATED)
   dqpsk_mem_imag_reg[677][0]/D
                                2.13           2.08 f        -0.05  (VIOLATED)
   dqpsk_mem_imag_reg[678][0]/D
                                2.13           2.08 f        -0.05  (VIOLATED)
   dqpsk_mem_imag_reg[679][0]/D
                                2.13           2.08 f        -0.05  (VIOLATED)
   dqpsk_mem_imag_reg[680][0]/D
                                2.13           2.08 f        -0.05  (VIOLATED)
   dqpsk_mem_imag_reg[681][0]/D
                                2.13           2.08 f        -0.05  (VIOLATED)
   dqpsk_mem_imag_reg[682][0]/D
                                2.13           2.08 f        -0.05  (VIOLATED)
   dqpsk_mem_imag_reg[683][0]/D
                                2.13           2.08 f        -0.05  (VIOLATED)
   dqpsk_mem_imag_reg[684][0]/D
                                2.13           2.08 f        -0.05  (VIOLATED)
   dqpsk_mem_imag_reg[685][0]/D
                                2.13           2.08 f        -0.05  (VIOLATED)
   dqpsk_mem_imag_reg[686][0]/D
                                2.13           2.08 f        -0.05  (VIOLATED)
   dqpsk_mem_imag_reg[687][0]/D
                                2.13           2.08 f        -0.05  (VIOLATED)
   dqpsk_mem_imag_reg[688][0]/D
                                2.13           2.08 f        -0.05  (VIOLATED)
   dqpsk_mem_imag_reg[689][0]/D
                                2.13           2.08 f        -0.05  (VIOLATED)
   dqpsk_mem_imag_reg[690][0]/D
                                2.13           2.08 f        -0.05  (VIOLATED)
   dqpsk_mem_imag_reg[691][0]/D
                                2.13           2.08 f        -0.05  (VIOLATED)
   dqpsk_mem_imag_reg[692][0]/D
                                2.13           2.08 f        -0.05  (VIOLATED)
   dqpsk_mem_imag_reg[693][0]/D
                                2.13           2.08 f        -0.05  (VIOLATED)
   dqpsk_mem_imag_reg[694][0]/D
                                2.13           2.08 f        -0.05  (VIOLATED)
   dqpsk_mem_imag_reg[695][0]/D
                                2.13           2.08 f        -0.05  (VIOLATED)
   dqpsk_mem_imag_reg[696][0]/D
                                2.13           2.08 f        -0.05  (VIOLATED)
   dqpsk_mem_imag_reg[697][0]/D
                                2.13           2.08 f        -0.05  (VIOLATED)
   dqpsk_mem_imag_reg[698][0]/D
                                2.13           2.08 f        -0.05  (VIOLATED)
   dqpsk_mem_imag_reg[699][0]/D
                                2.13           2.08 f        -0.05  (VIOLATED)
   dqpsk_mem_imag_reg[700][0]/D
                                2.13           2.08 f        -0.05  (VIOLATED)
   dqpsk_mem_imag_reg[701][0]/D
                                2.13           2.08 f        -0.05  (VIOLATED)
   dqpsk_mem_imag_reg[702][0]/D
                                2.13           2.08 f        -0.05  (VIOLATED)
   dqpsk_mem_imag_reg[703][0]/D
                                2.13           2.08 f        -0.05  (VIOLATED)
   dqpsk_mem_imag_reg[704][0]/D
                                2.13           2.08 f        -0.05  (VIOLATED)
   dqpsk_mem_imag_reg[705][0]/D
                                2.13           2.08 f        -0.05  (VIOLATED)
   dqpsk_mem_imag_reg[706][0]/D
                                2.13           2.08 f        -0.05  (VIOLATED)
   dqpsk_mem_imag_reg[707][0]/D
                                2.13           2.08 f        -0.05  (VIOLATED)
   dqpsk_mem_imag_reg[708][0]/D
                                2.13           2.08 f        -0.05  (VIOLATED)
   dqpsk_mem_imag_reg[709][0]/D
                                2.13           2.08 f        -0.05  (VIOLATED)
   dqpsk_mem_imag_reg[710][0]/D
                                2.13           2.08 f        -0.05  (VIOLATED)
   dqpsk_mem_imag_reg[711][0]/D
                                2.13           2.08 f        -0.05  (VIOLATED)
   dqpsk_mem_imag_reg[712][0]/D
                                2.13           2.08 f        -0.05  (VIOLATED)
   dqpsk_mem_imag_reg[713][0]/D
                                2.13           2.08 f        -0.05  (VIOLATED)
   dqpsk_mem_imag_reg[714][0]/D
                                2.13           2.08 f        -0.05  (VIOLATED)
   dqpsk_mem_imag_reg[715][0]/D
                                2.13           2.08 f        -0.05  (VIOLATED)
   dqpsk_mem_imag_reg[716][0]/D
                                2.13           2.08 f        -0.05  (VIOLATED)
   dqpsk_mem_imag_reg[717][0]/D
                                2.13           2.08 f        -0.05  (VIOLATED)
   dqpsk_mem_imag_reg[718][0]/D
                                2.13           2.08 f        -0.05  (VIOLATED)
   dqpsk_mem_imag_reg[719][0]/D
                                2.13           2.08 f        -0.05  (VIOLATED)
   dqpsk_mem_imag_reg[720][0]/D
                                2.13           2.08 f        -0.05  (VIOLATED)
   dqpsk_mem_imag_reg[721][0]/D
                                2.13           2.08 f        -0.05  (VIOLATED)
   dqpsk_mem_imag_reg[722][0]/D
                                2.13           2.08 f        -0.05  (VIOLATED)
   dqpsk_mem_imag_reg[723][0]/D
                                2.13           2.08 f        -0.05  (VIOLATED)
   dqpsk_mem_imag_reg[724][0]/D
                                2.13           2.08 f        -0.05  (VIOLATED)
   dqpsk_mem_imag_reg[725][0]/D
                                2.13           2.08 f        -0.05  (VIOLATED)
   dqpsk_mem_imag_reg[726][0]/D
                                2.13           2.08 f        -0.05  (VIOLATED)
   dqpsk_mem_imag_reg[727][0]/D
                                2.13           2.08 f        -0.05  (VIOLATED)
   dqpsk_mem_imag_reg[728][0]/D
                                2.13           2.08 f        -0.05  (VIOLATED)
   dqpsk_mem_imag_reg[729][0]/D
                                2.13           2.08 f        -0.05  (VIOLATED)
   dqpsk_mem_imag_reg[730][0]/D
                                2.13           2.08 f        -0.05  (VIOLATED)
   dqpsk_mem_imag_reg[731][0]/D
                                2.13           2.08 f        -0.05  (VIOLATED)
   dqpsk_mem_imag_reg[732][0]/D
                                2.13           2.08 f        -0.05  (VIOLATED)
   dqpsk_mem_imag_reg[733][0]/D
                                2.13           2.08 f        -0.05  (VIOLATED)
   dqpsk_mem_imag_reg[734][0]/D
                                2.13           2.08 f        -0.05  (VIOLATED)
   dqpsk_mem_imag_reg[735][0]/D
                                2.13           2.08 f        -0.05  (VIOLATED)
   dqpsk_mem_imag_reg[736][0]/D
                                2.13           2.08 f        -0.05  (VIOLATED)
   dqpsk_mem_imag_reg[737][0]/D
                                2.13           2.08 f        -0.05  (VIOLATED)
   dqpsk_mem_imag_reg[738][0]/D
                                2.13           2.08 f        -0.05  (VIOLATED)
   dqpsk_mem_imag_reg[739][0]/D
                                2.13           2.08 f        -0.05  (VIOLATED)
   dqpsk_mem_imag_reg[740][0]/D
                                2.13           2.08 f        -0.05  (VIOLATED)
   dqpsk_mem_imag_reg[741][0]/D
                                2.13           2.08 f        -0.05  (VIOLATED)
   dqpsk_mem_imag_reg[742][0]/D
                                2.13           2.08 f        -0.05  (VIOLATED)
   dqpsk_mem_imag_reg[743][0]/D
                                2.13           2.08 f        -0.05  (VIOLATED)
   dqpsk_mem_imag_reg[744][0]/D
                                2.13           2.08 f        -0.05  (VIOLATED)
   dqpsk_mem_imag_reg[745][0]/D
                                2.13           2.08 f        -0.05  (VIOLATED)
   dqpsk_mem_imag_reg[746][0]/D
                                2.13           2.08 f        -0.05  (VIOLATED)
   dqpsk_mem_imag_reg[747][0]/D
                                2.13           2.08 f        -0.05  (VIOLATED)
   dqpsk_mem_imag_reg[748][0]/D
                                2.13           2.08 f        -0.05  (VIOLATED)
   dqpsk_mem_imag_reg[749][0]/D
                                2.13           2.08 f        -0.05  (VIOLATED)
   dqpsk_mem_imag_reg[750][0]/D
                                2.13           2.08 f        -0.05  (VIOLATED)
   dqpsk_mem_imag_reg[751][0]/D
                                2.13           2.08 f        -0.05  (VIOLATED)
   dqpsk_mem_imag_reg[752][0]/D
                                2.13           2.08 f        -0.05  (VIOLATED)
   dqpsk_mem_imag_reg[753][0]/D
                                2.13           2.08 f        -0.05  (VIOLATED)
   dqpsk_mem_imag_reg[754][0]/D
                                2.13           2.08 f        -0.05  (VIOLATED)
   dqpsk_mem_imag_reg[755][0]/D
                                2.13           2.08 f        -0.05  (VIOLATED)
   dqpsk_mem_imag_reg[756][0]/D
                                2.13           2.08 f        -0.05  (VIOLATED)
   dqpsk_mem_imag_reg[757][0]/D
                                2.13           2.08 f        -0.05  (VIOLATED)
   dqpsk_mem_imag_reg[758][0]/D
                                2.13           2.08 f        -0.05  (VIOLATED)
   dqpsk_mem_imag_reg[759][0]/D
                                2.13           2.08 f        -0.05  (VIOLATED)
   dqpsk_mem_imag_reg[760][0]/D
                                2.13           2.08 f        -0.05  (VIOLATED)
   dqpsk_mem_imag_reg[761][0]/D
                                2.13           2.08 f        -0.05  (VIOLATED)
   dqpsk_mem_imag_reg[762][0]/D
                                2.13           2.08 f        -0.05  (VIOLATED)
   dqpsk_mem_imag_reg[763][0]/D
                                2.13           2.08 f        -0.05  (VIOLATED)
   dqpsk_mem_imag_reg[764][0]/D
                                2.13           2.08 f        -0.05  (VIOLATED)
   dqpsk_mem_imag_reg[765][0]/D
                                2.13           2.08 f        -0.05  (VIOLATED)
   dqpsk_mem_imag_reg[766][0]/D
                                2.13           2.08 f        -0.05  (VIOLATED)
   dqpsk_mem_imag_reg[767][0]/D
                                2.13           2.08 f        -0.05  (VIOLATED)
   dqpsk_mem_imag_reg[768][0]/D
                                2.13           2.08 f        -0.05  (VIOLATED)
   dqpsk_mem_imag_reg[769][0]/D
                                2.13           2.08 f        -0.05  (VIOLATED)
   dqpsk_mem_imag_reg[770][0]/D
                                2.13           2.08 f        -0.05  (VIOLATED)
   dqpsk_mem_imag_reg[771][0]/D
                                2.13           2.08 f        -0.05  (VIOLATED)
   dqpsk_mem_imag_reg[772][0]/D
                                2.13           2.08 f        -0.05  (VIOLATED)
   dqpsk_mem_imag_reg[773][0]/D
                                2.13           2.08 f        -0.05  (VIOLATED)
   dqpsk_mem_imag_reg[774][0]/D
                                2.13           2.08 f        -0.05  (VIOLATED)
   dqpsk_mem_imag_reg[775][0]/D
                                2.13           2.08 f        -0.05  (VIOLATED)
   dqpsk_mem_imag_reg[776][0]/D
                                2.13           2.08 f        -0.05  (VIOLATED)
   dqpsk_mem_imag_reg[777][0]/D
                                2.13           2.08 f        -0.05  (VIOLATED)
   dqpsk_mem_imag_reg[778][0]/D
                                2.13           2.08 f        -0.05  (VIOLATED)
   dqpsk_mem_imag_reg[779][0]/D
                                2.13           2.08 f        -0.05  (VIOLATED)
   dqpsk_mem_imag_reg[780][0]/D
                                2.13           2.08 f        -0.05  (VIOLATED)
   dqpsk_mem_imag_reg[781][0]/D
                                2.13           2.08 f        -0.05  (VIOLATED)
   dqpsk_mem_imag_reg[782][0]/D
                                2.13           2.08 f        -0.05  (VIOLATED)
   dqpsk_mem_imag_reg[783][0]/D
                                2.13           2.08 f        -0.05  (VIOLATED)
   dqpsk_mem_imag_reg[784][0]/D
                                2.13           2.08 f        -0.05  (VIOLATED)
   dqpsk_mem_imag_reg[785][0]/D
                                2.13           2.08 f        -0.05  (VIOLATED)
   dqpsk_mem_imag_reg[786][0]/D
                                2.13           2.08 f        -0.05  (VIOLATED)
   dqpsk_mem_imag_reg[787][0]/D
                                2.13           2.08 f        -0.05  (VIOLATED)
   dqpsk_mem_imag_reg[788][0]/D
                                2.13           2.08 f        -0.05  (VIOLATED)
   dqpsk_mem_imag_reg[789][0]/D
                                2.13           2.08 f        -0.05  (VIOLATED)
   dqpsk_mem_imag_reg[790][0]/D
                                2.13           2.08 f        -0.05  (VIOLATED)
   dqpsk_mem_imag_reg[791][0]/D
                                2.13           2.08 f        -0.05  (VIOLATED)
   dqpsk_mem_imag_reg[792][0]/D
                                2.13           2.08 f        -0.05  (VIOLATED)
   dqpsk_mem_imag_reg[793][0]/D
                                2.13           2.08 f        -0.05  (VIOLATED)
   dqpsk_mem_imag_reg[794][0]/D
                                2.13           2.08 f        -0.05  (VIOLATED)
   dqpsk_mem_imag_reg[795][0]/D
                                2.13           2.08 f        -0.05  (VIOLATED)
   dqpsk_mem_imag_reg[796][0]/D
                                2.13           2.08 f        -0.05  (VIOLATED)
   dqpsk_mem_imag_reg[797][0]/D
                                2.13           2.08 f        -0.05  (VIOLATED)
   dqpsk_mem_imag_reg[798][0]/D
                                2.13           2.08 f        -0.05  (VIOLATED)
   dqpsk_mem_imag_reg[799][0]/D
                                2.13           2.08 f        -0.05  (VIOLATED)
   dqpsk_mem_imag_reg[800][0]/D
                                2.13           2.08 f        -0.05  (VIOLATED)
   dqpsk_mem_imag_reg[801][0]/D
                                2.13           2.08 f        -0.05  (VIOLATED)
   dqpsk_mem_imag_reg[802][0]/D
                                2.13           2.08 f        -0.05  (VIOLATED)
   dqpsk_mem_imag_reg[803][0]/D
                                2.13           2.08 f        -0.05  (VIOLATED)
   dqpsk_mem_imag_reg[804][0]/D
                                2.13           2.08 f        -0.05  (VIOLATED)
   dqpsk_mem_imag_reg[805][0]/D
                                2.13           2.08 f        -0.05  (VIOLATED)
   dqpsk_mem_imag_reg[806][0]/D
                                2.13           2.08 f        -0.05  (VIOLATED)
   dqpsk_mem_imag_reg[807][0]/D
                                2.13           2.08 f        -0.05  (VIOLATED)
   dqpsk_mem_imag_reg[808][0]/D
                                2.13           2.08 f        -0.05  (VIOLATED)
   dqpsk_mem_imag_reg[809][0]/D
                                2.13           2.08 f        -0.05  (VIOLATED)
   dqpsk_mem_imag_reg[810][0]/D
                                2.13           2.08 f        -0.05  (VIOLATED)
   dqpsk_mem_imag_reg[811][0]/D
                                2.13           2.08 f        -0.05  (VIOLATED)
   dqpsk_mem_imag_reg[812][0]/D
                                2.13           2.08 f        -0.05  (VIOLATED)
   dqpsk_mem_imag_reg[813][0]/D
                                2.13           2.08 f        -0.05  (VIOLATED)
   dqpsk_mem_imag_reg[814][0]/D
                                2.13           2.08 f        -0.05  (VIOLATED)
   dqpsk_mem_imag_reg[815][0]/D
                                2.13           2.08 f        -0.05  (VIOLATED)
   dqpsk_mem_imag_reg[816][0]/D
                                2.13           2.08 f        -0.05  (VIOLATED)
   dqpsk_mem_imag_reg[817][0]/D
                                2.13           2.08 f        -0.05  (VIOLATED)
   dqpsk_mem_imag_reg[818][0]/D
                                2.13           2.08 f        -0.05  (VIOLATED)
   dqpsk_mem_imag_reg[819][0]/D
                                2.13           2.08 f        -0.05  (VIOLATED)
   dqpsk_mem_imag_reg[820][0]/D
                                2.13           2.08 f        -0.05  (VIOLATED)
   dqpsk_mem_imag_reg[821][0]/D
                                2.13           2.08 f        -0.05  (VIOLATED)
   dqpsk_mem_imag_reg[822][0]/D
                                2.13           2.08 f        -0.05  (VIOLATED)
   dqpsk_mem_imag_reg[823][0]/D
                                2.13           2.08 f        -0.05  (VIOLATED)
   dqpsk_mem_imag_reg[824][0]/D
                                2.13           2.08 f        -0.05  (VIOLATED)
   dqpsk_mem_imag_reg[825][0]/D
                                2.13           2.08 f        -0.05  (VIOLATED)
   dqpsk_mem_imag_reg[826][0]/D
                                2.13           2.08 f        -0.05  (VIOLATED)
   dqpsk_mem_imag_reg[827][0]/D
                                2.13           2.08 f        -0.05  (VIOLATED)
   dqpsk_mem_imag_reg[828][0]/D
                                2.13           2.08 f        -0.05  (VIOLATED)
   dqpsk_mem_imag_reg[829][0]/D
                                2.13           2.08 f        -0.05  (VIOLATED)
   dqpsk_mem_imag_reg[830][0]/D
                                2.13           2.08 f        -0.05  (VIOLATED)
   dqpsk_mem_imag_reg[831][0]/D
                                2.13           2.08 f        -0.05  (VIOLATED)
   dqpsk_mem_imag_reg[832][0]/D
                                2.13           2.08 f        -0.05  (VIOLATED)
   dqpsk_mem_imag_reg[833][0]/D
                                2.13           2.08 f        -0.05  (VIOLATED)
   dqpsk_mem_imag_reg[834][0]/D
                                2.13           2.08 f        -0.05  (VIOLATED)
   dqpsk_mem_imag_reg[835][0]/D
                                2.13           2.08 f        -0.05  (VIOLATED)
   dqpsk_mem_imag_reg[836][0]/D
                                2.13           2.08 f        -0.05  (VIOLATED)
   dqpsk_mem_imag_reg[837][0]/D
                                2.13           2.08 f        -0.05  (VIOLATED)
   dqpsk_mem_imag_reg[838][0]/D
                                2.13           2.08 f        -0.05  (VIOLATED)
   dqpsk_mem_imag_reg[839][0]/D
                                2.13           2.08 f        -0.05  (VIOLATED)
   dqpsk_mem_imag_reg[840][0]/D
                                2.13           2.08 f        -0.05  (VIOLATED)
   dqpsk_mem_imag_reg[841][0]/D
                                2.13           2.08 f        -0.05  (VIOLATED)
   dqpsk_mem_imag_reg[842][0]/D
                                2.13           2.08 f        -0.05  (VIOLATED)
   dqpsk_mem_imag_reg[843][0]/D
                                2.13           2.08 f        -0.05  (VIOLATED)
   dqpsk_mem_imag_reg[844][0]/D
                                2.13           2.08 f        -0.05  (VIOLATED)
   dqpsk_mem_imag_reg[845][0]/D
                                2.13           2.08 f        -0.05  (VIOLATED)
   dqpsk_mem_imag_reg[846][0]/D
                                2.13           2.08 f        -0.05  (VIOLATED)
   dqpsk_mem_imag_reg[847][0]/D
                                2.13           2.08 f        -0.05  (VIOLATED)
   dqpsk_mem_imag_reg[848][0]/D
                                2.13           2.08 f        -0.05  (VIOLATED)
   dqpsk_mem_imag_reg[849][0]/D
                                2.13           2.08 f        -0.05  (VIOLATED)
   dqpsk_mem_imag_reg[850][0]/D
                                2.13           2.08 f        -0.05  (VIOLATED)
   dqpsk_mem_imag_reg[851][0]/D
                                2.13           2.08 f        -0.05  (VIOLATED)
   dqpsk_mem_imag_reg[852][0]/D
                                2.13           2.08 f        -0.05  (VIOLATED)
   dqpsk_mem_imag_reg[853][0]/D
                                2.13           2.08 f        -0.05  (VIOLATED)
   dqpsk_mem_imag_reg[854][0]/D
                                2.13           2.08 f        -0.05  (VIOLATED)
   dqpsk_mem_imag_reg[855][0]/D
                                2.13           2.08 f        -0.05  (VIOLATED)
   dqpsk_mem_imag_reg[856][0]/D
                                2.13           2.08 f        -0.05  (VIOLATED)
   dqpsk_mem_imag_reg[857][0]/D
                                2.13           2.08 f        -0.05  (VIOLATED)
   dqpsk_mem_imag_reg[858][0]/D
                                2.13           2.08 f        -0.05  (VIOLATED)
   dqpsk_mem_imag_reg[859][0]/D
                                2.13           2.08 f        -0.05  (VIOLATED)
   dqpsk_mem_imag_reg[860][0]/D
                                2.13           2.08 f        -0.05  (VIOLATED)
   dqpsk_mem_imag_reg[861][0]/D
                                2.13           2.08 f        -0.05  (VIOLATED)
   dqpsk_mem_imag_reg[862][0]/D
                                2.13           2.08 f        -0.05  (VIOLATED)
   dqpsk_mem_imag_reg[863][0]/D
                                2.13           2.08 f        -0.05  (VIOLATED)
   dqpsk_mem_imag_reg[864][0]/D
                                2.13           2.08 f        -0.05  (VIOLATED)
   dqpsk_mem_imag_reg[865][0]/D
                                2.13           2.08 f        -0.05  (VIOLATED)
   dqpsk_mem_imag_reg[866][0]/D
                                2.13           2.08 f        -0.05  (VIOLATED)
   dqpsk_mem_imag_reg[867][0]/D
                                2.13           2.08 f        -0.05  (VIOLATED)
   dqpsk_mem_imag_reg[868][0]/D
                                2.13           2.08 f        -0.05  (VIOLATED)
   dqpsk_mem_imag_reg[869][0]/D
                                2.13           2.08 f        -0.05  (VIOLATED)
   dqpsk_mem_imag_reg[870][0]/D
                                2.13           2.08 f        -0.05  (VIOLATED)
   dqpsk_mem_imag_reg[871][0]/D
                                2.13           2.08 f        -0.05  (VIOLATED)
   dqpsk_mem_imag_reg[872][0]/D
                                2.13           2.08 f        -0.05  (VIOLATED)
   dqpsk_mem_imag_reg[873][0]/D
                                2.13           2.08 f        -0.05  (VIOLATED)
   dqpsk_mem_imag_reg[874][0]/D
                                2.13           2.08 f        -0.05  (VIOLATED)
   dqpsk_mem_imag_reg[875][0]/D
                                2.13           2.08 f        -0.05  (VIOLATED)
   dqpsk_mem_imag_reg[876][0]/D
                                2.13           2.08 f        -0.05  (VIOLATED)
   dqpsk_mem_imag_reg[877][0]/D
                                2.13           2.08 f        -0.05  (VIOLATED)
   dqpsk_mem_imag_reg[878][0]/D
                                2.13           2.08 f        -0.05  (VIOLATED)
   dqpsk_mem_imag_reg[879][0]/D
                                2.13           2.08 f        -0.05  (VIOLATED)
   dqpsk_mem_imag_reg[880][0]/D
                                2.13           2.08 f        -0.05  (VIOLATED)
   dqpsk_mem_imag_reg[881][0]/D
                                2.13           2.08 f        -0.05  (VIOLATED)
   dqpsk_mem_imag_reg[882][0]/D
                                2.13           2.08 f        -0.05  (VIOLATED)
   dqpsk_mem_imag_reg[883][0]/D
                                2.13           2.08 f        -0.05  (VIOLATED)
   dqpsk_mem_imag_reg[884][0]/D
                                2.13           2.08 f        -0.05  (VIOLATED)
   dqpsk_mem_imag_reg[885][0]/D
                                2.13           2.08 f        -0.05  (VIOLATED)
   dqpsk_mem_imag_reg[886][0]/D
                                2.13           2.08 f        -0.05  (VIOLATED)
   dqpsk_mem_imag_reg[887][0]/D
                                2.13           2.08 f        -0.05  (VIOLATED)
   dqpsk_mem_imag_reg[888][0]/D
                                2.13           2.08 f        -0.05  (VIOLATED)
   dqpsk_mem_imag_reg[889][0]/D
                                2.13           2.08 f        -0.05  (VIOLATED)
   dqpsk_mem_imag_reg[890][0]/D
                                2.13           2.08 f        -0.05  (VIOLATED)
   dqpsk_mem_imag_reg[891][0]/D
                                2.13           2.08 f        -0.05  (VIOLATED)
   dqpsk_mem_imag_reg[892][0]/D
                                2.13           2.08 f        -0.05  (VIOLATED)
   dqpsk_mem_imag_reg[893][0]/D
                                2.13           2.08 f        -0.05  (VIOLATED)
   dqpsk_mem_imag_reg[894][0]/D
                                2.13           2.08 f        -0.05  (VIOLATED)
   dqpsk_mem_imag_reg[895][0]/D
                                2.13           2.08 f        -0.05  (VIOLATED)
   dqpsk_mem_imag_reg[896][0]/D
                                2.13           2.08 f        -0.05  (VIOLATED)
   dqpsk_mem_imag_reg[897][0]/D
                                2.13           2.08 f        -0.05  (VIOLATED)
   dqpsk_mem_imag_reg[898][0]/D
                                2.13           2.08 f        -0.05  (VIOLATED)
   dqpsk_mem_imag_reg[899][0]/D
                                2.13           2.08 f        -0.05  (VIOLATED)
   dqpsk_mem_imag_reg[900][0]/D
                                2.13           2.08 f        -0.05  (VIOLATED)
   dqpsk_mem_imag_reg[901][0]/D
                                2.13           2.08 f        -0.05  (VIOLATED)
   dqpsk_mem_imag_reg[902][0]/D
                                2.13           2.08 f        -0.05  (VIOLATED)
   dqpsk_mem_imag_reg[903][0]/D
                                2.13           2.08 f        -0.05  (VIOLATED)
   dqpsk_mem_imag_reg[904][0]/D
                                2.13           2.08 f        -0.05  (VIOLATED)
   dqpsk_mem_imag_reg[905][0]/D
                                2.13           2.08 f        -0.05  (VIOLATED)
   dqpsk_mem_imag_reg[906][0]/D
                                2.13           2.08 f        -0.05  (VIOLATED)
   dqpsk_mem_imag_reg[907][0]/D
                                2.13           2.08 f        -0.05  (VIOLATED)
   dqpsk_mem_imag_reg[908][0]/D
                                2.13           2.08 f        -0.05  (VIOLATED)
   dqpsk_mem_imag_reg[909][0]/D
                                2.13           2.08 f        -0.05  (VIOLATED)
   dqpsk_mem_imag_reg[910][0]/D
                                2.13           2.08 f        -0.05  (VIOLATED)
   dqpsk_mem_imag_reg[911][0]/D
                                2.13           2.08 f        -0.05  (VIOLATED)
   dqpsk_mem_imag_reg[912][0]/D
                                2.13           2.08 f        -0.05  (VIOLATED)
   dqpsk_mem_imag_reg[913][0]/D
                                2.13           2.08 f        -0.05  (VIOLATED)
   dqpsk_mem_imag_reg[914][0]/D
                                2.13           2.08 f        -0.05  (VIOLATED)
   dqpsk_mem_imag_reg[915][0]/D
                                2.13           2.08 f        -0.05  (VIOLATED)
   dqpsk_mem_imag_reg[916][0]/D
                                2.13           2.08 f        -0.05  (VIOLATED)
   dqpsk_mem_imag_reg[917][0]/D
                                2.13           2.08 f        -0.05  (VIOLATED)
   dqpsk_mem_imag_reg[918][0]/D
                                2.13           2.08 f        -0.05  (VIOLATED)
   dqpsk_mem_imag_reg[919][0]/D
                                2.13           2.08 f        -0.05  (VIOLATED)
   dqpsk_mem_imag_reg[920][0]/D
                                2.13           2.08 f        -0.05  (VIOLATED)
   dqpsk_mem_imag_reg[921][0]/D
                                2.13           2.08 f        -0.05  (VIOLATED)
   dqpsk_mem_imag_reg[922][0]/D
                                2.13           2.08 f        -0.05  (VIOLATED)
   dqpsk_mem_imag_reg[923][0]/D
                                2.13           2.08 f        -0.05  (VIOLATED)
   dqpsk_mem_imag_reg[924][0]/D
                                2.13           2.08 f        -0.05  (VIOLATED)
   dqpsk_mem_imag_reg[925][0]/D
                                2.13           2.08 f        -0.05  (VIOLATED)
   dqpsk_mem_imag_reg[926][0]/D
                                2.13           2.08 f        -0.05  (VIOLATED)
   dqpsk_mem_imag_reg[927][0]/D
                                2.13           2.08 f        -0.05  (VIOLATED)
   dqpsk_mem_imag_reg[928][0]/D
                                2.13           2.08 f        -0.05  (VIOLATED)
   dqpsk_mem_imag_reg[929][0]/D
                                2.13           2.08 f        -0.05  (VIOLATED)
   dqpsk_mem_imag_reg[930][0]/D
                                2.13           2.08 f        -0.05  (VIOLATED)
   dqpsk_mem_imag_reg[931][0]/D
                                2.13           2.08 f        -0.05  (VIOLATED)
   dqpsk_mem_imag_reg[932][0]/D
                                2.13           2.08 f        -0.05  (VIOLATED)
   dqpsk_mem_imag_reg[933][0]/D
                                2.13           2.08 f        -0.05  (VIOLATED)
   dqpsk_mem_imag_reg[934][0]/D
                                2.13           2.08 f        -0.05  (VIOLATED)
   dqpsk_mem_imag_reg[935][0]/D
                                2.13           2.08 f        -0.05  (VIOLATED)
   dqpsk_mem_imag_reg[936][0]/D
                                2.13           2.08 f        -0.05  (VIOLATED)
   dqpsk_mem_imag_reg[937][0]/D
                                2.13           2.08 f        -0.05  (VIOLATED)
   dqpsk_mem_imag_reg[938][0]/D
                                2.13           2.08 f        -0.05  (VIOLATED)
   dqpsk_mem_imag_reg[939][0]/D
                                2.13           2.08 f        -0.05  (VIOLATED)
   dqpsk_mem_imag_reg[940][0]/D
                                2.13           2.08 f        -0.05  (VIOLATED)
   dqpsk_mem_imag_reg[941][0]/D
                                2.13           2.08 f        -0.05  (VIOLATED)
   dqpsk_mem_imag_reg[942][0]/D
                                2.13           2.08 f        -0.05  (VIOLATED)
   dqpsk_mem_imag_reg[943][0]/D
                                2.13           2.08 f        -0.05  (VIOLATED)
   dqpsk_mem_imag_reg[944][0]/D
                                2.13           2.08 f        -0.05  (VIOLATED)
   dqpsk_mem_imag_reg[945][0]/D
                                2.13           2.08 f        -0.05  (VIOLATED)
   dqpsk_mem_imag_reg[946][0]/D
                                2.13           2.08 f        -0.05  (VIOLATED)
   dqpsk_mem_imag_reg[947][0]/D
                                2.13           2.08 f        -0.05  (VIOLATED)
   dqpsk_mem_imag_reg[948][0]/D
                                2.13           2.08 f        -0.05  (VIOLATED)
   dqpsk_mem_imag_reg[949][0]/D
                                2.13           2.08 f        -0.05  (VIOLATED)
   dqpsk_mem_imag_reg[950][0]/D
                                2.13           2.08 f        -0.05  (VIOLATED)
   dqpsk_mem_imag_reg[951][0]/D
                                2.13           2.08 f        -0.05  (VIOLATED)
   dqpsk_mem_imag_reg[952][0]/D
                                2.13           2.08 f        -0.05  (VIOLATED)
   dqpsk_mem_imag_reg[953][0]/D
                                2.13           2.08 f        -0.05  (VIOLATED)
   dqpsk_mem_imag_reg[954][0]/D
                                2.13           2.08 f        -0.05  (VIOLATED)
   dqpsk_mem_imag_reg[955][0]/D
                                2.13           2.08 f        -0.05  (VIOLATED)
   dqpsk_mem_imag_reg[956][0]/D
                                2.13           2.08 f        -0.05  (VIOLATED)
   dqpsk_mem_imag_reg[957][0]/D
                                2.13           2.08 f        -0.05  (VIOLATED)
   dqpsk_mem_imag_reg[958][0]/D
                                2.13           2.08 f        -0.05  (VIOLATED)
   dqpsk_mem_imag_reg[959][0]/D
                                2.13           2.08 f        -0.05  (VIOLATED)
   dqpsk_mem_imag_reg[960][0]/D
                                2.13           2.08 f        -0.05  (VIOLATED)
   dqpsk_mem_imag_reg[961][0]/D
                                2.13           2.08 f        -0.05  (VIOLATED)
   dqpsk_mem_imag_reg[962][0]/D
                                2.13           2.08 f        -0.05  (VIOLATED)
   dqpsk_mem_imag_reg[963][0]/D
                                2.13           2.08 f        -0.05  (VIOLATED)
   dqpsk_mem_imag_reg[964][0]/D
                                2.13           2.08 f        -0.05  (VIOLATED)
   dqpsk_mem_imag_reg[965][0]/D
                                2.13           2.08 f        -0.05  (VIOLATED)
   dqpsk_mem_imag_reg[966][0]/D
                                2.13           2.08 f        -0.05  (VIOLATED)
   dqpsk_mem_imag_reg[967][0]/D
                                2.13           2.08 f        -0.05  (VIOLATED)
   dqpsk_mem_imag_reg[968][0]/D
                                2.13           2.08 f        -0.05  (VIOLATED)
   dqpsk_mem_imag_reg[969][0]/D
                                2.13           2.08 f        -0.05  (VIOLATED)
   dqpsk_mem_imag_reg[970][0]/D
                                2.13           2.08 f        -0.05  (VIOLATED)
   dqpsk_mem_imag_reg[971][0]/D
                                2.13           2.08 f        -0.05  (VIOLATED)
   dqpsk_mem_imag_reg[972][0]/D
                                2.13           2.08 f        -0.05  (VIOLATED)
   dqpsk_mem_imag_reg[973][0]/D
                                2.13           2.08 f        -0.05  (VIOLATED)
   dqpsk_mem_imag_reg[974][0]/D
                                2.13           2.08 f        -0.05  (VIOLATED)
   dqpsk_mem_imag_reg[975][0]/D
                                2.13           2.08 f        -0.05  (VIOLATED)
   dqpsk_mem_imag_reg[976][0]/D
                                2.13           2.08 f        -0.05  (VIOLATED)
   dqpsk_mem_imag_reg[977][0]/D
                                2.13           2.08 f        -0.05  (VIOLATED)
   dqpsk_mem_imag_reg[978][0]/D
                                2.13           2.08 f        -0.05  (VIOLATED)
   dqpsk_mem_imag_reg[979][0]/D
                                2.13           2.08 f        -0.05  (VIOLATED)
   dqpsk_mem_imag_reg[980][0]/D
                                2.13           2.08 f        -0.05  (VIOLATED)
   dqpsk_mem_imag_reg[981][0]/D
                                2.13           2.08 f        -0.05  (VIOLATED)
   dqpsk_mem_imag_reg[982][0]/D
                                2.13           2.08 f        -0.05  (VIOLATED)
   dqpsk_mem_imag_reg[983][0]/D
                                2.13           2.08 f        -0.05  (VIOLATED)
   dqpsk_mem_imag_reg[984][0]/D
                                2.13           2.08 f        -0.05  (VIOLATED)
   dqpsk_mem_imag_reg[985][0]/D
                                2.13           2.08 f        -0.05  (VIOLATED)
   dqpsk_mem_imag_reg[986][0]/D
                                2.13           2.08 f        -0.05  (VIOLATED)
   dqpsk_mem_imag_reg[987][0]/D
                                2.13           2.08 f        -0.05  (VIOLATED)
   dqpsk_mem_imag_reg[988][0]/D
                                2.13           2.08 f        -0.05  (VIOLATED)
   dqpsk_mem_imag_reg[989][0]/D
                                2.13           2.08 f        -0.05  (VIOLATED)
   dqpsk_mem_imag_reg[990][0]/D
                                2.13           2.08 f        -0.05  (VIOLATED)
   dqpsk_mem_imag_reg[991][0]/D
                                2.13           2.08 f        -0.05  (VIOLATED)
   dqpsk_mem_imag_reg[992][0]/D
                                2.13           2.08 f        -0.05  (VIOLATED)
   dqpsk_mem_imag_reg[993][0]/D
                                2.13           2.08 f        -0.05  (VIOLATED)
   dqpsk_mem_imag_reg[994][0]/D
                                2.13           2.08 f        -0.05  (VIOLATED)
   dqpsk_mem_imag_reg[995][0]/D
                                2.13           2.08 f        -0.05  (VIOLATED)
   dqpsk_mem_imag_reg[996][0]/D
                                2.13           2.08 f        -0.05  (VIOLATED)
   dqpsk_mem_imag_reg[997][0]/D
                                2.13           2.08 f        -0.05  (VIOLATED)
   dqpsk_mem_imag_reg[998][0]/D
                                2.13           2.08 f        -0.05  (VIOLATED)
   dqpsk_mem_imag_reg[999][0]/D
                                2.13           2.08 f        -0.05  (VIOLATED)
   dqpsk_mem_imag_reg[1000][0]/D
                                2.13           2.08 f        -0.05  (VIOLATED)
   dqpsk_mem_imag_reg[1001][0]/D
                                2.13           2.08 f        -0.05  (VIOLATED)
   dqpsk_mem_imag_reg[1002][0]/D
                                2.13           2.08 f        -0.05  (VIOLATED)
   dqpsk_mem_imag_reg[1003][0]/D
                                2.13           2.08 f        -0.05  (VIOLATED)
   dqpsk_mem_imag_reg[1004][0]/D
                                2.13           2.08 f        -0.05  (VIOLATED)
   dqpsk_mem_imag_reg[1005][0]/D
                                2.13           2.08 f        -0.05  (VIOLATED)
   dqpsk_mem_imag_reg[1006][0]/D
                                2.13           2.08 f        -0.05  (VIOLATED)
   dqpsk_mem_imag_reg[1007][0]/D
                                2.13           2.08 f        -0.05  (VIOLATED)
   dqpsk_mem_imag_reg[1008][0]/D
                                2.13           2.08 f        -0.05  (VIOLATED)
   dqpsk_mem_imag_reg[1009][0]/D
                                2.13           2.08 f        -0.05  (VIOLATED)
   dqpsk_mem_imag_reg[1010][0]/D
                                2.13           2.08 f        -0.05  (VIOLATED)
   dqpsk_mem_imag_reg[1011][0]/D
                                2.13           2.08 f        -0.05  (VIOLATED)
   dqpsk_mem_imag_reg[1012][0]/D
                                2.13           2.08 f        -0.05  (VIOLATED)
   dqpsk_mem_imag_reg[1013][0]/D
                                2.13           2.08 f        -0.05  (VIOLATED)
   dqpsk_mem_imag_reg[1014][0]/D
                                2.13           2.08 f        -0.05  (VIOLATED)
   dqpsk_mem_imag_reg[1015][0]/D
                                2.13           2.08 f        -0.05  (VIOLATED)
   dqpsk_mem_imag_reg[1016][0]/D
                                2.13           2.08 f        -0.05  (VIOLATED)
   dqpsk_mem_imag_reg[1017][0]/D
                                2.13           2.08 f        -0.05  (VIOLATED)
   dqpsk_mem_imag_reg[1018][0]/D
                                2.13           2.08 f        -0.05  (VIOLATED)
   dqpsk_mem_imag_reg[1019][0]/D
                                2.13           2.08 f        -0.05  (VIOLATED)
   dqpsk_mem_imag_reg[1020][0]/D
                                2.13           2.08 f        -0.05  (VIOLATED)
   dqpsk_mem_imag_reg[1021][0]/D
                                2.13           2.08 f        -0.05  (VIOLATED)
   dqpsk_mem_imag_reg[1022][0]/D
                                2.13           2.08 f        -0.05  (VIOLATED)
   dqpsk_mem_imag_reg[1023][0]/D
                                2.13           2.08 f        -0.05  (VIOLATED)
   dqpsk_mem_real_reg[0][0]/D
                                2.13           2.08 f        -0.05  (VIOLATED)
   dqpsk_mem_real_reg[1][0]/D
                                2.13           2.08 f        -0.05  (VIOLATED)
   dqpsk_mem_real_reg[2][0]/D
                                2.13           2.08 f        -0.05  (VIOLATED)
   dqpsk_mem_real_reg[3][0]/D
                                2.13           2.08 f        -0.05  (VIOLATED)
   dqpsk_mem_real_reg[4][0]/D
                                2.13           2.08 f        -0.05  (VIOLATED)
   dqpsk_mem_real_reg[5][0]/D
                                2.13           2.08 f        -0.05  (VIOLATED)
   dqpsk_mem_real_reg[6][0]/D
                                2.13           2.08 f        -0.05  (VIOLATED)
   dqpsk_mem_real_reg[7][0]/D
                                2.13           2.08 f        -0.05  (VIOLATED)
   dqpsk_mem_real_reg[8][0]/D
                                2.13           2.08 f        -0.05  (VIOLATED)
   dqpsk_mem_real_reg[9][0]/D
                                2.13           2.08 f        -0.05  (VIOLATED)
   dqpsk_mem_real_reg[10][0]/D
                                2.13           2.08 f        -0.05  (VIOLATED)
   dqpsk_mem_real_reg[11][0]/D
                                2.13           2.08 f        -0.05  (VIOLATED)
   dqpsk_mem_real_reg[12][0]/D
                                2.13           2.08 f        -0.05  (VIOLATED)
   dqpsk_mem_real_reg[13][0]/D
                                2.13           2.08 f        -0.05  (VIOLATED)
   dqpsk_mem_real_reg[14][0]/D
                                2.13           2.08 f        -0.05  (VIOLATED)
   dqpsk_mem_real_reg[15][0]/D
                                2.13           2.08 f        -0.05  (VIOLATED)
   dqpsk_mem_real_reg[16][0]/D
                                2.13           2.08 f        -0.05  (VIOLATED)
   dqpsk_mem_real_reg[17][0]/D
                                2.13           2.08 f        -0.05  (VIOLATED)
   dqpsk_mem_real_reg[18][0]/D
                                2.13           2.08 f        -0.05  (VIOLATED)
   dqpsk_mem_real_reg[19][0]/D
                                2.13           2.08 f        -0.05  (VIOLATED)
   dqpsk_mem_real_reg[20][0]/D
                                2.13           2.08 f        -0.05  (VIOLATED)
   dqpsk_mem_real_reg[21][0]/D
                                2.13           2.08 f        -0.05  (VIOLATED)
   dqpsk_mem_real_reg[22][0]/D
                                2.13           2.08 f        -0.05  (VIOLATED)
   dqpsk_mem_real_reg[23][0]/D
                                2.13           2.08 f        -0.05  (VIOLATED)
   dqpsk_mem_real_reg[24][0]/D
                                2.13           2.08 f        -0.05  (VIOLATED)
   dqpsk_mem_real_reg[25][0]/D
                                2.13           2.08 f        -0.05  (VIOLATED)
   dqpsk_mem_real_reg[26][0]/D
                                2.13           2.08 f        -0.05  (VIOLATED)
   dqpsk_mem_real_reg[27][0]/D
                                2.13           2.08 f        -0.05  (VIOLATED)
   dqpsk_mem_real_reg[28][0]/D
                                2.13           2.08 f        -0.05  (VIOLATED)
   dqpsk_mem_real_reg[29][0]/D
                                2.13           2.08 f        -0.05  (VIOLATED)
   dqpsk_mem_real_reg[30][0]/D
                                2.13           2.08 f        -0.05  (VIOLATED)
   dqpsk_mem_real_reg[31][0]/D
                                2.13           2.08 f        -0.05  (VIOLATED)
   dqpsk_mem_real_reg[32][0]/D
                                2.13           2.08 f        -0.05  (VIOLATED)
   dqpsk_mem_real_reg[33][0]/D
                                2.13           2.08 f        -0.05  (VIOLATED)
   dqpsk_mem_real_reg[34][0]/D
                                2.13           2.08 f        -0.05  (VIOLATED)
   dqpsk_mem_real_reg[35][0]/D
                                2.13           2.08 f        -0.05  (VIOLATED)
   dqpsk_mem_real_reg[36][0]/D
                                2.13           2.08 f        -0.05  (VIOLATED)
   dqpsk_mem_real_reg[37][0]/D
                                2.13           2.08 f        -0.05  (VIOLATED)
   dqpsk_mem_real_reg[38][0]/D
                                2.13           2.08 f        -0.05  (VIOLATED)
   dqpsk_mem_real_reg[39][0]/D
                                2.13           2.08 f        -0.05  (VIOLATED)
   dqpsk_mem_real_reg[40][0]/D
                                2.13           2.08 f        -0.05  (VIOLATED)
   dqpsk_mem_real_reg[41][0]/D
                                2.13           2.08 f        -0.05  (VIOLATED)
   dqpsk_mem_real_reg[42][0]/D
                                2.13           2.08 f        -0.05  (VIOLATED)
   dqpsk_mem_real_reg[43][0]/D
                                2.13           2.08 f        -0.05  (VIOLATED)
   dqpsk_mem_real_reg[44][0]/D
                                2.13           2.08 f        -0.05  (VIOLATED)
   dqpsk_mem_real_reg[45][0]/D
                                2.13           2.08 f        -0.05  (VIOLATED)
   dqpsk_mem_real_reg[46][0]/D
                                2.13           2.08 f        -0.05  (VIOLATED)
   dqpsk_mem_real_reg[47][0]/D
                                2.13           2.08 f        -0.05  (VIOLATED)
   dqpsk_mem_real_reg[48][0]/D
                                2.13           2.08 f        -0.05  (VIOLATED)
   dqpsk_mem_real_reg[49][0]/D
                                2.13           2.08 f        -0.05  (VIOLATED)
   dqpsk_mem_real_reg[50][0]/D
                                2.13           2.08 f        -0.05  (VIOLATED)
   dqpsk_mem_real_reg[51][0]/D
                                2.13           2.08 f        -0.05  (VIOLATED)
   dqpsk_mem_real_reg[52][0]/D
                                2.13           2.08 f        -0.05  (VIOLATED)
   dqpsk_mem_real_reg[53][0]/D
                                2.13           2.08 f        -0.05  (VIOLATED)
   dqpsk_mem_real_reg[54][0]/D
                                2.13           2.08 f        -0.05  (VIOLATED)
   dqpsk_mem_real_reg[55][0]/D
                                2.13           2.08 f        -0.05  (VIOLATED)
   dqpsk_mem_real_reg[56][0]/D
                                2.13           2.08 f        -0.05  (VIOLATED)
   dqpsk_mem_real_reg[57][0]/D
                                2.13           2.08 f        -0.05  (VIOLATED)
   dqpsk_mem_real_reg[58][0]/D
                                2.13           2.08 f        -0.05  (VIOLATED)
   dqpsk_mem_real_reg[59][0]/D
                                2.13           2.08 f        -0.05  (VIOLATED)
   dqpsk_mem_real_reg[60][0]/D
                                2.13           2.08 f        -0.05  (VIOLATED)
   dqpsk_mem_real_reg[61][0]/D
                                2.13           2.08 f        -0.05  (VIOLATED)
   dqpsk_mem_real_reg[62][0]/D
                                2.13           2.08 f        -0.05  (VIOLATED)
   dqpsk_mem_real_reg[63][0]/D
                                2.13           2.08 f        -0.05  (VIOLATED)
   dqpsk_mem_real_reg[64][0]/D
                                2.13           2.08 f        -0.05  (VIOLATED)
   dqpsk_mem_real_reg[65][0]/D
                                2.13           2.08 f        -0.05  (VIOLATED)
   dqpsk_mem_real_reg[66][0]/D
                                2.13           2.08 f        -0.05  (VIOLATED)
   dqpsk_mem_real_reg[67][0]/D
                                2.13           2.08 f        -0.05  (VIOLATED)
   dqpsk_mem_real_reg[68][0]/D
                                2.13           2.08 f        -0.05  (VIOLATED)
   dqpsk_mem_real_reg[69][0]/D
                                2.13           2.08 f        -0.05  (VIOLATED)
   dqpsk_mem_real_reg[70][0]/D
                                2.13           2.08 f        -0.05  (VIOLATED)
   dqpsk_mem_real_reg[71][0]/D
                                2.13           2.08 f        -0.05  (VIOLATED)
   dqpsk_mem_real_reg[72][0]/D
                                2.13           2.08 f        -0.05  (VIOLATED)
   dqpsk_mem_real_reg[73][0]/D
                                2.13           2.08 f        -0.05  (VIOLATED)
   dqpsk_mem_real_reg[74][0]/D
                                2.13           2.08 f        -0.05  (VIOLATED)
   dqpsk_mem_real_reg[75][0]/D
                                2.13           2.08 f        -0.05  (VIOLATED)
   dqpsk_mem_real_reg[76][0]/D
                                2.13           2.08 f        -0.05  (VIOLATED)
   dqpsk_mem_real_reg[77][0]/D
                                2.13           2.08 f        -0.05  (VIOLATED)
   dqpsk_mem_real_reg[78][0]/D
                                2.13           2.08 f        -0.05  (VIOLATED)
   dqpsk_mem_real_reg[79][0]/D
                                2.13           2.08 f        -0.05  (VIOLATED)
   dqpsk_mem_real_reg[80][0]/D
                                2.13           2.08 f        -0.05  (VIOLATED)
   dqpsk_mem_real_reg[81][0]/D
                                2.13           2.08 f        -0.05  (VIOLATED)
   dqpsk_mem_real_reg[82][0]/D
                                2.13           2.08 f        -0.05  (VIOLATED)
   dqpsk_mem_real_reg[83][0]/D
                                2.13           2.08 f        -0.05  (VIOLATED)
   dqpsk_mem_real_reg[84][0]/D
                                2.13           2.08 f        -0.05  (VIOLATED)
   dqpsk_mem_real_reg[85][0]/D
                                2.13           2.08 f        -0.05  (VIOLATED)
   dqpsk_mem_real_reg[86][0]/D
                                2.13           2.08 f        -0.05  (VIOLATED)
   dqpsk_mem_real_reg[87][0]/D
                                2.13           2.08 f        -0.05  (VIOLATED)
   dqpsk_mem_real_reg[88][0]/D
                                2.13           2.08 f        -0.05  (VIOLATED)
   dqpsk_mem_real_reg[89][0]/D
                                2.13           2.08 f        -0.05  (VIOLATED)
   dqpsk_mem_real_reg[90][0]/D
                                2.13           2.08 f        -0.05  (VIOLATED)
   dqpsk_mem_real_reg[91][0]/D
                                2.13           2.08 f        -0.05  (VIOLATED)
   dqpsk_mem_real_reg[92][0]/D
                                2.13           2.08 f        -0.05  (VIOLATED)
   dqpsk_mem_real_reg[93][0]/D
                                2.13           2.08 f        -0.05  (VIOLATED)
   dqpsk_mem_real_reg[94][0]/D
                                2.13           2.08 f        -0.05  (VIOLATED)
   dqpsk_mem_real_reg[95][0]/D
                                2.13           2.08 f        -0.05  (VIOLATED)
   dqpsk_mem_real_reg[96][0]/D
                                2.13           2.08 f        -0.05  (VIOLATED)
   dqpsk_mem_real_reg[97][0]/D
                                2.13           2.08 f        -0.05  (VIOLATED)
   dqpsk_mem_real_reg[98][0]/D
                                2.13           2.08 f        -0.05  (VIOLATED)
   dqpsk_mem_real_reg[99][0]/D
                                2.13           2.08 f        -0.05  (VIOLATED)
   dqpsk_mem_real_reg[100][0]/D
                                2.13           2.08 f        -0.05  (VIOLATED)
   dqpsk_mem_real_reg[101][0]/D
                                2.13           2.08 f        -0.05  (VIOLATED)
   dqpsk_mem_real_reg[102][0]/D
                                2.13           2.08 f        -0.05  (VIOLATED)
   dqpsk_mem_real_reg[103][0]/D
                                2.13           2.08 f        -0.05  (VIOLATED)
   dqpsk_mem_real_reg[104][0]/D
                                2.13           2.08 f        -0.05  (VIOLATED)
   dqpsk_mem_real_reg[105][0]/D
                                2.13           2.08 f        -0.05  (VIOLATED)
   dqpsk_mem_real_reg[106][0]/D
                                2.13           2.08 f        -0.05  (VIOLATED)
   dqpsk_mem_real_reg[107][0]/D
                                2.13           2.08 f        -0.05  (VIOLATED)
   dqpsk_mem_real_reg[108][0]/D
                                2.13           2.08 f        -0.05  (VIOLATED)
   dqpsk_mem_real_reg[109][0]/D
                                2.13           2.08 f        -0.05  (VIOLATED)
   dqpsk_mem_real_reg[110][0]/D
                                2.13           2.08 f        -0.05  (VIOLATED)
   dqpsk_mem_real_reg[111][0]/D
                                2.13           2.08 f        -0.05  (VIOLATED)
   dqpsk_mem_real_reg[112][0]/D
                                2.13           2.08 f        -0.05  (VIOLATED)
   dqpsk_mem_real_reg[113][0]/D
                                2.13           2.08 f        -0.05  (VIOLATED)
   dqpsk_mem_real_reg[114][0]/D
                                2.13           2.08 f        -0.05  (VIOLATED)
   dqpsk_mem_real_reg[115][0]/D
                                2.13           2.08 f        -0.05  (VIOLATED)
   dqpsk_mem_real_reg[116][0]/D
                                2.13           2.08 f        -0.05  (VIOLATED)
   dqpsk_mem_real_reg[117][0]/D
                                2.13           2.08 f        -0.05  (VIOLATED)
   dqpsk_mem_real_reg[118][0]/D
                                2.13           2.08 f        -0.05  (VIOLATED)
   dqpsk_mem_real_reg[119][0]/D
                                2.13           2.08 f        -0.05  (VIOLATED)
   dqpsk_mem_real_reg[120][0]/D
                                2.13           2.08 f        -0.05  (VIOLATED)
   dqpsk_mem_real_reg[121][0]/D
                                2.13           2.08 f        -0.05  (VIOLATED)
   dqpsk_mem_real_reg[122][0]/D
                                2.13           2.08 f        -0.05  (VIOLATED)
   dqpsk_mem_real_reg[123][0]/D
                                2.13           2.08 f        -0.05  (VIOLATED)
   dqpsk_mem_real_reg[124][0]/D
                                2.13           2.08 f        -0.05  (VIOLATED)
   dqpsk_mem_real_reg[125][0]/D
                                2.13           2.08 f        -0.05  (VIOLATED)
   dqpsk_mem_real_reg[126][0]/D
                                2.13           2.08 f        -0.05  (VIOLATED)
   dqpsk_mem_real_reg[127][0]/D
                                2.13           2.08 f        -0.05  (VIOLATED)
   dqpsk_mem_real_reg[128][0]/D
                                2.13           2.08 f        -0.05  (VIOLATED)
   dqpsk_mem_real_reg[129][0]/D
                                2.13           2.08 f        -0.05  (VIOLATED)
   dqpsk_mem_real_reg[130][0]/D
                                2.13           2.08 f        -0.05  (VIOLATED)
   dqpsk_mem_real_reg[131][0]/D
                                2.13           2.08 f        -0.05  (VIOLATED)
   dqpsk_mem_real_reg[132][0]/D
                                2.13           2.08 f        -0.05  (VIOLATED)
   dqpsk_mem_real_reg[133][0]/D
                                2.13           2.08 f        -0.05  (VIOLATED)
   dqpsk_mem_real_reg[134][0]/D
                                2.13           2.08 f        -0.05  (VIOLATED)
   dqpsk_mem_real_reg[135][0]/D
                                2.13           2.08 f        -0.05  (VIOLATED)
   dqpsk_mem_real_reg[136][0]/D
                                2.13           2.08 f        -0.05  (VIOLATED)
   dqpsk_mem_real_reg[137][0]/D
                                2.13           2.08 f        -0.05  (VIOLATED)
   dqpsk_mem_real_reg[138][0]/D
                                2.13           2.08 f        -0.05  (VIOLATED)
   dqpsk_mem_real_reg[139][0]/D
                                2.13           2.08 f        -0.05  (VIOLATED)
   dqpsk_mem_real_reg[140][0]/D
                                2.13           2.08 f        -0.05  (VIOLATED)
   dqpsk_mem_real_reg[141][0]/D
                                2.13           2.08 f        -0.05  (VIOLATED)
   dqpsk_mem_real_reg[142][0]/D
                                2.13           2.08 f        -0.05  (VIOLATED)
   dqpsk_mem_real_reg[143][0]/D
                                2.13           2.08 f        -0.05  (VIOLATED)
   dqpsk_mem_real_reg[144][0]/D
                                2.13           2.08 f        -0.05  (VIOLATED)
   dqpsk_mem_real_reg[145][0]/D
                                2.13           2.08 f        -0.05  (VIOLATED)
   dqpsk_mem_real_reg[146][0]/D
                                2.13           2.08 f        -0.05  (VIOLATED)
   dqpsk_mem_real_reg[147][0]/D
                                2.13           2.08 f        -0.05  (VIOLATED)
   dqpsk_mem_real_reg[148][0]/D
                                2.13           2.08 f        -0.05  (VIOLATED)
   dqpsk_mem_real_reg[149][0]/D
                                2.13           2.08 f        -0.05  (VIOLATED)
   dqpsk_mem_real_reg[150][0]/D
                                2.13           2.08 f        -0.05  (VIOLATED)
   dqpsk_mem_real_reg[151][0]/D
                                2.13           2.08 f        -0.05  (VIOLATED)
   dqpsk_mem_real_reg[152][0]/D
                                2.13           2.08 f        -0.05  (VIOLATED)
   dqpsk_mem_real_reg[153][0]/D
                                2.13           2.08 f        -0.05  (VIOLATED)
   dqpsk_mem_real_reg[154][0]/D
                                2.13           2.08 f        -0.05  (VIOLATED)
   dqpsk_mem_real_reg[155][0]/D
                                2.13           2.08 f        -0.05  (VIOLATED)
   dqpsk_mem_real_reg[156][0]/D
                                2.13           2.08 f        -0.05  (VIOLATED)
   dqpsk_mem_real_reg[157][0]/D
                                2.13           2.08 f        -0.05  (VIOLATED)
   dqpsk_mem_real_reg[158][0]/D
                                2.13           2.08 f        -0.05  (VIOLATED)
   dqpsk_mem_real_reg[159][0]/D
                                2.13           2.08 f        -0.05  (VIOLATED)
   dqpsk_mem_real_reg[160][0]/D
                                2.13           2.08 f        -0.05  (VIOLATED)
   dqpsk_mem_real_reg[161][0]/D
                                2.13           2.08 f        -0.05  (VIOLATED)
   dqpsk_mem_real_reg[162][0]/D
                                2.13           2.08 f        -0.05  (VIOLATED)
   dqpsk_mem_real_reg[163][0]/D
                                2.13           2.08 f        -0.05  (VIOLATED)
   dqpsk_mem_real_reg[164][0]/D
                                2.13           2.08 f        -0.05  (VIOLATED)
   dqpsk_mem_real_reg[165][0]/D
                                2.13           2.08 f        -0.05  (VIOLATED)
   dqpsk_mem_real_reg[166][0]/D
                                2.13           2.08 f        -0.05  (VIOLATED)
   dqpsk_mem_real_reg[167][0]/D
                                2.13           2.08 f        -0.05  (VIOLATED)
   dqpsk_mem_real_reg[168][0]/D
                                2.13           2.08 f        -0.05  (VIOLATED)
   dqpsk_mem_real_reg[169][0]/D
                                2.13           2.08 f        -0.05  (VIOLATED)
   dqpsk_mem_real_reg[170][0]/D
                                2.13           2.08 f        -0.05  (VIOLATED)
   dqpsk_mem_real_reg[171][0]/D
                                2.13           2.08 f        -0.05  (VIOLATED)
   dqpsk_mem_real_reg[172][0]/D
                                2.13           2.08 f        -0.05  (VIOLATED)
   dqpsk_mem_real_reg[173][0]/D
                                2.13           2.08 f        -0.05  (VIOLATED)
   dqpsk_mem_real_reg[174][0]/D
                                2.13           2.08 f        -0.05  (VIOLATED)
   dqpsk_mem_real_reg[175][0]/D
                                2.13           2.08 f        -0.05  (VIOLATED)
   dqpsk_mem_real_reg[176][0]/D
                                2.13           2.08 f        -0.05  (VIOLATED)
   dqpsk_mem_real_reg[177][0]/D
                                2.13           2.08 f        -0.05  (VIOLATED)
   dqpsk_mem_real_reg[178][0]/D
                                2.13           2.08 f        -0.05  (VIOLATED)
   dqpsk_mem_real_reg[179][0]/D
                                2.13           2.08 f        -0.05  (VIOLATED)
   dqpsk_mem_real_reg[180][0]/D
                                2.13           2.08 f        -0.05  (VIOLATED)
   dqpsk_mem_real_reg[181][0]/D
                                2.13           2.08 f        -0.05  (VIOLATED)
   dqpsk_mem_real_reg[182][0]/D
                                2.13           2.08 f        -0.05  (VIOLATED)
   dqpsk_mem_real_reg[183][0]/D
                                2.13           2.08 f        -0.05  (VIOLATED)
   dqpsk_mem_real_reg[184][0]/D
                                2.13           2.08 f        -0.05  (VIOLATED)
   dqpsk_mem_real_reg[185][0]/D
                                2.13           2.08 f        -0.05  (VIOLATED)
   dqpsk_mem_real_reg[186][0]/D
                                2.13           2.08 f        -0.05  (VIOLATED)
   dqpsk_mem_real_reg[187][0]/D
                                2.13           2.08 f        -0.05  (VIOLATED)
   dqpsk_mem_real_reg[188][0]/D
                                2.13           2.08 f        -0.05  (VIOLATED)
   dqpsk_mem_real_reg[189][0]/D
                                2.13           2.08 f        -0.05  (VIOLATED)
   dqpsk_mem_real_reg[190][0]/D
                                2.13           2.08 f        -0.05  (VIOLATED)
   dqpsk_mem_real_reg[191][0]/D
                                2.13           2.08 f        -0.05  (VIOLATED)
   dqpsk_mem_real_reg[192][0]/D
                                2.13           2.08 f        -0.05  (VIOLATED)
   dqpsk_mem_real_reg[193][0]/D
                                2.13           2.08 f        -0.05  (VIOLATED)
   dqpsk_mem_real_reg[194][0]/D
                                2.13           2.08 f        -0.05  (VIOLATED)
   dqpsk_mem_real_reg[195][0]/D
                                2.13           2.08 f        -0.05  (VIOLATED)
   dqpsk_mem_real_reg[196][0]/D
                                2.13           2.08 f        -0.05  (VIOLATED)
   dqpsk_mem_real_reg[197][0]/D
                                2.13           2.08 f        -0.05  (VIOLATED)
   dqpsk_mem_real_reg[198][0]/D
                                2.13           2.08 f        -0.05  (VIOLATED)
   dqpsk_mem_real_reg[199][0]/D
                                2.13           2.08 f        -0.05  (VIOLATED)
   dqpsk_mem_real_reg[200][0]/D
                                2.13           2.08 f        -0.05  (VIOLATED)
   dqpsk_mem_real_reg[201][0]/D
                                2.13           2.08 f        -0.05  (VIOLATED)
   dqpsk_mem_real_reg[202][0]/D
                                2.13           2.08 f        -0.05  (VIOLATED)
   dqpsk_mem_real_reg[203][0]/D
                                2.13           2.08 f        -0.05  (VIOLATED)
   dqpsk_mem_real_reg[204][0]/D
                                2.13           2.08 f        -0.05  (VIOLATED)
   dqpsk_mem_real_reg[205][0]/D
                                2.13           2.08 f        -0.05  (VIOLATED)
   dqpsk_mem_real_reg[206][0]/D
                                2.13           2.08 f        -0.05  (VIOLATED)
   dqpsk_mem_real_reg[207][0]/D
                                2.13           2.08 f        -0.05  (VIOLATED)
   dqpsk_mem_real_reg[208][0]/D
                                2.13           2.08 f        -0.05  (VIOLATED)
   dqpsk_mem_real_reg[209][0]/D
                                2.13           2.08 f        -0.05  (VIOLATED)
   dqpsk_mem_real_reg[210][0]/D
                                2.13           2.08 f        -0.05  (VIOLATED)
   dqpsk_mem_real_reg[211][0]/D
                                2.13           2.08 f        -0.05  (VIOLATED)
   dqpsk_mem_real_reg[212][0]/D
                                2.13           2.08 f        -0.05  (VIOLATED)
   dqpsk_mem_real_reg[213][0]/D
                                2.13           2.08 f        -0.05  (VIOLATED)
   dqpsk_mem_real_reg[214][0]/D
                                2.13           2.08 f        -0.05  (VIOLATED)
   dqpsk_mem_real_reg[215][0]/D
                                2.13           2.08 f        -0.05  (VIOLATED)
   dqpsk_mem_real_reg[216][0]/D
                                2.13           2.08 f        -0.05  (VIOLATED)
   dqpsk_mem_real_reg[217][0]/D
                                2.13           2.08 f        -0.05  (VIOLATED)
   dqpsk_mem_real_reg[218][0]/D
                                2.13           2.08 f        -0.05  (VIOLATED)
   dqpsk_mem_real_reg[219][0]/D
                                2.13           2.08 f        -0.05  (VIOLATED)
   dqpsk_mem_real_reg[220][0]/D
                                2.13           2.08 f        -0.05  (VIOLATED)
   dqpsk_mem_real_reg[221][0]/D
                                2.13           2.08 f        -0.05  (VIOLATED)
   dqpsk_mem_real_reg[222][0]/D
                                2.13           2.08 f        -0.05  (VIOLATED)
   dqpsk_mem_real_reg[223][0]/D
                                2.13           2.08 f        -0.05  (VIOLATED)
   dqpsk_mem_real_reg[224][0]/D
                                2.13           2.08 f        -0.05  (VIOLATED)
   dqpsk_mem_real_reg[225][0]/D
                                2.13           2.08 f        -0.05  (VIOLATED)
   dqpsk_mem_real_reg[226][0]/D
                                2.13           2.08 f        -0.05  (VIOLATED)
   dqpsk_mem_real_reg[227][0]/D
                                2.13           2.08 f        -0.05  (VIOLATED)
   dqpsk_mem_real_reg[228][0]/D
                                2.13           2.08 f        -0.05  (VIOLATED)
   dqpsk_mem_real_reg[229][0]/D
                                2.13           2.08 f        -0.05  (VIOLATED)
   dqpsk_mem_real_reg[230][0]/D
                                2.13           2.08 f        -0.05  (VIOLATED)
   dqpsk_mem_real_reg[231][0]/D
                                2.13           2.08 f        -0.05  (VIOLATED)
   dqpsk_mem_real_reg[232][0]/D
                                2.13           2.08 f        -0.05  (VIOLATED)
   dqpsk_mem_real_reg[233][0]/D
                                2.13           2.08 f        -0.05  (VIOLATED)
   dqpsk_mem_real_reg[234][0]/D
                                2.13           2.08 f        -0.05  (VIOLATED)
   dqpsk_mem_real_reg[235][0]/D
                                2.13           2.08 f        -0.05  (VIOLATED)
   dqpsk_mem_real_reg[236][0]/D
                                2.13           2.08 f        -0.05  (VIOLATED)
   dqpsk_mem_real_reg[237][0]/D
                                2.13           2.08 f        -0.05  (VIOLATED)
   dqpsk_mem_real_reg[238][0]/D
                                2.13           2.08 f        -0.05  (VIOLATED)
   dqpsk_mem_real_reg[239][0]/D
                                2.13           2.08 f        -0.05  (VIOLATED)
   dqpsk_mem_real_reg[240][0]/D
                                2.13           2.08 f        -0.05  (VIOLATED)
   dqpsk_mem_real_reg[241][0]/D
                                2.13           2.08 f        -0.05  (VIOLATED)
   dqpsk_mem_real_reg[242][0]/D
                                2.13           2.08 f        -0.05  (VIOLATED)
   dqpsk_mem_real_reg[243][0]/D
                                2.13           2.08 f        -0.05  (VIOLATED)
   dqpsk_mem_real_reg[244][0]/D
                                2.13           2.08 f        -0.05  (VIOLATED)
   dqpsk_mem_real_reg[245][0]/D
                                2.13           2.08 f        -0.05  (VIOLATED)
   dqpsk_mem_real_reg[246][0]/D
                                2.13           2.08 f        -0.05  (VIOLATED)
   dqpsk_mem_real_reg[247][0]/D
                                2.13           2.08 f        -0.05  (VIOLATED)
   dqpsk_mem_real_reg[248][0]/D
                                2.13           2.08 f        -0.05  (VIOLATED)
   dqpsk_mem_real_reg[249][0]/D
                                2.13           2.08 f        -0.05  (VIOLATED)
   dqpsk_mem_real_reg[250][0]/D
                                2.13           2.08 f        -0.05  (VIOLATED)
   dqpsk_mem_real_reg[251][0]/D
                                2.13           2.08 f        -0.05  (VIOLATED)
   dqpsk_mem_real_reg[252][0]/D
                                2.13           2.08 f        -0.05  (VIOLATED)
   dqpsk_mem_real_reg[253][0]/D
                                2.13           2.08 f        -0.05  (VIOLATED)
   dqpsk_mem_real_reg[254][0]/D
                                2.13           2.08 f        -0.05  (VIOLATED)
   dqpsk_mem_real_reg[255][0]/D
                                2.13           2.08 f        -0.05  (VIOLATED)
   dqpsk_mem_real_reg[256][0]/D
                                2.13           2.08 f        -0.05  (VIOLATED)
   dqpsk_mem_real_reg[257][0]/D
                                2.13           2.08 f        -0.05  (VIOLATED)
   dqpsk_mem_real_reg[258][0]/D
                                2.13           2.08 f        -0.05  (VIOLATED)
   dqpsk_mem_real_reg[259][0]/D
                                2.13           2.08 f        -0.05  (VIOLATED)
   dqpsk_mem_real_reg[260][0]/D
                                2.13           2.08 f        -0.05  (VIOLATED)
   dqpsk_mem_real_reg[261][0]/D
                                2.13           2.08 f        -0.05  (VIOLATED)
   dqpsk_mem_real_reg[262][0]/D
                                2.13           2.08 f        -0.05  (VIOLATED)
   dqpsk_mem_real_reg[263][0]/D
                                2.13           2.08 f        -0.05  (VIOLATED)
   dqpsk_mem_real_reg[264][0]/D
                                2.13           2.08 f        -0.05  (VIOLATED)
   dqpsk_mem_real_reg[265][0]/D
                                2.13           2.08 f        -0.05  (VIOLATED)
   dqpsk_mem_real_reg[266][0]/D
                                2.13           2.08 f        -0.05  (VIOLATED)
   dqpsk_mem_real_reg[267][0]/D
                                2.13           2.08 f        -0.05  (VIOLATED)
   dqpsk_mem_real_reg[268][0]/D
                                2.13           2.08 f        -0.05  (VIOLATED)
   dqpsk_mem_real_reg[269][0]/D
                                2.13           2.08 f        -0.05  (VIOLATED)
   dqpsk_mem_real_reg[270][0]/D
                                2.13           2.08 f        -0.05  (VIOLATED)
   dqpsk_mem_real_reg[271][0]/D
                                2.13           2.08 f        -0.05  (VIOLATED)
   dqpsk_mem_real_reg[272][0]/D
                                2.13           2.08 f        -0.05  (VIOLATED)
   dqpsk_mem_real_reg[273][0]/D
                                2.13           2.08 f        -0.05  (VIOLATED)
   dqpsk_mem_real_reg[274][0]/D
                                2.13           2.08 f        -0.05  (VIOLATED)
   dqpsk_mem_real_reg[275][0]/D
                                2.13           2.08 f        -0.05  (VIOLATED)
   dqpsk_mem_real_reg[276][0]/D
                                2.13           2.08 f        -0.05  (VIOLATED)
   dqpsk_mem_real_reg[277][0]/D
                                2.13           2.08 f        -0.05  (VIOLATED)
   dqpsk_mem_real_reg[278][0]/D
                                2.13           2.08 f        -0.05  (VIOLATED)
   dqpsk_mem_real_reg[279][0]/D
                                2.13           2.08 f        -0.05  (VIOLATED)
   dqpsk_mem_real_reg[280][0]/D
                                2.13           2.08 f        -0.05  (VIOLATED)
   dqpsk_mem_real_reg[281][0]/D
                                2.13           2.08 f        -0.05  (VIOLATED)
   dqpsk_mem_real_reg[282][0]/D
                                2.13           2.08 f        -0.05  (VIOLATED)
   dqpsk_mem_real_reg[283][0]/D
                                2.13           2.08 f        -0.05  (VIOLATED)
   dqpsk_mem_real_reg[284][0]/D
                                2.13           2.08 f        -0.05  (VIOLATED)
   dqpsk_mem_real_reg[285][0]/D
                                2.13           2.08 f        -0.05  (VIOLATED)
   dqpsk_mem_real_reg[286][0]/D
                                2.13           2.08 f        -0.05  (VIOLATED)
   dqpsk_mem_real_reg[287][0]/D
                                2.13           2.08 f        -0.05  (VIOLATED)
   dqpsk_mem_real_reg[288][0]/D
                                2.13           2.08 f        -0.05  (VIOLATED)
   dqpsk_mem_real_reg[289][0]/D
                                2.13           2.08 f        -0.05  (VIOLATED)
   dqpsk_mem_real_reg[290][0]/D
                                2.13           2.08 f        -0.05  (VIOLATED)
   dqpsk_mem_real_reg[291][0]/D
                                2.13           2.08 f        -0.05  (VIOLATED)
   dqpsk_mem_real_reg[292][0]/D
                                2.13           2.08 f        -0.05  (VIOLATED)
   dqpsk_mem_real_reg[293][0]/D
                                2.13           2.08 f        -0.05  (VIOLATED)
   dqpsk_mem_real_reg[294][0]/D
                                2.13           2.08 f        -0.05  (VIOLATED)
   dqpsk_mem_real_reg[295][0]/D
                                2.13           2.08 f        -0.05  (VIOLATED)
   dqpsk_mem_real_reg[296][0]/D
                                2.13           2.08 f        -0.05  (VIOLATED)
   dqpsk_mem_real_reg[297][0]/D
                                2.13           2.08 f        -0.05  (VIOLATED)
   dqpsk_mem_real_reg[298][0]/D
                                2.13           2.08 f        -0.05  (VIOLATED)
   dqpsk_mem_real_reg[299][0]/D
                                2.13           2.08 f        -0.05  (VIOLATED)
   dqpsk_mem_real_reg[300][0]/D
                                2.13           2.08 f        -0.05  (VIOLATED)
   dqpsk_mem_real_reg[301][0]/D
                                2.13           2.08 f        -0.05  (VIOLATED)
   dqpsk_mem_real_reg[302][0]/D
                                2.13           2.08 f        -0.05  (VIOLATED)
   dqpsk_mem_real_reg[303][0]/D
                                2.13           2.08 f        -0.05  (VIOLATED)
   dqpsk_mem_real_reg[304][0]/D
                                2.13           2.08 f        -0.05  (VIOLATED)
   dqpsk_mem_real_reg[305][0]/D
                                2.13           2.08 f        -0.05  (VIOLATED)
   dqpsk_mem_real_reg[306][0]/D
                                2.13           2.08 f        -0.05  (VIOLATED)
   dqpsk_mem_real_reg[307][0]/D
                                2.13           2.08 f        -0.05  (VIOLATED)
   dqpsk_mem_real_reg[308][0]/D
                                2.13           2.08 f        -0.05  (VIOLATED)
   dqpsk_mem_real_reg[309][0]/D
                                2.13           2.08 f        -0.05  (VIOLATED)
   dqpsk_mem_real_reg[310][0]/D
                                2.13           2.08 f        -0.05  (VIOLATED)
   dqpsk_mem_real_reg[311][0]/D
                                2.13           2.08 f        -0.05  (VIOLATED)
   dqpsk_mem_real_reg[312][0]/D
                                2.13           2.08 f        -0.05  (VIOLATED)
   dqpsk_mem_real_reg[313][0]/D
                                2.13           2.08 f        -0.05  (VIOLATED)
   dqpsk_mem_real_reg[314][0]/D
                                2.13           2.08 f        -0.05  (VIOLATED)
   dqpsk_mem_real_reg[315][0]/D
                                2.13           2.08 f        -0.05  (VIOLATED)
   dqpsk_mem_real_reg[316][0]/D
                                2.13           2.08 f        -0.05  (VIOLATED)
   dqpsk_mem_real_reg[317][0]/D
                                2.13           2.08 f        -0.05  (VIOLATED)
   dqpsk_mem_real_reg[318][0]/D
                                2.13           2.08 f        -0.05  (VIOLATED)
   dqpsk_mem_real_reg[319][0]/D
                                2.13           2.08 f        -0.05  (VIOLATED)
   dqpsk_mem_real_reg[320][0]/D
                                2.13           2.08 f        -0.05  (VIOLATED)
   dqpsk_mem_real_reg[321][0]/D
                                2.13           2.08 f        -0.05  (VIOLATED)
   dqpsk_mem_real_reg[322][0]/D
                                2.13           2.08 f        -0.05  (VIOLATED)
   dqpsk_mem_real_reg[323][0]/D
                                2.13           2.08 f        -0.05  (VIOLATED)
   dqpsk_mem_real_reg[324][0]/D
                                2.13           2.08 f        -0.05  (VIOLATED)
   dqpsk_mem_real_reg[325][0]/D
                                2.13           2.08 f        -0.05  (VIOLATED)
   dqpsk_mem_real_reg[326][0]/D
                                2.13           2.08 f        -0.05  (VIOLATED)
   dqpsk_mem_real_reg[327][0]/D
                                2.13           2.08 f        -0.05  (VIOLATED)
   dqpsk_mem_real_reg[328][0]/D
                                2.13           2.08 f        -0.05  (VIOLATED)
   dqpsk_mem_real_reg[329][0]/D
                                2.13           2.08 f        -0.05  (VIOLATED)
   dqpsk_mem_real_reg[330][0]/D
                                2.13           2.08 f        -0.05  (VIOLATED)
   dqpsk_mem_real_reg[331][0]/D
                                2.13           2.08 f        -0.05  (VIOLATED)
   dqpsk_mem_real_reg[332][0]/D
                                2.13           2.08 f        -0.05  (VIOLATED)
   dqpsk_mem_real_reg[333][0]/D
                                2.13           2.08 f        -0.05  (VIOLATED)
   dqpsk_mem_real_reg[334][0]/D
                                2.13           2.08 f        -0.05  (VIOLATED)
   dqpsk_mem_real_reg[335][0]/D
                                2.13           2.08 f        -0.05  (VIOLATED)
   dqpsk_mem_real_reg[336][0]/D
                                2.13           2.08 f        -0.05  (VIOLATED)
   dqpsk_mem_real_reg[337][0]/D
                                2.13           2.08 f        -0.05  (VIOLATED)
   dqpsk_mem_real_reg[338][0]/D
                                2.13           2.08 f        -0.05  (VIOLATED)
   dqpsk_mem_real_reg[339][0]/D
                                2.13           2.08 f        -0.05  (VIOLATED)
   dqpsk_mem_real_reg[340][0]/D
                                2.13           2.08 f        -0.05  (VIOLATED)
   dqpsk_mem_real_reg[341][0]/D
                                2.13           2.08 f        -0.05  (VIOLATED)
   dqpsk_mem_real_reg[342][0]/D
                                2.13           2.08 f        -0.05  (VIOLATED)
   dqpsk_mem_real_reg[343][0]/D
                                2.13           2.08 f        -0.05  (VIOLATED)
   dqpsk_mem_real_reg[344][0]/D
                                2.13           2.08 f        -0.05  (VIOLATED)
   dqpsk_mem_real_reg[345][0]/D
                                2.13           2.08 f        -0.05  (VIOLATED)
   dqpsk_mem_real_reg[346][0]/D
                                2.13           2.08 f        -0.05  (VIOLATED)
   dqpsk_mem_real_reg[347][0]/D
                                2.13           2.08 f        -0.05  (VIOLATED)
   dqpsk_mem_real_reg[348][0]/D
                                2.13           2.08 f        -0.05  (VIOLATED)
   dqpsk_mem_real_reg[349][0]/D
                                2.13           2.08 f        -0.05  (VIOLATED)
   dqpsk_mem_real_reg[350][0]/D
                                2.13           2.08 f        -0.05  (VIOLATED)
   dqpsk_mem_real_reg[351][0]/D
                                2.13           2.08 f        -0.05  (VIOLATED)
   dqpsk_mem_real_reg[352][0]/D
                                2.13           2.08 f        -0.05  (VIOLATED)
   dqpsk_mem_real_reg[353][0]/D
                                2.13           2.08 f        -0.05  (VIOLATED)
   dqpsk_mem_real_reg[354][0]/D
                                2.13           2.08 f        -0.05  (VIOLATED)
   dqpsk_mem_real_reg[355][0]/D
                                2.13           2.08 f        -0.05  (VIOLATED)
   dqpsk_mem_real_reg[356][0]/D
                                2.13           2.08 f        -0.05  (VIOLATED)
   dqpsk_mem_real_reg[357][0]/D
                                2.13           2.08 f        -0.05  (VIOLATED)
   dqpsk_mem_real_reg[358][0]/D
                                2.13           2.08 f        -0.05  (VIOLATED)
   dqpsk_mem_real_reg[359][0]/D
                                2.13           2.08 f        -0.05  (VIOLATED)
   dqpsk_mem_real_reg[360][0]/D
                                2.13           2.08 f        -0.05  (VIOLATED)
   dqpsk_mem_real_reg[361][0]/D
                                2.13           2.08 f        -0.05  (VIOLATED)
   dqpsk_mem_real_reg[362][0]/D
                                2.13           2.08 f        -0.05  (VIOLATED)
   dqpsk_mem_real_reg[363][0]/D
                                2.13           2.08 f        -0.05  (VIOLATED)
   dqpsk_mem_real_reg[364][0]/D
                                2.13           2.08 f        -0.05  (VIOLATED)
   dqpsk_mem_real_reg[365][0]/D
                                2.13           2.08 f        -0.05  (VIOLATED)
   dqpsk_mem_real_reg[366][0]/D
                                2.13           2.08 f        -0.05  (VIOLATED)
   dqpsk_mem_real_reg[367][0]/D
                                2.13           2.08 f        -0.05  (VIOLATED)
   dqpsk_mem_real_reg[368][0]/D
                                2.13           2.08 f        -0.05  (VIOLATED)
   dqpsk_mem_real_reg[369][0]/D
                                2.13           2.08 f        -0.05  (VIOLATED)
   dqpsk_mem_real_reg[370][0]/D
                                2.13           2.08 f        -0.05  (VIOLATED)
   dqpsk_mem_real_reg[371][0]/D
                                2.13           2.08 f        -0.05  (VIOLATED)
   dqpsk_mem_real_reg[372][0]/D
                                2.13           2.08 f        -0.05  (VIOLATED)
   dqpsk_mem_real_reg[373][0]/D
                                2.13           2.08 f        -0.05  (VIOLATED)
   dqpsk_mem_real_reg[374][0]/D
                                2.13           2.08 f        -0.05  (VIOLATED)
   dqpsk_mem_real_reg[375][0]/D
                                2.13           2.08 f        -0.05  (VIOLATED)
   dqpsk_mem_real_reg[376][0]/D
                                2.13           2.08 f        -0.05  (VIOLATED)
   dqpsk_mem_real_reg[377][0]/D
                                2.13           2.08 f        -0.05  (VIOLATED)
   dqpsk_mem_real_reg[378][0]/D
                                2.13           2.08 f        -0.05  (VIOLATED)
   dqpsk_mem_real_reg[379][0]/D
                                2.13           2.08 f        -0.05  (VIOLATED)
   dqpsk_mem_real_reg[380][0]/D
                                2.13           2.08 f        -0.05  (VIOLATED)
   dqpsk_mem_real_reg[381][0]/D
                                2.13           2.08 f        -0.05  (VIOLATED)
   dqpsk_mem_real_reg[382][0]/D
                                2.13           2.08 f        -0.05  (VIOLATED)
   dqpsk_mem_real_reg[383][0]/D
                                2.13           2.08 f        -0.05  (VIOLATED)
   dqpsk_mem_real_reg[384][0]/D
                                2.13           2.08 f        -0.05  (VIOLATED)
   dqpsk_mem_real_reg[385][0]/D
                                2.13           2.08 f        -0.05  (VIOLATED)
   dqpsk_mem_real_reg[386][0]/D
                                2.13           2.08 f        -0.05  (VIOLATED)
   dqpsk_mem_real_reg[387][0]/D
                                2.13           2.08 f        -0.05  (VIOLATED)
   dqpsk_mem_real_reg[388][0]/D
                                2.13           2.08 f        -0.05  (VIOLATED)
   dqpsk_mem_real_reg[389][0]/D
                                2.13           2.08 f        -0.05  (VIOLATED)
   dqpsk_mem_real_reg[390][0]/D
                                2.13           2.08 f        -0.05  (VIOLATED)
   dqpsk_mem_real_reg[391][0]/D
                                2.13           2.08 f        -0.05  (VIOLATED)
   dqpsk_mem_real_reg[392][0]/D
                                2.13           2.08 f        -0.05  (VIOLATED)
   dqpsk_mem_real_reg[393][0]/D
                                2.13           2.08 f        -0.05  (VIOLATED)
   dqpsk_mem_real_reg[394][0]/D
                                2.13           2.08 f        -0.05  (VIOLATED)
   dqpsk_mem_real_reg[395][0]/D
                                2.13           2.08 f        -0.05  (VIOLATED)
   dqpsk_mem_real_reg[396][0]/D
                                2.13           2.08 f        -0.05  (VIOLATED)
   dqpsk_mem_real_reg[397][0]/D
                                2.13           2.08 f        -0.05  (VIOLATED)
   dqpsk_mem_real_reg[398][0]/D
                                2.13           2.08 f        -0.05  (VIOLATED)
   dqpsk_mem_real_reg[399][0]/D
                                2.13           2.08 f        -0.05  (VIOLATED)
   dqpsk_mem_real_reg[400][0]/D
                                2.13           2.08 f        -0.05  (VIOLATED)
   dqpsk_mem_real_reg[401][0]/D
                                2.13           2.08 f        -0.05  (VIOLATED)
   dqpsk_mem_real_reg[402][0]/D
                                2.13           2.08 f        -0.05  (VIOLATED)
   dqpsk_mem_real_reg[403][0]/D
                                2.13           2.08 f        -0.05  (VIOLATED)
   dqpsk_mem_real_reg[404][0]/D
                                2.13           2.08 f        -0.05  (VIOLATED)
   dqpsk_mem_real_reg[405][0]/D
                                2.13           2.08 f        -0.05  (VIOLATED)
   dqpsk_mem_real_reg[406][0]/D
                                2.13           2.08 f        -0.05  (VIOLATED)
   dqpsk_mem_real_reg[407][0]/D
                                2.13           2.08 f        -0.05  (VIOLATED)
   dqpsk_mem_real_reg[408][0]/D
                                2.13           2.08 f        -0.05  (VIOLATED)
   dqpsk_mem_real_reg[409][0]/D
                                2.13           2.08 f        -0.05  (VIOLATED)
   dqpsk_mem_real_reg[410][0]/D
                                2.13           2.08 f        -0.05  (VIOLATED)
   dqpsk_mem_real_reg[411][0]/D
                                2.13           2.08 f        -0.05  (VIOLATED)
   dqpsk_mem_real_reg[412][0]/D
                                2.13           2.08 f        -0.05  (VIOLATED)
   dqpsk_mem_real_reg[413][0]/D
                                2.13           2.08 f        -0.05  (VIOLATED)
   dqpsk_mem_real_reg[414][0]/D
                                2.13           2.08 f        -0.05  (VIOLATED)
   dqpsk_mem_real_reg[415][0]/D
                                2.13           2.08 f        -0.05  (VIOLATED)
   dqpsk_mem_real_reg[416][0]/D
                                2.13           2.08 f        -0.05  (VIOLATED)
   dqpsk_mem_real_reg[417][0]/D
                                2.13           2.08 f        -0.05  (VIOLATED)
   dqpsk_mem_real_reg[418][0]/D
                                2.13           2.08 f        -0.05  (VIOLATED)
   dqpsk_mem_real_reg[419][0]/D
                                2.13           2.08 f        -0.05  (VIOLATED)
   dqpsk_mem_real_reg[420][0]/D
                                2.13           2.08 f        -0.05  (VIOLATED)
   dqpsk_mem_real_reg[421][0]/D
                                2.13           2.08 f        -0.05  (VIOLATED)
   dqpsk_mem_real_reg[422][0]/D
                                2.13           2.08 f        -0.05  (VIOLATED)
   dqpsk_mem_real_reg[423][0]/D
                                2.13           2.08 f        -0.05  (VIOLATED)
   dqpsk_mem_real_reg[424][0]/D
                                2.13           2.08 f        -0.05  (VIOLATED)
   dqpsk_mem_real_reg[425][0]/D
                                2.13           2.08 f        -0.05  (VIOLATED)
   dqpsk_mem_real_reg[426][0]/D
                                2.13           2.08 f        -0.05  (VIOLATED)
   dqpsk_mem_real_reg[427][0]/D
                                2.13           2.08 f        -0.05  (VIOLATED)
   dqpsk_mem_real_reg[428][0]/D
                                2.13           2.08 f        -0.05  (VIOLATED)
   dqpsk_mem_real_reg[429][0]/D
                                2.13           2.08 f        -0.05  (VIOLATED)
   dqpsk_mem_real_reg[430][0]/D
                                2.13           2.08 f        -0.05  (VIOLATED)
   dqpsk_mem_real_reg[431][0]/D
                                2.13           2.08 f        -0.05  (VIOLATED)
   dqpsk_mem_real_reg[432][0]/D
                                2.13           2.08 f        -0.05  (VIOLATED)
   dqpsk_mem_real_reg[433][0]/D
                                2.13           2.08 f        -0.05  (VIOLATED)
   dqpsk_mem_real_reg[434][0]/D
                                2.13           2.08 f        -0.05  (VIOLATED)
   dqpsk_mem_real_reg[435][0]/D
                                2.13           2.08 f        -0.05  (VIOLATED)
   dqpsk_mem_real_reg[436][0]/D
                                2.13           2.08 f        -0.05  (VIOLATED)
   dqpsk_mem_real_reg[437][0]/D
                                2.13           2.08 f        -0.05  (VIOLATED)
   dqpsk_mem_real_reg[438][0]/D
                                2.13           2.08 f        -0.05  (VIOLATED)
   dqpsk_mem_real_reg[439][0]/D
                                2.13           2.08 f        -0.05  (VIOLATED)
   dqpsk_mem_real_reg[440][0]/D
                                2.13           2.08 f        -0.05  (VIOLATED)
   dqpsk_mem_real_reg[441][0]/D
                                2.13           2.08 f        -0.05  (VIOLATED)
   dqpsk_mem_real_reg[442][0]/D
                                2.13           2.08 f        -0.05  (VIOLATED)
   dqpsk_mem_real_reg[443][0]/D
                                2.13           2.08 f        -0.05  (VIOLATED)
   dqpsk_mem_real_reg[444][0]/D
                                2.13           2.08 f        -0.05  (VIOLATED)
   dqpsk_mem_real_reg[445][0]/D
                                2.13           2.08 f        -0.05  (VIOLATED)
   dqpsk_mem_real_reg[446][0]/D
                                2.13           2.08 f        -0.05  (VIOLATED)
   dqpsk_mem_real_reg[447][0]/D
                                2.13           2.08 f        -0.05  (VIOLATED)
   dqpsk_mem_real_reg[448][0]/D
                                2.13           2.08 f        -0.05  (VIOLATED)
   dqpsk_mem_real_reg[449][0]/D
                                2.13           2.08 f        -0.05  (VIOLATED)
   dqpsk_mem_real_reg[450][0]/D
                                2.13           2.08 f        -0.05  (VIOLATED)
   dqpsk_mem_real_reg[451][0]/D
                                2.13           2.08 f        -0.05  (VIOLATED)
   dqpsk_mem_real_reg[452][0]/D
                                2.13           2.08 f        -0.05  (VIOLATED)
   dqpsk_mem_real_reg[453][0]/D
                                2.13           2.08 f        -0.05  (VIOLATED)
   dqpsk_mem_real_reg[454][0]/D
                                2.13           2.08 f        -0.05  (VIOLATED)
   dqpsk_mem_real_reg[455][0]/D
                                2.13           2.08 f        -0.05  (VIOLATED)
   dqpsk_mem_real_reg[456][0]/D
                                2.13           2.08 f        -0.05  (VIOLATED)
   dqpsk_mem_real_reg[457][0]/D
                                2.13           2.08 f        -0.05  (VIOLATED)
   dqpsk_mem_real_reg[458][0]/D
                                2.13           2.08 f        -0.05  (VIOLATED)
   dqpsk_mem_real_reg[459][0]/D
                                2.13           2.08 f        -0.05  (VIOLATED)
   dqpsk_mem_real_reg[460][0]/D
                                2.13           2.08 f        -0.05  (VIOLATED)
   dqpsk_mem_real_reg[461][0]/D
                                2.13           2.08 f        -0.05  (VIOLATED)
   dqpsk_mem_real_reg[462][0]/D
                                2.13           2.08 f        -0.05  (VIOLATED)
   dqpsk_mem_real_reg[463][0]/D
                                2.13           2.08 f        -0.05  (VIOLATED)
   dqpsk_mem_real_reg[464][0]/D
                                2.13           2.08 f        -0.05  (VIOLATED)
   dqpsk_mem_real_reg[465][0]/D
                                2.13           2.08 f        -0.05  (VIOLATED)
   dqpsk_mem_real_reg[466][0]/D
                                2.13           2.08 f        -0.05  (VIOLATED)
   dqpsk_mem_real_reg[467][0]/D
                                2.13           2.08 f        -0.05  (VIOLATED)
   dqpsk_mem_real_reg[468][0]/D
                                2.13           2.08 f        -0.05  (VIOLATED)
   dqpsk_mem_real_reg[469][0]/D
                                2.13           2.08 f        -0.05  (VIOLATED)
   dqpsk_mem_real_reg[470][0]/D
                                2.13           2.08 f        -0.05  (VIOLATED)
   dqpsk_mem_real_reg[471][0]/D
                                2.13           2.08 f        -0.05  (VIOLATED)
   dqpsk_mem_real_reg[472][0]/D
                                2.13           2.08 f        -0.05  (VIOLATED)
   dqpsk_mem_real_reg[473][0]/D
                                2.13           2.08 f        -0.05  (VIOLATED)
   dqpsk_mem_real_reg[474][0]/D
                                2.13           2.08 f        -0.05  (VIOLATED)
   dqpsk_mem_real_reg[475][0]/D
                                2.13           2.08 f        -0.05  (VIOLATED)
   dqpsk_mem_real_reg[476][0]/D
                                2.13           2.08 f        -0.05  (VIOLATED)
   dqpsk_mem_real_reg[477][0]/D
                                2.13           2.08 f        -0.05  (VIOLATED)
   dqpsk_mem_real_reg[478][0]/D
                                2.13           2.08 f        -0.05  (VIOLATED)
   dqpsk_mem_real_reg[479][0]/D
                                2.13           2.08 f        -0.05  (VIOLATED)
   dqpsk_mem_real_reg[480][0]/D
                                2.13           2.08 f        -0.05  (VIOLATED)
   dqpsk_mem_real_reg[481][0]/D
                                2.13           2.08 f        -0.05  (VIOLATED)
   dqpsk_mem_real_reg[482][0]/D
                                2.13           2.08 f        -0.05  (VIOLATED)
   dqpsk_mem_real_reg[483][0]/D
                                2.13           2.08 f        -0.05  (VIOLATED)
   dqpsk_mem_real_reg[484][0]/D
                                2.13           2.08 f        -0.05  (VIOLATED)
   dqpsk_mem_real_reg[485][0]/D
                                2.13           2.08 f        -0.05  (VIOLATED)
   dqpsk_mem_real_reg[486][0]/D
                                2.13           2.08 f        -0.05  (VIOLATED)
   dqpsk_mem_real_reg[487][0]/D
                                2.13           2.08 f        -0.05  (VIOLATED)
   dqpsk_mem_real_reg[488][0]/D
                                2.13           2.08 f        -0.05  (VIOLATED)
   dqpsk_mem_real_reg[489][0]/D
                                2.13           2.08 f        -0.05  (VIOLATED)
   dqpsk_mem_real_reg[490][0]/D
                                2.13           2.08 f        -0.05  (VIOLATED)
   dqpsk_mem_real_reg[491][0]/D
                                2.13           2.08 f        -0.05  (VIOLATED)
   dqpsk_mem_real_reg[492][0]/D
                                2.13           2.08 f        -0.05  (VIOLATED)
   dqpsk_mem_real_reg[493][0]/D
                                2.13           2.08 f        -0.05  (VIOLATED)
   dqpsk_mem_real_reg[494][0]/D
                                2.13           2.08 f        -0.05  (VIOLATED)
   dqpsk_mem_real_reg[495][0]/D
                                2.13           2.08 f        -0.05  (VIOLATED)
   dqpsk_mem_real_reg[496][0]/D
                                2.13           2.08 f        -0.05  (VIOLATED)
   dqpsk_mem_real_reg[497][0]/D
                                2.13           2.08 f        -0.05  (VIOLATED)
   dqpsk_mem_real_reg[498][0]/D
                                2.13           2.08 f        -0.05  (VIOLATED)
   dqpsk_mem_real_reg[499][0]/D
                                2.13           2.08 f        -0.05  (VIOLATED)
   dqpsk_mem_real_reg[500][0]/D
                                2.13           2.08 f        -0.05  (VIOLATED)
   dqpsk_mem_real_reg[501][0]/D
                                2.13           2.08 f        -0.05  (VIOLATED)
   dqpsk_mem_real_reg[502][0]/D
                                2.13           2.08 f        -0.05  (VIOLATED)
   dqpsk_mem_real_reg[503][0]/D
                                2.13           2.08 f        -0.05  (VIOLATED)
   dqpsk_mem_real_reg[504][0]/D
                                2.13           2.08 f        -0.05  (VIOLATED)
   dqpsk_mem_real_reg[505][0]/D
                                2.13           2.08 f        -0.05  (VIOLATED)
   dqpsk_mem_real_reg[506][0]/D
                                2.13           2.08 f        -0.05  (VIOLATED)
   dqpsk_mem_real_reg[507][0]/D
                                2.13           2.08 f        -0.05  (VIOLATED)
   dqpsk_mem_real_reg[508][0]/D
                                2.13           2.08 f        -0.05  (VIOLATED)
   dqpsk_mem_real_reg[509][0]/D
                                2.13           2.08 f        -0.05  (VIOLATED)
   dqpsk_mem_real_reg[510][0]/D
                                2.13           2.08 f        -0.05  (VIOLATED)
   dqpsk_mem_real_reg[511][0]/D
                                2.13           2.08 f        -0.05  (VIOLATED)
   dqpsk_mem_real_reg[512][0]/D
                                2.13           2.08 f        -0.05  (VIOLATED)
   dqpsk_mem_real_reg[513][0]/D
                                2.13           2.08 f        -0.05  (VIOLATED)
   dqpsk_mem_real_reg[514][0]/D
                                2.13           2.08 f        -0.05  (VIOLATED)
   dqpsk_mem_real_reg[515][0]/D
                                2.13           2.08 f        -0.05  (VIOLATED)
   dqpsk_mem_real_reg[516][0]/D
                                2.13           2.08 f        -0.05  (VIOLATED)
   dqpsk_mem_real_reg[517][0]/D
                                2.13           2.08 f        -0.05  (VIOLATED)
   dqpsk_mem_real_reg[518][0]/D
                                2.13           2.08 f        -0.05  (VIOLATED)
   dqpsk_mem_real_reg[519][0]/D
                                2.13           2.08 f        -0.05  (VIOLATED)
   dqpsk_mem_real_reg[520][0]/D
                                2.13           2.08 f        -0.05  (VIOLATED)
   dqpsk_mem_real_reg[521][0]/D
                                2.13           2.08 f        -0.05  (VIOLATED)
   dqpsk_mem_real_reg[522][0]/D
                                2.13           2.08 f        -0.05  (VIOLATED)
   dqpsk_mem_real_reg[523][0]/D
                                2.13           2.08 f        -0.05  (VIOLATED)
   dqpsk_mem_real_reg[524][0]/D
                                2.13           2.08 f        -0.05  (VIOLATED)
   dqpsk_mem_real_reg[525][0]/D
                                2.13           2.08 f        -0.05  (VIOLATED)
   dqpsk_mem_real_reg[526][0]/D
                                2.13           2.08 f        -0.05  (VIOLATED)
   dqpsk_mem_real_reg[527][0]/D
                                2.13           2.08 f        -0.05  (VIOLATED)
   dqpsk_mem_real_reg[528][0]/D
                                2.13           2.08 f        -0.05  (VIOLATED)
   dqpsk_mem_real_reg[529][0]/D
                                2.13           2.08 f        -0.05  (VIOLATED)
   dqpsk_mem_real_reg[530][0]/D
                                2.13           2.08 f        -0.05  (VIOLATED)
   dqpsk_mem_real_reg[531][0]/D
                                2.13           2.08 f        -0.05  (VIOLATED)
   dqpsk_mem_real_reg[532][0]/D
                                2.13           2.08 f        -0.05  (VIOLATED)
   dqpsk_mem_real_reg[533][0]/D
                                2.13           2.08 f        -0.05  (VIOLATED)
   dqpsk_mem_real_reg[534][0]/D
                                2.13           2.08 f        -0.05  (VIOLATED)
   dqpsk_mem_real_reg[535][0]/D
                                2.13           2.08 f        -0.05  (VIOLATED)
   dqpsk_mem_real_reg[536][0]/D
                                2.13           2.08 f        -0.05  (VIOLATED)
   dqpsk_mem_real_reg[537][0]/D
                                2.13           2.08 f        -0.05  (VIOLATED)
   dqpsk_mem_real_reg[538][0]/D
                                2.13           2.08 f        -0.05  (VIOLATED)
   dqpsk_mem_real_reg[539][0]/D
                                2.13           2.08 f        -0.05  (VIOLATED)
   dqpsk_mem_real_reg[540][0]/D
                                2.13           2.08 f        -0.05  (VIOLATED)
   dqpsk_mem_real_reg[541][0]/D
                                2.13           2.08 f        -0.05  (VIOLATED)
   dqpsk_mem_real_reg[542][0]/D
                                2.13           2.08 f        -0.05  (VIOLATED)
   dqpsk_mem_real_reg[543][0]/D
                                2.13           2.08 f        -0.05  (VIOLATED)
   dqpsk_mem_real_reg[544][0]/D
                                2.13           2.08 f        -0.05  (VIOLATED)
   dqpsk_mem_real_reg[545][0]/D
                                2.13           2.08 f        -0.05  (VIOLATED)
   dqpsk_mem_real_reg[546][0]/D
                                2.13           2.08 f        -0.05  (VIOLATED)
   dqpsk_mem_real_reg[547][0]/D
                                2.13           2.08 f        -0.05  (VIOLATED)
   dqpsk_mem_real_reg[548][0]/D
                                2.13           2.08 f        -0.05  (VIOLATED)
   dqpsk_mem_real_reg[549][0]/D
                                2.13           2.08 f        -0.05  (VIOLATED)
   dqpsk_mem_real_reg[550][0]/D
                                2.13           2.08 f        -0.05  (VIOLATED)
   dqpsk_mem_real_reg[551][0]/D
                                2.13           2.08 f        -0.05  (VIOLATED)
   dqpsk_mem_real_reg[552][0]/D
                                2.13           2.08 f        -0.05  (VIOLATED)
   dqpsk_mem_real_reg[553][0]/D
                                2.13           2.08 f        -0.05  (VIOLATED)
   dqpsk_mem_real_reg[554][0]/D
                                2.13           2.08 f        -0.05  (VIOLATED)
   dqpsk_mem_real_reg[555][0]/D
                                2.13           2.08 f        -0.05  (VIOLATED)
   dqpsk_mem_real_reg[556][0]/D
                                2.13           2.08 f        -0.05  (VIOLATED)
   dqpsk_mem_real_reg[557][0]/D
                                2.13           2.08 f        -0.05  (VIOLATED)
   dqpsk_mem_real_reg[558][0]/D
                                2.13           2.08 f        -0.05  (VIOLATED)
   dqpsk_mem_real_reg[559][0]/D
                                2.13           2.08 f        -0.05  (VIOLATED)
   dqpsk_mem_real_reg[560][0]/D
                                2.13           2.08 f        -0.05  (VIOLATED)
   dqpsk_mem_real_reg[561][0]/D
                                2.13           2.08 f        -0.05  (VIOLATED)
   dqpsk_mem_real_reg[562][0]/D
                                2.13           2.08 f        -0.05  (VIOLATED)
   dqpsk_mem_real_reg[563][0]/D
                                2.13           2.08 f        -0.05  (VIOLATED)
   dqpsk_mem_real_reg[564][0]/D
                                2.13           2.08 f        -0.05  (VIOLATED)
   dqpsk_mem_real_reg[565][0]/D
                                2.13           2.08 f        -0.05  (VIOLATED)
   dqpsk_mem_real_reg[566][0]/D
                                2.13           2.08 f        -0.05  (VIOLATED)
   dqpsk_mem_real_reg[567][0]/D
                                2.13           2.08 f        -0.05  (VIOLATED)
   dqpsk_mem_real_reg[568][0]/D
                                2.13           2.08 f        -0.05  (VIOLATED)
   dqpsk_mem_real_reg[569][0]/D
                                2.13           2.08 f        -0.05  (VIOLATED)
   dqpsk_mem_real_reg[570][0]/D
                                2.13           2.08 f        -0.05  (VIOLATED)
   dqpsk_mem_real_reg[571][0]/D
                                2.13           2.08 f        -0.05  (VIOLATED)
   dqpsk_mem_real_reg[572][0]/D
                                2.13           2.08 f        -0.05  (VIOLATED)
   dqpsk_mem_real_reg[573][0]/D
                                2.13           2.08 f        -0.05  (VIOLATED)
   dqpsk_mem_real_reg[574][0]/D
                                2.13           2.08 f        -0.05  (VIOLATED)
   dqpsk_mem_real_reg[575][0]/D
                                2.13           2.08 f        -0.05  (VIOLATED)
   dqpsk_mem_real_reg[576][0]/D
                                2.13           2.08 f        -0.05  (VIOLATED)
   dqpsk_mem_real_reg[577][0]/D
                                2.13           2.08 f        -0.05  (VIOLATED)
   dqpsk_mem_real_reg[578][0]/D
                                2.13           2.08 f        -0.05  (VIOLATED)
   dqpsk_mem_real_reg[579][0]/D
                                2.13           2.08 f        -0.05  (VIOLATED)
   dqpsk_mem_real_reg[580][0]/D
                                2.13           2.08 f        -0.05  (VIOLATED)
   dqpsk_mem_real_reg[581][0]/D
                                2.13           2.08 f        -0.05  (VIOLATED)
   dqpsk_mem_real_reg[582][0]/D
                                2.13           2.08 f        -0.05  (VIOLATED)
   dqpsk_mem_real_reg[583][0]/D
                                2.13           2.08 f        -0.05  (VIOLATED)
   dqpsk_mem_real_reg[584][0]/D
                                2.13           2.08 f        -0.05  (VIOLATED)
   dqpsk_mem_real_reg[585][0]/D
                                2.13           2.08 f        -0.05  (VIOLATED)
   dqpsk_mem_real_reg[586][0]/D
                                2.13           2.08 f        -0.05  (VIOLATED)
   dqpsk_mem_real_reg[587][0]/D
                                2.13           2.08 f        -0.05  (VIOLATED)
   dqpsk_mem_real_reg[588][0]/D
                                2.13           2.08 f        -0.05  (VIOLATED)
   dqpsk_mem_real_reg[589][0]/D
                                2.13           2.08 f        -0.05  (VIOLATED)
   dqpsk_mem_real_reg[590][0]/D
                                2.13           2.08 f        -0.05  (VIOLATED)
   dqpsk_mem_real_reg[591][0]/D
                                2.13           2.08 f        -0.05  (VIOLATED)
   dqpsk_mem_real_reg[592][0]/D
                                2.13           2.08 f        -0.05  (VIOLATED)
   dqpsk_mem_real_reg[593][0]/D
                                2.13           2.08 f        -0.05  (VIOLATED)
   dqpsk_mem_real_reg[594][0]/D
                                2.13           2.08 f        -0.05  (VIOLATED)
   dqpsk_mem_real_reg[595][0]/D
                                2.13           2.08 f        -0.05  (VIOLATED)
   dqpsk_mem_real_reg[596][0]/D
                                2.13           2.08 f        -0.05  (VIOLATED)
   dqpsk_mem_real_reg[597][0]/D
                                2.13           2.08 f        -0.05  (VIOLATED)
   dqpsk_mem_real_reg[598][0]/D
                                2.13           2.08 f        -0.05  (VIOLATED)
   dqpsk_mem_real_reg[599][0]/D
                                2.13           2.08 f        -0.05  (VIOLATED)
   dqpsk_mem_real_reg[600][0]/D
                                2.13           2.08 f        -0.05  (VIOLATED)
   dqpsk_mem_real_reg[601][0]/D
                                2.13           2.08 f        -0.05  (VIOLATED)
   dqpsk_mem_real_reg[602][0]/D
                                2.13           2.08 f        -0.05  (VIOLATED)
   dqpsk_mem_real_reg[603][0]/D
                                2.13           2.08 f        -0.05  (VIOLATED)
   dqpsk_mem_real_reg[604][0]/D
                                2.13           2.08 f        -0.05  (VIOLATED)
   dqpsk_mem_real_reg[605][0]/D
                                2.13           2.08 f        -0.05  (VIOLATED)
   dqpsk_mem_real_reg[606][0]/D
                                2.13           2.08 f        -0.05  (VIOLATED)
   dqpsk_mem_real_reg[607][0]/D
                                2.13           2.08 f        -0.05  (VIOLATED)
   dqpsk_mem_real_reg[608][0]/D
                                2.13           2.08 f        -0.05  (VIOLATED)
   dqpsk_mem_real_reg[609][0]/D
                                2.13           2.08 f        -0.05  (VIOLATED)
   dqpsk_mem_real_reg[610][0]/D
                                2.13           2.08 f        -0.05  (VIOLATED)
   dqpsk_mem_real_reg[611][0]/D
                                2.13           2.08 f        -0.05  (VIOLATED)
   dqpsk_mem_real_reg[612][0]/D
                                2.13           2.08 f        -0.05  (VIOLATED)
   dqpsk_mem_real_reg[613][0]/D
                                2.13           2.08 f        -0.05  (VIOLATED)
   dqpsk_mem_real_reg[614][0]/D
                                2.13           2.08 f        -0.05  (VIOLATED)
   dqpsk_mem_real_reg[615][0]/D
                                2.13           2.08 f        -0.05  (VIOLATED)
   dqpsk_mem_real_reg[616][0]/D
                                2.13           2.08 f        -0.05  (VIOLATED)
   dqpsk_mem_real_reg[617][0]/D
                                2.13           2.08 f        -0.05  (VIOLATED)
   dqpsk_mem_real_reg[618][0]/D
                                2.13           2.08 f        -0.05  (VIOLATED)
   dqpsk_mem_real_reg[619][0]/D
                                2.13           2.08 f        -0.05  (VIOLATED)
   dqpsk_mem_real_reg[620][0]/D
                                2.13           2.08 f        -0.05  (VIOLATED)
   dqpsk_mem_real_reg[621][0]/D
                                2.13           2.08 f        -0.05  (VIOLATED)
   dqpsk_mem_real_reg[622][0]/D
                                2.13           2.08 f        -0.05  (VIOLATED)
   dqpsk_mem_real_reg[623][0]/D
                                2.13           2.08 f        -0.05  (VIOLATED)
   dqpsk_mem_real_reg[624][0]/D
                                2.13           2.08 f        -0.05  (VIOLATED)
   dqpsk_mem_real_reg[625][0]/D
                                2.13           2.08 f        -0.05  (VIOLATED)
   dqpsk_mem_real_reg[626][0]/D
                                2.13           2.08 f        -0.05  (VIOLATED)
   dqpsk_mem_real_reg[627][0]/D
                                2.13           2.08 f        -0.05  (VIOLATED)
   dqpsk_mem_real_reg[628][0]/D
                                2.13           2.08 f        -0.05  (VIOLATED)
   dqpsk_mem_real_reg[629][0]/D
                                2.13           2.08 f        -0.05  (VIOLATED)
   dqpsk_mem_real_reg[630][0]/D
                                2.13           2.08 f        -0.05  (VIOLATED)
   dqpsk_mem_real_reg[631][0]/D
                                2.13           2.08 f        -0.05  (VIOLATED)
   dqpsk_mem_real_reg[632][0]/D
                                2.13           2.08 f        -0.05  (VIOLATED)
   dqpsk_mem_real_reg[633][0]/D
                                2.13           2.08 f        -0.05  (VIOLATED)
   dqpsk_mem_real_reg[634][0]/D
                                2.13           2.08 f        -0.05  (VIOLATED)
   dqpsk_mem_real_reg[635][0]/D
                                2.13           2.08 f        -0.05  (VIOLATED)
   dqpsk_mem_real_reg[636][0]/D
                                2.13           2.08 f        -0.05  (VIOLATED)
   dqpsk_mem_real_reg[637][0]/D
                                2.13           2.08 f        -0.05  (VIOLATED)
   dqpsk_mem_real_reg[638][0]/D
                                2.13           2.08 f        -0.05  (VIOLATED)
   dqpsk_mem_real_reg[639][0]/D
                                2.13           2.08 f        -0.05  (VIOLATED)
   dqpsk_mem_real_reg[640][0]/D
                                2.13           2.08 f        -0.05  (VIOLATED)
   dqpsk_mem_real_reg[641][0]/D
                                2.13           2.08 f        -0.05  (VIOLATED)
   dqpsk_mem_real_reg[642][0]/D
                                2.13           2.08 f        -0.05  (VIOLATED)
   dqpsk_mem_real_reg[643][0]/D
                                2.13           2.08 f        -0.05  (VIOLATED)
   dqpsk_mem_real_reg[644][0]/D
                                2.13           2.08 f        -0.05  (VIOLATED)
   dqpsk_mem_real_reg[645][0]/D
                                2.13           2.08 f        -0.05  (VIOLATED)
   dqpsk_mem_real_reg[646][0]/D
                                2.13           2.08 f        -0.05  (VIOLATED)
   dqpsk_mem_real_reg[647][0]/D
                                2.13           2.08 f        -0.05  (VIOLATED)
   dqpsk_mem_real_reg[648][0]/D
                                2.13           2.08 f        -0.05  (VIOLATED)
   dqpsk_mem_real_reg[649][0]/D
                                2.13           2.08 f        -0.05  (VIOLATED)
   dqpsk_mem_real_reg[650][0]/D
                                2.13           2.08 f        -0.05  (VIOLATED)
   dqpsk_mem_real_reg[651][0]/D
                                2.13           2.08 f        -0.05  (VIOLATED)
   dqpsk_mem_real_reg[652][0]/D
                                2.13           2.08 f        -0.05  (VIOLATED)
   dqpsk_mem_real_reg[653][0]/D
                                2.13           2.08 f        -0.05  (VIOLATED)
   dqpsk_mem_real_reg[654][0]/D
                                2.13           2.08 f        -0.05  (VIOLATED)
   dqpsk_mem_real_reg[655][0]/D
                                2.13           2.08 f        -0.05  (VIOLATED)
   dqpsk_mem_real_reg[656][0]/D
                                2.13           2.08 f        -0.05  (VIOLATED)
   dqpsk_mem_real_reg[657][0]/D
                                2.13           2.08 f        -0.05  (VIOLATED)
   dqpsk_mem_real_reg[658][0]/D
                                2.13           2.08 f        -0.05  (VIOLATED)
   dqpsk_mem_real_reg[659][0]/D
                                2.13           2.08 f        -0.05  (VIOLATED)
   dqpsk_mem_real_reg[660][0]/D
                                2.13           2.08 f        -0.05  (VIOLATED)
   dqpsk_mem_real_reg[661][0]/D
                                2.13           2.08 f        -0.05  (VIOLATED)
   dqpsk_mem_real_reg[662][0]/D
                                2.13           2.08 f        -0.05  (VIOLATED)
   dqpsk_mem_real_reg[663][0]/D
                                2.13           2.08 f        -0.05  (VIOLATED)
   dqpsk_mem_real_reg[664][0]/D
                                2.13           2.08 f        -0.05  (VIOLATED)
   dqpsk_mem_real_reg[665][0]/D
                                2.13           2.08 f        -0.05  (VIOLATED)
   dqpsk_mem_real_reg[666][0]/D
                                2.13           2.08 f        -0.05  (VIOLATED)
   dqpsk_mem_real_reg[667][0]/D
                                2.13           2.08 f        -0.05  (VIOLATED)
   dqpsk_mem_real_reg[668][0]/D
                                2.13           2.08 f        -0.05  (VIOLATED)
   dqpsk_mem_real_reg[669][0]/D
                                2.13           2.08 f        -0.05  (VIOLATED)
   dqpsk_mem_real_reg[670][0]/D
                                2.13           2.08 f        -0.05  (VIOLATED)
   dqpsk_mem_real_reg[671][0]/D
                                2.13           2.08 f        -0.05  (VIOLATED)
   dqpsk_mem_real_reg[672][0]/D
                                2.13           2.08 f        -0.05  (VIOLATED)
   dqpsk_mem_real_reg[673][0]/D
                                2.13           2.08 f        -0.05  (VIOLATED)
   dqpsk_mem_real_reg[674][0]/D
                                2.13           2.08 f        -0.05  (VIOLATED)
   dqpsk_mem_real_reg[675][0]/D
                                2.13           2.08 f        -0.05  (VIOLATED)
   dqpsk_mem_real_reg[676][0]/D
                                2.13           2.08 f        -0.05  (VIOLATED)
   dqpsk_mem_real_reg[677][0]/D
                                2.13           2.08 f        -0.05  (VIOLATED)
   dqpsk_mem_real_reg[678][0]/D
                                2.13           2.08 f        -0.05  (VIOLATED)
   dqpsk_mem_real_reg[679][0]/D
                                2.13           2.08 f        -0.05  (VIOLATED)
   dqpsk_mem_real_reg[680][0]/D
                                2.13           2.08 f        -0.05  (VIOLATED)
   dqpsk_mem_real_reg[681][0]/D
                                2.13           2.08 f        -0.05  (VIOLATED)
   dqpsk_mem_real_reg[682][0]/D
                                2.13           2.08 f        -0.05  (VIOLATED)
   dqpsk_mem_real_reg[683][0]/D
                                2.13           2.08 f        -0.05  (VIOLATED)
   dqpsk_mem_real_reg[684][0]/D
                                2.13           2.08 f        -0.05  (VIOLATED)
   dqpsk_mem_real_reg[685][0]/D
                                2.13           2.08 f        -0.05  (VIOLATED)
   dqpsk_mem_real_reg[686][0]/D
                                2.13           2.08 f        -0.05  (VIOLATED)
   dqpsk_mem_real_reg[687][0]/D
                                2.13           2.08 f        -0.05  (VIOLATED)
   dqpsk_mem_real_reg[688][0]/D
                                2.13           2.08 f        -0.05  (VIOLATED)
   dqpsk_mem_real_reg[689][0]/D
                                2.13           2.08 f        -0.05  (VIOLATED)
   dqpsk_mem_real_reg[690][0]/D
                                2.13           2.08 f        -0.05  (VIOLATED)
   dqpsk_mem_real_reg[691][0]/D
                                2.13           2.08 f        -0.05  (VIOLATED)
   dqpsk_mem_real_reg[692][0]/D
                                2.13           2.08 f        -0.05  (VIOLATED)
   dqpsk_mem_real_reg[693][0]/D
                                2.13           2.08 f        -0.05  (VIOLATED)
   dqpsk_mem_real_reg[694][0]/D
                                2.13           2.08 f        -0.05  (VIOLATED)
   dqpsk_mem_real_reg[695][0]/D
                                2.13           2.08 f        -0.05  (VIOLATED)
   dqpsk_mem_real_reg[696][0]/D
                                2.13           2.08 f        -0.05  (VIOLATED)
   dqpsk_mem_real_reg[697][0]/D
                                2.13           2.08 f        -0.05  (VIOLATED)
   dqpsk_mem_real_reg[698][0]/D
                                2.13           2.08 f        -0.05  (VIOLATED)
   dqpsk_mem_real_reg[699][0]/D
                                2.13           2.08 f        -0.05  (VIOLATED)
   dqpsk_mem_real_reg[700][0]/D
                                2.13           2.08 f        -0.05  (VIOLATED)
   dqpsk_mem_real_reg[701][0]/D
                                2.13           2.08 f        -0.05  (VIOLATED)
   dqpsk_mem_real_reg[702][0]/D
                                2.13           2.08 f        -0.05  (VIOLATED)
   dqpsk_mem_real_reg[703][0]/D
                                2.13           2.08 f        -0.05  (VIOLATED)
   dqpsk_mem_real_reg[704][0]/D
                                2.13           2.08 f        -0.05  (VIOLATED)
   dqpsk_mem_real_reg[705][0]/D
                                2.13           2.08 f        -0.05  (VIOLATED)
   dqpsk_mem_real_reg[706][0]/D
                                2.13           2.08 f        -0.05  (VIOLATED)
   dqpsk_mem_real_reg[707][0]/D
                                2.13           2.08 f        -0.05  (VIOLATED)
   dqpsk_mem_real_reg[708][0]/D
                                2.13           2.08 f        -0.05  (VIOLATED)
   dqpsk_mem_real_reg[709][0]/D
                                2.13           2.08 f        -0.05  (VIOLATED)
   dqpsk_mem_real_reg[710][0]/D
                                2.13           2.08 f        -0.05  (VIOLATED)
   dqpsk_mem_real_reg[711][0]/D
                                2.13           2.08 f        -0.05  (VIOLATED)
   dqpsk_mem_real_reg[712][0]/D
                                2.13           2.08 f        -0.05  (VIOLATED)
   dqpsk_mem_real_reg[713][0]/D
                                2.13           2.08 f        -0.05  (VIOLATED)
   dqpsk_mem_real_reg[714][0]/D
                                2.13           2.08 f        -0.05  (VIOLATED)
   dqpsk_mem_real_reg[715][0]/D
                                2.13           2.08 f        -0.05  (VIOLATED)
   dqpsk_mem_real_reg[716][0]/D
                                2.13           2.08 f        -0.05  (VIOLATED)
   dqpsk_mem_real_reg[717][0]/D
                                2.13           2.08 f        -0.05  (VIOLATED)
   dqpsk_mem_real_reg[718][0]/D
                                2.13           2.08 f        -0.05  (VIOLATED)
   dqpsk_mem_real_reg[719][0]/D
                                2.13           2.08 f        -0.05  (VIOLATED)
   dqpsk_mem_real_reg[720][0]/D
                                2.13           2.08 f        -0.05  (VIOLATED)
   dqpsk_mem_real_reg[721][0]/D
                                2.13           2.08 f        -0.05  (VIOLATED)
   dqpsk_mem_real_reg[722][0]/D
                                2.13           2.08 f        -0.05  (VIOLATED)
   dqpsk_mem_real_reg[723][0]/D
                                2.13           2.08 f        -0.05  (VIOLATED)
   dqpsk_mem_real_reg[724][0]/D
                                2.13           2.08 f        -0.05  (VIOLATED)
   dqpsk_mem_real_reg[725][0]/D
                                2.13           2.08 f        -0.05  (VIOLATED)
   dqpsk_mem_real_reg[726][0]/D
                                2.13           2.08 f        -0.05  (VIOLATED)
   dqpsk_mem_real_reg[727][0]/D
                                2.13           2.08 f        -0.05  (VIOLATED)
   dqpsk_mem_real_reg[728][0]/D
                                2.13           2.08 f        -0.05  (VIOLATED)
   dqpsk_mem_real_reg[729][0]/D
                                2.13           2.08 f        -0.05  (VIOLATED)
   dqpsk_mem_real_reg[730][0]/D
                                2.13           2.08 f        -0.05  (VIOLATED)
   dqpsk_mem_real_reg[731][0]/D
                                2.13           2.08 f        -0.05  (VIOLATED)
   dqpsk_mem_real_reg[732][0]/D
                                2.13           2.08 f        -0.05  (VIOLATED)
   dqpsk_mem_real_reg[733][0]/D
                                2.13           2.08 f        -0.05  (VIOLATED)
   dqpsk_mem_real_reg[734][0]/D
                                2.13           2.08 f        -0.05  (VIOLATED)
   dqpsk_mem_real_reg[735][0]/D
                                2.13           2.08 f        -0.05  (VIOLATED)
   dqpsk_mem_real_reg[736][0]/D
                                2.13           2.08 f        -0.05  (VIOLATED)
   dqpsk_mem_real_reg[737][0]/D
                                2.13           2.08 f        -0.05  (VIOLATED)
   dqpsk_mem_real_reg[738][0]/D
                                2.13           2.08 f        -0.05  (VIOLATED)
   dqpsk_mem_real_reg[739][0]/D
                                2.13           2.08 f        -0.05  (VIOLATED)
   dqpsk_mem_real_reg[740][0]/D
                                2.13           2.08 f        -0.05  (VIOLATED)
   dqpsk_mem_real_reg[741][0]/D
                                2.13           2.08 f        -0.05  (VIOLATED)
   dqpsk_mem_real_reg[742][0]/D
                                2.13           2.08 f        -0.05  (VIOLATED)
   dqpsk_mem_real_reg[743][0]/D
                                2.13           2.08 f        -0.05  (VIOLATED)
   dqpsk_mem_real_reg[744][0]/D
                                2.13           2.08 f        -0.05  (VIOLATED)
   dqpsk_mem_real_reg[745][0]/D
                                2.13           2.08 f        -0.05  (VIOLATED)
   dqpsk_mem_real_reg[746][0]/D
                                2.13           2.08 f        -0.05  (VIOLATED)
   dqpsk_mem_real_reg[747][0]/D
                                2.13           2.08 f        -0.05  (VIOLATED)
   dqpsk_mem_real_reg[748][0]/D
                                2.13           2.08 f        -0.05  (VIOLATED)
   dqpsk_mem_real_reg[749][0]/D
                                2.13           2.08 f        -0.05  (VIOLATED)
   dqpsk_mem_real_reg[750][0]/D
                                2.13           2.08 f        -0.05  (VIOLATED)
   dqpsk_mem_real_reg[751][0]/D
                                2.13           2.08 f        -0.05  (VIOLATED)
   dqpsk_mem_real_reg[752][0]/D
                                2.13           2.08 f        -0.05  (VIOLATED)
   dqpsk_mem_real_reg[753][0]/D
                                2.13           2.08 f        -0.05  (VIOLATED)
   dqpsk_mem_real_reg[754][0]/D
                                2.13           2.08 f        -0.05  (VIOLATED)
   dqpsk_mem_real_reg[755][0]/D
                                2.13           2.08 f        -0.05  (VIOLATED)
   dqpsk_mem_real_reg[756][0]/D
                                2.13           2.08 f        -0.05  (VIOLATED)
   dqpsk_mem_real_reg[757][0]/D
                                2.13           2.08 f        -0.05  (VIOLATED)
   dqpsk_mem_real_reg[758][0]/D
                                2.13           2.08 f        -0.05  (VIOLATED)
   dqpsk_mem_real_reg[759][0]/D
                                2.13           2.08 f        -0.05  (VIOLATED)
   dqpsk_mem_real_reg[760][0]/D
                                2.13           2.08 f        -0.05  (VIOLATED)
   dqpsk_mem_real_reg[761][0]/D
                                2.13           2.08 f        -0.05  (VIOLATED)
   dqpsk_mem_real_reg[762][0]/D
                                2.13           2.08 f        -0.05  (VIOLATED)
   dqpsk_mem_real_reg[763][0]/D
                                2.13           2.08 f        -0.05  (VIOLATED)
   dqpsk_mem_real_reg[764][0]/D
                                2.13           2.08 f        -0.05  (VIOLATED)
   dqpsk_mem_real_reg[765][0]/D
                                2.13           2.08 f        -0.05  (VIOLATED)
   dqpsk_mem_real_reg[766][0]/D
                                2.13           2.08 f        -0.05  (VIOLATED)
   dqpsk_mem_real_reg[767][0]/D
                                2.13           2.08 f        -0.05  (VIOLATED)
   dqpsk_mem_real_reg[768][0]/D
                                2.13           2.08 f        -0.05  (VIOLATED)
   dqpsk_mem_real_reg[769][0]/D
                                2.13           2.08 f        -0.05  (VIOLATED)
   dqpsk_mem_real_reg[770][0]/D
                                2.13           2.08 f        -0.05  (VIOLATED)
   dqpsk_mem_real_reg[771][0]/D
                                2.13           2.08 f        -0.05  (VIOLATED)
   dqpsk_mem_real_reg[772][0]/D
                                2.13           2.08 f        -0.05  (VIOLATED)
   dqpsk_mem_real_reg[773][0]/D
                                2.13           2.08 f        -0.05  (VIOLATED)
   dqpsk_mem_real_reg[774][0]/D
                                2.13           2.08 f        -0.05  (VIOLATED)
   dqpsk_mem_real_reg[775][0]/D
                                2.13           2.08 f        -0.05  (VIOLATED)
   dqpsk_mem_real_reg[776][0]/D
                                2.13           2.08 f        -0.05  (VIOLATED)
   dqpsk_mem_real_reg[777][0]/D
                                2.13           2.08 f        -0.05  (VIOLATED)
   dqpsk_mem_real_reg[778][0]/D
                                2.13           2.08 f        -0.05  (VIOLATED)
   dqpsk_mem_real_reg[779][0]/D
                                2.13           2.08 f        -0.05  (VIOLATED)
   dqpsk_mem_real_reg[780][0]/D
                                2.13           2.08 f        -0.05  (VIOLATED)
   dqpsk_mem_real_reg[781][0]/D
                                2.13           2.08 f        -0.05  (VIOLATED)
   dqpsk_mem_real_reg[782][0]/D
                                2.13           2.08 f        -0.05  (VIOLATED)
   dqpsk_mem_real_reg[783][0]/D
                                2.13           2.08 f        -0.05  (VIOLATED)
   dqpsk_mem_real_reg[784][0]/D
                                2.13           2.08 f        -0.05  (VIOLATED)
   dqpsk_mem_real_reg[785][0]/D
                                2.13           2.08 f        -0.05  (VIOLATED)
   dqpsk_mem_real_reg[786][0]/D
                                2.13           2.08 f        -0.05  (VIOLATED)
   dqpsk_mem_real_reg[787][0]/D
                                2.13           2.08 f        -0.05  (VIOLATED)
   dqpsk_mem_real_reg[788][0]/D
                                2.13           2.08 f        -0.05  (VIOLATED)
   dqpsk_mem_real_reg[789][0]/D
                                2.13           2.08 f        -0.05  (VIOLATED)
   dqpsk_mem_real_reg[790][0]/D
                                2.13           2.08 f        -0.05  (VIOLATED)
   dqpsk_mem_real_reg[791][0]/D
                                2.13           2.08 f        -0.05  (VIOLATED)
   dqpsk_mem_real_reg[792][0]/D
                                2.13           2.08 f        -0.05  (VIOLATED)
   dqpsk_mem_real_reg[793][0]/D
                                2.13           2.08 f        -0.05  (VIOLATED)
   dqpsk_mem_real_reg[794][0]/D
                                2.13           2.08 f        -0.05  (VIOLATED)
   dqpsk_mem_real_reg[795][0]/D
                                2.13           2.08 f        -0.05  (VIOLATED)
   dqpsk_mem_real_reg[796][0]/D
                                2.13           2.08 f        -0.05  (VIOLATED)
   dqpsk_mem_real_reg[797][0]/D
                                2.13           2.08 f        -0.05  (VIOLATED)
   dqpsk_mem_real_reg[798][0]/D
                                2.13           2.08 f        -0.05  (VIOLATED)
   dqpsk_mem_real_reg[799][0]/D
                                2.13           2.08 f        -0.05  (VIOLATED)
   dqpsk_mem_real_reg[800][0]/D
                                2.13           2.08 f        -0.05  (VIOLATED)
   dqpsk_mem_real_reg[801][0]/D
                                2.13           2.08 f        -0.05  (VIOLATED)
   dqpsk_mem_real_reg[802][0]/D
                                2.13           2.08 f        -0.05  (VIOLATED)
   dqpsk_mem_real_reg[803][0]/D
                                2.13           2.08 f        -0.05  (VIOLATED)
   dqpsk_mem_real_reg[804][0]/D
                                2.13           2.08 f        -0.05  (VIOLATED)
   dqpsk_mem_real_reg[805][0]/D
                                2.13           2.08 f        -0.05  (VIOLATED)
   dqpsk_mem_real_reg[806][0]/D
                                2.13           2.08 f        -0.05  (VIOLATED)
   dqpsk_mem_real_reg[807][0]/D
                                2.13           2.08 f        -0.05  (VIOLATED)
   dqpsk_mem_real_reg[808][0]/D
                                2.13           2.08 f        -0.05  (VIOLATED)
   dqpsk_mem_real_reg[809][0]/D
                                2.13           2.08 f        -0.05  (VIOLATED)
   dqpsk_mem_real_reg[810][0]/D
                                2.13           2.08 f        -0.05  (VIOLATED)
   dqpsk_mem_real_reg[811][0]/D
                                2.13           2.08 f        -0.05  (VIOLATED)
   dqpsk_mem_real_reg[812][0]/D
                                2.13           2.08 f        -0.05  (VIOLATED)
   dqpsk_mem_real_reg[813][0]/D
                                2.13           2.08 f        -0.05  (VIOLATED)
   dqpsk_mem_real_reg[814][0]/D
                                2.13           2.08 f        -0.05  (VIOLATED)
   dqpsk_mem_real_reg[815][0]/D
                                2.13           2.08 f        -0.05  (VIOLATED)
   dqpsk_mem_real_reg[816][0]/D
                                2.13           2.08 f        -0.05  (VIOLATED)
   dqpsk_mem_real_reg[817][0]/D
                                2.13           2.08 f        -0.05  (VIOLATED)
   dqpsk_mem_real_reg[818][0]/D
                                2.13           2.08 f        -0.05  (VIOLATED)
   dqpsk_mem_real_reg[819][0]/D
                                2.13           2.08 f        -0.05  (VIOLATED)
   dqpsk_mem_real_reg[820][0]/D
                                2.13           2.08 f        -0.05  (VIOLATED)
   dqpsk_mem_real_reg[821][0]/D
                                2.13           2.08 f        -0.05  (VIOLATED)
   dqpsk_mem_real_reg[822][0]/D
                                2.13           2.08 f        -0.05  (VIOLATED)
   dqpsk_mem_real_reg[823][0]/D
                                2.13           2.08 f        -0.05  (VIOLATED)
   dqpsk_mem_real_reg[824][0]/D
                                2.13           2.08 f        -0.05  (VIOLATED)
   dqpsk_mem_real_reg[825][0]/D
                                2.13           2.08 f        -0.05  (VIOLATED)
   dqpsk_mem_real_reg[826][0]/D
                                2.13           2.08 f        -0.05  (VIOLATED)
   dqpsk_mem_real_reg[827][0]/D
                                2.13           2.08 f        -0.05  (VIOLATED)
   dqpsk_mem_real_reg[828][0]/D
                                2.13           2.08 f        -0.05  (VIOLATED)
   dqpsk_mem_real_reg[829][0]/D
                                2.13           2.08 f        -0.05  (VIOLATED)
   dqpsk_mem_real_reg[830][0]/D
                                2.13           2.08 f        -0.05  (VIOLATED)
   dqpsk_mem_real_reg[831][0]/D
                                2.13           2.08 f        -0.05  (VIOLATED)
   dqpsk_mem_real_reg[832][0]/D
                                2.13           2.08 f        -0.05  (VIOLATED)
   dqpsk_mem_real_reg[833][0]/D
                                2.13           2.08 f        -0.05  (VIOLATED)
   dqpsk_mem_real_reg[834][0]/D
                                2.13           2.08 f        -0.05  (VIOLATED)
   dqpsk_mem_real_reg[835][0]/D
                                2.13           2.08 f        -0.05  (VIOLATED)
   dqpsk_mem_real_reg[836][0]/D
                                2.13           2.08 f        -0.05  (VIOLATED)
   dqpsk_mem_real_reg[837][0]/D
                                2.13           2.08 f        -0.05  (VIOLATED)
   dqpsk_mem_real_reg[838][0]/D
                                2.13           2.08 f        -0.05  (VIOLATED)
   dqpsk_mem_real_reg[839][0]/D
                                2.13           2.08 f        -0.05  (VIOLATED)
   dqpsk_mem_real_reg[840][0]/D
                                2.13           2.08 f        -0.05  (VIOLATED)
   dqpsk_mem_real_reg[841][0]/D
                                2.13           2.08 f        -0.05  (VIOLATED)
   dqpsk_mem_real_reg[842][0]/D
                                2.13           2.08 f        -0.05  (VIOLATED)
   dqpsk_mem_real_reg[843][0]/D
                                2.13           2.08 f        -0.05  (VIOLATED)
   dqpsk_mem_real_reg[844][0]/D
                                2.13           2.08 f        -0.05  (VIOLATED)
   dqpsk_mem_real_reg[845][0]/D
                                2.13           2.08 f        -0.05  (VIOLATED)
   dqpsk_mem_real_reg[846][0]/D
                                2.13           2.08 f        -0.05  (VIOLATED)
   dqpsk_mem_real_reg[847][0]/D
                                2.13           2.08 f        -0.05  (VIOLATED)
   dqpsk_mem_real_reg[848][0]/D
                                2.13           2.08 f        -0.05  (VIOLATED)
   dqpsk_mem_real_reg[849][0]/D
                                2.13           2.08 f        -0.05  (VIOLATED)
   dqpsk_mem_real_reg[850][0]/D
                                2.13           2.08 f        -0.05  (VIOLATED)
   dqpsk_mem_real_reg[851][0]/D
                                2.13           2.08 f        -0.05  (VIOLATED)
   dqpsk_mem_real_reg[852][0]/D
                                2.13           2.08 f        -0.05  (VIOLATED)
   dqpsk_mem_real_reg[853][0]/D
                                2.13           2.08 f        -0.05  (VIOLATED)
   dqpsk_mem_real_reg[854][0]/D
                                2.13           2.08 f        -0.05  (VIOLATED)
   dqpsk_mem_real_reg[855][0]/D
                                2.13           2.08 f        -0.05  (VIOLATED)
   dqpsk_mem_real_reg[856][0]/D
                                2.13           2.08 f        -0.05  (VIOLATED)
   dqpsk_mem_real_reg[857][0]/D
                                2.13           2.08 f        -0.05  (VIOLATED)
   dqpsk_mem_real_reg[858][0]/D
                                2.13           2.08 f        -0.05  (VIOLATED)
   dqpsk_mem_real_reg[859][0]/D
                                2.13           2.08 f        -0.05  (VIOLATED)
   dqpsk_mem_real_reg[860][0]/D
                                2.13           2.08 f        -0.05  (VIOLATED)
   dqpsk_mem_real_reg[861][0]/D
                                2.13           2.08 f        -0.05  (VIOLATED)
   dqpsk_mem_real_reg[862][0]/D
                                2.13           2.08 f        -0.05  (VIOLATED)
   dqpsk_mem_real_reg[863][0]/D
                                2.13           2.08 f        -0.05  (VIOLATED)
   dqpsk_mem_real_reg[864][0]/D
                                2.13           2.08 f        -0.05  (VIOLATED)
   dqpsk_mem_real_reg[865][0]/D
                                2.13           2.08 f        -0.05  (VIOLATED)
   dqpsk_mem_real_reg[866][0]/D
                                2.13           2.08 f        -0.05  (VIOLATED)
   dqpsk_mem_real_reg[867][0]/D
                                2.13           2.08 f        -0.05  (VIOLATED)
   dqpsk_mem_real_reg[868][0]/D
                                2.13           2.08 f        -0.05  (VIOLATED)
   dqpsk_mem_real_reg[869][0]/D
                                2.13           2.08 f        -0.05  (VIOLATED)
   dqpsk_mem_real_reg[870][0]/D
                                2.13           2.08 f        -0.05  (VIOLATED)
   dqpsk_mem_real_reg[871][0]/D
                                2.13           2.08 f        -0.05  (VIOLATED)
   dqpsk_mem_real_reg[872][0]/D
                                2.13           2.08 f        -0.05  (VIOLATED)
   dqpsk_mem_real_reg[873][0]/D
                                2.13           2.08 f        -0.05  (VIOLATED)
   dqpsk_mem_real_reg[874][0]/D
                                2.13           2.08 f        -0.05  (VIOLATED)
   dqpsk_mem_real_reg[875][0]/D
                                2.13           2.08 f        -0.05  (VIOLATED)
   dqpsk_mem_real_reg[876][0]/D
                                2.13           2.08 f        -0.05  (VIOLATED)
   dqpsk_mem_real_reg[877][0]/D
                                2.13           2.08 f        -0.05  (VIOLATED)
   dqpsk_mem_real_reg[878][0]/D
                                2.13           2.08 f        -0.05  (VIOLATED)
   dqpsk_mem_real_reg[879][0]/D
                                2.13           2.08 f        -0.05  (VIOLATED)
   dqpsk_mem_real_reg[880][0]/D
                                2.13           2.08 f        -0.05  (VIOLATED)
   dqpsk_mem_real_reg[881][0]/D
                                2.13           2.08 f        -0.05  (VIOLATED)
   dqpsk_mem_real_reg[882][0]/D
                                2.13           2.08 f        -0.05  (VIOLATED)
   dqpsk_mem_real_reg[883][0]/D
                                2.13           2.08 f        -0.05  (VIOLATED)
   dqpsk_mem_real_reg[884][0]/D
                                2.13           2.08 f        -0.05  (VIOLATED)
   dqpsk_mem_real_reg[885][0]/D
                                2.13           2.08 f        -0.05  (VIOLATED)
   dqpsk_mem_real_reg[886][0]/D
                                2.13           2.08 f        -0.05  (VIOLATED)
   dqpsk_mem_real_reg[887][0]/D
                                2.13           2.08 f        -0.05  (VIOLATED)
   dqpsk_mem_real_reg[888][0]/D
                                2.13           2.08 f        -0.05  (VIOLATED)
   dqpsk_mem_real_reg[889][0]/D
                                2.13           2.08 f        -0.05  (VIOLATED)
   dqpsk_mem_real_reg[890][0]/D
                                2.13           2.08 f        -0.05  (VIOLATED)
   dqpsk_mem_real_reg[891][0]/D
                                2.13           2.08 f        -0.05  (VIOLATED)
   dqpsk_mem_real_reg[892][0]/D
                                2.13           2.08 f        -0.05  (VIOLATED)
   dqpsk_mem_real_reg[893][0]/D
                                2.13           2.08 f        -0.05  (VIOLATED)
   dqpsk_mem_real_reg[894][0]/D
                                2.13           2.08 f        -0.05  (VIOLATED)
   dqpsk_mem_real_reg[895][0]/D
                                2.13           2.08 f        -0.05  (VIOLATED)
   dqpsk_mem_real_reg[896][0]/D
                                2.13           2.08 f        -0.05  (VIOLATED)
   dqpsk_mem_real_reg[897][0]/D
                                2.13           2.08 f        -0.05  (VIOLATED)
   dqpsk_mem_real_reg[898][0]/D
                                2.13           2.08 f        -0.05  (VIOLATED)
   dqpsk_mem_real_reg[899][0]/D
                                2.13           2.08 f        -0.05  (VIOLATED)
   dqpsk_mem_real_reg[900][0]/D
                                2.13           2.08 f        -0.05  (VIOLATED)
   dqpsk_mem_real_reg[901][0]/D
                                2.13           2.08 f        -0.05  (VIOLATED)
   dqpsk_mem_real_reg[902][0]/D
                                2.13           2.08 f        -0.05  (VIOLATED)
   dqpsk_mem_real_reg[903][0]/D
                                2.13           2.08 f        -0.05  (VIOLATED)
   dqpsk_mem_real_reg[904][0]/D
                                2.13           2.08 f        -0.05  (VIOLATED)
   dqpsk_mem_real_reg[905][0]/D
                                2.13           2.08 f        -0.05  (VIOLATED)
   dqpsk_mem_real_reg[906][0]/D
                                2.13           2.08 f        -0.05  (VIOLATED)
   dqpsk_mem_real_reg[907][0]/D
                                2.13           2.08 f        -0.05  (VIOLATED)
   dqpsk_mem_real_reg[908][0]/D
                                2.13           2.08 f        -0.05  (VIOLATED)
   dqpsk_mem_real_reg[909][0]/D
                                2.13           2.08 f        -0.05  (VIOLATED)
   dqpsk_mem_real_reg[910][0]/D
                                2.13           2.08 f        -0.05  (VIOLATED)
   dqpsk_mem_real_reg[911][0]/D
                                2.13           2.08 f        -0.05  (VIOLATED)
   dqpsk_mem_real_reg[912][0]/D
                                2.13           2.08 f        -0.05  (VIOLATED)
   dqpsk_mem_real_reg[913][0]/D
                                2.13           2.08 f        -0.05  (VIOLATED)
   dqpsk_mem_real_reg[914][0]/D
                                2.13           2.08 f        -0.05  (VIOLATED)
   dqpsk_mem_real_reg[915][0]/D
                                2.13           2.08 f        -0.05  (VIOLATED)
   dqpsk_mem_real_reg[916][0]/D
                                2.13           2.08 f        -0.05  (VIOLATED)
   dqpsk_mem_real_reg[917][0]/D
                                2.13           2.08 f        -0.05  (VIOLATED)
   dqpsk_mem_real_reg[918][0]/D
                                2.13           2.08 f        -0.05  (VIOLATED)
   dqpsk_mem_real_reg[919][0]/D
                                2.13           2.08 f        -0.05  (VIOLATED)
   dqpsk_mem_real_reg[920][0]/D
                                2.13           2.08 f        -0.05  (VIOLATED)
   dqpsk_mem_real_reg[921][0]/D
                                2.13           2.08 f        -0.05  (VIOLATED)
   dqpsk_mem_real_reg[922][0]/D
                                2.13           2.08 f        -0.05  (VIOLATED)
   dqpsk_mem_real_reg[923][0]/D
                                2.13           2.08 f        -0.05  (VIOLATED)
   dqpsk_mem_real_reg[924][0]/D
                                2.13           2.08 f        -0.05  (VIOLATED)
   dqpsk_mem_real_reg[925][0]/D
                                2.13           2.08 f        -0.05  (VIOLATED)
   dqpsk_mem_real_reg[926][0]/D
                                2.13           2.08 f        -0.05  (VIOLATED)
   dqpsk_mem_real_reg[927][0]/D
                                2.13           2.08 f        -0.05  (VIOLATED)
   dqpsk_mem_real_reg[928][0]/D
                                2.13           2.08 f        -0.05  (VIOLATED)
   dqpsk_mem_real_reg[929][0]/D
                                2.13           2.08 f        -0.05  (VIOLATED)
   dqpsk_mem_real_reg[930][0]/D
                                2.13           2.08 f        -0.05  (VIOLATED)
   dqpsk_mem_real_reg[931][0]/D
                                2.13           2.08 f        -0.05  (VIOLATED)
   dqpsk_mem_real_reg[932][0]/D
                                2.13           2.08 f        -0.05  (VIOLATED)
   dqpsk_mem_real_reg[933][0]/D
                                2.13           2.08 f        -0.05  (VIOLATED)
   dqpsk_mem_real_reg[934][0]/D
                                2.13           2.08 f        -0.05  (VIOLATED)
   dqpsk_mem_real_reg[935][0]/D
                                2.13           2.08 f        -0.05  (VIOLATED)
   dqpsk_mem_real_reg[936][0]/D
                                2.13           2.08 f        -0.05  (VIOLATED)
   dqpsk_mem_real_reg[937][0]/D
                                2.13           2.08 f        -0.05  (VIOLATED)
   dqpsk_mem_real_reg[938][0]/D
                                2.13           2.08 f        -0.05  (VIOLATED)
   dqpsk_mem_real_reg[939][0]/D
                                2.13           2.08 f        -0.05  (VIOLATED)
   dqpsk_mem_real_reg[940][0]/D
                                2.13           2.08 f        -0.05  (VIOLATED)
   dqpsk_mem_real_reg[941][0]/D
                                2.13           2.08 f        -0.05  (VIOLATED)
   dqpsk_mem_real_reg[942][0]/D
                                2.13           2.08 f        -0.05  (VIOLATED)
   dqpsk_mem_real_reg[943][0]/D
                                2.13           2.08 f        -0.05  (VIOLATED)
   dqpsk_mem_real_reg[944][0]/D
                                2.13           2.08 f        -0.05  (VIOLATED)
   dqpsk_mem_real_reg[945][0]/D
                                2.13           2.08 f        -0.05  (VIOLATED)
   dqpsk_mem_real_reg[946][0]/D
                                2.13           2.08 f        -0.05  (VIOLATED)
   dqpsk_mem_real_reg[947][0]/D
                                2.13           2.08 f        -0.05  (VIOLATED)
   dqpsk_mem_real_reg[948][0]/D
                                2.13           2.08 f        -0.05  (VIOLATED)
   dqpsk_mem_real_reg[949][0]/D
                                2.13           2.08 f        -0.05  (VIOLATED)
   dqpsk_mem_real_reg[950][0]/D
                                2.13           2.08 f        -0.05  (VIOLATED)
   dqpsk_mem_real_reg[951][0]/D
                                2.13           2.08 f        -0.05  (VIOLATED)
   dqpsk_mem_real_reg[952][0]/D
                                2.13           2.08 f        -0.05  (VIOLATED)
   dqpsk_mem_real_reg[953][0]/D
                                2.13           2.08 f        -0.05  (VIOLATED)
   dqpsk_mem_real_reg[954][0]/D
                                2.13           2.08 f        -0.05  (VIOLATED)
   dqpsk_mem_real_reg[955][0]/D
                                2.13           2.08 f        -0.05  (VIOLATED)
   dqpsk_mem_real_reg[956][0]/D
                                2.13           2.08 f        -0.05  (VIOLATED)
   dqpsk_mem_real_reg[957][0]/D
                                2.13           2.08 f        -0.05  (VIOLATED)
   dqpsk_mem_real_reg[958][0]/D
                                2.13           2.08 f        -0.05  (VIOLATED)
   dqpsk_mem_real_reg[959][0]/D
                                2.13           2.08 f        -0.05  (VIOLATED)
   dqpsk_mem_real_reg[960][0]/D
                                2.13           2.08 f        -0.05  (VIOLATED)
   dqpsk_mem_real_reg[961][0]/D
                                2.13           2.08 f        -0.05  (VIOLATED)
   dqpsk_mem_real_reg[962][0]/D
                                2.13           2.08 f        -0.05  (VIOLATED)
   dqpsk_mem_real_reg[963][0]/D
                                2.13           2.08 f        -0.05  (VIOLATED)
   dqpsk_mem_real_reg[964][0]/D
                                2.13           2.08 f        -0.05  (VIOLATED)
   dqpsk_mem_real_reg[965][0]/D
                                2.13           2.08 f        -0.05  (VIOLATED)
   dqpsk_mem_real_reg[966][0]/D
                                2.13           2.08 f        -0.05  (VIOLATED)
   dqpsk_mem_real_reg[967][0]/D
                                2.13           2.08 f        -0.05  (VIOLATED)
   dqpsk_mem_real_reg[968][0]/D
                                2.13           2.08 f        -0.05  (VIOLATED)
   dqpsk_mem_real_reg[969][0]/D
                                2.13           2.08 f        -0.05  (VIOLATED)
   dqpsk_mem_real_reg[970][0]/D
                                2.13           2.08 f        -0.05  (VIOLATED)
   dqpsk_mem_real_reg[971][0]/D
                                2.13           2.08 f        -0.05  (VIOLATED)
   dqpsk_mem_real_reg[972][0]/D
                                2.13           2.08 f        -0.05  (VIOLATED)
   dqpsk_mem_real_reg[973][0]/D
                                2.13           2.08 f        -0.05  (VIOLATED)
   dqpsk_mem_real_reg[974][0]/D
                                2.13           2.08 f        -0.05  (VIOLATED)
   dqpsk_mem_real_reg[975][0]/D
                                2.13           2.08 f        -0.05  (VIOLATED)
   dqpsk_mem_real_reg[976][0]/D
                                2.13           2.08 f        -0.05  (VIOLATED)
   dqpsk_mem_real_reg[977][0]/D
                                2.13           2.08 f        -0.05  (VIOLATED)
   dqpsk_mem_real_reg[978][0]/D
                                2.13           2.08 f        -0.05  (VIOLATED)
   dqpsk_mem_real_reg[979][0]/D
                                2.13           2.08 f        -0.05  (VIOLATED)
   dqpsk_mem_real_reg[980][0]/D
                                2.13           2.08 f        -0.05  (VIOLATED)
   dqpsk_mem_real_reg[981][0]/D
                                2.13           2.08 f        -0.05  (VIOLATED)
   dqpsk_mem_real_reg[982][0]/D
                                2.13           2.08 f        -0.05  (VIOLATED)
   dqpsk_mem_real_reg[983][0]/D
                                2.13           2.08 f        -0.05  (VIOLATED)
   dqpsk_mem_real_reg[984][0]/D
                                2.13           2.08 f        -0.05  (VIOLATED)
   dqpsk_mem_real_reg[985][0]/D
                                2.13           2.08 f        -0.05  (VIOLATED)
   dqpsk_mem_real_reg[986][0]/D
                                2.13           2.08 f        -0.05  (VIOLATED)
   dqpsk_mem_real_reg[987][0]/D
                                2.13           2.08 f        -0.05  (VIOLATED)
   dqpsk_mem_real_reg[988][0]/D
                                2.13           2.08 f        -0.05  (VIOLATED)
   dqpsk_mem_real_reg[989][0]/D
                                2.13           2.08 f        -0.05  (VIOLATED)
   dqpsk_mem_real_reg[990][0]/D
                                2.13           2.08 f        -0.05  (VIOLATED)
   dqpsk_mem_real_reg[991][0]/D
                                2.13           2.08 f        -0.05  (VIOLATED)
   dqpsk_mem_real_reg[992][0]/D
                                2.13           2.08 f        -0.05  (VIOLATED)
   dqpsk_mem_real_reg[993][0]/D
                                2.13           2.08 f        -0.05  (VIOLATED)
   dqpsk_mem_real_reg[994][0]/D
                                2.13           2.08 f        -0.05  (VIOLATED)
   dqpsk_mem_real_reg[995][0]/D
                                2.13           2.08 f        -0.05  (VIOLATED)
   dqpsk_mem_real_reg[996][0]/D
                                2.13           2.08 f        -0.05  (VIOLATED)
   dqpsk_mem_real_reg[997][0]/D
                                2.13           2.08 f        -0.05  (VIOLATED)
   dqpsk_mem_real_reg[998][0]/D
                                2.13           2.08 f        -0.05  (VIOLATED)
   dqpsk_mem_real_reg[999][0]/D
                                2.13           2.08 f        -0.05  (VIOLATED)
   dqpsk_mem_real_reg[1000][0]/D
                                2.13           2.08 f        -0.05  (VIOLATED)
   dqpsk_mem_real_reg[1001][0]/D
                                2.13           2.08 f        -0.05  (VIOLATED)
   dqpsk_mem_real_reg[1002][0]/D
                                2.13           2.08 f        -0.05  (VIOLATED)
   dqpsk_mem_real_reg[1003][0]/D
                                2.13           2.08 f        -0.05  (VIOLATED)
   dqpsk_mem_real_reg[1004][0]/D
                                2.13           2.08 f        -0.05  (VIOLATED)
   dqpsk_mem_real_reg[1005][0]/D
                                2.13           2.08 f        -0.05  (VIOLATED)
   dqpsk_mem_real_reg[1006][0]/D
                                2.13           2.08 f        -0.05  (VIOLATED)
   dqpsk_mem_real_reg[1007][0]/D
                                2.13           2.08 f        -0.05  (VIOLATED)
   dqpsk_mem_real_reg[1008][0]/D
                                2.13           2.08 f        -0.05  (VIOLATED)
   dqpsk_mem_real_reg[1009][0]/D
                                2.13           2.08 f        -0.05  (VIOLATED)
   dqpsk_mem_real_reg[1010][0]/D
                                2.13           2.08 f        -0.05  (VIOLATED)
   dqpsk_mem_real_reg[1011][0]/D
                                2.13           2.08 f        -0.05  (VIOLATED)
   dqpsk_mem_real_reg[1012][0]/D
                                2.13           2.08 f        -0.05  (VIOLATED)
   dqpsk_mem_real_reg[1013][0]/D
                                2.13           2.08 f        -0.05  (VIOLATED)
   dqpsk_mem_real_reg[1014][0]/D
                                2.13           2.08 f        -0.05  (VIOLATED)
   dqpsk_mem_real_reg[1015][0]/D
                                2.13           2.08 f        -0.05  (VIOLATED)
   dqpsk_mem_real_reg[1016][0]/D
                                2.13           2.08 f        -0.05  (VIOLATED)
   dqpsk_mem_real_reg[1017][0]/D
                                2.13           2.08 f        -0.05  (VIOLATED)
   dqpsk_mem_real_reg[1018][0]/D
                                2.13           2.08 f        -0.05  (VIOLATED)
   dqpsk_mem_real_reg[1019][0]/D
                                2.13           2.08 f        -0.05  (VIOLATED)
   dqpsk_mem_real_reg[1020][0]/D
                                2.13           2.08 f        -0.05  (VIOLATED)
   dqpsk_mem_real_reg[1021][0]/D
                                2.13           2.08 f        -0.05  (VIOLATED)
   dqpsk_mem_real_reg[1022][0]/D
                                2.13           2.08 f        -0.05  (VIOLATED)
   dqpsk_mem_real_reg[1023][0]/D
                                2.13           2.08 f        -0.05  (VIOLATED)


   min_delay/hold ('SCAN_CLK' group)

                             Required        Actual
   Endpoint                 Path Delay     Path Delay        Slack
   -----------------------------------------------------------------
   u_dqpsk/s_real_d_reg[0][0]/SI
                                2.15           0.94 f        -1.21  (VIOLATED)
   u_csk_rom/i_c_reg[1]/SI      2.12           0.92 f        -1.19  (VIOLATED)
   u_csk_rom/i_c_reg[2]/SI      2.12           0.92 f        -1.19  (VIOLATED)
   u_csk_rom/i_c_reg[3]/SI      2.12           0.92 f        -1.19  (VIOLATED)
   u_csk_rom/i_c_reg[4]/SI      2.12           0.92 f        -1.19  (VIOLATED)
   u_csk_rom/i_c_reg[5]/SI      2.12           0.92 f        -1.19  (VIOLATED)
   u_csk_rom/q_c_reg[0]/SI      2.12           0.92 f        -1.19  (VIOLATED)
   u_csk_rom/q_c_reg[1]/SI      2.12           0.92 f        -1.19  (VIOLATED)
   u_csk_rom/q_c_reg[2]/SI      2.12           0.92 f        -1.19  (VIOLATED)
   u_csk_rom/q_c_reg[3]/SI      2.12           0.92 f        -1.19  (VIOLATED)
   u_csk_rom/q_c_reg[4]/SI      2.12           0.92 f        -1.19  (VIOLATED)
   u_csk_rom/q_c_reg[5]/SI      2.12           0.92 f        -1.19  (VIOLATED)
   u_interleaver/i_out_reg[1]/SI
                                2.04           0.94 f        -1.10  (VIOLATED)
   u_interleaver/i_out_reg[2]/SI
                                2.04           0.94 f        -1.10  (VIOLATED)
   u_interleaver/i_out_reg[3]/SI
                                2.04           0.94 f        -1.10  (VIOLATED)
   u_interleaver/i_out_reg[4]/SI
                                2.04           0.94 f        -1.10  (VIOLATED)
   u_interleaver/i_out_reg[5]/SI
                                2.04           0.94 f        -1.10  (VIOLATED)
   u_interleaver/i_out_reg[6]/SI
                                2.04           0.94 f        -1.10  (VIOLATED)
   u_interleaver/i_out_reg[7]/SI
                                2.04           0.94 f        -1.10  (VIOLATED)
   u_interleaver/i_out_reg[8]/SI
                                2.04           0.94 f        -1.10  (VIOLATED)
   u_interleaver/i_out_reg[9]/SI
                                2.04           0.94 f        -1.10  (VIOLATED)
   u_interleaver/i_out_reg[10]/SI
                                2.04           0.94 f        -1.10  (VIOLATED)
   u_interleaver/i_out_reg[11]/SI
                                2.04           0.94 f        -1.10  (VIOLATED)
   u_interleaver/i_out_reg[12]/SI
                                2.04           0.94 f        -1.10  (VIOLATED)
   u_interleaver/i_out_reg[13]/SI
                                2.04           0.94 f        -1.10  (VIOLATED)
   u_interleaver/i_out_reg[14]/SI
                                2.04           0.94 f        -1.10  (VIOLATED)
   u_interleaver/i_out_reg[15]/SI
                                2.04           0.94 f        -1.10  (VIOLATED)
   u_interleaver/i_out_reg[16]/SI
                                2.04           0.94 f        -1.10  (VIOLATED)
   u_interleaver/i_out_reg[17]/SI
                                2.04           0.94 f        -1.10  (VIOLATED)
   u_interleaver/i_out_reg[18]/SI
                                2.04           0.94 f        -1.10  (VIOLATED)
   u_interleaver/i_out_reg[19]/SI
                                2.04           0.94 f        -1.10  (VIOLATED)
   u_interleaver/i_out_reg[20]/SI
                                2.04           0.94 f        -1.10  (VIOLATED)
   u_interleaver/i_out_reg[21]/SI
                                2.04           0.94 f        -1.10  (VIOLATED)
   u_interleaver/i_out_reg[22]/SI
                                2.04           0.94 f        -1.10  (VIOLATED)
   u_interleaver/i_out_reg[23]/SI
                                2.04           0.94 f        -1.10  (VIOLATED)
   u_interleaver/i_out_reg[24]/SI
                                2.04           0.94 f        -1.10  (VIOLATED)
   u_interleaver/i_out_reg[25]/SI
                                2.04           0.94 f        -1.10  (VIOLATED)
   u_interleaver/i_out_reg[26]/SI
                                2.04           0.94 f        -1.10  (VIOLATED)
   u_interleaver/i_out_reg[27]/SI
                                2.04           0.94 f        -1.10  (VIOLATED)
   u_interleaver/i_out_reg[28]/SI
                                2.04           0.94 f        -1.10  (VIOLATED)
   u_interleaver/i_out_reg[29]/SI
                                2.04           0.94 f        -1.10  (VIOLATED)
   u_interleaver/i_out_reg[30]/SI
                                2.04           0.94 f        -1.10  (VIOLATED)
   u_interleaver/i_out_reg[31]/SI
                                2.04           0.94 f        -1.10  (VIOLATED)
   u_interleaver/i_out_reg[32]/SI
                                2.04           0.94 f        -1.10  (VIOLATED)
   u_interleaver/i_out_reg[33]/SI
                                2.04           0.94 f        -1.10  (VIOLATED)
   u_interleaver/i_out_reg[34]/SI
                                2.04           0.94 f        -1.10  (VIOLATED)
   u_interleaver/i_out_reg[35]/SI
                                2.04           0.94 f        -1.10  (VIOLATED)
   u_interleaver/i_out_reg[36]/SI
                                2.04           0.94 f        -1.10  (VIOLATED)
   u_interleaver/i_out_reg[37]/SI
                                2.04           0.94 f        -1.10  (VIOLATED)
   u_interleaver/i_out_reg[38]/SI
                                2.04           0.94 f        -1.10  (VIOLATED)
   u_interleaver/i_out_reg[39]/SI
                                2.04           0.94 f        -1.10  (VIOLATED)
   u_interleaver/i_out_reg[40]/SI
                                2.04           0.94 f        -1.10  (VIOLATED)
   u_interleaver/i_out_reg[41]/SI
                                2.04           0.94 f        -1.10  (VIOLATED)
   u_interleaver/i_out_reg[42]/SI
                                2.04           0.94 f        -1.10  (VIOLATED)
   u_interleaver/i_out_reg[43]/SI
                                2.04           0.94 f        -1.10  (VIOLATED)
   u_interleaver/i_out_reg[44]/SI
                                2.04           0.94 f        -1.10  (VIOLATED)
   u_interleaver/i_out_reg[45]/SI
                                2.04           0.94 f        -1.10  (VIOLATED)
   u_interleaver/i_out_reg[46]/SI
                                2.04           0.94 f        -1.10  (VIOLATED)
   u_interleaver/i_out_reg[47]/SI
                                2.04           0.94 f        -1.10  (VIOLATED)
   u_interleaver/i_out_reg[48]/SI
                                2.04           0.94 f        -1.10  (VIOLATED)
   u_interleaver/i_out_reg[49]/SI
                                2.04           0.94 f        -1.10  (VIOLATED)
   u_interleaver/i_out_reg[50]/SI
                                2.04           0.94 f        -1.10  (VIOLATED)
   u_interleaver/i_out_reg[51]/SI
                                2.04           0.94 f        -1.10  (VIOLATED)
   u_interleaver/i_out_reg[52]/SI
                                2.04           0.94 f        -1.10  (VIOLATED)
   u_interleaver/i_out_reg[53]/SI
                                2.04           0.94 f        -1.10  (VIOLATED)
   u_interleaver/i_out_reg[54]/SI
                                2.04           0.94 f        -1.10  (VIOLATED)
   u_interleaver/i_out_reg[55]/SI
                                2.04           0.94 f        -1.10  (VIOLATED)
   u_interleaver/i_out_reg[56]/SI
                                2.04           0.94 f        -1.10  (VIOLATED)
   u_interleaver/i_out_reg[57]/SI
                                2.04           0.94 f        -1.10  (VIOLATED)
   u_interleaver/i_out_reg[58]/SI
                                2.04           0.94 f        -1.10  (VIOLATED)
   u_interleaver/i_out_reg[59]/SI
                                2.04           0.94 f        -1.10  (VIOLATED)
   u_interleaver/i_out_reg[60]/SI
                                2.04           0.94 f        -1.10  (VIOLATED)
   u_interleaver/i_out_reg[61]/SI
                                2.04           0.94 f        -1.10  (VIOLATED)
   u_interleaver/i_out_reg[62]/SI
                                2.04           0.94 f        -1.10  (VIOLATED)
   u_interleaver/i_out_reg[63]/SI
                                2.04           0.94 f        -1.10  (VIOLATED)
   u_interleaver/i_temp_reg[0]/SI
                                2.04           0.94 f        -1.10  (VIOLATED)
   u_interleaver/q_out_reg[1]/SI
                                2.04           0.94 f        -1.10  (VIOLATED)
   u_interleaver/q_out_reg[2]/SI
                                2.04           0.94 f        -1.10  (VIOLATED)
   u_interleaver/q_out_reg[3]/SI
                                2.04           0.94 f        -1.10  (VIOLATED)
   u_interleaver/q_out_reg[4]/SI
                                2.04           0.94 f        -1.10  (VIOLATED)
   u_interleaver/q_out_reg[5]/SI
                                2.04           0.94 f        -1.10  (VIOLATED)
   u_interleaver/q_out_reg[6]/SI
                                2.04           0.94 f        -1.10  (VIOLATED)
   u_interleaver/q_out_reg[7]/SI
                                2.04           0.94 f        -1.10  (VIOLATED)
   u_interleaver/q_out_reg[8]/SI
                                2.04           0.94 f        -1.10  (VIOLATED)
   u_interleaver/q_out_reg[9]/SI
                                2.04           0.94 f        -1.10  (VIOLATED)
   u_interleaver/q_out_reg[10]/SI
                                2.04           0.94 f        -1.10  (VIOLATED)
   u_interleaver/q_out_reg[11]/SI
                                2.04           0.94 f        -1.10  (VIOLATED)
   u_interleaver/q_out_reg[12]/SI
                                2.04           0.94 f        -1.10  (VIOLATED)
   u_interleaver/q_out_reg[13]/SI
                                2.04           0.94 f        -1.10  (VIOLATED)
   u_interleaver/q_out_reg[14]/SI
                                2.04           0.94 f        -1.10  (VIOLATED)
   u_interleaver/q_out_reg[15]/SI
                                2.04           0.94 f        -1.10  (VIOLATED)
   u_interleaver/q_out_reg[16]/SI
                                2.04           0.94 f        -1.10  (VIOLATED)
   u_interleaver/q_out_reg[17]/SI
                                2.04           0.94 f        -1.10  (VIOLATED)
   u_interleaver/q_out_reg[18]/SI
                                2.04           0.94 f        -1.10  (VIOLATED)
   u_interleaver/q_out_reg[19]/SI
                                2.04           0.94 f        -1.10  (VIOLATED)
   u_interleaver/q_out_reg[20]/SI
                                2.04           0.94 f        -1.10  (VIOLATED)
   u_interleaver/q_out_reg[21]/SI
                                2.04           0.94 f        -1.10  (VIOLATED)
   u_interleaver/q_out_reg[22]/SI
                                2.04           0.94 f        -1.10  (VIOLATED)
   u_interleaver/q_out_reg[23]/SI
                                2.04           0.94 f        -1.10  (VIOLATED)
   u_interleaver/q_out_reg[24]/SI
                                2.04           0.94 f        -1.10  (VIOLATED)
   u_interleaver/q_out_reg[25]/SI
                                2.04           0.94 f        -1.10  (VIOLATED)
   u_interleaver/q_out_reg[26]/SI
                                2.04           0.94 f        -1.10  (VIOLATED)
   u_interleaver/q_out_reg[27]/SI
                                2.04           0.94 f        -1.10  (VIOLATED)
   u_interleaver/q_out_reg[28]/SI
                                2.04           0.94 f        -1.10  (VIOLATED)
   u_interleaver/q_out_reg[29]/SI
                                2.04           0.94 f        -1.10  (VIOLATED)
   u_interleaver/q_out_reg[30]/SI
                                2.04           0.94 f        -1.10  (VIOLATED)
   u_interleaver/q_out_reg[31]/SI
                                2.04           0.94 f        -1.10  (VIOLATED)
   u_interleaver/q_out_reg[32]/SI
                                2.04           0.94 f        -1.10  (VIOLATED)
   u_interleaver/q_out_reg[33]/SI
                                2.04           0.94 f        -1.10  (VIOLATED)
   u_interleaver/q_out_reg[34]/SI
                                2.04           0.94 f        -1.10  (VIOLATED)
   u_interleaver/q_out_reg[35]/SI
                                2.04           0.94 f        -1.10  (VIOLATED)
   u_interleaver/q_out_reg[36]/SI
                                2.04           0.94 f        -1.10  (VIOLATED)
   u_interleaver/q_out_reg[37]/SI
                                2.04           0.94 f        -1.10  (VIOLATED)
   u_interleaver/q_out_reg[38]/SI
                                2.04           0.94 f        -1.10  (VIOLATED)
   u_interleaver/q_out_reg[39]/SI
                                2.04           0.94 f        -1.10  (VIOLATED)
   u_interleaver/q_out_reg[40]/SI
                                2.04           0.94 f        -1.10  (VIOLATED)
   u_interleaver/q_out_reg[41]/SI
                                2.04           0.94 f        -1.10  (VIOLATED)
   u_interleaver/q_out_reg[42]/SI
                                2.04           0.94 f        -1.10  (VIOLATED)
   u_interleaver/q_out_reg[43]/SI
                                2.04           0.94 f        -1.10  (VIOLATED)
   u_interleaver/q_out_reg[44]/SI
                                2.04           0.94 f        -1.10  (VIOLATED)
   u_interleaver/q_out_reg[45]/SI
                                2.04           0.94 f        -1.10  (VIOLATED)
   u_interleaver/q_out_reg[46]/SI
                                2.04           0.94 f        -1.10  (VIOLATED)
   u_interleaver/q_out_reg[47]/SI
                                2.04           0.94 f        -1.10  (VIOLATED)
   u_interleaver/q_out_reg[48]/SI
                                2.04           0.94 f        -1.10  (VIOLATED)
   u_interleaver/q_out_reg[49]/SI
                                2.04           0.94 f        -1.10  (VIOLATED)
   u_interleaver/q_out_reg[50]/SI
                                2.04           0.94 f        -1.10  (VIOLATED)
   u_interleaver/q_out_reg[51]/SI
                                2.04           0.94 f        -1.10  (VIOLATED)
   u_interleaver/q_out_reg[52]/SI
                                2.04           0.94 f        -1.10  (VIOLATED)
   u_interleaver/q_out_reg[53]/SI
                                2.04           0.94 f        -1.10  (VIOLATED)
   u_interleaver/q_out_reg[54]/SI
                                2.04           0.94 f        -1.10  (VIOLATED)
   u_interleaver/q_out_reg[55]/SI
                                2.04           0.94 f        -1.10  (VIOLATED)
   u_interleaver/q_out_reg[56]/SI
                                2.04           0.94 f        -1.10  (VIOLATED)
   u_interleaver/q_out_reg[57]/SI
                                2.04           0.94 f        -1.10  (VIOLATED)
   u_interleaver/q_out_reg[58]/SI
                                2.04           0.94 f        -1.10  (VIOLATED)
   u_interleaver/q_out_reg[59]/SI
                                2.04           0.94 f        -1.10  (VIOLATED)
   u_interleaver/q_out_reg[60]/SI
                                2.04           0.94 f        -1.10  (VIOLATED)
   u_interleaver/q_out_reg[61]/SI
                                2.04           0.94 f        -1.10  (VIOLATED)
   u_interleaver/q_out_reg[62]/SI
                                2.04           0.94 f        -1.10  (VIOLATED)
   u_interleaver/q_out_reg[63]/SI
                                2.04           0.94 f        -1.10  (VIOLATED)
   u_interleaver/q_temp_reg[0]/SI
                                2.04           0.94 f        -1.10  (VIOLATED)
   u_interleaver/q_temp_reg[1]/SI
                                2.04           0.94 f        -1.10  (VIOLATED)
   u_interleaver/q_temp_reg[2]/SI
                                2.04           0.94 f        -1.10  (VIOLATED)
   u_interleaver/q_temp_reg[3]/SI
                                2.04           0.94 f        -1.10  (VIOLATED)
   u_interleaver/q_temp_reg[4]/SI
                                2.04           0.94 f        -1.10  (VIOLATED)
   u_interleaver/q_temp_reg[5]/SI
                                2.04           0.94 f        -1.10  (VIOLATED)
   u_interleaver/q_temp_reg[6]/SI
                                2.04           0.94 f        -1.10  (VIOLATED)
   u_interleaver/q_temp_reg[7]/SI
                                2.04           0.94 f        -1.10  (VIOLATED)
   u_interleaver/q_temp_reg[8]/SI
                                2.04           0.94 f        -1.10  (VIOLATED)
   u_interleaver/q_temp_reg[9]/SI
                                2.04           0.94 f        -1.10  (VIOLATED)
   u_interleaver/q_temp_reg[10]/SI
                                2.04           0.94 f        -1.10  (VIOLATED)
   u_interleaver/q_temp_reg[11]/SI
                                2.04           0.94 f        -1.10  (VIOLATED)
   u_interleaver/q_temp_reg[12]/SI
                                2.04           0.94 f        -1.10  (VIOLATED)
   u_interleaver/q_temp_reg[13]/SI
                                2.04           0.94 f        -1.10  (VIOLATED)
   u_interleaver/q_temp_reg[14]/SI
                                2.04           0.94 f        -1.10  (VIOLATED)
   u_interleaver/q_temp_reg[15]/SI
                                2.04           0.94 f        -1.10  (VIOLATED)
   u_interleaver/q_temp_reg[16]/SI
                                2.04           0.94 f        -1.10  (VIOLATED)
   u_interleaver/q_temp_reg[17]/SI
                                2.04           0.94 f        -1.10  (VIOLATED)
   u_interleaver/q_temp_reg[18]/SI
                                2.04           0.94 f        -1.10  (VIOLATED)
   u_interleaver/q_temp_reg[19]/SI
                                2.04           0.94 f        -1.10  (VIOLATED)
   u_interleaver/q_temp_reg[20]/SI
                                2.04           0.94 f        -1.10  (VIOLATED)
   u_interleaver/q_temp_reg[21]/SI
                                2.04           0.94 f        -1.10  (VIOLATED)
   u_interleaver/q_temp_reg[22]/SI
                                2.04           0.94 f        -1.10  (VIOLATED)
   u_interleaver/q_temp_reg[23]/SI
                                2.04           0.94 f        -1.10  (VIOLATED)
   u_interleaver/q_temp_reg[24]/SI
                                2.04           0.94 f        -1.10  (VIOLATED)
   u_interleaver/q_temp_reg[25]/SI
                                2.04           0.94 f        -1.10  (VIOLATED)
   u_interleaver/q_temp_reg[26]/SI
                                2.04           0.94 f        -1.10  (VIOLATED)
   u_interleaver/q_temp_reg[27]/SI
                                2.04           0.94 f        -1.10  (VIOLATED)
   u_interleaver/q_temp_reg[28]/SI
                                2.04           0.94 f        -1.10  (VIOLATED)
   u_interleaver/q_temp_reg[29]/SI
                                2.04           0.94 f        -1.10  (VIOLATED)
   u_interleaver/q_temp_reg[30]/SI
                                2.04           0.94 f        -1.10  (VIOLATED)
   u_interleaver/q_temp_reg[31]/SI
                                2.04           0.94 f        -1.10  (VIOLATED)
   u_interleaver/valid_out_reg/SI
                                2.04           0.94 f        -1.10  (VIOLATED)
   u_interleaver/wait_second_reg/SI
                                2.04           0.94 f        -1.10  (VIOLATED)
   u_csk_sequencer/even_odd_reg/SI
                                2.04           0.94 f        -1.10  (VIOLATED)
   u_csk_sequencer/gap_counter_reg[0]/SI
                                2.04           0.94 f        -1.10  (VIOLATED)
   u_csk_sequencer/gap_counter_reg[1]/SI
                                2.04           0.94 f        -1.10  (VIOLATED)
   u_csk_sequencer/group_count_reg[1]/SI
                                2.04           0.94 f        -1.10  (VIOLATED)
   u_csk_sequencer/group_count_reg[2]/SI
                                2.04           0.94 f        -1.10  (VIOLATED)
   u_csk_sequencer/group_count_reg[3]/SI
                                2.04           0.94 f        -1.10  (VIOLATED)
   u_csk_sequencer/group_count_reg[4]/SI
                                2.04           0.94 f        -1.10  (VIOLATED)
   u_csk_sequencer/group_count_reg[5]/SI
                                2.04           0.94 f        -1.10  (VIOLATED)
   u_csk_sequencer/group_count_reg[6]/SI
                                2.04           0.94 f        -1.10  (VIOLATED)
   u_csk_sequencer/group_count_reg[7]/SI
                                2.04           0.94 f        -1.10  (VIOLATED)
   u_csk_sequencer/group_count_reg[8]/SI
                                2.04           0.94 f        -1.10  (VIOLATED)
   u_csk_sequencer/group_count_reg[9]/SI
                                2.04           0.94 f        -1.10  (VIOLATED)
   u_csk_sequencer/group_count_reg[10]/SI
                                2.04           0.94 f        -1.10  (VIOLATED)
   u_csk_sequencer/k_index_reg[0]/SI
                                2.04           0.94 f        -1.10  (VIOLATED)
   u_csk_sequencer/sample_index_reg[1]/SI
                                2.04           0.94 f        -1.10  (VIOLATED)
   u_csk_sequencer/sample_index_reg[2]/SI
                                2.04           0.94 f        -1.10  (VIOLATED)
   u_csk_sequencer/sample_index_reg[3]/SI
                                2.04           0.94 f        -1.10  (VIOLATED)
   u_csk_sequencer/sample_index_reg[4]/SI
                                2.04           0.94 f        -1.10  (VIOLATED)
   u_csk_sequencer/sample_index_reg[5]/SI
                                2.04           0.94 f        -1.10  (VIOLATED)
   u_csk_sequencer/seq_active_reg/SI
                                2.04           0.94 f        -1.10  (VIOLATED)
   u_csk_sequencer/state_reg[0]/SI
                                2.04           0.94 f        -1.10  (VIOLATED)
   u_csk_sequencer/state_reg[1]/SI
                                2.04           0.94 f        -1.10  (VIOLATED)
   u_csk_sequencer/subchirp_tick_reg/SI
                                2.04           0.94 f        -1.10  (VIOLATED)
   u_demux/i_temp_reg/SI        2.04           0.94 f        -1.10  (VIOLATED)
   u_demux/toggle_reg/SI        2.04           0.94 f        -1.10  (VIOLATED)
   u_demux/valid_out_reg/SI     2.04           0.94 f        -1.10  (VIOLATED)
   u_dqpsk/valid_out_reg/SI     2.04           0.94 f        -1.10  (VIOLATED)
   u_dqpsk_csk_multiplier/css_i_reg[1]/SI
                                2.04           0.94 f        -1.10  (VIOLATED)
   u_dqpsk_csk_multiplier/css_i_reg[2]/SI
                                2.04           0.94 f        -1.10  (VIOLATED)
   u_dqpsk_csk_multiplier/css_i_reg[3]/SI
                                2.04           0.94 f        -1.10  (VIOLATED)
   u_dqpsk_csk_multiplier/css_i_reg[4]/SI
                                2.04           0.94 f        -1.10  (VIOLATED)
   u_dqpsk_csk_multiplier/css_i_reg[5]/SI
                                2.04           0.94 f        -1.10  (VIOLATED)
   u_dqpsk_csk_multiplier/css_i_reg[6]/SI
                                2.04           0.94 f        -1.10  (VIOLATED)
   u_dqpsk_csk_multiplier/css_i_reg[7]/SI
                                2.04           0.94 f        -1.10  (VIOLATED)
   u_dqpsk_csk_multiplier/css_q_reg[0]/SI
                                2.04           0.94 f        -1.10  (VIOLATED)
   u_dqpsk_csk_multiplier/css_q_reg[1]/SI
                                2.04           0.94 f        -1.10  (VIOLATED)
   u_dqpsk_csk_multiplier/css_q_reg[2]/SI
                                2.04           0.94 f        -1.10  (VIOLATED)
   u_dqpsk_csk_multiplier/css_q_reg[3]/SI
                                2.04           0.94 f        -1.10  (VIOLATED)
   u_dqpsk_csk_multiplier/css_q_reg[4]/SI
                                2.04           0.94 f        -1.10  (VIOLATED)
   u_dqpsk_csk_multiplier/css_q_reg[5]/SI
                                2.04           0.94 f        -1.10  (VIOLATED)
   u_dqpsk_csk_multiplier/css_q_reg[6]/SI
                                2.04           0.94 f        -1.10  (VIOLATED)
   u_dqpsk_csk_multiplier/css_valid_reg/SI
                                2.04           0.94 f        -1.10  (VIOLATED)
   u_dqpsk_csk_multiplier/s_imag_held_reg[1]/SI
                                2.04           0.94 f        -1.10  (VIOLATED)
   u_dqpsk_csk_multiplier/s_real_held_reg[1]/SI
                                2.04           0.94 f        -1.10  (VIOLATED)
   u_qpsk/x_imag_reg[0]/SI      2.04           0.94 f        -1.10  (VIOLATED)
   u_qpsk/x_imag_reg[1]/SI      2.04           0.94 f        -1.10  (VIOLATED)
   u_qpsk/x_real_reg[0]/SI      2.04           0.94 f        -1.10  (VIOLATED)
   u_qpsk/x_real_reg[1]/SI      2.04           0.94 f        -1.10  (VIOLATED)
   u_symbol_mapper/i_mapped_reg[1]/SI
                                2.04           0.94 f        -1.10  (VIOLATED)
   u_symbol_mapper/i_mapped_reg[2]/SI
                                2.04           0.94 f        -1.10  (VIOLATED)
   u_symbol_mapper/i_mapped_reg[3]/SI
                                2.04           0.94 f        -1.10  (VIOLATED)
   u_symbol_mapper/i_mapped_reg[4]/SI
                                2.04           0.94 f        -1.10  (VIOLATED)
   u_symbol_mapper/i_mapped_reg[5]/SI
                                2.04           0.94 f        -1.10  (VIOLATED)
   u_symbol_mapper/i_mapped_reg[6]/SI
                                2.04           0.94 f        -1.10  (VIOLATED)
   u_symbol_mapper/i_mapped_reg[7]/SI
                                2.04           0.94 f        -1.10  (VIOLATED)
   u_symbol_mapper/i_mapped_reg[8]/SI
                                2.04           0.94 f        -1.10  (VIOLATED)
   u_symbol_mapper/i_mapped_reg[9]/SI
                                2.04           0.94 f        -1.10  (VIOLATED)
   u_symbol_mapper/i_mapped_reg[10]/SI
                                2.04           0.94 f        -1.10  (VIOLATED)
   u_symbol_mapper/i_mapped_reg[11]/SI
                                2.04           0.94 f        -1.10  (VIOLATED)
   u_symbol_mapper/i_mapped_reg[12]/SI
                                2.04           0.94 f        -1.10  (VIOLATED)
   u_symbol_mapper/i_mapped_reg[13]/SI
                                2.04           0.94 f        -1.10  (VIOLATED)
   u_symbol_mapper/i_mapped_reg[14]/SI
                                2.04           0.94 f        -1.10  (VIOLATED)
   u_symbol_mapper/i_mapped_reg[15]/SI
                                2.04           0.94 f        -1.10  (VIOLATED)
   u_symbol_mapper/i_mapped_reg[16]/SI
                                2.04           0.94 f        -1.10  (VIOLATED)
   u_symbol_mapper/i_mapped_reg[17]/SI
                                2.04           0.94 f        -1.10  (VIOLATED)
   u_symbol_mapper/i_mapped_reg[18]/SI
                                2.04           0.94 f        -1.10  (VIOLATED)
   u_symbol_mapper/i_mapped_reg[19]/SI
                                2.04           0.94 f        -1.10  (VIOLATED)
   u_symbol_mapper/i_mapped_reg[20]/SI
                                2.04           0.94 f        -1.10  (VIOLATED)
   u_symbol_mapper/i_mapped_reg[21]/SI
                                2.04           0.94 f        -1.10  (VIOLATED)
   u_symbol_mapper/i_mapped_reg[22]/SI
                                2.04           0.94 f        -1.10  (VIOLATED)
   u_symbol_mapper/i_mapped_reg[23]/SI
                                2.04           0.94 f        -1.10  (VIOLATED)
   u_symbol_mapper/i_mapped_reg[24]/SI
                                2.04           0.94 f        -1.10  (VIOLATED)
   u_symbol_mapper/i_mapped_reg[25]/SI
                                2.04           0.94 f        -1.10  (VIOLATED)
   u_symbol_mapper/i_mapped_reg[26]/SI
                                2.04           0.94 f        -1.10  (VIOLATED)
   u_symbol_mapper/i_mapped_reg[27]/SI
                                2.04           0.94 f        -1.10  (VIOLATED)
   u_symbol_mapper/i_mapped_reg[28]/SI
                                2.04           0.94 f        -1.10  (VIOLATED)
   u_symbol_mapper/i_mapped_reg[29]/SI
                                2.04           0.94 f        -1.10  (VIOLATED)
   u_symbol_mapper/i_mapped_reg[30]/SI
                                2.04           0.94 f        -1.10  (VIOLATED)
   u_symbol_mapper/i_mapped_reg[31]/SI
                                2.04           0.94 f        -1.10  (VIOLATED)
   u_symbol_mapper/i_shift_reg[0]/SI
                                2.04           0.94 f        -1.10  (VIOLATED)
   u_symbol_mapper/i_shift_reg[1]/SI
                                2.04           0.94 f        -1.10  (VIOLATED)
   u_symbol_mapper/i_shift_reg[2]/SI
                                2.04           0.94 f        -1.10  (VIOLATED)
   u_symbol_mapper/i_shift_reg[3]/SI
                                2.04           0.94 f        -1.10  (VIOLATED)
   u_symbol_mapper/i_shift_reg[4]/SI
                                2.04           0.94 f        -1.10  (VIOLATED)
   u_symbol_mapper/q_mapped_reg[0]/SI
                                2.04           0.94 f        -1.10  (VIOLATED)
   u_symbol_mapper/q_mapped_reg[1]/SI
                                2.04           0.94 f        -1.10  (VIOLATED)
   u_symbol_mapper/q_mapped_reg[2]/SI
                                2.04           0.94 f        -1.10  (VIOLATED)
   u_symbol_mapper/q_mapped_reg[3]/SI
                                2.04           0.94 f        -1.10  (VIOLATED)
   u_symbol_mapper/q_mapped_reg[4]/SI
                                2.04           0.94 f        -1.10  (VIOLATED)
   u_symbol_mapper/q_mapped_reg[5]/SI
                                2.04           0.94 f        -1.10  (VIOLATED)
   u_symbol_mapper/q_mapped_reg[6]/SI
                                2.04           0.94 f        -1.10  (VIOLATED)
   u_symbol_mapper/q_mapped_reg[7]/SI
                                2.04           0.94 f        -1.10  (VIOLATED)
   u_symbol_mapper/q_mapped_reg[8]/SI
                                2.04           0.94 f        -1.10  (VIOLATED)
   u_symbol_mapper/q_mapped_reg[9]/SI
                                2.04           0.94 f        -1.10  (VIOLATED)
   u_symbol_mapper/q_mapped_reg[10]/SI
                                2.04           0.94 f        -1.10  (VIOLATED)
   u_symbol_mapper/q_mapped_reg[11]/SI
                                2.04           0.94 f        -1.10  (VIOLATED)
   u_symbol_mapper/q_mapped_reg[12]/SI
                                2.04           0.94 f        -1.10  (VIOLATED)
   u_symbol_mapper/q_mapped_reg[13]/SI
                                2.04           0.94 f        -1.10  (VIOLATED)
   u_symbol_mapper/q_mapped_reg[14]/SI
                                2.04           0.94 f        -1.10  (VIOLATED)
   u_symbol_mapper/q_mapped_reg[15]/SI
                                2.04           0.94 f        -1.10  (VIOLATED)
   u_symbol_mapper/q_mapped_reg[16]/SI
                                2.04           0.94 f        -1.10  (VIOLATED)
   u_symbol_mapper/q_mapped_reg[17]/SI
                                2.04           0.94 f        -1.10  (VIOLATED)
   u_symbol_mapper/q_mapped_reg[18]/SI
                                2.04           0.94 f        -1.10  (VIOLATED)
   u_symbol_mapper/q_mapped_reg[19]/SI
                                2.04           0.94 f        -1.10  (VIOLATED)
   u_symbol_mapper/q_mapped_reg[20]/SI
                                2.04           0.94 f        -1.10  (VIOLATED)
   u_symbol_mapper/q_mapped_reg[21]/SI
                                2.04           0.94 f        -1.10  (VIOLATED)
   u_symbol_mapper/q_mapped_reg[22]/SI
                                2.04           0.94 f        -1.10  (VIOLATED)
   u_symbol_mapper/q_mapped_reg[23]/SI
                                2.04           0.94 f        -1.10  (VIOLATED)
   u_symbol_mapper/q_mapped_reg[24]/SI
                                2.04           0.94 f        -1.10  (VIOLATED)
   u_symbol_mapper/q_mapped_reg[25]/SI
                                2.04           0.94 f        -1.10  (VIOLATED)
   u_symbol_mapper/q_mapped_reg[26]/SI
                                2.04           0.94 f        -1.10  (VIOLATED)
   u_symbol_mapper/q_mapped_reg[27]/SI
                                2.04           0.94 f        -1.10  (VIOLATED)
   u_symbol_mapper/q_mapped_reg[28]/SI
                                2.04           0.94 f        -1.10  (VIOLATED)
   u_symbol_mapper/q_mapped_reg[29]/SI
                                2.04           0.94 f        -1.10  (VIOLATED)
   u_symbol_mapper/q_mapped_reg[30]/SI
                                2.04           0.94 f        -1.10  (VIOLATED)
   u_symbol_mapper/q_mapped_reg[31]/SI
                                2.04           0.94 f        -1.10  (VIOLATED)
   u_symbol_mapper/q_shift_reg[0]/SI
                                2.04           0.94 f        -1.10  (VIOLATED)
   u_symbol_mapper/q_shift_reg[1]/SI
                                2.04           0.94 f        -1.10  (VIOLATED)
   u_symbol_mapper/q_shift_reg[2]/SI
                                2.04           0.94 f        -1.10  (VIOLATED)
   u_symbol_mapper/q_shift_reg[3]/SI
                                2.04           0.94 f        -1.10  (VIOLATED)
   u_symbol_mapper/q_shift_reg[4]/SI
                                2.04           0.94 f        -1.10  (VIOLATED)
   u_symbol_mapper/valid_out_reg/SI
                                2.04           0.94 f        -1.10  (VIOLATED)
   u_zero_padding/data_bit_count_reg[0]/SI
                                2.04           0.94 f        -1.10  (VIOLATED)
   u_zero_padding/data_bit_count_reg[1]/SI
                                2.04           0.94 f        -1.10  (VIOLATED)
   u_zero_padding/data_bit_count_reg[2]/SI
                                2.04           0.94 f        -1.10  (VIOLATED)
   u_zero_padding/data_bit_count_reg[3]/SI
                                2.04           0.94 f        -1.10  (VIOLATED)
   u_zero_padding/data_bit_count_reg[4]/SI
                                2.04           0.94 f        -1.10  (VIOLATED)
   u_zero_padding/data_bit_count_reg[5]/SI
                                2.04           0.94 f        -1.10  (VIOLATED)
   u_zero_padding/data_bit_count_reg[6]/SI
                                2.04           0.94 f        -1.10  (VIOLATED)
   u_zero_padding/data_bit_count_reg[7]/SI
                                2.04           0.94 f        -1.10  (VIOLATED)
   u_zero_padding/data_bit_count_reg[8]/SI
                                2.04           0.94 f        -1.10  (VIOLATED)
   u_zero_padding/data_bit_count_reg[9]/SI
                                2.04           0.94 f        -1.10  (VIOLATED)
   u_zero_padding/data_bit_count_reg[10]/SI
                                2.04           0.94 f        -1.10  (VIOLATED)
   u_zero_padding/data_bit_count_reg[11]/SI
                                2.04           0.94 f        -1.10  (VIOLATED)
   u_zero_padding/data_bit_count_reg[12]/SI
                                2.04           0.94 f        -1.10  (VIOLATED)
   u_zero_padding/data_bit_count_reg[13]/SI
                                2.04           0.94 f        -1.10  (VIOLATED)
   u_zero_padding/data_bit_count_reg[14]/SI
                                2.04           0.94 f        -1.10  (VIOLATED)
   u_zero_padding/data_bit_count_reg[15]/SI
                                2.04           0.94 f        -1.10  (VIOLATED)
   u_zero_padding/done_padding_reg/SI
                                2.04           0.94 f        -1.10  (VIOLATED)
   u_zero_padding/padding_count_reg[1]/SI
                                2.04           0.94 f        -1.10  (VIOLATED)
   u_zero_padding/padding_count_reg[2]/SI
                                2.04           0.94 f        -1.10  (VIOLATED)
   u_zero_padding/padding_count_reg[3]/SI
                                2.04           0.94 f        -1.10  (VIOLATED)
   u_zero_padding/padding_count_reg[4]/SI
                                2.04           0.94 f        -1.10  (VIOLATED)
   u_zero_padding/padding_count_reg[5]/SI
                                2.04           0.94 f        -1.10  (VIOLATED)
   u_zero_padding/padding_total_reg[1]/SI
                                2.04           0.94 f        -1.10  (VIOLATED)
   u_zero_padding/padding_total_reg[2]/SI
                                2.04           0.94 f        -1.10  (VIOLATED)
   u_zero_padding/padding_total_reg[3]/SI
                                2.04           0.94 f        -1.10  (VIOLATED)
   u_zero_padding/padding_total_reg[4]/SI
                                2.04           0.94 f        -1.10  (VIOLATED)
   u_zero_padding/padding_total_reg[5]/SI
                                2.04           0.94 f        -1.10  (VIOLATED)
   u_zero_padding/state_reg[0]/SI
                                2.04           0.94 f        -1.10  (VIOLATED)
   u_zero_padding/state_reg[1]/SI
                                2.04           0.94 f        -1.10  (VIOLATED)
   u_zero_padding/total_data_bits_reg[2]/SI
                                2.04           0.94 f        -1.10  (VIOLATED)
   u_zero_padding/total_data_bits_reg[3]/SI
                                2.04           0.94 f        -1.10  (VIOLATED)
   u_zero_padding/total_data_bits_reg[4]/SI
                                2.04           0.94 f        -1.10  (VIOLATED)
   u_zero_padding/total_data_bits_reg[5]/SI
                                2.04           0.94 f        -1.10  (VIOLATED)
   u_zero_padding/total_data_bits_reg[6]/SI
                                2.04           0.94 f        -1.10  (VIOLATED)
   u_zero_padding/total_data_bits_reg[7]/SI
                                2.04           0.94 f        -1.10  (VIOLATED)
   u_zero_padding/total_data_bits_reg[8]/SI
                                2.04           0.94 f        -1.10  (VIOLATED)
   u_zero_padding/total_data_bits_reg[9]/SI
                                2.04           0.94 f        -1.10  (VIOLATED)
   u_zero_padding/total_data_bits_reg[10]/SI
                                2.04           0.94 f        -1.10  (VIOLATED)
   u_zero_padding/total_data_bits_reg[11]/SI
                                2.04           0.94 f        -1.10  (VIOLATED)
   u_zero_padding/valid_out_reg/SI
                                2.04           0.94 f        -1.10  (VIOLATED)
   u_dqpsk/s_imag_reg[1]/SI     2.04           1.02 f        -1.02  (VIOLATED)
   u_dqpsk/s_real_reg[1]/SI     2.04           1.02 f        -1.02  (VIOLATED)
   u_dqpsk/s_imag_d_reg[1][0]/SI
                                2.16           1.23 f        -0.93  (VIOLATED)
   u_dqpsk/s_imag_d_reg[2][0]/SI
                                2.16           1.23 f        -0.93  (VIOLATED)
   u_dqpsk/s_imag_d_reg[3][0]/SI
                                2.16           1.23 f        -0.93  (VIOLATED)
   u_dqpsk/s_imag_reg[0]/SI     2.16           1.23 f        -0.93  (VIOLATED)
   u_dqpsk/s_real_d_reg[1][0]/SI
                                2.16           1.23 f        -0.93  (VIOLATED)
   u_dqpsk/s_real_d_reg[2][0]/SI
                                2.16           1.23 f        -0.93  (VIOLATED)
   u_dqpsk/s_real_d_reg[3][0]/SI
                                2.16           1.23 f        -0.93  (VIOLATED)
   u_dqpsk/s_real_reg[0]/SI     2.16           1.23 f        -0.93  (VIOLATED)
   u_controller/payload_ram_reg[0][1]/SI
                                2.12           1.19 f        -0.93  (VIOLATED)
   u_controller/payload_ram_reg[0][2]/SI
                                2.12           1.19 f        -0.93  (VIOLATED)
   u_controller/payload_ram_reg[0][3]/SI
                                2.12           1.19 f        -0.93  (VIOLATED)
   u_controller/payload_ram_reg[0][4]/SI
                                2.12           1.19 f        -0.93  (VIOLATED)
   u_controller/payload_ram_reg[0][5]/SI
                                2.12           1.19 f        -0.93  (VIOLATED)
   u_controller/payload_ram_reg[0][6]/SI
                                2.12           1.19 f        -0.93  (VIOLATED)
   u_controller/payload_ram_reg[0][7]/SI
                                2.12           1.19 f        -0.93  (VIOLATED)
   u_controller/payload_ram_reg[1][0]/SI
                                2.12           1.19 f        -0.93  (VIOLATED)
   u_controller/payload_ram_reg[1][1]/SI
                                2.12           1.19 f        -0.93  (VIOLATED)
   u_controller/payload_ram_reg[1][2]/SI
                                2.12           1.19 f        -0.93  (VIOLATED)
   u_controller/payload_ram_reg[1][3]/SI
                                2.12           1.19 f        -0.93  (VIOLATED)
   u_controller/payload_ram_reg[1][4]/SI
                                2.12           1.19 f        -0.93  (VIOLATED)
   u_controller/payload_ram_reg[1][5]/SI
                                2.12           1.19 f        -0.93  (VIOLATED)
   u_controller/payload_ram_reg[1][6]/SI
                                2.12           1.19 f        -0.93  (VIOLATED)
   u_controller/payload_ram_reg[1][7]/SI
                                2.12           1.19 f        -0.93  (VIOLATED)
   u_controller/payload_ram_reg[2][0]/SI
                                2.12           1.19 f        -0.93  (VIOLATED)
   u_controller/payload_ram_reg[2][1]/SI
                                2.12           1.19 f        -0.93  (VIOLATED)
   u_controller/payload_ram_reg[2][2]/SI
                                2.12           1.19 f        -0.93  (VIOLATED)
   u_controller/payload_ram_reg[2][3]/SI
                                2.12           1.19 f        -0.93  (VIOLATED)
   u_controller/payload_ram_reg[2][4]/SI
                                2.12           1.19 f        -0.93  (VIOLATED)
   u_controller/payload_ram_reg[2][5]/SI
                                2.12           1.19 f        -0.93  (VIOLATED)
   u_controller/payload_ram_reg[2][6]/SI
                                2.12           1.19 f        -0.93  (VIOLATED)
   u_controller/payload_ram_reg[2][7]/SI
                                2.12           1.19 f        -0.93  (VIOLATED)
   u_controller/payload_ram_reg[3][0]/SI
                                2.12           1.19 f        -0.93  (VIOLATED)
   u_controller/payload_ram_reg[3][1]/SI
                                2.12           1.19 f        -0.93  (VIOLATED)
   u_controller/payload_ram_reg[3][2]/SI
                                2.12           1.19 f        -0.93  (VIOLATED)
   u_controller/payload_ram_reg[3][3]/SI
                                2.12           1.19 f        -0.93  (VIOLATED)
   u_controller/payload_ram_reg[3][4]/SI
                                2.12           1.19 f        -0.93  (VIOLATED)
   u_controller/payload_ram_reg[3][5]/SI
                                2.12           1.19 f        -0.93  (VIOLATED)
   u_controller/payload_ram_reg[3][6]/SI
                                2.12           1.19 f        -0.93  (VIOLATED)
   u_controller/payload_ram_reg[3][7]/SI
                                2.12           1.19 f        -0.93  (VIOLATED)
   u_controller/payload_ram_reg[4][0]/SI
                                2.12           1.19 f        -0.93  (VIOLATED)
   u_controller/payload_ram_reg[4][1]/SI
                                2.12           1.19 f        -0.93  (VIOLATED)
   u_controller/payload_ram_reg[4][2]/SI
                                2.12           1.19 f        -0.93  (VIOLATED)
   u_controller/payload_ram_reg[4][3]/SI
                                2.12           1.19 f        -0.93  (VIOLATED)
   u_controller/payload_ram_reg[4][4]/SI
                                2.12           1.19 f        -0.93  (VIOLATED)
   u_controller/payload_ram_reg[4][5]/SI
                                2.12           1.19 f        -0.93  (VIOLATED)
   u_controller/payload_ram_reg[4][6]/SI
                                2.12           1.19 f        -0.93  (VIOLATED)
   u_controller/payload_ram_reg[4][7]/SI
                                2.12           1.19 f        -0.93  (VIOLATED)
   u_controller/payload_ram_reg[5][0]/SI
                                2.12           1.19 f        -0.93  (VIOLATED)
   u_controller/payload_ram_reg[5][1]/SI
                                2.12           1.19 f        -0.93  (VIOLATED)
   u_controller/payload_ram_reg[5][2]/SI
                                2.12           1.19 f        -0.93  (VIOLATED)
   u_controller/payload_ram_reg[5][3]/SI
                                2.12           1.19 f        -0.93  (VIOLATED)
   u_controller/payload_ram_reg[5][4]/SI
                                2.12           1.19 f        -0.93  (VIOLATED)
   u_controller/payload_ram_reg[5][5]/SI
                                2.12           1.19 f        -0.93  (VIOLATED)
   u_controller/payload_ram_reg[5][6]/SI
                                2.12           1.19 f        -0.93  (VIOLATED)
   u_controller/payload_ram_reg[5][7]/SI
                                2.12           1.19 f        -0.93  (VIOLATED)
   u_controller/payload_ram_reg[6][0]/SI
                                2.12           1.19 f        -0.93  (VIOLATED)
   u_controller/payload_ram_reg[6][1]/SI
                                2.12           1.19 f        -0.93  (VIOLATED)
   u_controller/payload_ram_reg[6][2]/SI
                                2.12           1.19 f        -0.93  (VIOLATED)
   u_controller/payload_ram_reg[6][3]/SI
                                2.12           1.19 f        -0.93  (VIOLATED)
   u_controller/payload_ram_reg[6][4]/SI
                                2.12           1.19 f        -0.93  (VIOLATED)
   u_controller/payload_ram_reg[6][5]/SI
                                2.12           1.19 f        -0.93  (VIOLATED)
   u_controller/payload_ram_reg[6][6]/SI
                                2.12           1.19 f        -0.93  (VIOLATED)
   u_controller/payload_ram_reg[6][7]/SI
                                2.12           1.19 f        -0.93  (VIOLATED)
   u_controller/payload_ram_reg[7][0]/SI
                                2.12           1.19 f        -0.93  (VIOLATED)
   u_controller/payload_ram_reg[7][1]/SI
                                2.12           1.19 f        -0.93  (VIOLATED)
   u_controller/payload_ram_reg[7][2]/SI
                                2.12           1.19 f        -0.93  (VIOLATED)
   u_controller/payload_ram_reg[7][3]/SI
                                2.12           1.19 f        -0.93  (VIOLATED)
   u_controller/payload_ram_reg[7][4]/SI
                                2.12           1.19 f        -0.93  (VIOLATED)
   u_controller/payload_ram_reg[7][5]/SI
                                2.12           1.19 f        -0.93  (VIOLATED)
   u_controller/payload_ram_reg[7][6]/SI
                                2.12           1.19 f        -0.93  (VIOLATED)
   u_controller/payload_ram_reg[7][7]/SI
                                2.12           1.19 f        -0.93  (VIOLATED)
   u_controller/payload_ram_reg[8][0]/SI
                                2.12           1.19 f        -0.93  (VIOLATED)
   u_controller/payload_ram_reg[8][1]/SI
                                2.12           1.19 f        -0.93  (VIOLATED)
   u_controller/payload_ram_reg[8][2]/SI
                                2.12           1.19 f        -0.93  (VIOLATED)
   u_controller/payload_ram_reg[8][3]/SI
                                2.12           1.19 f        -0.93  (VIOLATED)
   u_controller/payload_ram_reg[8][4]/SI
                                2.12           1.19 f        -0.93  (VIOLATED)
   u_controller/payload_ram_reg[8][5]/SI
                                2.12           1.19 f        -0.93  (VIOLATED)
   u_controller/payload_ram_reg[8][6]/SI
                                2.12           1.19 f        -0.93  (VIOLATED)
   u_controller/payload_ram_reg[8][7]/SI
                                2.12           1.19 f        -0.93  (VIOLATED)
   u_controller/payload_ram_reg[9][0]/SI
                                2.12           1.19 f        -0.93  (VIOLATED)
   u_controller/payload_ram_reg[9][1]/SI
                                2.12           1.19 f        -0.93  (VIOLATED)
   u_controller/payload_ram_reg[9][2]/SI
                                2.12           1.19 f        -0.93  (VIOLATED)
   u_controller/payload_ram_reg[9][3]/SI
                                2.12           1.19 f        -0.93  (VIOLATED)
   u_controller/payload_ram_reg[9][4]/SI
                                2.12           1.19 f        -0.93  (VIOLATED)
   u_controller/payload_ram_reg[9][5]/SI
                                2.12           1.19 f        -0.93  (VIOLATED)
   u_controller/payload_ram_reg[9][6]/SI
                                2.12           1.19 f        -0.93  (VIOLATED)
   u_controller/payload_ram_reg[9][7]/SI
                                2.12           1.19 f        -0.93  (VIOLATED)
   u_controller/payload_ram_reg[10][0]/SI
                                2.12           1.19 f        -0.93  (VIOLATED)
   u_controller/payload_ram_reg[10][1]/SI
                                2.12           1.19 f        -0.93  (VIOLATED)
   u_controller/payload_ram_reg[10][2]/SI
                                2.12           1.19 f        -0.93  (VIOLATED)
   u_controller/payload_ram_reg[10][3]/SI
                                2.12           1.19 f        -0.93  (VIOLATED)
   u_controller/payload_ram_reg[10][4]/SI
                                2.12           1.19 f        -0.93  (VIOLATED)
   u_controller/payload_ram_reg[10][5]/SI
                                2.12           1.19 f        -0.93  (VIOLATED)
   u_controller/payload_ram_reg[10][6]/SI
                                2.12           1.19 f        -0.93  (VIOLATED)
   u_controller/payload_ram_reg[10][7]/SI
                                2.12           1.19 f        -0.93  (VIOLATED)
   u_controller/payload_ram_reg[11][0]/SI
                                2.12           1.19 f        -0.93  (VIOLATED)
   u_controller/payload_ram_reg[11][1]/SI
                                2.12           1.19 f        -0.93  (VIOLATED)
   u_controller/payload_ram_reg[11][2]/SI
                                2.12           1.19 f        -0.93  (VIOLATED)
   u_controller/payload_ram_reg[11][3]/SI
                                2.12           1.19 f        -0.93  (VIOLATED)
   u_controller/payload_ram_reg[11][4]/SI
                                2.12           1.19 f        -0.93  (VIOLATED)
   u_controller/payload_ram_reg[11][5]/SI
                                2.12           1.19 f        -0.93  (VIOLATED)
   u_controller/payload_ram_reg[11][6]/SI
                                2.12           1.19 f        -0.93  (VIOLATED)
   u_controller/payload_ram_reg[11][7]/SI
                                2.12           1.19 f        -0.93  (VIOLATED)
   u_controller/payload_ram_reg[12][0]/SI
                                2.12           1.19 f        -0.93  (VIOLATED)
   u_controller/payload_ram_reg[12][1]/SI
                                2.12           1.19 f        -0.93  (VIOLATED)
   u_controller/payload_ram_reg[12][2]/SI
                                2.12           1.19 f        -0.93  (VIOLATED)
   u_controller/payload_ram_reg[12][3]/SI
                                2.12           1.19 f        -0.93  (VIOLATED)
   u_controller/payload_ram_reg[12][4]/SI
                                2.12           1.19 f        -0.93  (VIOLATED)
   u_controller/payload_ram_reg[12][5]/SI
                                2.12           1.19 f        -0.93  (VIOLATED)
   u_controller/payload_ram_reg[12][6]/SI
                                2.12           1.19 f        -0.93  (VIOLATED)
   u_controller/payload_ram_reg[12][7]/SI
                                2.12           1.19 f        -0.93  (VIOLATED)
   u_controller/payload_ram_reg[13][0]/SI
                                2.12           1.19 f        -0.93  (VIOLATED)
   u_controller/payload_ram_reg[13][1]/SI
                                2.12           1.19 f        -0.93  (VIOLATED)
   u_controller/payload_ram_reg[13][2]/SI
                                2.12           1.19 f        -0.93  (VIOLATED)
   u_controller/payload_ram_reg[13][3]/SI
                                2.12           1.19 f        -0.93  (VIOLATED)
   u_controller/payload_ram_reg[13][4]/SI
                                2.12           1.19 f        -0.93  (VIOLATED)
   u_controller/payload_ram_reg[13][5]/SI
                                2.12           1.19 f        -0.93  (VIOLATED)
   u_controller/payload_ram_reg[13][6]/SI
                                2.12           1.19 f        -0.93  (VIOLATED)
   u_controller/payload_ram_reg[13][7]/SI
                                2.12           1.19 f        -0.93  (VIOLATED)
   u_controller/payload_ram_reg[14][0]/SI
                                2.12           1.19 f        -0.93  (VIOLATED)
   u_controller/payload_ram_reg[14][1]/SI
                                2.12           1.19 f        -0.93  (VIOLATED)
   u_controller/payload_ram_reg[14][2]/SI
                                2.12           1.19 f        -0.93  (VIOLATED)
   u_controller/payload_ram_reg[14][3]/SI
                                2.12           1.19 f        -0.93  (VIOLATED)
   u_controller/payload_ram_reg[14][4]/SI
                                2.12           1.19 f        -0.93  (VIOLATED)
   u_controller/payload_ram_reg[14][5]/SI
                                2.12           1.19 f        -0.93  (VIOLATED)
   u_controller/payload_ram_reg[14][6]/SI
                                2.12           1.19 f        -0.93  (VIOLATED)
   u_controller/payload_ram_reg[14][7]/SI
                                2.12           1.19 f        -0.93  (VIOLATED)
   u_controller/payload_ram_reg[15][0]/SI
                                2.12           1.19 f        -0.93  (VIOLATED)
   u_controller/payload_ram_reg[15][1]/SI
                                2.12           1.19 f        -0.93  (VIOLATED)
   u_controller/payload_ram_reg[15][2]/SI
                                2.12           1.19 f        -0.93  (VIOLATED)
   u_controller/payload_ram_reg[15][3]/SI
                                2.12           1.19 f        -0.93  (VIOLATED)
   u_controller/payload_ram_reg[15][4]/SI
                                2.12           1.19 f        -0.93  (VIOLATED)
   u_controller/payload_ram_reg[15][5]/SI
                                2.12           1.19 f        -0.93  (VIOLATED)
   u_controller/payload_ram_reg[15][6]/SI
                                2.12           1.19 f        -0.93  (VIOLATED)
   u_controller/payload_ram_reg[15][7]/SI
                                2.12           1.19 f        -0.93  (VIOLATED)
   u_controller/payload_ram_reg[16][0]/SI
                                2.12           1.19 f        -0.93  (VIOLATED)
   u_controller/payload_ram_reg[16][1]/SI
                                2.12           1.19 f        -0.93  (VIOLATED)
   u_controller/payload_ram_reg[16][2]/SI
                                2.12           1.19 f        -0.93  (VIOLATED)
   u_controller/payload_ram_reg[16][3]/SI
                                2.12           1.19 f        -0.93  (VIOLATED)
   u_controller/payload_ram_reg[16][4]/SI
                                2.12           1.19 f        -0.93  (VIOLATED)
   u_controller/payload_ram_reg[16][5]/SI
                                2.12           1.19 f        -0.93  (VIOLATED)
   u_controller/payload_ram_reg[16][6]/SI
                                2.12           1.19 f        -0.93  (VIOLATED)
   u_controller/payload_ram_reg[16][7]/SI
                                2.12           1.19 f        -0.93  (VIOLATED)
   u_controller/payload_ram_reg[17][0]/SI
                                2.12           1.19 f        -0.93  (VIOLATED)
   u_controller/payload_ram_reg[17][1]/SI
                                2.12           1.19 f        -0.93  (VIOLATED)
   u_controller/payload_ram_reg[17][2]/SI
                                2.12           1.19 f        -0.93  (VIOLATED)
   u_controller/payload_ram_reg[17][3]/SI
                                2.12           1.19 f        -0.93  (VIOLATED)
   u_controller/payload_ram_reg[17][4]/SI
                                2.12           1.19 f        -0.93  (VIOLATED)
   u_controller/payload_ram_reg[17][5]/SI
                                2.12           1.19 f        -0.93  (VIOLATED)
   u_controller/payload_ram_reg[17][6]/SI
                                2.12           1.19 f        -0.93  (VIOLATED)
   u_controller/payload_ram_reg[17][7]/SI
                                2.12           1.19 f        -0.93  (VIOLATED)
   u_controller/payload_ram_reg[18][0]/SI
                                2.12           1.19 f        -0.93  (VIOLATED)
   u_controller/payload_ram_reg[18][1]/SI
                                2.12           1.19 f        -0.93  (VIOLATED)
   u_controller/payload_ram_reg[18][2]/SI
                                2.12           1.19 f        -0.93  (VIOLATED)
   u_controller/payload_ram_reg[18][3]/SI
                                2.12           1.19 f        -0.93  (VIOLATED)
   u_controller/payload_ram_reg[18][4]/SI
                                2.12           1.19 f        -0.93  (VIOLATED)
   u_controller/payload_ram_reg[18][5]/SI
                                2.12           1.19 f        -0.93  (VIOLATED)
   u_controller/payload_ram_reg[18][6]/SI
                                2.12           1.19 f        -0.93  (VIOLATED)
   u_controller/payload_ram_reg[18][7]/SI
                                2.12           1.19 f        -0.93  (VIOLATED)
   u_controller/payload_ram_reg[19][0]/SI
                                2.12           1.19 f        -0.93  (VIOLATED)
   u_controller/payload_ram_reg[19][1]/SI
                                2.12           1.19 f        -0.93  (VIOLATED)
   u_controller/payload_ram_reg[19][2]/SI
                                2.12           1.19 f        -0.93  (VIOLATED)
   u_controller/payload_ram_reg[19][3]/SI
                                2.12           1.19 f        -0.93  (VIOLATED)
   u_controller/payload_ram_reg[19][4]/SI
                                2.12           1.19 f        -0.93  (VIOLATED)
   u_controller/payload_ram_reg[19][5]/SI
                                2.12           1.19 f        -0.93  (VIOLATED)
   u_controller/payload_ram_reg[19][6]/SI
                                2.12           1.19 f        -0.93  (VIOLATED)
   u_controller/payload_ram_reg[19][7]/SI
                                2.12           1.19 f        -0.93  (VIOLATED)
   u_controller/payload_ram_reg[20][0]/SI
                                2.12           1.19 f        -0.93  (VIOLATED)
   u_controller/payload_ram_reg[20][1]/SI
                                2.12           1.19 f        -0.93  (VIOLATED)
   u_controller/payload_ram_reg[20][2]/SI
                                2.12           1.19 f        -0.93  (VIOLATED)
   u_controller/payload_ram_reg[20][3]/SI
                                2.12           1.19 f        -0.93  (VIOLATED)
   u_controller/payload_ram_reg[20][4]/SI
                                2.12           1.19 f        -0.93  (VIOLATED)
   u_controller/payload_ram_reg[20][5]/SI
                                2.12           1.19 f        -0.93  (VIOLATED)
   u_controller/payload_ram_reg[20][6]/SI
                                2.12           1.19 f        -0.93  (VIOLATED)
   u_controller/payload_ram_reg[20][7]/SI
                                2.12           1.19 f        -0.93  (VIOLATED)
   u_controller/payload_ram_reg[21][0]/SI
                                2.12           1.19 f        -0.93  (VIOLATED)
   u_controller/payload_ram_reg[21][1]/SI
                                2.12           1.19 f        -0.93  (VIOLATED)
   u_controller/payload_ram_reg[21][2]/SI
                                2.12           1.19 f        -0.93  (VIOLATED)
   u_controller/payload_ram_reg[21][3]/SI
                                2.12           1.19 f        -0.93  (VIOLATED)
   u_controller/payload_ram_reg[21][4]/SI
                                2.12           1.19 f        -0.93  (VIOLATED)
   u_controller/payload_ram_reg[21][5]/SI
                                2.12           1.19 f        -0.93  (VIOLATED)
   u_controller/payload_ram_reg[21][6]/SI
                                2.12           1.19 f        -0.93  (VIOLATED)
   u_controller/payload_ram_reg[21][7]/SI
                                2.12           1.19 f        -0.93  (VIOLATED)
   u_controller/payload_ram_reg[22][0]/SI
                                2.12           1.19 f        -0.93  (VIOLATED)
   u_controller/payload_ram_reg[22][1]/SI
                                2.12           1.19 f        -0.93  (VIOLATED)
   u_controller/payload_ram_reg[22][2]/SI
                                2.12           1.19 f        -0.93  (VIOLATED)
   u_controller/payload_ram_reg[22][3]/SI
                                2.12           1.19 f        -0.93  (VIOLATED)
   u_controller/payload_ram_reg[22][4]/SI
                                2.12           1.19 f        -0.93  (VIOLATED)
   u_controller/payload_ram_reg[22][5]/SI
                                2.12           1.19 f        -0.93  (VIOLATED)
   u_controller/payload_ram_reg[22][6]/SI
                                2.12           1.19 f        -0.93  (VIOLATED)
   u_controller/payload_ram_reg[22][7]/SI
                                2.12           1.19 f        -0.93  (VIOLATED)
   u_controller/payload_ram_reg[23][0]/SI
                                2.12           1.19 f        -0.93  (VIOLATED)
   u_controller/payload_ram_reg[23][1]/SI
                                2.12           1.19 f        -0.93  (VIOLATED)
   u_controller/payload_ram_reg[23][2]/SI
                                2.12           1.19 f        -0.93  (VIOLATED)
   u_controller/payload_ram_reg[23][3]/SI
                                2.12           1.19 f        -0.93  (VIOLATED)
   u_controller/payload_ram_reg[23][4]/SI
                                2.12           1.19 f        -0.93  (VIOLATED)
   u_controller/payload_ram_reg[23][5]/SI
                                2.12           1.19 f        -0.93  (VIOLATED)
   u_controller/payload_ram_reg[23][6]/SI
                                2.12           1.19 f        -0.93  (VIOLATED)
   u_controller/payload_ram_reg[23][7]/SI
                                2.12           1.19 f        -0.93  (VIOLATED)
   u_controller/payload_ram_reg[24][0]/SI
                                2.12           1.19 f        -0.93  (VIOLATED)
   u_controller/payload_ram_reg[24][1]/SI
                                2.12           1.19 f        -0.93  (VIOLATED)
   u_controller/payload_ram_reg[24][2]/SI
                                2.12           1.19 f        -0.93  (VIOLATED)
   u_controller/payload_ram_reg[24][3]/SI
                                2.12           1.19 f        -0.93  (VIOLATED)
   u_controller/payload_ram_reg[24][4]/SI
                                2.12           1.19 f        -0.93  (VIOLATED)
   u_controller/payload_ram_reg[24][5]/SI
                                2.12           1.19 f        -0.93  (VIOLATED)
   u_controller/payload_ram_reg[24][6]/SI
                                2.12           1.19 f        -0.93  (VIOLATED)
   u_controller/payload_ram_reg[24][7]/SI
                                2.12           1.19 f        -0.93  (VIOLATED)
   u_controller/payload_ram_reg[25][0]/SI
                                2.12           1.19 f        -0.93  (VIOLATED)
   u_controller/payload_ram_reg[25][1]/SI
                                2.12           1.19 f        -0.93  (VIOLATED)
   u_controller/payload_ram_reg[25][2]/SI
                                2.12           1.19 f        -0.93  (VIOLATED)
   u_controller/payload_ram_reg[25][3]/SI
                                2.12           1.19 f        -0.93  (VIOLATED)
   u_controller/payload_ram_reg[25][4]/SI
                                2.12           1.19 f        -0.93  (VIOLATED)
   u_controller/payload_ram_reg[25][5]/SI
                                2.12           1.19 f        -0.93  (VIOLATED)
   u_controller/payload_ram_reg[25][6]/SI
                                2.12           1.19 f        -0.93  (VIOLATED)
   u_controller/payload_ram_reg[25][7]/SI
                                2.12           1.19 f        -0.93  (VIOLATED)
   u_controller/payload_ram_reg[26][0]/SI
                                2.12           1.19 f        -0.93  (VIOLATED)
   u_controller/payload_ram_reg[26][1]/SI
                                2.12           1.19 f        -0.93  (VIOLATED)
   u_controller/payload_ram_reg[26][2]/SI
                                2.12           1.19 f        -0.93  (VIOLATED)
   u_controller/payload_ram_reg[26][3]/SI
                                2.12           1.19 f        -0.93  (VIOLATED)
   u_controller/payload_ram_reg[26][4]/SI
                                2.12           1.19 f        -0.93  (VIOLATED)
   u_controller/payload_ram_reg[26][5]/SI
                                2.12           1.19 f        -0.93  (VIOLATED)
   u_controller/payload_ram_reg[26][6]/SI
                                2.12           1.19 f        -0.93  (VIOLATED)
   u_controller/payload_ram_reg[26][7]/SI
                                2.12           1.19 f        -0.93  (VIOLATED)
   u_controller/payload_ram_reg[27][0]/SI
                                2.12           1.19 f        -0.93  (VIOLATED)
   u_controller/payload_ram_reg[27][1]/SI
                                2.12           1.19 f        -0.93  (VIOLATED)
   u_controller/payload_ram_reg[27][2]/SI
                                2.12           1.19 f        -0.93  (VIOLATED)
   u_controller/payload_ram_reg[27][3]/SI
                                2.12           1.19 f        -0.93  (VIOLATED)
   u_controller/payload_ram_reg[27][4]/SI
                                2.12           1.19 f        -0.93  (VIOLATED)
   u_controller/payload_ram_reg[27][5]/SI
                                2.12           1.19 f        -0.93  (VIOLATED)
   u_controller/payload_ram_reg[27][6]/SI
                                2.12           1.19 f        -0.93  (VIOLATED)
   u_controller/payload_ram_reg[27][7]/SI
                                2.12           1.19 f        -0.93  (VIOLATED)
   u_controller/payload_ram_reg[28][0]/SI
                                2.12           1.19 f        -0.93  (VIOLATED)
   u_controller/payload_ram_reg[28][1]/SI
                                2.12           1.19 f        -0.93  (VIOLATED)
   u_controller/payload_ram_reg[28][2]/SI
                                2.12           1.19 f        -0.93  (VIOLATED)
   u_controller/payload_ram_reg[28][3]/SI
                                2.12           1.19 f        -0.93  (VIOLATED)
   u_controller/payload_ram_reg[28][4]/SI
                                2.12           1.19 f        -0.93  (VIOLATED)
   u_controller/payload_ram_reg[28][5]/SI
                                2.12           1.19 f        -0.93  (VIOLATED)
   u_controller/payload_ram_reg[28][6]/SI
                                2.12           1.19 f        -0.93  (VIOLATED)
   u_controller/payload_ram_reg[28][7]/SI
                                2.12           1.19 f        -0.93  (VIOLATED)
   u_controller/payload_ram_reg[29][0]/SI
                                2.12           1.19 f        -0.93  (VIOLATED)
   u_controller/payload_ram_reg[29][1]/SI
                                2.12           1.19 f        -0.93  (VIOLATED)
   u_controller/payload_ram_reg[29][2]/SI
                                2.12           1.19 f        -0.93  (VIOLATED)
   u_controller/payload_ram_reg[29][3]/SI
                                2.12           1.19 f        -0.93  (VIOLATED)
   u_controller/payload_ram_reg[29][4]/SI
                                2.12           1.19 f        -0.93  (VIOLATED)
   u_controller/payload_ram_reg[29][5]/SI
                                2.12           1.19 f        -0.93  (VIOLATED)
   u_controller/payload_ram_reg[29][6]/SI
                                2.12           1.19 f        -0.93  (VIOLATED)
   u_controller/payload_ram_reg[29][7]/SI
                                2.12           1.19 f        -0.93  (VIOLATED)
   u_controller/payload_ram_reg[30][0]/SI
                                2.12           1.19 f        -0.93  (VIOLATED)
   u_controller/payload_ram_reg[30][1]/SI
                                2.12           1.19 f        -0.93  (VIOLATED)
   u_controller/payload_ram_reg[30][2]/SI
                                2.12           1.19 f        -0.93  (VIOLATED)
   u_controller/payload_ram_reg[30][3]/SI
                                2.12           1.19 f        -0.93  (VIOLATED)
   u_controller/payload_ram_reg[30][4]/SI
                                2.12           1.19 f        -0.93  (VIOLATED)
   u_controller/payload_ram_reg[30][5]/SI
                                2.12           1.19 f        -0.93  (VIOLATED)
   u_controller/payload_ram_reg[30][6]/SI
                                2.12           1.19 f        -0.93  (VIOLATED)
   u_controller/payload_ram_reg[30][7]/SI
                                2.12           1.19 f        -0.93  (VIOLATED)
   u_controller/payload_ram_reg[31][0]/SI
                                2.12           1.19 f        -0.93  (VIOLATED)
   u_controller/payload_ram_reg[31][1]/SI
                                2.12           1.19 f        -0.93  (VIOLATED)
   u_controller/payload_ram_reg[31][2]/SI
                                2.12           1.19 f        -0.93  (VIOLATED)
   u_controller/payload_ram_reg[31][3]/SI
                                2.12           1.19 f        -0.93  (VIOLATED)
   u_controller/payload_ram_reg[31][4]/SI
                                2.12           1.19 f        -0.93  (VIOLATED)
   u_controller/payload_ram_reg[31][5]/SI
                                2.12           1.19 f        -0.93  (VIOLATED)
   u_controller/payload_ram_reg[31][6]/SI
                                2.12           1.19 f        -0.93  (VIOLATED)
   u_controller/payload_ram_reg[31][7]/SI
                                2.12           1.19 f        -0.93  (VIOLATED)
   u_controller/payload_ram_reg[32][0]/SI
                                2.12           1.19 f        -0.93  (VIOLATED)
   u_controller/payload_ram_reg[32][1]/SI
                                2.12           1.19 f        -0.93  (VIOLATED)
   u_controller/payload_ram_reg[32][2]/SI
                                2.12           1.19 f        -0.93  (VIOLATED)
   u_controller/payload_ram_reg[32][3]/SI
                                2.12           1.19 f        -0.93  (VIOLATED)
   u_controller/payload_ram_reg[32][4]/SI
                                2.12           1.19 f        -0.93  (VIOLATED)
   u_controller/payload_ram_reg[32][5]/SI
                                2.12           1.19 f        -0.93  (VIOLATED)
   u_controller/payload_ram_reg[32][6]/SI
                                2.12           1.19 f        -0.93  (VIOLATED)
   u_controller/payload_ram_reg[32][7]/SI
                                2.12           1.19 f        -0.93  (VIOLATED)
   u_controller/payload_ram_reg[33][0]/SI
                                2.12           1.19 f        -0.93  (VIOLATED)
   u_controller/payload_ram_reg[33][1]/SI
                                2.12           1.19 f        -0.93  (VIOLATED)
   u_controller/payload_ram_reg[33][2]/SI
                                2.12           1.19 f        -0.93  (VIOLATED)
   u_controller/payload_ram_reg[33][3]/SI
                                2.12           1.19 f        -0.93  (VIOLATED)
   u_controller/payload_ram_reg[33][4]/SI
                                2.12           1.19 f        -0.93  (VIOLATED)
   u_controller/payload_ram_reg[33][5]/SI
                                2.12           1.19 f        -0.93  (VIOLATED)
   u_controller/payload_ram_reg[33][6]/SI
                                2.12           1.19 f        -0.93  (VIOLATED)
   u_controller/payload_ram_reg[33][7]/SI
                                2.12           1.19 f        -0.93  (VIOLATED)
   u_controller/payload_ram_reg[34][0]/SI
                                2.12           1.19 f        -0.93  (VIOLATED)
   u_controller/payload_ram_reg[34][1]/SI
                                2.12           1.19 f        -0.93  (VIOLATED)
   u_controller/payload_ram_reg[34][2]/SI
                                2.12           1.19 f        -0.93  (VIOLATED)
   u_controller/payload_ram_reg[34][3]/SI
                                2.12           1.19 f        -0.93  (VIOLATED)
   u_controller/payload_ram_reg[34][4]/SI
                                2.12           1.19 f        -0.93  (VIOLATED)
   u_controller/payload_ram_reg[34][5]/SI
                                2.12           1.19 f        -0.93  (VIOLATED)
   u_controller/payload_ram_reg[34][6]/SI
                                2.12           1.19 f        -0.93  (VIOLATED)
   u_controller/payload_ram_reg[34][7]/SI
                                2.12           1.19 f        -0.93  (VIOLATED)
   u_controller/payload_ram_reg[35][0]/SI
                                2.12           1.19 f        -0.93  (VIOLATED)
   u_controller/payload_ram_reg[35][1]/SI
                                2.12           1.19 f        -0.93  (VIOLATED)
   u_controller/payload_ram_reg[35][2]/SI
                                2.12           1.19 f        -0.93  (VIOLATED)
   u_controller/payload_ram_reg[35][3]/SI
                                2.12           1.19 f        -0.93  (VIOLATED)
   u_controller/payload_ram_reg[35][4]/SI
                                2.12           1.19 f        -0.93  (VIOLATED)
   u_controller/payload_ram_reg[35][5]/SI
                                2.12           1.19 f        -0.93  (VIOLATED)
   u_controller/payload_ram_reg[35][6]/SI
                                2.12           1.19 f        -0.93  (VIOLATED)
   u_controller/payload_ram_reg[35][7]/SI
                                2.12           1.19 f        -0.93  (VIOLATED)
   u_controller/payload_ram_reg[36][0]/SI
                                2.12           1.19 f        -0.93  (VIOLATED)
   u_controller/payload_ram_reg[36][1]/SI
                                2.12           1.19 f        -0.93  (VIOLATED)
   u_controller/payload_ram_reg[36][2]/SI
                                2.12           1.19 f        -0.93  (VIOLATED)
   u_controller/payload_ram_reg[36][3]/SI
                                2.12           1.19 f        -0.93  (VIOLATED)
   u_controller/payload_ram_reg[36][4]/SI
                                2.12           1.19 f        -0.93  (VIOLATED)
   u_controller/payload_ram_reg[36][5]/SI
                                2.12           1.19 f        -0.93  (VIOLATED)
   u_controller/payload_ram_reg[36][6]/SI
                                2.12           1.19 f        -0.93  (VIOLATED)
   u_controller/payload_ram_reg[36][7]/SI
                                2.12           1.19 f        -0.93  (VIOLATED)
   u_controller/payload_ram_reg[37][0]/SI
                                2.12           1.19 f        -0.93  (VIOLATED)
   u_controller/payload_ram_reg[37][1]/SI
                                2.12           1.19 f        -0.93  (VIOLATED)
   u_controller/payload_ram_reg[37][2]/SI
                                2.12           1.19 f        -0.93  (VIOLATED)
   u_controller/payload_ram_reg[37][3]/SI
                                2.12           1.19 f        -0.93  (VIOLATED)
   u_controller/payload_ram_reg[37][4]/SI
                                2.12           1.19 f        -0.93  (VIOLATED)
   u_controller/payload_ram_reg[37][5]/SI
                                2.12           1.19 f        -0.93  (VIOLATED)
   u_controller/payload_ram_reg[37][6]/SI
                                2.12           1.19 f        -0.93  (VIOLATED)
   u_controller/payload_ram_reg[37][7]/SI
                                2.12           1.19 f        -0.93  (VIOLATED)
   u_controller/payload_ram_reg[38][0]/SI
                                2.12           1.19 f        -0.93  (VIOLATED)
   u_controller/payload_ram_reg[38][1]/SI
                                2.12           1.19 f        -0.93  (VIOLATED)
   u_controller/payload_ram_reg[38][2]/SI
                                2.12           1.19 f        -0.93  (VIOLATED)
   u_controller/payload_ram_reg[38][3]/SI
                                2.12           1.19 f        -0.93  (VIOLATED)
   u_controller/payload_ram_reg[38][4]/SI
                                2.12           1.19 f        -0.93  (VIOLATED)
   u_controller/payload_ram_reg[38][5]/SI
                                2.12           1.19 f        -0.93  (VIOLATED)
   u_controller/payload_ram_reg[38][6]/SI
                                2.12           1.19 f        -0.93  (VIOLATED)
   u_controller/payload_ram_reg[38][7]/SI
                                2.12           1.19 f        -0.93  (VIOLATED)
   u_controller/payload_ram_reg[39][0]/SI
                                2.12           1.19 f        -0.93  (VIOLATED)
   u_controller/payload_ram_reg[39][1]/SI
                                2.12           1.19 f        -0.93  (VIOLATED)
   u_controller/payload_ram_reg[39][2]/SI
                                2.12           1.19 f        -0.93  (VIOLATED)
   u_controller/payload_ram_reg[39][3]/SI
                                2.12           1.19 f        -0.93  (VIOLATED)
   u_controller/payload_ram_reg[39][4]/SI
                                2.12           1.19 f        -0.93  (VIOLATED)
   u_controller/payload_ram_reg[39][5]/SI
                                2.12           1.19 f        -0.93  (VIOLATED)
   u_controller/payload_ram_reg[39][6]/SI
                                2.12           1.19 f        -0.93  (VIOLATED)
   u_controller/payload_ram_reg[39][7]/SI
                                2.12           1.19 f        -0.93  (VIOLATED)
   u_controller/payload_ram_reg[40][0]/SI
                                2.12           1.19 f        -0.93  (VIOLATED)
   u_controller/payload_ram_reg[40][1]/SI
                                2.12           1.19 f        -0.93  (VIOLATED)
   u_controller/payload_ram_reg[40][2]/SI
                                2.12           1.19 f        -0.93  (VIOLATED)
   u_controller/payload_ram_reg[40][3]/SI
                                2.12           1.19 f        -0.93  (VIOLATED)
   u_controller/payload_ram_reg[40][4]/SI
                                2.12           1.19 f        -0.93  (VIOLATED)
   u_controller/payload_ram_reg[40][5]/SI
                                2.12           1.19 f        -0.93  (VIOLATED)
   u_controller/payload_ram_reg[40][6]/SI
                                2.12           1.19 f        -0.93  (VIOLATED)
   u_controller/payload_ram_reg[40][7]/SI
                                2.12           1.19 f        -0.93  (VIOLATED)
   u_controller/payload_ram_reg[41][0]/SI
                                2.12           1.19 f        -0.93  (VIOLATED)
   u_controller/payload_ram_reg[41][1]/SI
                                2.12           1.19 f        -0.93  (VIOLATED)
   u_controller/payload_ram_reg[41][2]/SI
                                2.12           1.19 f        -0.93  (VIOLATED)
   u_controller/payload_ram_reg[41][3]/SI
                                2.12           1.19 f        -0.93  (VIOLATED)
   u_controller/payload_ram_reg[41][4]/SI
                                2.12           1.19 f        -0.93  (VIOLATED)
   u_controller/payload_ram_reg[41][5]/SI
                                2.12           1.19 f        -0.93  (VIOLATED)
   u_controller/payload_ram_reg[41][6]/SI
                                2.12           1.19 f        -0.93  (VIOLATED)
   u_controller/payload_ram_reg[41][7]/SI
                                2.12           1.19 f        -0.93  (VIOLATED)
   u_controller/payload_ram_reg[42][0]/SI
                                2.12           1.19 f        -0.93  (VIOLATED)
   u_controller/payload_ram_reg[42][1]/SI
                                2.12           1.19 f        -0.93  (VIOLATED)
   u_controller/payload_ram_reg[42][2]/SI
                                2.12           1.19 f        -0.93  (VIOLATED)
   u_controller/payload_ram_reg[42][3]/SI
                                2.12           1.19 f        -0.93  (VIOLATED)
   u_controller/payload_ram_reg[42][4]/SI
                                2.12           1.19 f        -0.93  (VIOLATED)
   u_controller/payload_ram_reg[42][5]/SI
                                2.12           1.19 f        -0.93  (VIOLATED)
   u_controller/payload_ram_reg[42][6]/SI
                                2.12           1.19 f        -0.93  (VIOLATED)
   u_controller/payload_ram_reg[42][7]/SI
                                2.12           1.19 f        -0.93  (VIOLATED)
   u_controller/payload_ram_reg[43][0]/SI
                                2.12           1.19 f        -0.93  (VIOLATED)
   u_controller/payload_ram_reg[43][1]/SI
                                2.12           1.19 f        -0.93  (VIOLATED)
   u_controller/payload_ram_reg[43][2]/SI
                                2.12           1.19 f        -0.93  (VIOLATED)
   u_controller/payload_ram_reg[43][3]/SI
                                2.12           1.19 f        -0.93  (VIOLATED)
   u_controller/payload_ram_reg[43][4]/SI
                                2.12           1.19 f        -0.93  (VIOLATED)
   u_controller/payload_ram_reg[43][5]/SI
                                2.12           1.19 f        -0.93  (VIOLATED)
   u_controller/payload_ram_reg[43][6]/SI
                                2.12           1.19 f        -0.93  (VIOLATED)
   u_controller/payload_ram_reg[43][7]/SI
                                2.12           1.19 f        -0.93  (VIOLATED)
   u_controller/payload_ram_reg[44][0]/SI
                                2.12           1.19 f        -0.93  (VIOLATED)
   u_controller/payload_ram_reg[44][1]/SI
                                2.12           1.19 f        -0.93  (VIOLATED)
   u_controller/payload_ram_reg[44][2]/SI
                                2.12           1.19 f        -0.93  (VIOLATED)
   u_controller/payload_ram_reg[44][3]/SI
                                2.12           1.19 f        -0.93  (VIOLATED)
   u_controller/payload_ram_reg[44][4]/SI
                                2.12           1.19 f        -0.93  (VIOLATED)
   u_controller/payload_ram_reg[44][5]/SI
                                2.12           1.19 f        -0.93  (VIOLATED)
   u_controller/payload_ram_reg[44][6]/SI
                                2.12           1.19 f        -0.93  (VIOLATED)
   u_controller/payload_ram_reg[44][7]/SI
                                2.12           1.19 f        -0.93  (VIOLATED)
   u_controller/payload_ram_reg[45][0]/SI
                                2.12           1.19 f        -0.93  (VIOLATED)
   u_controller/payload_ram_reg[45][1]/SI
                                2.12           1.19 f        -0.93  (VIOLATED)
   u_controller/payload_ram_reg[45][2]/SI
                                2.12           1.19 f        -0.93  (VIOLATED)
   u_controller/payload_ram_reg[45][3]/SI
                                2.12           1.19 f        -0.93  (VIOLATED)
   u_controller/payload_ram_reg[45][4]/SI
                                2.12           1.19 f        -0.93  (VIOLATED)
   u_controller/payload_ram_reg[45][5]/SI
                                2.12           1.19 f        -0.93  (VIOLATED)
   u_controller/payload_ram_reg[45][6]/SI
                                2.12           1.19 f        -0.93  (VIOLATED)
   u_controller/payload_ram_reg[45][7]/SI
                                2.12           1.19 f        -0.93  (VIOLATED)
   u_controller/payload_ram_reg[46][0]/SI
                                2.12           1.19 f        -0.93  (VIOLATED)
   u_controller/payload_ram_reg[46][1]/SI
                                2.12           1.19 f        -0.93  (VIOLATED)
   u_controller/payload_ram_reg[46][2]/SI
                                2.12           1.19 f        -0.93  (VIOLATED)
   u_controller/payload_ram_reg[46][3]/SI
                                2.12           1.19 f        -0.93  (VIOLATED)
   u_controller/payload_ram_reg[46][4]/SI
                                2.12           1.19 f        -0.93  (VIOLATED)
   u_controller/payload_ram_reg[46][5]/SI
                                2.12           1.19 f        -0.93  (VIOLATED)
   u_controller/payload_ram_reg[46][6]/SI
                                2.12           1.19 f        -0.93  (VIOLATED)
   u_controller/payload_ram_reg[46][7]/SI
                                2.12           1.19 f        -0.93  (VIOLATED)
   u_controller/payload_ram_reg[47][0]/SI
                                2.12           1.19 f        -0.93  (VIOLATED)
   u_controller/payload_ram_reg[47][1]/SI
                                2.12           1.19 f        -0.93  (VIOLATED)
   u_controller/payload_ram_reg[47][2]/SI
                                2.12           1.19 f        -0.93  (VIOLATED)
   u_controller/payload_ram_reg[47][3]/SI
                                2.12           1.19 f        -0.93  (VIOLATED)
   u_controller/payload_ram_reg[47][4]/SI
                                2.12           1.19 f        -0.93  (VIOLATED)
   u_controller/payload_ram_reg[47][5]/SI
                                2.12           1.19 f        -0.93  (VIOLATED)
   u_controller/payload_ram_reg[47][6]/SI
                                2.12           1.19 f        -0.93  (VIOLATED)
   u_controller/payload_ram_reg[47][7]/SI
                                2.12           1.19 f        -0.93  (VIOLATED)
   u_controller/payload_ram_reg[48][0]/SI
                                2.12           1.19 f        -0.93  (VIOLATED)
   u_controller/payload_ram_reg[48][1]/SI
                                2.12           1.19 f        -0.93  (VIOLATED)
   u_controller/payload_ram_reg[48][2]/SI
                                2.12           1.19 f        -0.93  (VIOLATED)
   u_controller/payload_ram_reg[48][3]/SI
                                2.12           1.19 f        -0.93  (VIOLATED)
   u_controller/payload_ram_reg[48][4]/SI
                                2.12           1.19 f        -0.93  (VIOLATED)
   u_controller/payload_ram_reg[48][5]/SI
                                2.12           1.19 f        -0.93  (VIOLATED)
   u_controller/payload_ram_reg[48][6]/SI
                                2.12           1.19 f        -0.93  (VIOLATED)
   u_controller/payload_ram_reg[48][7]/SI
                                2.12           1.19 f        -0.93  (VIOLATED)
   u_controller/payload_ram_reg[49][0]/SI
                                2.12           1.19 f        -0.93  (VIOLATED)
   u_controller/payload_ram_reg[49][1]/SI
                                2.12           1.19 f        -0.93  (VIOLATED)
   u_controller/payload_ram_reg[49][2]/SI
                                2.12           1.19 f        -0.93  (VIOLATED)
   u_controller/payload_ram_reg[49][3]/SI
                                2.12           1.19 f        -0.93  (VIOLATED)
   u_controller/payload_ram_reg[49][4]/SI
                                2.12           1.19 f        -0.93  (VIOLATED)
   u_controller/payload_ram_reg[49][5]/SI
                                2.12           1.19 f        -0.93  (VIOLATED)
   u_controller/payload_ram_reg[49][6]/SI
                                2.12           1.19 f        -0.93  (VIOLATED)
   u_controller/payload_ram_reg[49][7]/SI
                                2.12           1.19 f        -0.93  (VIOLATED)
   u_controller/payload_ram_reg[50][0]/SI
                                2.12           1.19 f        -0.93  (VIOLATED)
   u_controller/payload_ram_reg[50][1]/SI
                                2.12           1.19 f        -0.93  (VIOLATED)
   u_controller/payload_ram_reg[50][2]/SI
                                2.12           1.19 f        -0.93  (VIOLATED)
   u_controller/payload_ram_reg[50][3]/SI
                                2.12           1.19 f        -0.93  (VIOLATED)
   u_controller/payload_ram_reg[50][4]/SI
                                2.12           1.19 f        -0.93  (VIOLATED)
   u_controller/payload_ram_reg[50][5]/SI
                                2.12           1.19 f        -0.93  (VIOLATED)
   u_controller/payload_ram_reg[50][6]/SI
                                2.12           1.19 f        -0.93  (VIOLATED)
   u_controller/payload_ram_reg[50][7]/SI
                                2.12           1.19 f        -0.93  (VIOLATED)
   u_controller/payload_ram_reg[51][0]/SI
                                2.12           1.19 f        -0.93  (VIOLATED)
   u_controller/payload_ram_reg[51][1]/SI
                                2.12           1.19 f        -0.93  (VIOLATED)
   u_controller/payload_ram_reg[51][2]/SI
                                2.12           1.19 f        -0.93  (VIOLATED)
   u_controller/payload_ram_reg[51][3]/SI
                                2.12           1.19 f        -0.93  (VIOLATED)
   u_controller/payload_ram_reg[51][4]/SI
                                2.12           1.19 f        -0.93  (VIOLATED)
   u_controller/payload_ram_reg[51][5]/SI
                                2.12           1.19 f        -0.93  (VIOLATED)
   u_controller/payload_ram_reg[51][6]/SI
                                2.12           1.19 f        -0.93  (VIOLATED)
   u_controller/payload_ram_reg[51][7]/SI
                                2.12           1.19 f        -0.93  (VIOLATED)
   u_controller/payload_ram_reg[52][0]/SI
                                2.12           1.19 f        -0.93  (VIOLATED)
   u_controller/payload_ram_reg[52][1]/SI
                                2.12           1.19 f        -0.93  (VIOLATED)
   u_controller/payload_ram_reg[52][2]/SI
                                2.12           1.19 f        -0.93  (VIOLATED)
   u_controller/payload_ram_reg[52][3]/SI
                                2.12           1.19 f        -0.93  (VIOLATED)
   u_controller/payload_ram_reg[52][4]/SI
                                2.12           1.19 f        -0.93  (VIOLATED)
   u_controller/payload_ram_reg[52][5]/SI
                                2.12           1.19 f        -0.93  (VIOLATED)
   u_controller/payload_ram_reg[52][6]/SI
                                2.12           1.19 f        -0.93  (VIOLATED)
   u_controller/payload_ram_reg[52][7]/SI
                                2.12           1.19 f        -0.93  (VIOLATED)
   u_controller/payload_ram_reg[53][0]/SI
                                2.12           1.19 f        -0.93  (VIOLATED)
   u_controller/payload_ram_reg[53][1]/SI
                                2.12           1.19 f        -0.93  (VIOLATED)
   u_controller/payload_ram_reg[53][2]/SI
                                2.12           1.19 f        -0.93  (VIOLATED)
   u_controller/payload_ram_reg[53][3]/SI
                                2.12           1.19 f        -0.93  (VIOLATED)
   u_controller/payload_ram_reg[53][4]/SI
                                2.12           1.19 f        -0.93  (VIOLATED)
   u_controller/payload_ram_reg[53][5]/SI
                                2.12           1.19 f        -0.93  (VIOLATED)
   u_controller/payload_ram_reg[53][6]/SI
                                2.12           1.19 f        -0.93  (VIOLATED)
   u_controller/payload_ram_reg[53][7]/SI
                                2.12           1.19 f        -0.93  (VIOLATED)
   u_controller/payload_ram_reg[54][0]/SI
                                2.12           1.19 f        -0.93  (VIOLATED)
   u_controller/payload_ram_reg[54][1]/SI
                                2.12           1.19 f        -0.93  (VIOLATED)
   u_controller/payload_ram_reg[54][2]/SI
                                2.12           1.19 f        -0.93  (VIOLATED)
   u_controller/payload_ram_reg[54][3]/SI
                                2.12           1.19 f        -0.93  (VIOLATED)
   u_controller/payload_ram_reg[54][4]/SI
                                2.12           1.19 f        -0.93  (VIOLATED)
   u_controller/payload_ram_reg[54][5]/SI
                                2.12           1.19 f        -0.93  (VIOLATED)
   u_controller/payload_ram_reg[54][6]/SI
                                2.12           1.19 f        -0.93  (VIOLATED)
   u_controller/payload_ram_reg[54][7]/SI
                                2.12           1.19 f        -0.93  (VIOLATED)
   u_controller/payload_ram_reg[55][0]/SI
                                2.12           1.19 f        -0.93  (VIOLATED)
   u_controller/payload_ram_reg[55][1]/SI
                                2.12           1.19 f        -0.93  (VIOLATED)
   u_controller/payload_ram_reg[55][2]/SI
                                2.12           1.19 f        -0.93  (VIOLATED)
   u_controller/payload_ram_reg[55][3]/SI
                                2.12           1.19 f        -0.93  (VIOLATED)
   u_controller/payload_ram_reg[55][4]/SI
                                2.12           1.19 f        -0.93  (VIOLATED)
   u_controller/payload_ram_reg[55][5]/SI
                                2.12           1.19 f        -0.93  (VIOLATED)
   u_controller/payload_ram_reg[55][6]/SI
                                2.12           1.19 f        -0.93  (VIOLATED)
   u_controller/payload_ram_reg[55][7]/SI
                                2.12           1.19 f        -0.93  (VIOLATED)
   u_controller/payload_ram_reg[56][0]/SI
                                2.12           1.19 f        -0.93  (VIOLATED)
   u_controller/payload_ram_reg[56][1]/SI
                                2.12           1.19 f        -0.93  (VIOLATED)
   u_controller/payload_ram_reg[56][2]/SI
                                2.12           1.19 f        -0.93  (VIOLATED)
   u_controller/payload_ram_reg[56][3]/SI
                                2.12           1.19 f        -0.93  (VIOLATED)
   u_controller/payload_ram_reg[56][4]/SI
                                2.12           1.19 f        -0.93  (VIOLATED)
   u_controller/payload_ram_reg[56][5]/SI
                                2.12           1.19 f        -0.93  (VIOLATED)
   u_controller/payload_ram_reg[56][6]/SI
                                2.12           1.19 f        -0.93  (VIOLATED)
   u_controller/payload_ram_reg[56][7]/SI
                                2.12           1.19 f        -0.93  (VIOLATED)
   u_controller/payload_ram_reg[57][0]/SI
                                2.12           1.19 f        -0.93  (VIOLATED)
   u_controller/payload_ram_reg[57][1]/SI
                                2.12           1.19 f        -0.93  (VIOLATED)
   u_controller/payload_ram_reg[57][2]/SI
                                2.12           1.19 f        -0.93  (VIOLATED)
   u_controller/payload_ram_reg[57][3]/SI
                                2.12           1.19 f        -0.93  (VIOLATED)
   u_controller/payload_ram_reg[57][4]/SI
                                2.12           1.19 f        -0.93  (VIOLATED)
   u_controller/payload_ram_reg[57][5]/SI
                                2.12           1.19 f        -0.93  (VIOLATED)
   u_controller/payload_ram_reg[57][6]/SI
                                2.12           1.19 f        -0.93  (VIOLATED)
   u_controller/payload_ram_reg[57][7]/SI
                                2.12           1.19 f        -0.93  (VIOLATED)
   u_controller/payload_ram_reg[58][0]/SI
                                2.12           1.19 f        -0.93  (VIOLATED)
   u_controller/payload_ram_reg[58][1]/SI
                                2.12           1.19 f        -0.93  (VIOLATED)
   u_controller/payload_ram_reg[58][2]/SI
                                2.12           1.19 f        -0.93  (VIOLATED)
   u_controller/payload_ram_reg[58][3]/SI
                                2.12           1.19 f        -0.93  (VIOLATED)
   u_controller/payload_ram_reg[58][4]/SI
                                2.12           1.19 f        -0.93  (VIOLATED)
   u_controller/payload_ram_reg[58][5]/SI
                                2.12           1.19 f        -0.93  (VIOLATED)
   u_controller/payload_ram_reg[58][6]/SI
                                2.12           1.19 f        -0.93  (VIOLATED)
   u_controller/payload_ram_reg[58][7]/SI
                                2.12           1.19 f        -0.93  (VIOLATED)
   u_controller/payload_ram_reg[59][0]/SI
                                2.12           1.19 f        -0.93  (VIOLATED)
   u_controller/payload_ram_reg[59][1]/SI
                                2.12           1.19 f        -0.93  (VIOLATED)
   u_controller/payload_ram_reg[59][2]/SI
                                2.12           1.19 f        -0.93  (VIOLATED)
   u_controller/payload_ram_reg[59][3]/SI
                                2.12           1.19 f        -0.93  (VIOLATED)
   u_controller/payload_ram_reg[59][4]/SI
                                2.12           1.19 f        -0.93  (VIOLATED)
   u_controller/payload_ram_reg[59][5]/SI
                                2.12           1.19 f        -0.93  (VIOLATED)
   u_controller/payload_ram_reg[59][6]/SI
                                2.12           1.19 f        -0.93  (VIOLATED)
   u_controller/payload_ram_reg[59][7]/SI
                                2.12           1.19 f        -0.93  (VIOLATED)
   u_controller/payload_ram_reg[60][0]/SI
                                2.12           1.19 f        -0.93  (VIOLATED)
   u_controller/payload_ram_reg[60][1]/SI
                                2.12           1.19 f        -0.93  (VIOLATED)
   u_controller/payload_ram_reg[60][2]/SI
                                2.12           1.19 f        -0.93  (VIOLATED)
   u_controller/payload_ram_reg[60][3]/SI
                                2.12           1.19 f        -0.93  (VIOLATED)
   u_controller/payload_ram_reg[60][4]/SI
                                2.12           1.19 f        -0.93  (VIOLATED)
   u_controller/payload_ram_reg[60][5]/SI
                                2.12           1.19 f        -0.93  (VIOLATED)
   u_controller/payload_ram_reg[60][6]/SI
                                2.12           1.19 f        -0.93  (VIOLATED)
   u_controller/payload_ram_reg[60][7]/SI
                                2.12           1.19 f        -0.93  (VIOLATED)
   u_controller/payload_ram_reg[61][0]/SI
                                2.12           1.19 f        -0.93  (VIOLATED)
   u_controller/payload_ram_reg[61][1]/SI
                                2.12           1.19 f        -0.93  (VIOLATED)
   u_controller/payload_ram_reg[61][2]/SI
                                2.12           1.19 f        -0.93  (VIOLATED)
   u_controller/payload_ram_reg[61][3]/SI
                                2.12           1.19 f        -0.93  (VIOLATED)
   u_controller/payload_ram_reg[61][4]/SI
                                2.12           1.19 f        -0.93  (VIOLATED)
   u_controller/payload_ram_reg[61][5]/SI
                                2.12           1.19 f        -0.93  (VIOLATED)
   u_controller/payload_ram_reg[61][6]/SI
                                2.12           1.19 f        -0.93  (VIOLATED)
   u_controller/payload_ram_reg[61][7]/SI
                                2.12           1.19 f        -0.93  (VIOLATED)
   u_controller/payload_ram_reg[62][0]/SI
                                2.12           1.19 f        -0.93  (VIOLATED)
   u_controller/payload_ram_reg[62][1]/SI
                                2.12           1.19 f        -0.93  (VIOLATED)
   u_controller/payload_ram_reg[62][2]/SI
                                2.12           1.19 f        -0.93  (VIOLATED)
   u_controller/payload_ram_reg[62][3]/SI
                                2.12           1.19 f        -0.93  (VIOLATED)
   u_controller/payload_ram_reg[62][4]/SI
                                2.12           1.19 f        -0.93  (VIOLATED)
   u_controller/payload_ram_reg[62][5]/SI
                                2.12           1.19 f        -0.93  (VIOLATED)
   u_controller/payload_ram_reg[62][6]/SI
                                2.12           1.19 f        -0.93  (VIOLATED)
   u_controller/payload_ram_reg[62][7]/SI
                                2.12           1.19 f        -0.93  (VIOLATED)
   u_controller/payload_ram_reg[63][0]/SI
                                2.12           1.19 f        -0.93  (VIOLATED)
   u_controller/payload_ram_reg[63][1]/SI
                                2.12           1.19 f        -0.93  (VIOLATED)
   u_controller/payload_ram_reg[63][2]/SI
                                2.12           1.19 f        -0.93  (VIOLATED)
   u_controller/payload_ram_reg[63][3]/SI
                                2.12           1.19 f        -0.93  (VIOLATED)
   u_controller/payload_ram_reg[63][4]/SI
                                2.12           1.19 f        -0.93  (VIOLATED)
   u_controller/payload_ram_reg[63][5]/SI
                                2.12           1.19 f        -0.93  (VIOLATED)
   u_controller/payload_ram_reg[63][6]/SI
                                2.12           1.19 f        -0.93  (VIOLATED)
   u_controller/payload_ram_reg[63][7]/SI
                                2.12           1.19 f        -0.93  (VIOLATED)
   u_controller/payload_ram_reg[64][0]/SI
                                2.12           1.19 f        -0.93  (VIOLATED)
   u_controller/payload_ram_reg[64][1]/SI
                                2.12           1.19 f        -0.93  (VIOLATED)
   u_controller/payload_ram_reg[64][2]/SI
                                2.12           1.19 f        -0.93  (VIOLATED)
   u_controller/payload_ram_reg[64][3]/SI
                                2.12           1.19 f        -0.93  (VIOLATED)
   u_controller/payload_ram_reg[64][4]/SI
                                2.12           1.19 f        -0.93  (VIOLATED)
   u_controller/payload_ram_reg[64][5]/SI
                                2.12           1.19 f        -0.93  (VIOLATED)
   u_controller/payload_ram_reg[64][6]/SI
                                2.12           1.19 f        -0.93  (VIOLATED)
   u_controller/payload_ram_reg[64][7]/SI
                                2.12           1.19 f        -0.93  (VIOLATED)
   u_controller/payload_ram_reg[65][0]/SI
                                2.12           1.19 f        -0.93  (VIOLATED)
   u_controller/payload_ram_reg[65][1]/SI
                                2.12           1.19 f        -0.93  (VIOLATED)
   u_controller/payload_ram_reg[65][2]/SI
                                2.12           1.19 f        -0.93  (VIOLATED)
   u_controller/payload_ram_reg[65][3]/SI
                                2.12           1.19 f        -0.93  (VIOLATED)
   u_controller/payload_ram_reg[65][4]/SI
                                2.12           1.19 f        -0.93  (VIOLATED)
   u_controller/payload_ram_reg[65][5]/SI
                                2.12           1.19 f        -0.93  (VIOLATED)
   u_controller/payload_ram_reg[65][6]/SI
                                2.12           1.19 f        -0.93  (VIOLATED)
   u_controller/payload_ram_reg[65][7]/SI
                                2.12           1.19 f        -0.93  (VIOLATED)
   u_controller/payload_ram_reg[66][0]/SI
                                2.12           1.19 f        -0.93  (VIOLATED)
   u_controller/payload_ram_reg[66][1]/SI
                                2.12           1.19 f        -0.93  (VIOLATED)
   u_controller/payload_ram_reg[66][2]/SI
                                2.12           1.19 f        -0.93  (VIOLATED)
   u_controller/payload_ram_reg[66][3]/SI
                                2.12           1.19 f        -0.93  (VIOLATED)
   u_controller/payload_ram_reg[66][4]/SI
                                2.12           1.19 f        -0.93  (VIOLATED)
   u_controller/payload_ram_reg[66][5]/SI
                                2.12           1.19 f        -0.93  (VIOLATED)
   u_controller/payload_ram_reg[66][6]/SI
                                2.12           1.19 f        -0.93  (VIOLATED)
   u_controller/payload_ram_reg[66][7]/SI
                                2.12           1.19 f        -0.93  (VIOLATED)
   u_controller/payload_ram_reg[67][0]/SI
                                2.12           1.19 f        -0.93  (VIOLATED)
   u_controller/payload_ram_reg[67][1]/SI
                                2.12           1.19 f        -0.93  (VIOLATED)
   u_controller/payload_ram_reg[67][2]/SI
                                2.12           1.19 f        -0.93  (VIOLATED)
   u_controller/payload_ram_reg[67][3]/SI
                                2.12           1.19 f        -0.93  (VIOLATED)
   u_controller/payload_ram_reg[67][4]/SI
                                2.12           1.19 f        -0.93  (VIOLATED)
   u_controller/payload_ram_reg[67][5]/SI
                                2.12           1.19 f        -0.93  (VIOLATED)
   u_controller/payload_ram_reg[67][6]/SI
                                2.12           1.19 f        -0.93  (VIOLATED)
   u_controller/payload_ram_reg[67][7]/SI
                                2.12           1.19 f        -0.93  (VIOLATED)
   u_controller/payload_ram_reg[68][0]/SI
                                2.12           1.19 f        -0.93  (VIOLATED)
   u_controller/payload_ram_reg[68][1]/SI
                                2.12           1.19 f        -0.93  (VIOLATED)
   u_controller/payload_ram_reg[68][2]/SI
                                2.12           1.19 f        -0.93  (VIOLATED)
   u_controller/payload_ram_reg[68][3]/SI
                                2.12           1.19 f        -0.93  (VIOLATED)
   u_controller/payload_ram_reg[68][4]/SI
                                2.12           1.19 f        -0.93  (VIOLATED)
   u_controller/payload_ram_reg[68][5]/SI
                                2.12           1.19 f        -0.93  (VIOLATED)
   u_controller/payload_ram_reg[68][6]/SI
                                2.12           1.19 f        -0.93  (VIOLATED)
   u_controller/payload_ram_reg[68][7]/SI
                                2.12           1.19 f        -0.93  (VIOLATED)
   u_controller/payload_ram_reg[69][0]/SI
                                2.12           1.19 f        -0.93  (VIOLATED)
   u_controller/payload_ram_reg[69][1]/SI
                                2.12           1.19 f        -0.93  (VIOLATED)
   u_controller/payload_ram_reg[69][2]/SI
                                2.12           1.19 f        -0.93  (VIOLATED)
   u_controller/payload_ram_reg[69][3]/SI
                                2.12           1.19 f        -0.93  (VIOLATED)
   u_controller/payload_ram_reg[69][4]/SI
                                2.12           1.19 f        -0.93  (VIOLATED)
   u_controller/payload_ram_reg[69][5]/SI
                                2.12           1.19 f        -0.93  (VIOLATED)
   u_controller/payload_ram_reg[69][6]/SI
                                2.12           1.19 f        -0.93  (VIOLATED)
   u_controller/payload_ram_reg[69][7]/SI
                                2.12           1.19 f        -0.93  (VIOLATED)
   u_controller/payload_ram_reg[70][0]/SI
                                2.12           1.19 f        -0.93  (VIOLATED)
   u_controller/payload_ram_reg[70][1]/SI
                                2.12           1.19 f        -0.93  (VIOLATED)
   u_controller/payload_ram_reg[70][2]/SI
                                2.12           1.19 f        -0.93  (VIOLATED)
   u_controller/payload_ram_reg[70][3]/SI
                                2.12           1.19 f        -0.93  (VIOLATED)
   u_controller/payload_ram_reg[70][4]/SI
                                2.12           1.19 f        -0.93  (VIOLATED)
   u_controller/payload_ram_reg[70][5]/SI
                                2.12           1.19 f        -0.93  (VIOLATED)
   u_controller/payload_ram_reg[70][6]/SI
                                2.12           1.19 f        -0.93  (VIOLATED)
   u_controller/payload_ram_reg[70][7]/SI
                                2.12           1.19 f        -0.93  (VIOLATED)
   u_controller/payload_ram_reg[71][0]/SI
                                2.12           1.19 f        -0.93  (VIOLATED)
   u_controller/payload_ram_reg[71][1]/SI
                                2.12           1.19 f        -0.93  (VIOLATED)
   u_controller/payload_ram_reg[71][2]/SI
                                2.12           1.19 f        -0.93  (VIOLATED)
   u_controller/payload_ram_reg[71][3]/SI
                                2.12           1.19 f        -0.93  (VIOLATED)
   u_controller/payload_ram_reg[71][4]/SI
                                2.12           1.19 f        -0.93  (VIOLATED)
   u_controller/payload_ram_reg[71][5]/SI
                                2.12           1.19 f        -0.93  (VIOLATED)
   u_controller/payload_ram_reg[71][6]/SI
                                2.12           1.19 f        -0.93  (VIOLATED)
   u_controller/payload_ram_reg[71][7]/SI
                                2.12           1.19 f        -0.93  (VIOLATED)
   u_controller/payload_ram_reg[72][0]/SI
                                2.12           1.19 f        -0.93  (VIOLATED)
   u_controller/payload_ram_reg[72][1]/SI
                                2.12           1.19 f        -0.93  (VIOLATED)
   u_controller/payload_ram_reg[72][2]/SI
                                2.12           1.19 f        -0.93  (VIOLATED)
   u_controller/payload_ram_reg[72][3]/SI
                                2.12           1.19 f        -0.93  (VIOLATED)
   u_controller/payload_ram_reg[72][4]/SI
                                2.12           1.19 f        -0.93  (VIOLATED)
   u_controller/payload_ram_reg[72][5]/SI
                                2.12           1.19 f        -0.93  (VIOLATED)
   u_controller/payload_ram_reg[72][6]/SI
                                2.12           1.19 f        -0.93  (VIOLATED)
   u_controller/payload_ram_reg[72][7]/SI
                                2.12           1.19 f        -0.93  (VIOLATED)
   u_controller/payload_ram_reg[73][0]/SI
                                2.12           1.19 f        -0.93  (VIOLATED)
   u_controller/payload_ram_reg[73][1]/SI
                                2.12           1.19 f        -0.93  (VIOLATED)
   u_controller/payload_ram_reg[73][2]/SI
                                2.12           1.19 f        -0.93  (VIOLATED)
   u_controller/payload_ram_reg[73][3]/SI
                                2.12           1.19 f        -0.93  (VIOLATED)
   u_controller/payload_ram_reg[73][4]/SI
                                2.12           1.19 f        -0.93  (VIOLATED)
   u_controller/payload_ram_reg[73][5]/SI
                                2.12           1.19 f        -0.93  (VIOLATED)
   u_controller/payload_ram_reg[73][6]/SI
                                2.12           1.19 f        -0.93  (VIOLATED)
   u_controller/payload_ram_reg[73][7]/SI
                                2.12           1.19 f        -0.93  (VIOLATED)
   u_controller/payload_ram_reg[74][0]/SI
                                2.12           1.19 f        -0.93  (VIOLATED)
   u_controller/payload_ram_reg[74][1]/SI
                                2.12           1.19 f        -0.93  (VIOLATED)
   u_controller/payload_ram_reg[74][2]/SI
                                2.12           1.19 f        -0.93  (VIOLATED)
   u_controller/payload_ram_reg[74][3]/SI
                                2.12           1.19 f        -0.93  (VIOLATED)
   u_controller/payload_ram_reg[74][4]/SI
                                2.12           1.19 f        -0.93  (VIOLATED)
   u_controller/payload_ram_reg[74][5]/SI
                                2.12           1.19 f        -0.93  (VIOLATED)
   u_controller/payload_ram_reg[74][6]/SI
                                2.12           1.19 f        -0.93  (VIOLATED)
   u_controller/payload_ram_reg[74][7]/SI
                                2.12           1.19 f        -0.93  (VIOLATED)
   u_controller/payload_ram_reg[75][0]/SI
                                2.12           1.19 f        -0.93  (VIOLATED)
   u_controller/payload_ram_reg[75][1]/SI
                                2.12           1.19 f        -0.93  (VIOLATED)
   u_controller/payload_ram_reg[75][2]/SI
                                2.12           1.19 f        -0.93  (VIOLATED)
   u_controller/payload_ram_reg[75][3]/SI
                                2.12           1.19 f        -0.93  (VIOLATED)
   u_controller/payload_ram_reg[75][4]/SI
                                2.12           1.19 f        -0.93  (VIOLATED)
   u_controller/payload_ram_reg[75][5]/SI
                                2.12           1.19 f        -0.93  (VIOLATED)
   u_controller/payload_ram_reg[75][6]/SI
                                2.12           1.19 f        -0.93  (VIOLATED)
   u_controller/payload_ram_reg[75][7]/SI
                                2.12           1.19 f        -0.93  (VIOLATED)
   u_controller/payload_ram_reg[76][0]/SI
                                2.12           1.19 f        -0.93  (VIOLATED)
   u_controller/payload_ram_reg[76][1]/SI
                                2.12           1.19 f        -0.93  (VIOLATED)
   u_controller/payload_ram_reg[76][2]/SI
                                2.12           1.19 f        -0.93  (VIOLATED)
   u_controller/payload_ram_reg[76][3]/SI
                                2.12           1.19 f        -0.93  (VIOLATED)
   u_controller/payload_ram_reg[76][4]/SI
                                2.12           1.19 f        -0.93  (VIOLATED)
   u_controller/payload_ram_reg[76][5]/SI
                                2.12           1.19 f        -0.93  (VIOLATED)
   u_controller/payload_ram_reg[76][6]/SI
                                2.12           1.19 f        -0.93  (VIOLATED)
   u_controller/payload_ram_reg[76][7]/SI
                                2.12           1.19 f        -0.93  (VIOLATED)
   u_controller/payload_ram_reg[77][0]/SI
                                2.12           1.19 f        -0.93  (VIOLATED)
   u_controller/payload_ram_reg[77][1]/SI
                                2.12           1.19 f        -0.93  (VIOLATED)
   u_controller/payload_ram_reg[77][2]/SI
                                2.12           1.19 f        -0.93  (VIOLATED)
   u_controller/payload_ram_reg[77][3]/SI
                                2.12           1.19 f        -0.93  (VIOLATED)
   u_controller/payload_ram_reg[77][4]/SI
                                2.12           1.19 f        -0.93  (VIOLATED)
   u_controller/payload_ram_reg[77][5]/SI
                                2.12           1.19 f        -0.93  (VIOLATED)
   u_controller/payload_ram_reg[77][6]/SI
                                2.12           1.19 f        -0.93  (VIOLATED)
   u_controller/payload_ram_reg[77][7]/SI
                                2.12           1.19 f        -0.93  (VIOLATED)
   u_controller/payload_ram_reg[78][0]/SI
                                2.12           1.19 f        -0.93  (VIOLATED)
   u_controller/payload_ram_reg[78][1]/SI
                                2.12           1.19 f        -0.93  (VIOLATED)
   u_controller/payload_ram_reg[78][2]/SI
                                2.12           1.19 f        -0.93  (VIOLATED)
   u_controller/payload_ram_reg[78][3]/SI
                                2.12           1.19 f        -0.93  (VIOLATED)
   u_controller/payload_ram_reg[78][4]/SI
                                2.12           1.19 f        -0.93  (VIOLATED)
   u_controller/payload_ram_reg[78][5]/SI
                                2.12           1.19 f        -0.93  (VIOLATED)
   u_controller/payload_ram_reg[78][6]/SI
                                2.12           1.19 f        -0.93  (VIOLATED)
   u_controller/payload_ram_reg[78][7]/SI
                                2.12           1.19 f        -0.93  (VIOLATED)
   u_controller/payload_ram_reg[79][0]/SI
                                2.12           1.19 f        -0.93  (VIOLATED)
   u_controller/payload_ram_reg[79][1]/SI
                                2.12           1.19 f        -0.93  (VIOLATED)
   u_controller/payload_ram_reg[79][2]/SI
                                2.12           1.19 f        -0.93  (VIOLATED)
   u_controller/payload_ram_reg[79][3]/SI
                                2.12           1.19 f        -0.93  (VIOLATED)
   u_controller/payload_ram_reg[79][4]/SI
                                2.12           1.19 f        -0.93  (VIOLATED)
   u_controller/payload_ram_reg[79][5]/SI
                                2.12           1.19 f        -0.93  (VIOLATED)
   u_controller/payload_ram_reg[79][6]/SI
                                2.12           1.19 f        -0.93  (VIOLATED)
   u_controller/payload_ram_reg[79][7]/SI
                                2.12           1.19 f        -0.93  (VIOLATED)
   u_controller/payload_ram_reg[80][0]/SI
                                2.12           1.19 f        -0.93  (VIOLATED)
   u_controller/payload_ram_reg[80][1]/SI
                                2.12           1.19 f        -0.93  (VIOLATED)
   u_controller/payload_ram_reg[80][2]/SI
                                2.12           1.19 f        -0.93  (VIOLATED)
   u_controller/payload_ram_reg[80][3]/SI
                                2.12           1.19 f        -0.93  (VIOLATED)
   u_controller/payload_ram_reg[80][4]/SI
                                2.12           1.19 f        -0.93  (VIOLATED)
   u_controller/payload_ram_reg[80][5]/SI
                                2.12           1.19 f        -0.93  (VIOLATED)
   u_controller/payload_ram_reg[80][6]/SI
                                2.12           1.19 f        -0.93  (VIOLATED)
   u_controller/payload_ram_reg[80][7]/SI
                                2.12           1.19 f        -0.93  (VIOLATED)
   u_controller/payload_ram_reg[81][0]/SI
                                2.12           1.19 f        -0.93  (VIOLATED)
   u_controller/payload_ram_reg[81][1]/SI
                                2.12           1.19 f        -0.93  (VIOLATED)
   u_controller/payload_ram_reg[81][2]/SI
                                2.12           1.19 f        -0.93  (VIOLATED)
   u_controller/payload_ram_reg[81][3]/SI
                                2.12           1.19 f        -0.93  (VIOLATED)
   u_controller/payload_ram_reg[81][4]/SI
                                2.12           1.19 f        -0.93  (VIOLATED)
   u_controller/payload_ram_reg[81][5]/SI
                                2.12           1.19 f        -0.93  (VIOLATED)
   u_controller/payload_ram_reg[81][6]/SI
                                2.12           1.19 f        -0.93  (VIOLATED)
   u_controller/payload_ram_reg[81][7]/SI
                                2.12           1.19 f        -0.93  (VIOLATED)
   u_controller/payload_ram_reg[82][0]/SI
                                2.12           1.19 f        -0.93  (VIOLATED)
   u_controller/payload_ram_reg[82][1]/SI
                                2.12           1.19 f        -0.93  (VIOLATED)
   u_controller/payload_ram_reg[82][2]/SI
                                2.12           1.19 f        -0.93  (VIOLATED)
   u_controller/payload_ram_reg[82][3]/SI
                                2.12           1.19 f        -0.93  (VIOLATED)
   u_controller/payload_ram_reg[82][4]/SI
                                2.12           1.19 f        -0.93  (VIOLATED)
   u_controller/payload_ram_reg[82][5]/SI
                                2.12           1.19 f        -0.93  (VIOLATED)
   u_controller/payload_ram_reg[82][6]/SI
                                2.12           1.19 f        -0.93  (VIOLATED)
   u_controller/payload_ram_reg[82][7]/SI
                                2.12           1.19 f        -0.93  (VIOLATED)
   u_controller/payload_ram_reg[83][0]/SI
                                2.12           1.19 f        -0.93  (VIOLATED)
   u_controller/payload_ram_reg[83][1]/SI
                                2.12           1.19 f        -0.93  (VIOLATED)
   u_controller/payload_ram_reg[83][2]/SI
                                2.12           1.19 f        -0.93  (VIOLATED)
   u_controller/payload_ram_reg[83][3]/SI
                                2.12           1.19 f        -0.93  (VIOLATED)
   u_controller/payload_ram_reg[83][4]/SI
                                2.12           1.19 f        -0.93  (VIOLATED)
   u_controller/payload_ram_reg[83][5]/SI
                                2.12           1.19 f        -0.93  (VIOLATED)
   u_controller/payload_ram_reg[83][6]/SI
                                2.12           1.19 f        -0.93  (VIOLATED)
   u_controller/payload_ram_reg[83][7]/SI
                                2.12           1.19 f        -0.93  (VIOLATED)
   u_controller/payload_ram_reg[84][0]/SI
                                2.12           1.19 f        -0.93  (VIOLATED)
   u_controller/payload_ram_reg[84][1]/SI
                                2.12           1.19 f        -0.93  (VIOLATED)
   u_controller/payload_ram_reg[84][2]/SI
                                2.12           1.19 f        -0.93  (VIOLATED)
   u_controller/payload_ram_reg[84][3]/SI
                                2.12           1.19 f        -0.93  (VIOLATED)
   u_controller/payload_ram_reg[84][4]/SI
                                2.12           1.19 f        -0.93  (VIOLATED)
   u_controller/payload_ram_reg[84][5]/SI
                                2.12           1.19 f        -0.93  (VIOLATED)
   u_controller/payload_ram_reg[84][6]/SI
                                2.12           1.19 f        -0.93  (VIOLATED)
   u_controller/payload_ram_reg[84][7]/SI
                                2.12           1.19 f        -0.93  (VIOLATED)
   u_controller/payload_ram_reg[85][0]/SI
                                2.12           1.19 f        -0.93  (VIOLATED)
   u_controller/payload_ram_reg[85][1]/SI
                                2.12           1.19 f        -0.93  (VIOLATED)
   u_controller/payload_ram_reg[85][2]/SI
                                2.12           1.19 f        -0.93  (VIOLATED)
   u_controller/payload_ram_reg[85][3]/SI
                                2.12           1.19 f        -0.93  (VIOLATED)
   u_controller/payload_ram_reg[85][4]/SI
                                2.12           1.19 f        -0.93  (VIOLATED)
   u_controller/payload_ram_reg[85][5]/SI
                                2.12           1.19 f        -0.93  (VIOLATED)
   u_controller/payload_ram_reg[85][6]/SI
                                2.12           1.19 f        -0.93  (VIOLATED)
   u_controller/payload_ram_reg[85][7]/SI
                                2.12           1.19 f        -0.93  (VIOLATED)
   u_controller/payload_ram_reg[86][0]/SI
                                2.12           1.19 f        -0.93  (VIOLATED)
   u_controller/payload_ram_reg[86][1]/SI
                                2.12           1.19 f        -0.93  (VIOLATED)
   u_controller/payload_ram_reg[86][2]/SI
                                2.12           1.19 f        -0.93  (VIOLATED)
   u_controller/payload_ram_reg[86][3]/SI
                                2.12           1.19 f        -0.93  (VIOLATED)
   u_controller/payload_ram_reg[86][4]/SI
                                2.12           1.19 f        -0.93  (VIOLATED)
   u_controller/payload_ram_reg[86][5]/SI
                                2.12           1.19 f        -0.93  (VIOLATED)
   u_controller/payload_ram_reg[86][6]/SI
                                2.12           1.19 f        -0.93  (VIOLATED)
   u_controller/payload_ram_reg[86][7]/SI
                                2.12           1.19 f        -0.93  (VIOLATED)
   u_controller/payload_ram_reg[87][0]/SI
                                2.12           1.19 f        -0.93  (VIOLATED)
   u_controller/payload_ram_reg[87][1]/SI
                                2.12           1.19 f        -0.93  (VIOLATED)
   u_controller/payload_ram_reg[87][2]/SI
                                2.12           1.19 f        -0.93  (VIOLATED)
   u_controller/payload_ram_reg[87][3]/SI
                                2.12           1.19 f        -0.93  (VIOLATED)
   u_controller/payload_ram_reg[87][4]/SI
                                2.12           1.19 f        -0.93  (VIOLATED)
   u_controller/payload_ram_reg[87][5]/SI
                                2.12           1.19 f        -0.93  (VIOLATED)
   u_controller/payload_ram_reg[87][6]/SI
                                2.12           1.19 f        -0.93  (VIOLATED)
   u_controller/payload_ram_reg[87][7]/SI
                                2.12           1.19 f        -0.93  (VIOLATED)
   u_controller/payload_ram_reg[88][0]/SI
                                2.12           1.19 f        -0.93  (VIOLATED)
   u_controller/payload_ram_reg[88][1]/SI
                                2.12           1.19 f        -0.93  (VIOLATED)
   u_controller/payload_ram_reg[88][2]/SI
                                2.12           1.19 f        -0.93  (VIOLATED)
   u_controller/payload_ram_reg[88][3]/SI
                                2.12           1.19 f        -0.93  (VIOLATED)
   u_controller/payload_ram_reg[88][4]/SI
                                2.12           1.19 f        -0.93  (VIOLATED)
   u_controller/payload_ram_reg[88][5]/SI
                                2.12           1.19 f        -0.93  (VIOLATED)
   u_controller/payload_ram_reg[88][6]/SI
                                2.12           1.19 f        -0.93  (VIOLATED)
   u_controller/payload_ram_reg[89][0]/SI
                                2.12           1.19 f        -0.93  (VIOLATED)
   u_controller/payload_ram_reg[89][1]/SI
                                2.12           1.19 f        -0.93  (VIOLATED)
   u_controller/payload_ram_reg[89][2]/SI
                                2.12           1.19 f        -0.93  (VIOLATED)
   u_controller/payload_ram_reg[89][3]/SI
                                2.12           1.19 f        -0.93  (VIOLATED)
   u_controller/payload_ram_reg[89][4]/SI
                                2.12           1.19 f        -0.93  (VIOLATED)
   u_controller/payload_ram_reg[89][5]/SI
                                2.12           1.19 f        -0.93  (VIOLATED)
   u_controller/payload_ram_reg[89][6]/SI
                                2.12           1.19 f        -0.93  (VIOLATED)
   u_controller/payload_ram_reg[89][7]/SI
                                2.12           1.19 f        -0.93  (VIOLATED)
   u_controller/payload_ram_reg[90][0]/SI
                                2.12           1.19 f        -0.93  (VIOLATED)
   u_controller/payload_ram_reg[90][1]/SI
                                2.12           1.19 f        -0.93  (VIOLATED)
   u_controller/payload_ram_reg[90][2]/SI
                                2.12           1.19 f        -0.93  (VIOLATED)
   u_controller/payload_ram_reg[90][3]/SI
                                2.12           1.19 f        -0.93  (VIOLATED)
   u_controller/payload_ram_reg[90][4]/SI
                                2.12           1.19 f        -0.93  (VIOLATED)
   u_controller/payload_ram_reg[90][5]/SI
                                2.12           1.19 f        -0.93  (VIOLATED)
   u_controller/payload_ram_reg[90][6]/SI
                                2.12           1.19 f        -0.93  (VIOLATED)
   u_controller/payload_ram_reg[90][7]/SI
                                2.12           1.19 f        -0.93  (VIOLATED)
   u_controller/payload_ram_reg[91][0]/SI
                                2.12           1.19 f        -0.93  (VIOLATED)
   u_controller/payload_ram_reg[91][1]/SI
                                2.12           1.19 f        -0.93  (VIOLATED)
   u_controller/payload_ram_reg[91][2]/SI
                                2.12           1.19 f        -0.93  (VIOLATED)
   u_controller/payload_ram_reg[91][3]/SI
                                2.12           1.19 f        -0.93  (VIOLATED)
   u_controller/payload_ram_reg[91][4]/SI
                                2.12           1.19 f        -0.93  (VIOLATED)
   u_controller/payload_ram_reg[91][5]/SI
                                2.12           1.19 f        -0.93  (VIOLATED)
   u_controller/payload_ram_reg[91][6]/SI
                                2.12           1.19 f        -0.93  (VIOLATED)
   u_controller/payload_ram_reg[91][7]/SI
                                2.12           1.19 f        -0.93  (VIOLATED)
   u_controller/payload_ram_reg[92][0]/SI
                                2.12           1.19 f        -0.93  (VIOLATED)
   u_controller/payload_ram_reg[92][1]/SI
                                2.12           1.19 f        -0.93  (VIOLATED)
   u_controller/payload_ram_reg[92][2]/SI
                                2.12           1.19 f        -0.93  (VIOLATED)
   u_controller/payload_ram_reg[92][3]/SI
                                2.12           1.19 f        -0.93  (VIOLATED)
   u_controller/payload_ram_reg[92][4]/SI
                                2.12           1.19 f        -0.93  (VIOLATED)
   u_controller/payload_ram_reg[92][5]/SI
                                2.12           1.19 f        -0.93  (VIOLATED)
   u_controller/payload_ram_reg[92][6]/SI
                                2.12           1.19 f        -0.93  (VIOLATED)
   u_controller/payload_ram_reg[92][7]/SI
                                2.12           1.19 f        -0.93  (VIOLATED)
   u_controller/payload_ram_reg[93][0]/SI
                                2.12           1.19 f        -0.93  (VIOLATED)
   u_controller/payload_ram_reg[93][1]/SI
                                2.12           1.19 f        -0.93  (VIOLATED)
   u_controller/payload_ram_reg[93][2]/SI
                                2.12           1.19 f        -0.93  (VIOLATED)
   u_controller/payload_ram_reg[93][3]/SI
                                2.12           1.19 f        -0.93  (VIOLATED)
   u_controller/payload_ram_reg[93][4]/SI
                                2.12           1.19 f        -0.93  (VIOLATED)
   u_controller/payload_ram_reg[93][5]/SI
                                2.12           1.19 f        -0.93  (VIOLATED)
   u_controller/payload_ram_reg[93][6]/SI
                                2.12           1.19 f        -0.93  (VIOLATED)
   u_controller/payload_ram_reg[93][7]/SI
                                2.12           1.19 f        -0.93  (VIOLATED)
   u_controller/payload_ram_reg[94][0]/SI
                                2.12           1.19 f        -0.93  (VIOLATED)
   u_controller/payload_ram_reg[94][1]/SI
                                2.12           1.19 f        -0.93  (VIOLATED)
   u_controller/payload_ram_reg[94][2]/SI
                                2.12           1.19 f        -0.93  (VIOLATED)
   u_controller/payload_ram_reg[94][3]/SI
                                2.12           1.19 f        -0.93  (VIOLATED)
   u_controller/payload_ram_reg[94][4]/SI
                                2.12           1.19 f        -0.93  (VIOLATED)
   u_controller/payload_ram_reg[94][5]/SI
                                2.12           1.19 f        -0.93  (VIOLATED)
   u_controller/payload_ram_reg[94][6]/SI
                                2.12           1.19 f        -0.93  (VIOLATED)
   u_controller/payload_ram_reg[94][7]/SI
                                2.12           1.19 f        -0.93  (VIOLATED)
   u_controller/payload_ram_reg[95][0]/SI
                                2.12           1.19 f        -0.93  (VIOLATED)
   u_controller/payload_ram_reg[95][1]/SI
                                2.12           1.19 f        -0.93  (VIOLATED)
   u_controller/payload_ram_reg[95][2]/SI
                                2.12           1.19 f        -0.93  (VIOLATED)
   u_controller/payload_ram_reg[95][3]/SI
                                2.12           1.19 f        -0.93  (VIOLATED)
   u_controller/payload_ram_reg[95][4]/SI
                                2.12           1.19 f        -0.93  (VIOLATED)
   u_controller/payload_ram_reg[95][5]/SI
                                2.12           1.19 f        -0.93  (VIOLATED)
   u_controller/payload_ram_reg[95][6]/SI
                                2.12           1.19 f        -0.93  (VIOLATED)
   u_controller/payload_ram_reg[95][7]/SI
                                2.12           1.19 f        -0.93  (VIOLATED)
   u_controller/payload_ram_reg[96][0]/SI
                                2.12           1.19 f        -0.93  (VIOLATED)
   u_controller/payload_ram_reg[96][1]/SI
                                2.12           1.19 f        -0.93  (VIOLATED)
   u_controller/payload_ram_reg[96][2]/SI
                                2.12           1.19 f        -0.93  (VIOLATED)
   u_controller/payload_ram_reg[96][3]/SI
                                2.12           1.19 f        -0.93  (VIOLATED)
   u_controller/payload_ram_reg[96][4]/SI
                                2.12           1.19 f        -0.93  (VIOLATED)
   u_controller/payload_ram_reg[96][5]/SI
                                2.12           1.19 f        -0.93  (VIOLATED)
   u_controller/payload_ram_reg[96][6]/SI
                                2.12           1.19 f        -0.93  (VIOLATED)
   u_controller/payload_ram_reg[96][7]/SI
                                2.12           1.19 f        -0.93  (VIOLATED)
   u_controller/payload_ram_reg[97][0]/SI
                                2.12           1.19 f        -0.93  (VIOLATED)
   u_controller/payload_ram_reg[97][1]/SI
                                2.12           1.19 f        -0.93  (VIOLATED)
   u_controller/payload_ram_reg[97][2]/SI
                                2.12           1.19 f        -0.93  (VIOLATED)
   u_controller/payload_ram_reg[97][3]/SI
                                2.12           1.19 f        -0.93  (VIOLATED)
   u_controller/payload_ram_reg[97][4]/SI
                                2.12           1.19 f        -0.93  (VIOLATED)
   u_controller/payload_ram_reg[97][5]/SI
                                2.12           1.19 f        -0.93  (VIOLATED)
   u_controller/payload_ram_reg[97][6]/SI
                                2.12           1.19 f        -0.93  (VIOLATED)
   u_controller/payload_ram_reg[97][7]/SI
                                2.12           1.19 f        -0.93  (VIOLATED)
   u_controller/payload_ram_reg[98][0]/SI
                                2.12           1.19 f        -0.93  (VIOLATED)
   u_controller/payload_ram_reg[98][1]/SI
                                2.12           1.19 f        -0.93  (VIOLATED)
   u_controller/payload_ram_reg[98][2]/SI
                                2.12           1.19 f        -0.93  (VIOLATED)
   u_controller/payload_ram_reg[98][3]/SI
                                2.12           1.19 f        -0.93  (VIOLATED)
   u_controller/payload_ram_reg[98][4]/SI
                                2.12           1.19 f        -0.93  (VIOLATED)
   u_controller/payload_ram_reg[98][5]/SI
                                2.12           1.19 f        -0.93  (VIOLATED)
   u_controller/payload_ram_reg[98][6]/SI
                                2.12           1.19 f        -0.93  (VIOLATED)
   u_controller/payload_ram_reg[98][7]/SI
                                2.12           1.19 f        -0.93  (VIOLATED)
   u_controller/payload_ram_reg[99][0]/SI
                                2.12           1.19 f        -0.93  (VIOLATED)
   u_controller/payload_ram_reg[99][1]/SI
                                2.12           1.19 f        -0.93  (VIOLATED)
   u_controller/payload_ram_reg[99][2]/SI
                                2.12           1.19 f        -0.93  (VIOLATED)
   u_controller/payload_ram_reg[99][3]/SI
                                2.12           1.19 f        -0.93  (VIOLATED)
   u_controller/payload_ram_reg[99][4]/SI
                                2.12           1.19 f        -0.93  (VIOLATED)
   u_controller/payload_ram_reg[99][5]/SI
                                2.12           1.19 f        -0.93  (VIOLATED)
   u_controller/payload_ram_reg[99][6]/SI
                                2.12           1.19 f        -0.93  (VIOLATED)
   u_controller/payload_ram_reg[99][7]/SI
                                2.12           1.19 f        -0.93  (VIOLATED)
   u_controller/payload_ram_reg[100][0]/SI
                                2.12           1.19 f        -0.93  (VIOLATED)
   u_controller/payload_ram_reg[100][1]/SI
                                2.12           1.19 f        -0.93  (VIOLATED)
   u_controller/payload_ram_reg[100][2]/SI
                                2.12           1.19 f        -0.93  (VIOLATED)
   u_controller/payload_ram_reg[100][3]/SI
                                2.12           1.19 f        -0.93  (VIOLATED)
   u_controller/payload_ram_reg[100][4]/SI
                                2.12           1.19 f        -0.93  (VIOLATED)
   u_controller/payload_ram_reg[100][5]/SI
                                2.12           1.19 f        -0.93  (VIOLATED)
   u_controller/payload_ram_reg[100][6]/SI
                                2.12           1.19 f        -0.93  (VIOLATED)
   u_controller/payload_ram_reg[100][7]/SI
                                2.12           1.19 f        -0.93  (VIOLATED)
   u_controller/payload_ram_reg[101][0]/SI
                                2.12           1.19 f        -0.93  (VIOLATED)
   u_controller/payload_ram_reg[101][1]/SI
                                2.12           1.19 f        -0.93  (VIOLATED)
   u_controller/payload_ram_reg[101][2]/SI
                                2.12           1.19 f        -0.93  (VIOLATED)
   u_controller/payload_ram_reg[101][3]/SI
                                2.12           1.19 f        -0.93  (VIOLATED)
   u_controller/payload_ram_reg[101][4]/SI
                                2.12           1.19 f        -0.93  (VIOLATED)
   u_controller/payload_ram_reg[101][5]/SI
                                2.12           1.19 f        -0.93  (VIOLATED)
   u_controller/payload_ram_reg[101][6]/SI
                                2.12           1.19 f        -0.93  (VIOLATED)
   u_controller/payload_ram_reg[101][7]/SI
                                2.12           1.19 f        -0.93  (VIOLATED)
   u_controller/payload_ram_reg[102][0]/SI
                                2.12           1.19 f        -0.93  (VIOLATED)
   u_controller/payload_ram_reg[102][1]/SI
                                2.12           1.19 f        -0.93  (VIOLATED)
   u_controller/payload_ram_reg[102][2]/SI
                                2.12           1.19 f        -0.93  (VIOLATED)
   u_controller/payload_ram_reg[102][3]/SI
                                2.12           1.19 f        -0.93  (VIOLATED)
   u_controller/payload_ram_reg[102][4]/SI
                                2.12           1.19 f        -0.93  (VIOLATED)
   u_controller/payload_ram_reg[102][5]/SI
                                2.12           1.19 f        -0.93  (VIOLATED)
   u_controller/payload_ram_reg[102][6]/SI
                                2.12           1.19 f        -0.93  (VIOLATED)
   u_controller/payload_ram_reg[102][7]/SI
                                2.12           1.19 f        -0.93  (VIOLATED)
   u_controller/payload_ram_reg[103][0]/SI
                                2.12           1.19 f        -0.93  (VIOLATED)
   u_controller/payload_ram_reg[103][1]/SI
                                2.12           1.19 f        -0.93  (VIOLATED)
   u_controller/payload_ram_reg[103][2]/SI
                                2.12           1.19 f        -0.93  (VIOLATED)
   u_controller/payload_ram_reg[103][3]/SI
                                2.12           1.19 f        -0.93  (VIOLATED)
   u_controller/payload_ram_reg[103][4]/SI
                                2.12           1.19 f        -0.93  (VIOLATED)
   u_controller/payload_ram_reg[103][5]/SI
                                2.12           1.19 f        -0.93  (VIOLATED)
   u_controller/payload_ram_reg[103][6]/SI
                                2.12           1.19 f        -0.93  (VIOLATED)
   u_controller/payload_ram_reg[103][7]/SI
                                2.12           1.19 f        -0.93  (VIOLATED)
   u_controller/payload_ram_reg[104][0]/SI
                                2.12           1.19 f        -0.93  (VIOLATED)
   u_controller/payload_ram_reg[104][1]/SI
                                2.12           1.19 f        -0.93  (VIOLATED)
   u_controller/payload_ram_reg[104][2]/SI
                                2.12           1.19 f        -0.93  (VIOLATED)
   u_controller/payload_ram_reg[104][3]/SI
                                2.12           1.19 f        -0.93  (VIOLATED)
   u_controller/payload_ram_reg[104][4]/SI
                                2.12           1.19 f        -0.93  (VIOLATED)
   u_controller/payload_ram_reg[104][5]/SI
                                2.12           1.19 f        -0.93  (VIOLATED)
   u_controller/payload_ram_reg[104][6]/SI
                                2.12           1.19 f        -0.93  (VIOLATED)
   u_controller/payload_ram_reg[104][7]/SI
                                2.12           1.19 f        -0.93  (VIOLATED)
   u_controller/payload_ram_reg[105][0]/SI
                                2.12           1.19 f        -0.93  (VIOLATED)
   u_controller/payload_ram_reg[105][1]/SI
                                2.12           1.19 f        -0.93  (VIOLATED)
   u_controller/payload_ram_reg[105][2]/SI
                                2.12           1.19 f        -0.93  (VIOLATED)
   u_controller/payload_ram_reg[105][3]/SI
                                2.12           1.19 f        -0.93  (VIOLATED)
   u_controller/payload_ram_reg[105][4]/SI
                                2.12           1.19 f        -0.93  (VIOLATED)
   u_controller/payload_ram_reg[105][5]/SI
                                2.12           1.19 f        -0.93  (VIOLATED)
   u_controller/payload_ram_reg[105][6]/SI
                                2.12           1.19 f        -0.93  (VIOLATED)
   u_controller/payload_ram_reg[105][7]/SI
                                2.12           1.19 f        -0.93  (VIOLATED)
   u_controller/payload_ram_reg[106][0]/SI
                                2.12           1.19 f        -0.93  (VIOLATED)
   u_controller/payload_ram_reg[106][1]/SI
                                2.12           1.19 f        -0.93  (VIOLATED)
   u_controller/payload_ram_reg[106][2]/SI
                                2.12           1.19 f        -0.93  (VIOLATED)
   u_controller/payload_ram_reg[106][3]/SI
                                2.12           1.19 f        -0.93  (VIOLATED)
   u_controller/payload_ram_reg[106][4]/SI
                                2.12           1.19 f        -0.93  (VIOLATED)
   u_controller/payload_ram_reg[106][5]/SI
                                2.12           1.19 f        -0.93  (VIOLATED)
   u_controller/payload_ram_reg[106][6]/SI
                                2.12           1.19 f        -0.93  (VIOLATED)
   u_controller/payload_ram_reg[106][7]/SI
                                2.12           1.19 f        -0.93  (VIOLATED)
   u_controller/payload_ram_reg[107][0]/SI
                                2.12           1.19 f        -0.93  (VIOLATED)
   u_controller/payload_ram_reg[107][1]/SI
                                2.12           1.19 f        -0.93  (VIOLATED)
   u_controller/payload_ram_reg[107][2]/SI
                                2.12           1.19 f        -0.93  (VIOLATED)
   u_controller/payload_ram_reg[107][3]/SI
                                2.12           1.19 f        -0.93  (VIOLATED)
   u_controller/payload_ram_reg[107][4]/SI
                                2.12           1.19 f        -0.93  (VIOLATED)
   u_controller/payload_ram_reg[107][5]/SI
                                2.12           1.19 f        -0.93  (VIOLATED)
   u_controller/payload_ram_reg[107][6]/SI
                                2.12           1.19 f        -0.93  (VIOLATED)
   u_controller/payload_ram_reg[107][7]/SI
                                2.12           1.19 f        -0.93  (VIOLATED)
   u_controller/payload_ram_reg[108][0]/SI
                                2.12           1.19 f        -0.93  (VIOLATED)
   u_controller/payload_ram_reg[108][1]/SI
                                2.12           1.19 f        -0.93  (VIOLATED)
   u_controller/payload_ram_reg[108][2]/SI
                                2.12           1.19 f        -0.93  (VIOLATED)
   u_controller/payload_ram_reg[108][3]/SI
                                2.12           1.19 f        -0.93  (VIOLATED)
   u_controller/payload_ram_reg[108][4]/SI
                                2.12           1.19 f        -0.93  (VIOLATED)
   u_controller/payload_ram_reg[108][5]/SI
                                2.12           1.19 f        -0.93  (VIOLATED)
   u_controller/payload_ram_reg[108][6]/SI
                                2.12           1.19 f        -0.93  (VIOLATED)
   u_controller/payload_ram_reg[108][7]/SI
                                2.12           1.19 f        -0.93  (VIOLATED)
   u_controller/payload_ram_reg[109][0]/SI
                                2.12           1.19 f        -0.93  (VIOLATED)
   u_controller/payload_ram_reg[109][1]/SI
                                2.12           1.19 f        -0.93  (VIOLATED)
   u_controller/payload_ram_reg[109][2]/SI
                                2.12           1.19 f        -0.93  (VIOLATED)
   u_controller/payload_ram_reg[109][3]/SI
                                2.12           1.19 f        -0.93  (VIOLATED)
   u_controller/payload_ram_reg[109][4]/SI
                                2.12           1.19 f        -0.93  (VIOLATED)
   u_controller/payload_ram_reg[109][5]/SI
                                2.12           1.19 f        -0.93  (VIOLATED)
   u_controller/payload_ram_reg[109][6]/SI
                                2.12           1.19 f        -0.93  (VIOLATED)
   u_controller/payload_ram_reg[109][7]/SI
                                2.12           1.19 f        -0.93  (VIOLATED)
   u_controller/payload_ram_reg[110][0]/SI
                                2.12           1.19 f        -0.93  (VIOLATED)
   u_controller/payload_ram_reg[110][1]/SI
                                2.12           1.19 f        -0.93  (VIOLATED)
   u_controller/payload_ram_reg[110][2]/SI
                                2.12           1.19 f        -0.93  (VIOLATED)
   u_controller/payload_ram_reg[110][3]/SI
                                2.12           1.19 f        -0.93  (VIOLATED)
   u_controller/payload_ram_reg[110][4]/SI
                                2.12           1.19 f        -0.93  (VIOLATED)
   u_controller/payload_ram_reg[110][5]/SI
                                2.12           1.19 f        -0.93  (VIOLATED)
   u_controller/payload_ram_reg[110][6]/SI
                                2.12           1.19 f        -0.93  (VIOLATED)
   u_controller/payload_ram_reg[110][7]/SI
                                2.12           1.19 f        -0.93  (VIOLATED)
   u_controller/payload_ram_reg[111][0]/SI
                                2.12           1.19 f        -0.93  (VIOLATED)
   u_controller/payload_ram_reg[111][1]/SI
                                2.12           1.19 f        -0.93  (VIOLATED)
   u_controller/payload_ram_reg[111][2]/SI
                                2.12           1.19 f        -0.93  (VIOLATED)
   u_controller/payload_ram_reg[111][3]/SI
                                2.12           1.19 f        -0.93  (VIOLATED)
   u_controller/payload_ram_reg[111][4]/SI
                                2.12           1.19 f        -0.93  (VIOLATED)
   u_controller/payload_ram_reg[111][5]/SI
                                2.12           1.19 f        -0.93  (VIOLATED)
   u_controller/payload_ram_reg[111][6]/SI
                                2.12           1.19 f        -0.93  (VIOLATED)
   u_controller/payload_ram_reg[111][7]/SI
                                2.12           1.19 f        -0.93  (VIOLATED)
   u_controller/payload_ram_reg[112][0]/SI
                                2.12           1.19 f        -0.93  (VIOLATED)
   u_controller/payload_ram_reg[112][1]/SI
                                2.12           1.19 f        -0.93  (VIOLATED)
   u_controller/payload_ram_reg[112][2]/SI
                                2.12           1.19 f        -0.93  (VIOLATED)
   u_controller/payload_ram_reg[112][3]/SI
                                2.12           1.19 f        -0.93  (VIOLATED)
   u_controller/payload_ram_reg[112][4]/SI
                                2.12           1.19 f        -0.93  (VIOLATED)
   u_controller/payload_ram_reg[112][5]/SI
                                2.12           1.19 f        -0.93  (VIOLATED)
   u_controller/payload_ram_reg[112][6]/SI
                                2.12           1.19 f        -0.93  (VIOLATED)
   u_controller/payload_ram_reg[112][7]/SI
                                2.12           1.19 f        -0.93  (VIOLATED)
   u_controller/payload_ram_reg[113][0]/SI
                                2.12           1.19 f        -0.93  (VIOLATED)
   u_controller/payload_ram_reg[113][1]/SI
                                2.12           1.19 f        -0.93  (VIOLATED)
   u_controller/payload_ram_reg[113][2]/SI
                                2.12           1.19 f        -0.93  (VIOLATED)
   u_controller/payload_ram_reg[113][3]/SI
                                2.12           1.19 f        -0.93  (VIOLATED)
   u_controller/payload_ram_reg[113][4]/SI
                                2.12           1.19 f        -0.93  (VIOLATED)
   u_controller/payload_ram_reg[113][5]/SI
                                2.12           1.19 f        -0.93  (VIOLATED)
   u_controller/payload_ram_reg[113][6]/SI
                                2.12           1.19 f        -0.93  (VIOLATED)
   u_controller/payload_ram_reg[113][7]/SI
                                2.12           1.19 f        -0.93  (VIOLATED)
   u_controller/payload_ram_reg[114][0]/SI
                                2.12           1.19 f        -0.93  (VIOLATED)
   u_controller/payload_ram_reg[114][1]/SI
                                2.12           1.19 f        -0.93  (VIOLATED)
   u_controller/payload_ram_reg[114][2]/SI
                                2.12           1.19 f        -0.93  (VIOLATED)
   u_controller/payload_ram_reg[114][3]/SI
                                2.12           1.19 f        -0.93  (VIOLATED)
   u_controller/payload_ram_reg[114][4]/SI
                                2.12           1.19 f        -0.93  (VIOLATED)
   u_controller/payload_ram_reg[114][5]/SI
                                2.12           1.19 f        -0.93  (VIOLATED)
   u_controller/payload_ram_reg[114][6]/SI
                                2.12           1.19 f        -0.93  (VIOLATED)
   u_controller/payload_ram_reg[114][7]/SI
                                2.12           1.19 f        -0.93  (VIOLATED)
   u_controller/payload_ram_reg[115][0]/SI
                                2.12           1.19 f        -0.93  (VIOLATED)
   u_controller/payload_ram_reg[115][1]/SI
                                2.12           1.19 f        -0.93  (VIOLATED)
   u_controller/payload_ram_reg[115][2]/SI
                                2.12           1.19 f        -0.93  (VIOLATED)
   u_controller/payload_ram_reg[115][3]/SI
                                2.12           1.19 f        -0.93  (VIOLATED)
   u_controller/payload_ram_reg[115][4]/SI
                                2.12           1.19 f        -0.93  (VIOLATED)
   u_controller/payload_ram_reg[115][5]/SI
                                2.12           1.19 f        -0.93  (VIOLATED)
   u_controller/payload_ram_reg[115][6]/SI
                                2.12           1.19 f        -0.93  (VIOLATED)
   u_controller/payload_ram_reg[115][7]/SI
                                2.12           1.19 f        -0.93  (VIOLATED)
   u_controller/payload_ram_reg[116][0]/SI
                                2.12           1.19 f        -0.93  (VIOLATED)
   u_controller/payload_ram_reg[116][1]/SI
                                2.12           1.19 f        -0.93  (VIOLATED)
   u_controller/payload_ram_reg[116][2]/SI
                                2.12           1.19 f        -0.93  (VIOLATED)
   u_controller/payload_ram_reg[116][3]/SI
                                2.12           1.19 f        -0.93  (VIOLATED)
   u_controller/payload_ram_reg[116][4]/SI
                                2.12           1.19 f        -0.93  (VIOLATED)
   u_controller/payload_ram_reg[116][5]/SI
                                2.12           1.19 f        -0.93  (VIOLATED)
   u_controller/payload_ram_reg[116][6]/SI
                                2.12           1.19 f        -0.93  (VIOLATED)
   u_controller/payload_ram_reg[116][7]/SI
                                2.12           1.19 f        -0.93  (VIOLATED)
   u_controller/payload_ram_reg[117][0]/SI
                                2.12           1.19 f        -0.93  (VIOLATED)
   u_controller/payload_ram_reg[117][1]/SI
                                2.12           1.19 f        -0.93  (VIOLATED)
   u_controller/payload_ram_reg[117][2]/SI
                                2.12           1.19 f        -0.93  (VIOLATED)
   u_controller/payload_ram_reg[117][3]/SI
                                2.12           1.19 f        -0.93  (VIOLATED)
   u_controller/payload_ram_reg[117][4]/SI
                                2.12           1.19 f        -0.93  (VIOLATED)
   u_controller/payload_ram_reg[117][5]/SI
                                2.12           1.19 f        -0.93  (VIOLATED)
   u_controller/payload_ram_reg[117][6]/SI
                                2.12           1.19 f        -0.93  (VIOLATED)
   u_controller/payload_ram_reg[117][7]/SI
                                2.12           1.19 f        -0.93  (VIOLATED)
   u_controller/payload_ram_reg[118][0]/SI
                                2.12           1.19 f        -0.93  (VIOLATED)
   u_controller/payload_ram_reg[118][1]/SI
                                2.12           1.19 f        -0.93  (VIOLATED)
   u_controller/payload_ram_reg[118][2]/SI
                                2.12           1.19 f        -0.93  (VIOLATED)
   u_controller/payload_ram_reg[118][3]/SI
                                2.12           1.19 f        -0.93  (VIOLATED)
   u_controller/payload_ram_reg[118][4]/SI
                                2.12           1.19 f        -0.93  (VIOLATED)
   u_controller/payload_ram_reg[118][5]/SI
                                2.12           1.19 f        -0.93  (VIOLATED)
   u_controller/payload_ram_reg[118][6]/SI
                                2.12           1.19 f        -0.93  (VIOLATED)
   u_controller/payload_ram_reg[118][7]/SI
                                2.12           1.19 f        -0.93  (VIOLATED)
   u_controller/payload_ram_reg[119][0]/SI
                                2.12           1.19 f        -0.93  (VIOLATED)
   u_controller/payload_ram_reg[119][1]/SI
                                2.12           1.19 f        -0.93  (VIOLATED)
   u_controller/payload_ram_reg[119][2]/SI
                                2.12           1.19 f        -0.93  (VIOLATED)
   u_controller/payload_ram_reg[119][3]/SI
                                2.12           1.19 f        -0.93  (VIOLATED)
   u_controller/payload_ram_reg[119][4]/SI
                                2.12           1.19 f        -0.93  (VIOLATED)
   u_controller/payload_ram_reg[119][5]/SI
                                2.12           1.19 f        -0.93  (VIOLATED)
   u_controller/payload_ram_reg[119][6]/SI
                                2.12           1.19 f        -0.93  (VIOLATED)
   u_controller/payload_ram_reg[119][7]/SI
                                2.12           1.19 f        -0.93  (VIOLATED)
   u_controller/payload_ram_reg[120][0]/SI
                                2.12           1.19 f        -0.93  (VIOLATED)
   u_controller/payload_ram_reg[120][1]/SI
                                2.12           1.19 f        -0.93  (VIOLATED)
   u_controller/payload_ram_reg[120][2]/SI
                                2.12           1.19 f        -0.93  (VIOLATED)
   u_controller/payload_ram_reg[120][3]/SI
                                2.12           1.19 f        -0.93  (VIOLATED)
   u_controller/payload_ram_reg[120][4]/SI
                                2.12           1.19 f        -0.93  (VIOLATED)
   u_controller/payload_ram_reg[120][5]/SI
                                2.12           1.19 f        -0.93  (VIOLATED)
   u_controller/payload_ram_reg[120][6]/SI
                                2.12           1.19 f        -0.93  (VIOLATED)
   u_controller/payload_ram_reg[120][7]/SI
                                2.12           1.19 f        -0.93  (VIOLATED)
   u_controller/payload_ram_reg[121][0]/SI
                                2.12           1.19 f        -0.93  (VIOLATED)
   u_controller/payload_ram_reg[121][1]/SI
                                2.12           1.19 f        -0.93  (VIOLATED)
   u_controller/payload_ram_reg[121][2]/SI
                                2.12           1.19 f        -0.93  (VIOLATED)
   u_controller/payload_ram_reg[121][3]/SI
                                2.12           1.19 f        -0.93  (VIOLATED)
   u_controller/payload_ram_reg[121][4]/SI
                                2.12           1.19 f        -0.93  (VIOLATED)
   u_controller/payload_ram_reg[121][5]/SI
                                2.12           1.19 f        -0.93  (VIOLATED)
   u_controller/payload_ram_reg[121][6]/SI
                                2.12           1.19 f        -0.93  (VIOLATED)
   u_controller/payload_ram_reg[121][7]/SI
                                2.12           1.19 f        -0.93  (VIOLATED)
   u_controller/payload_ram_reg[122][0]/SI
                                2.12           1.19 f        -0.93  (VIOLATED)
   u_controller/payload_ram_reg[122][1]/SI
                                2.12           1.19 f        -0.93  (VIOLATED)
   u_controller/payload_ram_reg[122][2]/SI
                                2.12           1.19 f        -0.93  (VIOLATED)
   u_controller/payload_ram_reg[122][3]/SI
                                2.12           1.19 f        -0.93  (VIOLATED)
   u_controller/payload_ram_reg[122][4]/SI
                                2.12           1.19 f        -0.93  (VIOLATED)
   u_controller/payload_ram_reg[122][5]/SI
                                2.12           1.19 f        -0.93  (VIOLATED)
   u_controller/payload_ram_reg[122][6]/SI
                                2.12           1.19 f        -0.93  (VIOLATED)
   u_controller/payload_ram_reg[122][7]/SI
                                2.12           1.19 f        -0.93  (VIOLATED)
   u_controller/payload_ram_reg[123][0]/SI
                                2.12           1.19 f        -0.93  (VIOLATED)
   u_controller/payload_ram_reg[123][1]/SI
                                2.12           1.19 f        -0.93  (VIOLATED)
   u_controller/payload_ram_reg[123][2]/SI
                                2.12           1.19 f        -0.93  (VIOLATED)
   u_controller/payload_ram_reg[123][3]/SI
                                2.12           1.19 f        -0.93  (VIOLATED)
   u_controller/payload_ram_reg[123][4]/SI
                                2.12           1.19 f        -0.93  (VIOLATED)
   u_controller/payload_ram_reg[123][5]/SI
                                2.12           1.19 f        -0.93  (VIOLATED)
   u_controller/payload_ram_reg[123][6]/SI
                                2.12           1.19 f        -0.93  (VIOLATED)
   u_controller/payload_ram_reg[123][7]/SI
                                2.12           1.19 f        -0.93  (VIOLATED)
   u_controller/payload_ram_reg[124][0]/SI
                                2.12           1.19 f        -0.93  (VIOLATED)
   u_controller/payload_ram_reg[124][1]/SI
                                2.12           1.19 f        -0.93  (VIOLATED)
   u_controller/payload_ram_reg[124][2]/SI
                                2.12           1.19 f        -0.93  (VIOLATED)
   u_controller/payload_ram_reg[124][3]/SI
                                2.12           1.19 f        -0.93  (VIOLATED)
   u_controller/payload_ram_reg[124][4]/SI
                                2.12           1.19 f        -0.93  (VIOLATED)
   u_controller/payload_ram_reg[124][5]/SI
                                2.12           1.19 f        -0.93  (VIOLATED)
   u_controller/payload_ram_reg[124][6]/SI
                                2.12           1.19 f        -0.93  (VIOLATED)
   u_controller/payload_ram_reg[124][7]/SI
                                2.12           1.19 f        -0.93  (VIOLATED)
   u_controller/payload_ram_reg[125][0]/SI
                                2.12           1.19 f        -0.93  (VIOLATED)
   u_controller/payload_ram_reg[125][1]/SI
                                2.12           1.19 f        -0.93  (VIOLATED)
   u_controller/payload_ram_reg[125][2]/SI
                                2.12           1.19 f        -0.93  (VIOLATED)
   u_controller/payload_ram_reg[125][3]/SI
                                2.12           1.19 f        -0.93  (VIOLATED)
   u_controller/payload_ram_reg[125][4]/SI
                                2.12           1.19 f        -0.93  (VIOLATED)
   u_controller/payload_ram_reg[125][5]/SI
                                2.12           1.19 f        -0.93  (VIOLATED)
   u_controller/payload_ram_reg[125][6]/SI
                                2.12           1.19 f        -0.93  (VIOLATED)
   u_controller/payload_ram_reg[125][7]/SI
                                2.12           1.19 f        -0.93  (VIOLATED)
   u_controller/payload_ram_reg[126][0]/SI
                                2.12           1.19 f        -0.93  (VIOLATED)
   u_controller/payload_ram_reg[126][1]/SI
                                2.12           1.19 f        -0.93  (VIOLATED)
   u_controller/payload_ram_reg[126][2]/SI
                                2.12           1.19 f        -0.93  (VIOLATED)
   u_controller/payload_ram_reg[126][3]/SI
                                2.12           1.19 f        -0.93  (VIOLATED)
   u_controller/payload_ram_reg[126][4]/SI
                                2.12           1.19 f        -0.93  (VIOLATED)
   u_controller/payload_ram_reg[126][5]/SI
                                2.12           1.19 f        -0.93  (VIOLATED)
   u_controller/payload_ram_reg[126][6]/SI
                                2.12           1.19 f        -0.93  (VIOLATED)
   u_controller/payload_ram_reg[126][7]/SI
                                2.12           1.19 f        -0.93  (VIOLATED)
   u_controller/payload_ram_reg[0][0]/SI
                                2.12           1.21 f        -0.91  (VIOLATED)
   u_form_ppdu/q_fifo_reg[0][0]/SI
                                2.12           1.27 f        -0.84  (VIOLATED)
   u_controller/serial_idx_reg[0]/SI
                                2.04           1.21 f        -0.84  (VIOLATED)
   u_dqpsk/s_imag_d_reg[0][0]/SI
                                2.15           1.32 f        -0.83  (VIOLATED)
   u_interleaver/i_temp_reg[1]/SI
                                2.06           1.23 f        -0.83  (VIOLATED)
   u_interleaver/i_temp_reg[2]/SI
                                2.06           1.23 f        -0.83  (VIOLATED)
   u_interleaver/i_temp_reg[3]/SI
                                2.06           1.23 f        -0.83  (VIOLATED)
   u_interleaver/i_temp_reg[4]/SI
                                2.06           1.23 f        -0.83  (VIOLATED)
   u_interleaver/i_temp_reg[5]/SI
                                2.06           1.23 f        -0.83  (VIOLATED)
   u_interleaver/i_temp_reg[6]/SI
                                2.06           1.23 f        -0.83  (VIOLATED)
   u_interleaver/i_temp_reg[7]/SI
                                2.06           1.23 f        -0.83  (VIOLATED)
   u_interleaver/i_temp_reg[8]/SI
                                2.06           1.23 f        -0.83  (VIOLATED)
   u_interleaver/i_temp_reg[9]/SI
                                2.06           1.23 f        -0.83  (VIOLATED)
   u_interleaver/i_temp_reg[10]/SI
                                2.06           1.23 f        -0.83  (VIOLATED)
   u_interleaver/i_temp_reg[11]/SI
                                2.06           1.23 f        -0.83  (VIOLATED)
   u_interleaver/i_temp_reg[12]/SI
                                2.06           1.23 f        -0.83  (VIOLATED)
   u_interleaver/i_temp_reg[13]/SI
                                2.06           1.23 f        -0.83  (VIOLATED)
   u_interleaver/i_temp_reg[14]/SI
                                2.06           1.23 f        -0.83  (VIOLATED)
   u_interleaver/i_temp_reg[15]/SI
                                2.06           1.23 f        -0.83  (VIOLATED)
   u_interleaver/i_temp_reg[16]/SI
                                2.06           1.23 f        -0.83  (VIOLATED)
   u_interleaver/i_temp_reg[17]/SI
                                2.06           1.23 f        -0.83  (VIOLATED)
   u_interleaver/i_temp_reg[18]/SI
                                2.06           1.23 f        -0.83  (VIOLATED)
   u_interleaver/i_temp_reg[19]/SI
                                2.06           1.23 f        -0.83  (VIOLATED)
   u_interleaver/i_temp_reg[20]/SI
                                2.06           1.23 f        -0.83  (VIOLATED)
   u_interleaver/i_temp_reg[21]/SI
                                2.06           1.23 f        -0.83  (VIOLATED)
   u_interleaver/i_temp_reg[22]/SI
                                2.06           1.23 f        -0.83  (VIOLATED)
   u_interleaver/i_temp_reg[23]/SI
                                2.06           1.23 f        -0.83  (VIOLATED)
   u_interleaver/i_temp_reg[24]/SI
                                2.06           1.23 f        -0.83  (VIOLATED)
   u_interleaver/i_temp_reg[25]/SI
                                2.06           1.23 f        -0.83  (VIOLATED)
   u_interleaver/i_temp_reg[26]/SI
                                2.06           1.23 f        -0.83  (VIOLATED)
   u_interleaver/i_temp_reg[27]/SI
                                2.06           1.23 f        -0.83  (VIOLATED)
   u_interleaver/i_temp_reg[28]/SI
                                2.06           1.23 f        -0.83  (VIOLATED)
   u_interleaver/i_temp_reg[29]/SI
                                2.06           1.23 f        -0.83  (VIOLATED)
   u_interleaver/i_temp_reg[30]/SI
                                2.06           1.23 f        -0.83  (VIOLATED)
   u_interleaver/i_temp_reg[31]/SI
                                2.06           1.23 f        -0.83  (VIOLATED)
   u_interleaver/q_out_reg[0]/SI
                                2.06           1.23 f        -0.83  (VIOLATED)
   u_dqpsk/s_imag_d_reg[0][1]/SI
                                2.06           1.23 f        -0.83  (VIOLATED)
   u_dqpsk/s_imag_d_reg[1][1]/SI
                                2.06           1.23 f        -0.83  (VIOLATED)
   u_dqpsk/s_imag_d_reg[2][1]/SI
                                2.06           1.23 f        -0.83  (VIOLATED)
   u_dqpsk/s_imag_d_reg[3][1]/SI
                                2.06           1.23 f        -0.83  (VIOLATED)
   u_dqpsk/s_real_d_reg[0][1]/SI
                                2.06           1.23 f        -0.83  (VIOLATED)
   u_dqpsk/s_real_d_reg[1][1]/SI
                                2.06           1.23 f        -0.83  (VIOLATED)
   u_dqpsk/s_real_d_reg[2][1]/SI
                                2.06           1.23 f        -0.83  (VIOLATED)
   u_dqpsk/s_real_d_reg[3][1]/SI
                                2.06           1.23 f        -0.83  (VIOLATED)
   u_csk_sequencer/finished_reg/SI
                                2.06           1.23 f        -0.83  (VIOLATED)
   u_csk_sequencer/gap_counter_reg[2]/SI
                                2.06           1.23 f        -0.83  (VIOLATED)
   u_csk_sequencer/gap_counter_reg[3]/SI
                                2.06           1.23 f        -0.83  (VIOLATED)
   u_csk_sequencer/gap_counter_reg[4]/SI
                                2.06           1.23 f        -0.83  (VIOLATED)
   u_csk_sequencer/gap_counter_reg[5]/SI
                                2.06           1.23 f        -0.83  (VIOLATED)
   u_csk_sequencer/gap_counter_reg[6]/SI
                                2.06           1.23 f        -0.83  (VIOLATED)
   u_csk_sequencer/group_count_reg[0]/SI
                                2.06           1.23 f        -0.83  (VIOLATED)
   u_demux/q_bit_reg/SI         2.06           1.23 f        -0.83  (VIOLATED)
   u_symbol_mapper/bit_cnt_reg[1]/SI
                                2.06           1.23 f        -0.83  (VIOLATED)
   u_symbol_mapper/bit_cnt_reg[2]/SI
                                2.06           1.23 f        -0.83  (VIOLATED)
   u_symbol_mapper/i_mapped_reg[0]/SI
                                2.06           1.23 f        -0.83  (VIOLATED)
   u_zero_padding/padding_count_reg[0]/SI
                                2.06           1.23 f        -0.83  (VIOLATED)
   u_controller/chip_counter_reg[1]/SI
                                2.04           1.22 f        -0.82  (VIOLATED)
   u_controller/chip_counter_reg[2]/SI
                                2.04           1.22 f        -0.82  (VIOLATED)
   u_controller/chip_counter_reg[3]/SI
                                2.04           1.22 f        -0.82  (VIOLATED)
   u_controller/chip_counter_reg[4]/SI
                                2.04           1.22 f        -0.82  (VIOLATED)
   u_controller/chip_counter_reg[5]/SI
                                2.04           1.22 f        -0.82  (VIOLATED)
   u_controller/chip_counter_reg[6]/SI
                                2.04           1.22 f        -0.82  (VIOLATED)
   u_controller/chip_counter_reg[7]/SI
                                2.04           1.22 f        -0.82  (VIOLATED)
   u_controller/chip_counter_reg[8]/SI
                                2.04           1.22 f        -0.82  (VIOLATED)
   u_controller/chip_counter_reg[9]/SI
                                2.04           1.22 f        -0.82  (VIOLATED)
   u_controller/chip_counter_reg[10]/SI
                                2.04           1.22 f        -0.82  (VIOLATED)
   u_controller/chip_counter_reg[11]/SI
                                2.04           1.22 f        -0.82  (VIOLATED)
   u_controller/chip_counter_reg[12]/SI
                                2.04           1.22 f        -0.82  (VIOLATED)
   u_controller/done_Tx_reg/SI
                                2.04           1.22 f        -0.82  (VIOLATED)
   u_controller/feed_state_reg[1]/SI
                                2.04           1.22 f        -0.82  (VIOLATED)
   u_controller/frame_in_flight_reg/SI
                                2.04           1.22 f        -0.82  (VIOLATED)
   u_controller/payload_length_reg_reg[1]/SI
                                2.04           1.22 f        -0.82  (VIOLATED)
   u_controller/payload_length_reg_reg[2]/SI
                                2.04           1.22 f        -0.82  (VIOLATED)
   u_controller/payload_length_reg_reg[3]/SI
                                2.04           1.22 f        -0.82  (VIOLATED)
   u_controller/payload_length_reg_reg[4]/SI
                                2.04           1.22 f        -0.82  (VIOLATED)
   u_controller/payload_length_reg_reg[5]/SI
                                2.04           1.22 f        -0.82  (VIOLATED)
   u_controller/payload_length_reg_reg[6]/SI
                                2.04           1.22 f        -0.82  (VIOLATED)
   u_controller/serial_idx_reg[4]/SI
                                2.04           1.22 f        -0.82  (VIOLATED)
   u_controller/serial_idx_reg[5]/SI
                                2.04           1.22 f        -0.82  (VIOLATED)
   u_controller/serial_idx_reg[6]/SI
                                2.04           1.22 f        -0.82  (VIOLATED)
   u_controller/serial_idx_reg[7]/SI
                                2.04           1.22 f        -0.82  (VIOLATED)
   u_controller/serial_idx_reg[8]/SI
                                2.04           1.22 f        -0.82  (VIOLATED)
   u_controller/serial_idx_reg[9]/SI
                                2.04           1.22 f        -0.82  (VIOLATED)
   u_controller/serial_idx_reg[10]/SI
                                2.04           1.22 f        -0.82  (VIOLATED)
   u_controller/start_frame_reg/SI
                                2.04           1.22 f        -0.82  (VIOLATED)
   u_controller/total_bits_reg_reg[2]/SI
                                2.04           1.22 f        -0.82  (VIOLATED)
   u_controller/total_bits_reg_reg[3]/SI
                                2.04           1.22 f        -0.82  (VIOLATED)
   u_controller/total_bits_reg_reg[4]/SI
                                2.04           1.22 f        -0.82  (VIOLATED)
   u_controller/total_bits_reg_reg[5]/SI
                                2.04           1.22 f        -0.82  (VIOLATED)
   u_controller/total_bits_reg_reg[6]/SI
                                2.04           1.22 f        -0.82  (VIOLATED)
   u_controller/total_bits_reg_reg[7]/SI
                                2.04           1.22 f        -0.82  (VIOLATED)
   u_controller/total_bits_reg_reg[8]/SI
                                2.04           1.22 f        -0.82  (VIOLATED)
   u_controller/total_bits_reg_reg[9]/SI
                                2.04           1.22 f        -0.82  (VIOLATED)
   u_controller/total_bits_reg_reg[10]/SI
                                2.04           1.22 f        -0.82  (VIOLATED)
   u_controller/valid_in_reg/SI
                                2.04           1.22 f        -0.82  (VIOLATED)
   u_csk_rom/i_c_reg[0]/SI      2.12           1.31 f        -0.81  (VIOLATED)
   u_form_ppdu/i_fifo_reg[0][0]/SI
                                2.12           1.31 f        -0.81  (VIOLATED)
   u_form_ppdu/total_out_cnt_reg[0]/SI
                                2.04           1.29 f        -0.75  (VIOLATED)
   u_form_ppdu/total_out_cnt_reg[5]/SI
                                2.04           1.29 f        -0.75  (VIOLATED)
   u_form_ppdu/total_out_cnt_reg[6]/SI
                                2.04           1.29 f        -0.75  (VIOLATED)
   u_form_ppdu/total_out_cnt_reg[7]/SI
                                2.04           1.29 f        -0.75  (VIOLATED)
   u_form_ppdu/total_out_cnt_reg[8]/SI
                                2.04           1.29 f        -0.75  (VIOLATED)
   u_form_ppdu/total_out_cnt_reg[9]/SI
                                2.04           1.29 f        -0.75  (VIOLATED)
   u_form_ppdu/total_out_cnt_reg[10]/SI
                                2.04           1.29 f        -0.75  (VIOLATED)
   u_form_ppdu/total_out_cnt_reg[11]/SI
                                2.04           1.29 f        -0.75  (VIOLATED)
   u_form_ppdu/valid_out_reg/SI
                                2.04           1.29 f        -0.75  (VIOLATED)
   u_form_ppdu/wr_ptr_reg[2]/SI
                                2.04           1.29 f        -0.75  (VIOLATED)
   u_form_ppdu/wr_ptr_reg[8]/SI
                                2.04           1.29 f        -0.75  (VIOLATED)
   u_form_ppdu/wr_ptr_reg[9]/SI
                                2.04           1.29 f        -0.75  (VIOLATED)
   u_form_ppdu/wr_ptr_reg[10]/SI
                                2.04           1.29 f        -0.75  (VIOLATED)
   u_form_ppdu/wr_ptr_reg[11]/SI
                                2.04           1.29 f        -0.75  (VIOLATED)
   u_csk_sequencer/csk_sample_valid_reg/SI
                                2.04           1.31 f        -0.73  (VIOLATED)
   csk_running_reg/SI           2.04           1.33 f        -0.71  (VIOLATED)
   csk_valid_d1_reg/SI          2.04           1.33 f        -0.71  (VIOLATED)
   csk_valid_d2_reg/SI          2.04           1.33 f        -0.71  (VIOLATED)
   css_seen_reg/SI              2.04           1.33 f        -0.71  (VIOLATED)
   u_controller/bit_in_reg/SI
                                2.04           1.33 f        -0.71  (VIOLATED)
   u_demux/i_bit_reg/SI         2.04           1.33 f        -0.71  (VIOLATED)
   u_dqpsk_csk_multiplier/css_i_reg[0]/SI
                                2.04           1.33 f        -0.71  (VIOLATED)
   u_interleaver/i_out_reg[0]/SI
                                2.04           1.33 f        -0.71  (VIOLATED)
   u_qpsk/valid_out_reg/SI      2.04           1.33 f        -0.71  (VIOLATED)
   u_symbol_mapper/bit_cnt_reg[0]/SI
                                2.04           1.33 f        -0.71  (VIOLATED)
   u_zero_padding/bit_out_reg/SI
                                2.04           1.33 f        -0.71  (VIOLATED)
   u_form_ppdu/q_fifo_reg[6][29]/SI
                                2.13           1.48 f        -0.65  (VIOLATED)
   u_form_ppdu/q_fifo_reg[6][32]/SI
                                2.13           1.48 f        -0.65  (VIOLATED)
   u_form_ppdu/q_fifo_reg[9][14]/SI
                                2.13           1.48 f        -0.65  (VIOLATED)
   u_form_ppdu/q_fifo_reg[9][43]/SI
                                2.13           1.48 f        -0.65  (VIOLATED)
   csk_valid_d1_reg/D           2.09           1.51 f        -0.57  (VIOLATED)
   csk_valid_d2_reg/D           2.09           1.51 f        -0.57  (VIOLATED)
   u_dqpsk/s_real_d_reg[2][1]/D
                                2.09           1.54 f        -0.55  (VIOLATED)
   u_interleaver/i_temp_reg[17]/D
                                2.09           1.54 f        -0.55  (VIOLATED)
   u_interleaver/i_temp_reg[19]/D
                                2.09           1.54 f        -0.55  (VIOLATED)
   u_interleaver/i_temp_reg[25]/D
                                2.09           1.54 f        -0.55  (VIOLATED)
   u_interleaver/i_temp_reg[27]/D
                                2.09           1.54 f        -0.55  (VIOLATED)
   u_interleaver/i_temp_reg[8]/D
                                2.09           1.54 f        -0.55  (VIOLATED)
   u_interleaver/i_temp_reg[9]/D
                                2.09           1.54 f        -0.55  (VIOLATED)
   u_interleaver/i_temp_reg[10]/D
                                2.09           1.54 f        -0.55  (VIOLATED)
   u_interleaver/i_temp_reg[11]/D
                                2.09           1.54 f        -0.55  (VIOLATED)
   u_interleaver/i_temp_reg[16]/D
                                2.09           1.54 f        -0.55  (VIOLATED)
   u_interleaver/i_temp_reg[18]/D
                                2.09           1.54 f        -0.55  (VIOLATED)
   u_interleaver/i_temp_reg[24]/D
                                2.09           1.54 f        -0.55  (VIOLATED)
   u_interleaver/i_temp_reg[26]/D
                                2.09           1.54 f        -0.55  (VIOLATED)
   u_interleaver/i_temp_reg[0]/D
                                2.09           1.54 f        -0.55  (VIOLATED)
   u_interleaver/i_temp_reg[1]/D
                                2.09           1.54 f        -0.55  (VIOLATED)
   u_interleaver/i_temp_reg[2]/D
                                2.09           1.54 f        -0.55  (VIOLATED)
   u_interleaver/i_temp_reg[3]/D
                                2.09           1.54 f        -0.55  (VIOLATED)
   u_controller/expected_chip_count_reg_reg[2]/SI
                                2.06           1.51 f        -0.55  (VIOLATED)
   u_controller/expected_chip_count_reg_reg[3]/SI
                                2.06           1.51 f        -0.55  (VIOLATED)
   u_controller/expected_chip_count_reg_reg[4]/SI
                                2.06           1.51 f        -0.55  (VIOLATED)
   u_controller/expected_chip_count_reg_reg[5]/SI
                                2.06           1.51 f        -0.55  (VIOLATED)
   u_controller/expected_chip_count_reg_reg[6]/SI
                                2.06           1.51 f        -0.55  (VIOLATED)
   u_controller/expected_chip_count_reg_reg[7]/SI
                                2.06           1.51 f        -0.55  (VIOLATED)
   u_controller/expected_chip_count_reg_reg[8]/SI
                                2.06           1.51 f        -0.55  (VIOLATED)
   u_controller/expected_chip_count_reg_reg[9]/SI
                                2.06           1.51 f        -0.55  (VIOLATED)
   u_controller/expected_chip_count_reg_reg[10]/SI
                                2.06           1.51 f        -0.55  (VIOLATED)
   u_controller/expected_chip_count_reg_reg[11]/SI
                                2.06           1.51 f        -0.55  (VIOLATED)
   u_controller/expected_chip_count_reg_reg[12]/SI
                                2.06           1.51 f        -0.55  (VIOLATED)
   u_controller/feed_state_reg[0]/SI
                                2.06           1.51 f        -0.55  (VIOLATED)
   u_controller/payload_length_reg_reg[0]/SI
                                2.06           1.51 f        -0.55  (VIOLATED)
   u_dqpsk/s_imag_d_reg[2][0]/D
                                2.13           1.59 f        -0.55  (VIOLATED)
   u_interleaver/i_out_reg[63]/D
                                2.09           1.54 f        -0.54  (VIOLATED)
   u_interleaver/i_out_reg[36]/D
                                2.09           1.54 f        -0.54  (VIOLATED)
   u_interleaver/i_out_reg[37]/D
                                2.09           1.54 f        -0.54  (VIOLATED)
   u_interleaver/i_out_reg[38]/D
                                2.09           1.54 f        -0.54  (VIOLATED)
   u_interleaver/i_out_reg[39]/D
                                2.09           1.54 f        -0.54  (VIOLATED)
   u_interleaver/i_out_reg[44]/D
                                2.09           1.54 f        -0.54  (VIOLATED)
   u_interleaver/i_out_reg[45]/D
                                2.09           1.54 f        -0.54  (VIOLATED)
   u_interleaver/i_out_reg[46]/D
                                2.09           1.54 f        -0.54  (VIOLATED)
   u_interleaver/i_out_reg[47]/D
                                2.09           1.54 f        -0.54  (VIOLATED)
   u_interleaver/i_out_reg[52]/D
                                2.09           1.54 f        -0.54  (VIOLATED)
   u_interleaver/i_out_reg[53]/D
                                2.09           1.54 f        -0.54  (VIOLATED)
   u_interleaver/i_out_reg[54]/D
                                2.09           1.54 f        -0.54  (VIOLATED)
   u_interleaver/i_out_reg[55]/D
                                2.09           1.54 f        -0.54  (VIOLATED)
   u_interleaver/i_out_reg[60]/D
                                2.09           1.54 f        -0.54  (VIOLATED)
   u_interleaver/i_out_reg[61]/D
                                2.09           1.54 f        -0.54  (VIOLATED)
   u_interleaver/i_out_reg[62]/D
                                2.09           1.54 f        -0.54  (VIOLATED)
   u_interleaver/i_temp_reg[30]/D
                                2.09           1.54 f        -0.54  (VIOLATED)
   u_interleaver/i_temp_reg[21]/D
                                2.09           1.54 f        -0.54  (VIOLATED)
   u_interleaver/i_temp_reg[23]/D
                                2.09           1.54 f        -0.54  (VIOLATED)
   u_interleaver/i_temp_reg[29]/D
                                2.09           1.54 f        -0.54  (VIOLATED)
   u_interleaver/i_temp_reg[4]/D
                                2.09           1.54 f        -0.54  (VIOLATED)
   u_interleaver/i_temp_reg[5]/D
                                2.09           1.54 f        -0.54  (VIOLATED)
   u_interleaver/i_temp_reg[6]/D
                                2.09           1.54 f        -0.54  (VIOLATED)
   u_interleaver/i_temp_reg[7]/D
                                2.09           1.54 f        -0.54  (VIOLATED)
   u_interleaver/i_temp_reg[12]/D
                                2.09           1.54 f        -0.54  (VIOLATED)
   u_interleaver/i_temp_reg[13]/D
                                2.09           1.54 f        -0.54  (VIOLATED)
   u_interleaver/i_temp_reg[14]/D
                                2.09           1.54 f        -0.54  (VIOLATED)
   u_interleaver/i_temp_reg[15]/D
                                2.09           1.54 f        -0.54  (VIOLATED)
   u_interleaver/i_temp_reg[20]/D
                                2.09           1.54 f        -0.54  (VIOLATED)
   u_interleaver/i_temp_reg[22]/D
                                2.09           1.54 f        -0.54  (VIOLATED)
   u_interleaver/i_temp_reg[28]/D
                                2.09           1.54 f        -0.54  (VIOLATED)
   u_interleaver/i_temp_reg[31]/D
                                2.09           1.54 f        -0.54  (VIOLATED)
   u_dqpsk/s_imag_d_reg[1][1]/D
                                2.09           1.54 f        -0.54  (VIOLATED)
   u_dqpsk/s_real_d_reg[1][1]/D
                                2.09           1.54 f        -0.54  (VIOLATED)
   u_dqpsk/s_imag_d_reg[1][0]/D
                                2.13           1.60 f        -0.53  (VIOLATED)
   u_dqpsk/s_real_d_reg[1][0]/D
                                2.13           1.60 f        -0.53  (VIOLATED)
   u_dqpsk/s_real_d_reg[2][0]/D
                                2.13           1.60 f        -0.53  (VIOLATED)
   dqpsk_mem_imag_reg[0][0]/SI
                                2.13           1.59 f        -0.53  (VIOLATED)
   u_dqpsk/s_imag_d_reg[3][0]/D
                                2.13           1.60 f        -0.53  (VIOLATED)
   u_dqpsk/s_imag_d_reg[2][1]/D
                                2.09           1.56 f        -0.53  (VIOLATED)
   u_demux/i_bit_reg/D          2.09           1.56 f        -0.52  (VIOLATED)
   u_csk_sequencer/gap_counter_reg[6]/D
                                2.09           1.57 f        -0.52  (VIOLATED)
   u_dqpsk/s_real_d_reg[3][1]/D
                                2.09           1.57 f        -0.51  (VIOLATED)
   u_dqpsk/s_imag_d_reg[3][1]/D
                                2.09           1.57 f        -0.51  (VIOLATED)
   u_dqpsk/s_imag_d_reg[0][0]/D
                                2.13           1.64 f        -0.50  (VIOLATED)
   u_dqpsk/s_real_d_reg[0][0]/D
                                2.13           1.64 f        -0.50  (VIOLATED)
   u_dqpsk/s_real_d_reg[3][0]/D
                                2.13           1.64 f        -0.49  (VIOLATED)
   u_dqpsk/s_imag_d_reg[0][1]/D
                                2.09           1.60 f        -0.49  (VIOLATED)
   u_dqpsk/s_real_d_reg[0][1]/D
                                2.09           1.60 f        -0.49  (VIOLATED)
   u_form_ppdu/wr_ptr_reg[5]/SI
                                2.06           1.58 f        -0.48  (VIOLATED)
   u_demux/i_temp_reg/D         2.09           1.61 f        -0.47  (VIOLATED)
   u_interleaver/q_temp_reg[0]/D
                                2.09           1.62 f        -0.47  (VIOLATED)
   u_interleaver/q_temp_reg[1]/D
                                2.09           1.62 f        -0.47  (VIOLATED)
   u_interleaver/q_temp_reg[2]/D
                                2.09           1.62 f        -0.47  (VIOLATED)
   u_interleaver/q_temp_reg[3]/D
                                2.09           1.62 f        -0.47  (VIOLATED)
   u_interleaver/q_temp_reg[8]/D
                                2.09           1.62 f        -0.47  (VIOLATED)
   u_interleaver/q_temp_reg[9]/D
                                2.09           1.62 f        -0.47  (VIOLATED)
   u_interleaver/q_temp_reg[10]/D
                                2.09           1.62 f        -0.47  (VIOLATED)
   u_interleaver/q_temp_reg[11]/D
                                2.09           1.62 f        -0.47  (VIOLATED)
   u_interleaver/q_temp_reg[16]/D
                                2.09           1.62 f        -0.47  (VIOLATED)
   u_interleaver/q_temp_reg[17]/D
                                2.09           1.62 f        -0.47  (VIOLATED)
   u_interleaver/q_temp_reg[18]/D
                                2.09           1.62 f        -0.47  (VIOLATED)
   u_interleaver/q_temp_reg[19]/D
                                2.09           1.62 f        -0.47  (VIOLATED)
   u_interleaver/q_temp_reg[24]/D
                                2.09           1.62 f        -0.47  (VIOLATED)
   u_interleaver/q_out_reg[44]/D
                                2.09           1.62 f        -0.47  (VIOLATED)
   u_interleaver/q_out_reg[45]/D
                                2.09           1.62 f        -0.47  (VIOLATED)
   u_interleaver/q_out_reg[46]/D
                                2.09           1.62 f        -0.47  (VIOLATED)
   u_interleaver/q_out_reg[47]/D
                                2.09           1.62 f        -0.47  (VIOLATED)
   u_interleaver/q_temp_reg[28]/D
                                2.09           1.62 f        -0.47  (VIOLATED)
   u_interleaver/q_temp_reg[29]/D
                                2.09           1.62 f        -0.47  (VIOLATED)
   u_interleaver/q_temp_reg[30]/D
                                2.09           1.62 f        -0.47  (VIOLATED)
   u_interleaver/q_temp_reg[31]/D
                                2.09           1.62 f        -0.47  (VIOLATED)
   u_interleaver/q_temp_reg[4]/D
                                2.09           1.62 f        -0.47  (VIOLATED)
   u_interleaver/q_temp_reg[5]/D
                                2.09           1.62 f        -0.47  (VIOLATED)
   u_interleaver/q_temp_reg[6]/D
                                2.09           1.62 f        -0.47  (VIOLATED)
   u_interleaver/q_temp_reg[7]/D
                                2.09           1.62 f        -0.47  (VIOLATED)
   u_interleaver/q_temp_reg[12]/D
                                2.09           1.62 f        -0.47  (VIOLATED)
   u_interleaver/q_temp_reg[13]/D
                                2.09           1.62 f        -0.47  (VIOLATED)
   u_interleaver/q_temp_reg[14]/D
                                2.09           1.62 f        -0.47  (VIOLATED)
   u_interleaver/q_temp_reg[15]/D
                                2.09           1.62 f        -0.47  (VIOLATED)
   u_interleaver/q_temp_reg[20]/D
                                2.09           1.62 f        -0.47  (VIOLATED)
   u_interleaver/q_temp_reg[21]/D
                                2.09           1.62 f        -0.47  (VIOLATED)
   u_interleaver/q_temp_reg[22]/D
                                2.09           1.62 f        -0.47  (VIOLATED)
   u_interleaver/q_temp_reg[23]/D
                                2.09           1.62 f        -0.47  (VIOLATED)
   u_interleaver/q_temp_reg[25]/D
                                2.09           1.62 f        -0.46  (VIOLATED)
   u_interleaver/q_temp_reg[26]/D
                                2.09           1.62 f        -0.46  (VIOLATED)
   u_interleaver/q_temp_reg[27]/D
                                2.09           1.62 f        -0.46  (VIOLATED)
   u_interleaver/q_out_reg[36]/D
                                2.09           1.63 f        -0.45  (VIOLATED)
   u_interleaver/q_out_reg[37]/D
                                2.09           1.63 f        -0.45  (VIOLATED)
   u_interleaver/q_out_reg[38]/D
                                2.09           1.63 f        -0.45  (VIOLATED)
   u_interleaver/q_out_reg[39]/D
                                2.09           1.63 f        -0.45  (VIOLATED)
   u_interleaver/q_out_reg[52]/D
                                2.09           1.63 f        -0.45  (VIOLATED)
   u_interleaver/q_out_reg[53]/D
                                2.09           1.63 f        -0.45  (VIOLATED)
   u_interleaver/q_out_reg[54]/D
                                2.09           1.63 f        -0.45  (VIOLATED)
   u_interleaver/q_out_reg[60]/D
                                2.09           1.63 f        -0.45  (VIOLATED)
   u_interleaver/q_out_reg[61]/D
                                2.09           1.63 f        -0.45  (VIOLATED)
   u_interleaver/q_out_reg[62]/D
                                2.09           1.63 f        -0.45  (VIOLATED)
   u_interleaver/q_out_reg[63]/D
                                2.09           1.63 f        -0.45  (VIOLATED)
   u_interleaver/q_out_reg[55]/D
                                2.09           1.63 f        -0.45  (VIOLATED)
   csk_finished_reg/SI          2.06           1.62 f        -0.44  (VIOLATED)
   csk_start_pending_reg/SI     2.06           1.62 f        -0.44  (VIOLATED)
   u_zero_padding/padding_total_reg[3]/D
                                2.09           1.68 f        -0.40  (VIOLATED)
   u_zero_padding/padding_total_reg[5]/D
                                2.09           1.69 f        -0.39  (VIOLATED)
   u_zero_padding/padding_total_reg[4]/D
                                2.09           1.69 f        -0.39  (VIOLATED)
   u_zero_padding/padding_total_reg[2]/D
                                2.09           1.69 f        -0.39  (VIOLATED)
   u_zero_padding/total_data_bits_reg[2]/D
                                2.09           1.70 f        -0.39  (VIOLATED)
   u_interleaver/i_out_reg[0]/D
                                2.08           1.72 f        -0.37  (VIOLATED)
   u_interleaver/i_out_reg[24]/D
                                2.08           1.72 f        -0.37  (VIOLATED)
   u_interleaver/i_out_reg[25]/D
                                2.08           1.72 f        -0.37  (VIOLATED)
   u_interleaver/i_out_reg[27]/D
                                2.08           1.72 f        -0.37  (VIOLATED)
   u_interleaver/i_out_reg[8]/D
                                2.08           1.72 f        -0.37  (VIOLATED)
   u_interleaver/i_out_reg[10]/D
                                2.08           1.72 f        -0.37  (VIOLATED)
   u_interleaver/i_out_reg[11]/D
                                2.08           1.72 f        -0.37  (VIOLATED)
   u_interleaver/i_out_reg[16]/D
                                2.08           1.72 f        -0.37  (VIOLATED)
   u_interleaver/i_out_reg[17]/D
                                2.08           1.72 f        -0.37  (VIOLATED)
   u_interleaver/i_out_reg[18]/D
                                2.08           1.72 f        -0.37  (VIOLATED)
   u_interleaver/i_out_reg[19]/D
                                2.08           1.72 f        -0.37  (VIOLATED)
   u_interleaver/i_out_reg[26]/D
                                2.08           1.72 f        -0.37  (VIOLATED)
   u_interleaver/i_out_reg[1]/D
                                2.08           1.72 f        -0.37  (VIOLATED)
   u_interleaver/i_out_reg[2]/D
                                2.08           1.72 f        -0.37  (VIOLATED)
   u_interleaver/i_out_reg[3]/D
                                2.08           1.72 f        -0.37  (VIOLATED)
   u_interleaver/i_out_reg[9]/D
                                2.08           1.72 f        -0.37  (VIOLATED)
   u_zero_padding/padding_total_reg[1]/D
                                2.09           1.74 f        -0.34  (VIOLATED)
   u_zero_padding/total_data_bits_reg[5]/D
                                2.09           1.77 f        -0.31  (VIOLATED)
   u_zero_padding/total_data_bits_reg[9]/D
                                2.09           1.77 f        -0.31  (VIOLATED)
   u_zero_padding/total_data_bits_reg[7]/D
                                2.09           1.77 f        -0.31  (VIOLATED)
   u_zero_padding/total_data_bits_reg[6]/D
                                2.09           1.77 f        -0.31  (VIOLATED)
   u_zero_padding/total_data_bits_reg[4]/D
                                2.09           1.77 f        -0.31  (VIOLATED)
   u_zero_padding/total_data_bits_reg[8]/D
                                2.09           1.77 f        -0.31  (VIOLATED)
   u_zero_padding/total_data_bits_reg[10]/D
                                2.09           1.77 f        -0.31  (VIOLATED)
   u_zero_padding/total_data_bits_reg[3]/D
                                2.09           1.77 f        -0.31  (VIOLATED)
   u_zero_padding/total_data_bits_reg[11]/D
                                2.09           1.77 f        -0.31  (VIOLATED)
   u_zero_padding/data_bit_count_reg[15]/D
                                2.09           1.79 f        -0.30  (VIOLATED)
   u_interleaver/q_out_reg[25]/D
                                2.08           1.80 f        -0.28  (VIOLATED)
   u_interleaver/q_out_reg[26]/D
                                2.08           1.80 f        -0.28  (VIOLATED)
   u_interleaver/q_out_reg[27]/D
                                2.08           1.80 f        -0.28  (VIOLATED)
   u_zero_padding/data_bit_count_reg[13]/D
                                2.09           1.80 f        -0.28  (VIOLATED)
   u_zero_padding/data_bit_count_reg[14]/D
                                2.09           1.80 f        -0.28  (VIOLATED)
   u_zero_padding/data_bit_count_reg[12]/D
                                2.09           1.80 f        -0.28  (VIOLATED)
   u_zero_padding/data_bit_count_reg[1]/D
                                2.09           1.80 f        -0.28  (VIOLATED)
   u_zero_padding/data_bit_count_reg[2]/D
                                2.09           1.80 f        -0.28  (VIOLATED)
   u_zero_padding/data_bit_count_reg[3]/D
                                2.09           1.80 f        -0.28  (VIOLATED)
   u_zero_padding/data_bit_count_reg[4]/D
                                2.09           1.80 f        -0.28  (VIOLATED)
   u_zero_padding/data_bit_count_reg[5]/D
                                2.09           1.80 f        -0.28  (VIOLATED)
   u_zero_padding/data_bit_count_reg[6]/D
                                2.09           1.80 f        -0.28  (VIOLATED)
   u_zero_padding/data_bit_count_reg[7]/D
                                2.09           1.80 f        -0.28  (VIOLATED)
   u_zero_padding/data_bit_count_reg[8]/D
                                2.09           1.80 f        -0.28  (VIOLATED)
   u_zero_padding/data_bit_count_reg[9]/D
                                2.09           1.80 f        -0.28  (VIOLATED)
   u_zero_padding/data_bit_count_reg[10]/D
                                2.09           1.80 f        -0.28  (VIOLATED)
   u_zero_padding/data_bit_count_reg[11]/D
                                2.09           1.80 f        -0.28  (VIOLATED)
   u_interleaver/q_out_reg[2]/D
                                2.08           1.81 f        -0.28  (VIOLATED)
   u_interleaver/q_out_reg[3]/D
                                2.08           1.81 f        -0.28  (VIOLATED)
   u_interleaver/q_out_reg[0]/D
                                2.08           1.81 f        -0.28  (VIOLATED)
   u_interleaver/q_out_reg[1]/D
                                2.08           1.81 f        -0.28  (VIOLATED)
   u_interleaver/q_out_reg[8]/D
                                2.08           1.81 f        -0.28  (VIOLATED)
   u_interleaver/q_out_reg[9]/D
                                2.08           1.81 f        -0.28  (VIOLATED)
   u_interleaver/q_out_reg[10]/D
                                2.08           1.81 f        -0.28  (VIOLATED)
   u_interleaver/q_out_reg[11]/D
                                2.08           1.81 f        -0.28  (VIOLATED)
   u_interleaver/q_out_reg[16]/D
                                2.08           1.81 f        -0.28  (VIOLATED)
   u_interleaver/q_out_reg[17]/D
                                2.08           1.81 f        -0.28  (VIOLATED)
   u_interleaver/q_out_reg[18]/D
                                2.08           1.81 f        -0.28  (VIOLATED)
   u_interleaver/q_out_reg[19]/D
                                2.08           1.81 f        -0.28  (VIOLATED)
   u_interleaver/q_out_reg[24]/D
                                2.08           1.81 f        -0.28  (VIOLATED)
   u_csk_sequencer/sample_index_reg[0]/SI
                                2.04           1.85 f        -0.19  (VIOLATED)
   u_interleaver/wait_second_reg/D
                                2.09           1.91 f        -0.17  (VIOLATED)
   u_csk_sequencer/gap_counter_reg[4]/D
                                2.08           1.95 f        -0.13  (VIOLATED)
   u_controller/bit_in_reg/D
                                2.09           1.96 f        -0.12  (VIOLATED)
   u_csk_sequencer/gap_counter_reg[2]/D
                                2.08           1.97 f        -0.12  (VIOLATED)
   u_qpsk/x_real_reg[0]/D       2.09           1.98 f        -0.11  (VIOLATED)
   u_interleaver/valid_out_reg/D
                                2.09           2.02 f        -0.06  (VIOLATED)
   u_csk_sequencer/gap_counter_reg[0]/D
                                2.08           2.03 f        -0.05  (VIOLATED)
   dqpsk_mem_imag_reg[0][0]/D
                                2.13           2.08 f        -0.05  (VIOLATED)
   dqpsk_mem_imag_reg[1][0]/D
                                2.13           2.08 f        -0.05  (VIOLATED)
   dqpsk_mem_imag_reg[2][0]/D
                                2.13           2.08 f        -0.05  (VIOLATED)
   dqpsk_mem_imag_reg[3][0]/D
                                2.13           2.08 f        -0.05  (VIOLATED)
   dqpsk_mem_imag_reg[4][0]/D
                                2.13           2.08 f        -0.05  (VIOLATED)
   dqpsk_mem_imag_reg[5][0]/D
                                2.13           2.08 f        -0.05  (VIOLATED)
   dqpsk_mem_imag_reg[6][0]/D
                                2.13           2.08 f        -0.05  (VIOLATED)
   dqpsk_mem_imag_reg[7][0]/D
                                2.13           2.08 f        -0.05  (VIOLATED)
   dqpsk_mem_imag_reg[8][0]/D
                                2.13           2.08 f        -0.05  (VIOLATED)
   dqpsk_mem_imag_reg[9][0]/D
                                2.13           2.08 f        -0.05  (VIOLATED)
   dqpsk_mem_imag_reg[10][0]/D
                                2.13           2.08 f        -0.05  (VIOLATED)
   dqpsk_mem_imag_reg[11][0]/D
                                2.13           2.08 f        -0.05  (VIOLATED)
   dqpsk_mem_imag_reg[12][0]/D
                                2.13           2.08 f        -0.05  (VIOLATED)
   dqpsk_mem_imag_reg[13][0]/D
                                2.13           2.08 f        -0.05  (VIOLATED)
   dqpsk_mem_imag_reg[14][0]/D
                                2.13           2.08 f        -0.05  (VIOLATED)
   dqpsk_mem_imag_reg[15][0]/D
                                2.13           2.08 f        -0.05  (VIOLATED)
   dqpsk_mem_imag_reg[16][0]/D
                                2.13           2.08 f        -0.05  (VIOLATED)
   dqpsk_mem_imag_reg[17][0]/D
                                2.13           2.08 f        -0.05  (VIOLATED)
   dqpsk_mem_imag_reg[18][0]/D
                                2.13           2.08 f        -0.05  (VIOLATED)
   dqpsk_mem_imag_reg[19][0]/D
                                2.13           2.08 f        -0.05  (VIOLATED)
   dqpsk_mem_imag_reg[20][0]/D
                                2.13           2.08 f        -0.05  (VIOLATED)
   dqpsk_mem_imag_reg[21][0]/D
                                2.13           2.08 f        -0.05  (VIOLATED)
   dqpsk_mem_imag_reg[22][0]/D
                                2.13           2.08 f        -0.05  (VIOLATED)
   dqpsk_mem_imag_reg[23][0]/D
                                2.13           2.08 f        -0.05  (VIOLATED)
   dqpsk_mem_imag_reg[24][0]/D
                                2.13           2.08 f        -0.05  (VIOLATED)
   dqpsk_mem_imag_reg[25][0]/D
                                2.13           2.08 f        -0.05  (VIOLATED)
   dqpsk_mem_imag_reg[26][0]/D
                                2.13           2.08 f        -0.05  (VIOLATED)
   dqpsk_mem_imag_reg[27][0]/D
                                2.13           2.08 f        -0.05  (VIOLATED)
   dqpsk_mem_imag_reg[28][0]/D
                                2.13           2.08 f        -0.05  (VIOLATED)
   dqpsk_mem_imag_reg[29][0]/D
                                2.13           2.08 f        -0.05  (VIOLATED)
   dqpsk_mem_imag_reg[30][0]/D
                                2.13           2.08 f        -0.05  (VIOLATED)
   dqpsk_mem_imag_reg[31][0]/D
                                2.13           2.08 f        -0.05  (VIOLATED)
   dqpsk_mem_imag_reg[32][0]/D
                                2.13           2.08 f        -0.05  (VIOLATED)
   dqpsk_mem_imag_reg[33][0]/D
                                2.13           2.08 f        -0.05  (VIOLATED)
   dqpsk_mem_imag_reg[34][0]/D
                                2.13           2.08 f        -0.05  (VIOLATED)
   dqpsk_mem_imag_reg[35][0]/D
                                2.13           2.08 f        -0.05  (VIOLATED)
   dqpsk_mem_imag_reg[36][0]/D
                                2.13           2.08 f        -0.05  (VIOLATED)
   dqpsk_mem_imag_reg[37][0]/D
                                2.13           2.08 f        -0.05  (VIOLATED)
   dqpsk_mem_imag_reg[38][0]/D
                                2.13           2.08 f        -0.05  (VIOLATED)
   dqpsk_mem_imag_reg[39][0]/D
                                2.13           2.08 f        -0.05  (VIOLATED)
   dqpsk_mem_imag_reg[40][0]/D
                                2.13           2.08 f        -0.05  (VIOLATED)
   dqpsk_mem_imag_reg[41][0]/D
                                2.13           2.08 f        -0.05  (VIOLATED)
   dqpsk_mem_imag_reg[42][0]/D
                                2.13           2.08 f        -0.05  (VIOLATED)
   dqpsk_mem_imag_reg[43][0]/D
                                2.13           2.08 f        -0.05  (VIOLATED)
   dqpsk_mem_imag_reg[44][0]/D
                                2.13           2.08 f        -0.05  (VIOLATED)
   dqpsk_mem_imag_reg[45][0]/D
                                2.13           2.08 f        -0.05  (VIOLATED)
   dqpsk_mem_imag_reg[46][0]/D
                                2.13           2.08 f        -0.05  (VIOLATED)
   dqpsk_mem_imag_reg[47][0]/D
                                2.13           2.08 f        -0.05  (VIOLATED)
   dqpsk_mem_imag_reg[48][0]/D
                                2.13           2.08 f        -0.05  (VIOLATED)
   dqpsk_mem_imag_reg[49][0]/D
                                2.13           2.08 f        -0.05  (VIOLATED)
   dqpsk_mem_imag_reg[50][0]/D
                                2.13           2.08 f        -0.05  (VIOLATED)
   dqpsk_mem_imag_reg[51][0]/D
                                2.13           2.08 f        -0.05  (VIOLATED)
   dqpsk_mem_imag_reg[52][0]/D
                                2.13           2.08 f        -0.05  (VIOLATED)
   dqpsk_mem_imag_reg[53][0]/D
                                2.13           2.08 f        -0.05  (VIOLATED)
   dqpsk_mem_imag_reg[54][0]/D
                                2.13           2.08 f        -0.05  (VIOLATED)
   dqpsk_mem_imag_reg[55][0]/D
                                2.13           2.08 f        -0.05  (VIOLATED)
   dqpsk_mem_imag_reg[56][0]/D
                                2.13           2.08 f        -0.05  (VIOLATED)
   dqpsk_mem_imag_reg[57][0]/D
                                2.13           2.08 f        -0.05  (VIOLATED)
   dqpsk_mem_imag_reg[58][0]/D
                                2.13           2.08 f        -0.05  (VIOLATED)
   dqpsk_mem_imag_reg[59][0]/D
                                2.13           2.08 f        -0.05  (VIOLATED)
   dqpsk_mem_imag_reg[60][0]/D
                                2.13           2.08 f        -0.05  (VIOLATED)
   dqpsk_mem_imag_reg[61][0]/D
                                2.13           2.08 f        -0.05  (VIOLATED)
   dqpsk_mem_imag_reg[62][0]/D
                                2.13           2.08 f        -0.05  (VIOLATED)
   dqpsk_mem_imag_reg[63][0]/D
                                2.13           2.08 f        -0.05  (VIOLATED)
   dqpsk_mem_imag_reg[64][0]/D
                                2.13           2.08 f        -0.05  (VIOLATED)
   dqpsk_mem_imag_reg[65][0]/D
                                2.13           2.08 f        -0.05  (VIOLATED)
   dqpsk_mem_imag_reg[66][0]/D
                                2.13           2.08 f        -0.05  (VIOLATED)
   dqpsk_mem_imag_reg[67][0]/D
                                2.13           2.08 f        -0.05  (VIOLATED)
   dqpsk_mem_imag_reg[68][0]/D
                                2.13           2.08 f        -0.05  (VIOLATED)
   dqpsk_mem_imag_reg[69][0]/D
                                2.13           2.08 f        -0.05  (VIOLATED)
   dqpsk_mem_imag_reg[70][0]/D
                                2.13           2.08 f        -0.05  (VIOLATED)
   dqpsk_mem_imag_reg[71][0]/D
                                2.13           2.08 f        -0.05  (VIOLATED)
   dqpsk_mem_imag_reg[72][0]/D
                                2.13           2.08 f        -0.05  (VIOLATED)
   dqpsk_mem_imag_reg[73][0]/D
                                2.13           2.08 f        -0.05  (VIOLATED)
   dqpsk_mem_imag_reg[74][0]/D
                                2.13           2.08 f        -0.05  (VIOLATED)
   dqpsk_mem_imag_reg[75][0]/D
                                2.13           2.08 f        -0.05  (VIOLATED)
   dqpsk_mem_imag_reg[76][0]/D
                                2.13           2.08 f        -0.05  (VIOLATED)
   dqpsk_mem_imag_reg[77][0]/D
                                2.13           2.08 f        -0.05  (VIOLATED)
   dqpsk_mem_imag_reg[78][0]/D
                                2.13           2.08 f        -0.05  (VIOLATED)
   dqpsk_mem_imag_reg[79][0]/D
                                2.13           2.08 f        -0.05  (VIOLATED)
   dqpsk_mem_imag_reg[80][0]/D
                                2.13           2.08 f        -0.05  (VIOLATED)
   dqpsk_mem_imag_reg[81][0]/D
                                2.13           2.08 f        -0.05  (VIOLATED)
   dqpsk_mem_imag_reg[82][0]/D
                                2.13           2.08 f        -0.05  (VIOLATED)
   dqpsk_mem_imag_reg[83][0]/D
                                2.13           2.08 f        -0.05  (VIOLATED)
   dqpsk_mem_imag_reg[84][0]/D
                                2.13           2.08 f        -0.05  (VIOLATED)
   dqpsk_mem_imag_reg[85][0]/D
                                2.13           2.08 f        -0.05  (VIOLATED)
   dqpsk_mem_imag_reg[86][0]/D
                                2.13           2.08 f        -0.05  (VIOLATED)
   dqpsk_mem_imag_reg[87][0]/D
                                2.13           2.08 f        -0.05  (VIOLATED)
   dqpsk_mem_imag_reg[88][0]/D
                                2.13           2.08 f        -0.05  (VIOLATED)
   dqpsk_mem_imag_reg[89][0]/D
                                2.13           2.08 f        -0.05  (VIOLATED)
   dqpsk_mem_imag_reg[90][0]/D
                                2.13           2.08 f        -0.05  (VIOLATED)
   dqpsk_mem_imag_reg[91][0]/D
                                2.13           2.08 f        -0.05  (VIOLATED)
   dqpsk_mem_imag_reg[92][0]/D
                                2.13           2.08 f        -0.05  (VIOLATED)
   dqpsk_mem_imag_reg[93][0]/D
                                2.13           2.08 f        -0.05  (VIOLATED)
   dqpsk_mem_imag_reg[94][0]/D
                                2.13           2.08 f        -0.05  (VIOLATED)
   dqpsk_mem_imag_reg[95][0]/D
                                2.13           2.08 f        -0.05  (VIOLATED)
   dqpsk_mem_imag_reg[96][0]/D
                                2.13           2.08 f        -0.05  (VIOLATED)
   dqpsk_mem_imag_reg[97][0]/D
                                2.13           2.08 f        -0.05  (VIOLATED)
   dqpsk_mem_imag_reg[98][0]/D
                                2.13           2.08 f        -0.05  (VIOLATED)
   dqpsk_mem_imag_reg[99][0]/D
                                2.13           2.08 f        -0.05  (VIOLATED)
   dqpsk_mem_imag_reg[100][0]/D
                                2.13           2.08 f        -0.05  (VIOLATED)
   dqpsk_mem_imag_reg[101][0]/D
                                2.13           2.08 f        -0.05  (VIOLATED)
   dqpsk_mem_imag_reg[102][0]/D
                                2.13           2.08 f        -0.05  (VIOLATED)
   dqpsk_mem_imag_reg[103][0]/D
                                2.13           2.08 f        -0.05  (VIOLATED)
   dqpsk_mem_imag_reg[104][0]/D
                                2.13           2.08 f        -0.05  (VIOLATED)
   dqpsk_mem_imag_reg[105][0]/D
                                2.13           2.08 f        -0.05  (VIOLATED)
   dqpsk_mem_imag_reg[106][0]/D
                                2.13           2.08 f        -0.05  (VIOLATED)
   dqpsk_mem_imag_reg[107][0]/D
                                2.13           2.08 f        -0.05  (VIOLATED)
   dqpsk_mem_imag_reg[108][0]/D
                                2.13           2.08 f        -0.05  (VIOLATED)
   dqpsk_mem_imag_reg[109][0]/D
                                2.13           2.08 f        -0.05  (VIOLATED)
   dqpsk_mem_imag_reg[110][0]/D
                                2.13           2.08 f        -0.05  (VIOLATED)
   dqpsk_mem_imag_reg[111][0]/D
                                2.13           2.08 f        -0.05  (VIOLATED)
   dqpsk_mem_imag_reg[112][0]/D
                                2.13           2.08 f        -0.05  (VIOLATED)
   dqpsk_mem_imag_reg[113][0]/D
                                2.13           2.08 f        -0.05  (VIOLATED)
   dqpsk_mem_imag_reg[114][0]/D
                                2.13           2.08 f        -0.05  (VIOLATED)
   dqpsk_mem_imag_reg[115][0]/D
                                2.13           2.08 f        -0.05  (VIOLATED)
   dqpsk_mem_imag_reg[116][0]/D
                                2.13           2.08 f        -0.05  (VIOLATED)
   dqpsk_mem_imag_reg[117][0]/D
                                2.13           2.08 f        -0.05  (VIOLATED)
   dqpsk_mem_imag_reg[118][0]/D
                                2.13           2.08 f        -0.05  (VIOLATED)
   dqpsk_mem_imag_reg[119][0]/D
                                2.13           2.08 f        -0.05  (VIOLATED)
   dqpsk_mem_imag_reg[120][0]/D
                                2.13           2.08 f        -0.05  (VIOLATED)
   dqpsk_mem_imag_reg[121][0]/D
                                2.13           2.08 f        -0.05  (VIOLATED)
   dqpsk_mem_imag_reg[122][0]/D
                                2.13           2.08 f        -0.05  (VIOLATED)
   dqpsk_mem_imag_reg[123][0]/D
                                2.13           2.08 f        -0.05  (VIOLATED)
   dqpsk_mem_imag_reg[124][0]/D
                                2.13           2.08 f        -0.05  (VIOLATED)
   dqpsk_mem_imag_reg[125][0]/D
                                2.13           2.08 f        -0.05  (VIOLATED)
   dqpsk_mem_imag_reg[126][0]/D
                                2.13           2.08 f        -0.05  (VIOLATED)
   dqpsk_mem_imag_reg[127][0]/D
                                2.13           2.08 f        -0.05  (VIOLATED)
   dqpsk_mem_imag_reg[128][0]/D
                                2.13           2.08 f        -0.05  (VIOLATED)
   dqpsk_mem_imag_reg[129][0]/D
                                2.13           2.08 f        -0.05  (VIOLATED)
   dqpsk_mem_imag_reg[130][0]/D
                                2.13           2.08 f        -0.05  (VIOLATED)
   dqpsk_mem_imag_reg[131][0]/D
                                2.13           2.08 f        -0.05  (VIOLATED)
   dqpsk_mem_imag_reg[132][0]/D
                                2.13           2.08 f        -0.05  (VIOLATED)
   dqpsk_mem_imag_reg[133][0]/D
                                2.13           2.08 f        -0.05  (VIOLATED)
   dqpsk_mem_imag_reg[134][0]/D
                                2.13           2.08 f        -0.05  (VIOLATED)
   dqpsk_mem_imag_reg[135][0]/D
                                2.13           2.08 f        -0.05  (VIOLATED)
   dqpsk_mem_imag_reg[136][0]/D
                                2.13           2.08 f        -0.05  (VIOLATED)
   dqpsk_mem_imag_reg[137][0]/D
                                2.13           2.08 f        -0.05  (VIOLATED)
   dqpsk_mem_imag_reg[138][0]/D
                                2.13           2.08 f        -0.05  (VIOLATED)
   dqpsk_mem_imag_reg[139][0]/D
                                2.13           2.08 f        -0.05  (VIOLATED)
   dqpsk_mem_imag_reg[140][0]/D
                                2.13           2.08 f        -0.05  (VIOLATED)
   dqpsk_mem_imag_reg[141][0]/D
                                2.13           2.08 f        -0.05  (VIOLATED)
   dqpsk_mem_imag_reg[142][0]/D
                                2.13           2.08 f        -0.05  (VIOLATED)
   dqpsk_mem_imag_reg[143][0]/D
                                2.13           2.08 f        -0.05  (VIOLATED)
   dqpsk_mem_imag_reg[144][0]/D
                                2.13           2.08 f        -0.05  (VIOLATED)
   dqpsk_mem_imag_reg[145][0]/D
                                2.13           2.08 f        -0.05  (VIOLATED)
   dqpsk_mem_imag_reg[146][0]/D
                                2.13           2.08 f        -0.05  (VIOLATED)
   dqpsk_mem_imag_reg[147][0]/D
                                2.13           2.08 f        -0.05  (VIOLATED)
   dqpsk_mem_imag_reg[148][0]/D
                                2.13           2.08 f        -0.05  (VIOLATED)
   dqpsk_mem_imag_reg[149][0]/D
                                2.13           2.08 f        -0.05  (VIOLATED)
   dqpsk_mem_imag_reg[150][0]/D
                                2.13           2.08 f        -0.05  (VIOLATED)
   dqpsk_mem_imag_reg[151][0]/D
                                2.13           2.08 f        -0.05  (VIOLATED)
   dqpsk_mem_imag_reg[152][0]/D
                                2.13           2.08 f        -0.05  (VIOLATED)
   dqpsk_mem_imag_reg[153][0]/D
                                2.13           2.08 f        -0.05  (VIOLATED)
   dqpsk_mem_imag_reg[154][0]/D
                                2.13           2.08 f        -0.05  (VIOLATED)
   dqpsk_mem_imag_reg[155][0]/D
                                2.13           2.08 f        -0.05  (VIOLATED)
   dqpsk_mem_imag_reg[156][0]/D
                                2.13           2.08 f        -0.05  (VIOLATED)
   dqpsk_mem_imag_reg[157][0]/D
                                2.13           2.08 f        -0.05  (VIOLATED)
   dqpsk_mem_imag_reg[158][0]/D
                                2.13           2.08 f        -0.05  (VIOLATED)
   dqpsk_mem_imag_reg[159][0]/D
                                2.13           2.08 f        -0.05  (VIOLATED)
   dqpsk_mem_imag_reg[160][0]/D
                                2.13           2.08 f        -0.05  (VIOLATED)
   dqpsk_mem_imag_reg[161][0]/D
                                2.13           2.08 f        -0.05  (VIOLATED)
   dqpsk_mem_imag_reg[162][0]/D
                                2.13           2.08 f        -0.05  (VIOLATED)
   dqpsk_mem_imag_reg[163][0]/D
                                2.13           2.08 f        -0.05  (VIOLATED)
   dqpsk_mem_imag_reg[164][0]/D
                                2.13           2.08 f        -0.05  (VIOLATED)
   dqpsk_mem_imag_reg[165][0]/D
                                2.13           2.08 f        -0.05  (VIOLATED)
   dqpsk_mem_imag_reg[166][0]/D
                                2.13           2.08 f        -0.05  (VIOLATED)
   dqpsk_mem_imag_reg[167][0]/D
                                2.13           2.08 f        -0.05  (VIOLATED)
   dqpsk_mem_imag_reg[168][0]/D
                                2.13           2.08 f        -0.05  (VIOLATED)
   dqpsk_mem_imag_reg[169][0]/D
                                2.13           2.08 f        -0.05  (VIOLATED)
   dqpsk_mem_imag_reg[170][0]/D
                                2.13           2.08 f        -0.05  (VIOLATED)
   dqpsk_mem_imag_reg[171][0]/D
                                2.13           2.08 f        -0.05  (VIOLATED)
   dqpsk_mem_imag_reg[172][0]/D
                                2.13           2.08 f        -0.05  (VIOLATED)
   dqpsk_mem_imag_reg[173][0]/D
                                2.13           2.08 f        -0.05  (VIOLATED)
   dqpsk_mem_imag_reg[174][0]/D
                                2.13           2.08 f        -0.05  (VIOLATED)
   dqpsk_mem_imag_reg[175][0]/D
                                2.13           2.08 f        -0.05  (VIOLATED)
   dqpsk_mem_imag_reg[176][0]/D
                                2.13           2.08 f        -0.05  (VIOLATED)
   dqpsk_mem_imag_reg[177][0]/D
                                2.13           2.08 f        -0.05  (VIOLATED)
   dqpsk_mem_imag_reg[178][0]/D
                                2.13           2.08 f        -0.05  (VIOLATED)
   dqpsk_mem_imag_reg[179][0]/D
                                2.13           2.08 f        -0.05  (VIOLATED)
   dqpsk_mem_imag_reg[180][0]/D
                                2.13           2.08 f        -0.05  (VIOLATED)
   dqpsk_mem_imag_reg[181][0]/D
                                2.13           2.08 f        -0.05  (VIOLATED)
   dqpsk_mem_imag_reg[182][0]/D
                                2.13           2.08 f        -0.05  (VIOLATED)
   dqpsk_mem_imag_reg[183][0]/D
                                2.13           2.08 f        -0.05  (VIOLATED)
   dqpsk_mem_imag_reg[184][0]/D
                                2.13           2.08 f        -0.05  (VIOLATED)
   dqpsk_mem_imag_reg[185][0]/D
                                2.13           2.08 f        -0.05  (VIOLATED)
   dqpsk_mem_imag_reg[186][0]/D
                                2.13           2.08 f        -0.05  (VIOLATED)
   dqpsk_mem_imag_reg[187][0]/D
                                2.13           2.08 f        -0.05  (VIOLATED)
   dqpsk_mem_imag_reg[188][0]/D
                                2.13           2.08 f        -0.05  (VIOLATED)
   dqpsk_mem_imag_reg[189][0]/D
                                2.13           2.08 f        -0.05  (VIOLATED)
   dqpsk_mem_imag_reg[190][0]/D
                                2.13           2.08 f        -0.05  (VIOLATED)
   dqpsk_mem_imag_reg[191][0]/D
                                2.13           2.08 f        -0.05  (VIOLATED)
   dqpsk_mem_imag_reg[192][0]/D
                                2.13           2.08 f        -0.05  (VIOLATED)
   dqpsk_mem_imag_reg[193][0]/D
                                2.13           2.08 f        -0.05  (VIOLATED)
   dqpsk_mem_imag_reg[194][0]/D
                                2.13           2.08 f        -0.05  (VIOLATED)
   dqpsk_mem_imag_reg[195][0]/D
                                2.13           2.08 f        -0.05  (VIOLATED)
   dqpsk_mem_imag_reg[196][0]/D
                                2.13           2.08 f        -0.05  (VIOLATED)
   dqpsk_mem_imag_reg[197][0]/D
                                2.13           2.08 f        -0.05  (VIOLATED)
   dqpsk_mem_imag_reg[198][0]/D
                                2.13           2.08 f        -0.05  (VIOLATED)
   dqpsk_mem_imag_reg[199][0]/D
                                2.13           2.08 f        -0.05  (VIOLATED)
   dqpsk_mem_imag_reg[200][0]/D
                                2.13           2.08 f        -0.05  (VIOLATED)
   dqpsk_mem_imag_reg[201][0]/D
                                2.13           2.08 f        -0.05  (VIOLATED)
   dqpsk_mem_imag_reg[202][0]/D
                                2.13           2.08 f        -0.05  (VIOLATED)
   dqpsk_mem_imag_reg[203][0]/D
                                2.13           2.08 f        -0.05  (VIOLATED)
   dqpsk_mem_imag_reg[204][0]/D
                                2.13           2.08 f        -0.05  (VIOLATED)
   dqpsk_mem_imag_reg[205][0]/D
                                2.13           2.08 f        -0.05  (VIOLATED)
   dqpsk_mem_imag_reg[206][0]/D
                                2.13           2.08 f        -0.05  (VIOLATED)
   dqpsk_mem_imag_reg[207][0]/D
                                2.13           2.08 f        -0.05  (VIOLATED)
   dqpsk_mem_imag_reg[208][0]/D
                                2.13           2.08 f        -0.05  (VIOLATED)
   dqpsk_mem_imag_reg[209][0]/D
                                2.13           2.08 f        -0.05  (VIOLATED)
   dqpsk_mem_imag_reg[210][0]/D
                                2.13           2.08 f        -0.05  (VIOLATED)
   dqpsk_mem_imag_reg[211][0]/D
                                2.13           2.08 f        -0.05  (VIOLATED)
   dqpsk_mem_imag_reg[212][0]/D
                                2.13           2.08 f        -0.05  (VIOLATED)
   dqpsk_mem_imag_reg[213][0]/D
                                2.13           2.08 f        -0.05  (VIOLATED)
   dqpsk_mem_imag_reg[214][0]/D
                                2.13           2.08 f        -0.05  (VIOLATED)
   dqpsk_mem_imag_reg[215][0]/D
                                2.13           2.08 f        -0.05  (VIOLATED)
   dqpsk_mem_imag_reg[216][0]/D
                                2.13           2.08 f        -0.05  (VIOLATED)
   dqpsk_mem_imag_reg[217][0]/D
                                2.13           2.08 f        -0.05  (VIOLATED)
   dqpsk_mem_imag_reg[218][0]/D
                                2.13           2.08 f        -0.05  (VIOLATED)
   dqpsk_mem_imag_reg[219][0]/D
                                2.13           2.08 f        -0.05  (VIOLATED)
   dqpsk_mem_imag_reg[220][0]/D
                                2.13           2.08 f        -0.05  (VIOLATED)
   dqpsk_mem_imag_reg[221][0]/D
                                2.13           2.08 f        -0.05  (VIOLATED)
   dqpsk_mem_imag_reg[222][0]/D
                                2.13           2.08 f        -0.05  (VIOLATED)
   dqpsk_mem_imag_reg[223][0]/D
                                2.13           2.08 f        -0.05  (VIOLATED)
   dqpsk_mem_imag_reg[224][0]/D
                                2.13           2.08 f        -0.05  (VIOLATED)
   dqpsk_mem_imag_reg[225][0]/D
                                2.13           2.08 f        -0.05  (VIOLATED)
   dqpsk_mem_imag_reg[226][0]/D
                                2.13           2.08 f        -0.05  (VIOLATED)
   dqpsk_mem_imag_reg[227][0]/D
                                2.13           2.08 f        -0.05  (VIOLATED)
   dqpsk_mem_imag_reg[228][0]/D
                                2.13           2.08 f        -0.05  (VIOLATED)
   dqpsk_mem_imag_reg[229][0]/D
                                2.13           2.08 f        -0.05  (VIOLATED)
   dqpsk_mem_imag_reg[230][0]/D
                                2.13           2.08 f        -0.05  (VIOLATED)
   dqpsk_mem_imag_reg[231][0]/D
                                2.13           2.08 f        -0.05  (VIOLATED)
   dqpsk_mem_imag_reg[232][0]/D
                                2.13           2.08 f        -0.05  (VIOLATED)
   dqpsk_mem_imag_reg[233][0]/D
                                2.13           2.08 f        -0.05  (VIOLATED)
   dqpsk_mem_imag_reg[234][0]/D
                                2.13           2.08 f        -0.05  (VIOLATED)
   dqpsk_mem_imag_reg[235][0]/D
                                2.13           2.08 f        -0.05  (VIOLATED)
   dqpsk_mem_imag_reg[236][0]/D
                                2.13           2.08 f        -0.05  (VIOLATED)
   dqpsk_mem_imag_reg[237][0]/D
                                2.13           2.08 f        -0.05  (VIOLATED)
   dqpsk_mem_imag_reg[238][0]/D
                                2.13           2.08 f        -0.05  (VIOLATED)
   dqpsk_mem_imag_reg[239][0]/D
                                2.13           2.08 f        -0.05  (VIOLATED)
   dqpsk_mem_imag_reg[240][0]/D
                                2.13           2.08 f        -0.05  (VIOLATED)
   dqpsk_mem_imag_reg[241][0]/D
                                2.13           2.08 f        -0.05  (VIOLATED)
   dqpsk_mem_imag_reg[242][0]/D
                                2.13           2.08 f        -0.05  (VIOLATED)
   dqpsk_mem_imag_reg[243][0]/D
                                2.13           2.08 f        -0.05  (VIOLATED)
   dqpsk_mem_imag_reg[244][0]/D
                                2.13           2.08 f        -0.05  (VIOLATED)
   dqpsk_mem_imag_reg[245][0]/D
                                2.13           2.08 f        -0.05  (VIOLATED)
   dqpsk_mem_imag_reg[246][0]/D
                                2.13           2.08 f        -0.05  (VIOLATED)
   dqpsk_mem_imag_reg[247][0]/D
                                2.13           2.08 f        -0.05  (VIOLATED)
   dqpsk_mem_imag_reg[248][0]/D
                                2.13           2.08 f        -0.05  (VIOLATED)
   dqpsk_mem_imag_reg[249][0]/D
                                2.13           2.08 f        -0.05  (VIOLATED)
   dqpsk_mem_imag_reg[250][0]/D
                                2.13           2.08 f        -0.05  (VIOLATED)
   dqpsk_mem_imag_reg[251][0]/D
                                2.13           2.08 f        -0.05  (VIOLATED)
   dqpsk_mem_imag_reg[252][0]/D
                                2.13           2.08 f        -0.05  (VIOLATED)
   dqpsk_mem_imag_reg[253][0]/D
                                2.13           2.08 f        -0.05  (VIOLATED)
   dqpsk_mem_imag_reg[254][0]/D
                                2.13           2.08 f        -0.05  (VIOLATED)
   dqpsk_mem_imag_reg[255][0]/D
                                2.13           2.08 f        -0.05  (VIOLATED)
   dqpsk_mem_imag_reg[256][0]/D
                                2.13           2.08 f        -0.05  (VIOLATED)
   dqpsk_mem_imag_reg[257][0]/D
                                2.13           2.08 f        -0.05  (VIOLATED)
   dqpsk_mem_imag_reg[258][0]/D
                                2.13           2.08 f        -0.05  (VIOLATED)
   dqpsk_mem_imag_reg[259][0]/D
                                2.13           2.08 f        -0.05  (VIOLATED)
   dqpsk_mem_imag_reg[260][0]/D
                                2.13           2.08 f        -0.05  (VIOLATED)
   dqpsk_mem_imag_reg[261][0]/D
                                2.13           2.08 f        -0.05  (VIOLATED)
   dqpsk_mem_imag_reg[262][0]/D
                                2.13           2.08 f        -0.05  (VIOLATED)
   dqpsk_mem_imag_reg[263][0]/D
                                2.13           2.08 f        -0.05  (VIOLATED)
   dqpsk_mem_imag_reg[264][0]/D
                                2.13           2.08 f        -0.05  (VIOLATED)
   dqpsk_mem_imag_reg[265][0]/D
                                2.13           2.08 f        -0.05  (VIOLATED)
   dqpsk_mem_imag_reg[266][0]/D
                                2.13           2.08 f        -0.05  (VIOLATED)
   dqpsk_mem_imag_reg[267][0]/D
                                2.13           2.08 f        -0.05  (VIOLATED)
   dqpsk_mem_imag_reg[268][0]/D
                                2.13           2.08 f        -0.05  (VIOLATED)
   dqpsk_mem_imag_reg[269][0]/D
                                2.13           2.08 f        -0.05  (VIOLATED)
   dqpsk_mem_imag_reg[270][0]/D
                                2.13           2.08 f        -0.05  (VIOLATED)
   dqpsk_mem_imag_reg[271][0]/D
                                2.13           2.08 f        -0.05  (VIOLATED)
   dqpsk_mem_imag_reg[272][0]/D
                                2.13           2.08 f        -0.05  (VIOLATED)
   dqpsk_mem_imag_reg[273][0]/D
                                2.13           2.08 f        -0.05  (VIOLATED)
   dqpsk_mem_imag_reg[274][0]/D
                                2.13           2.08 f        -0.05  (VIOLATED)
   dqpsk_mem_imag_reg[275][0]/D
                                2.13           2.08 f        -0.05  (VIOLATED)
   dqpsk_mem_imag_reg[276][0]/D
                                2.13           2.08 f        -0.05  (VIOLATED)
   dqpsk_mem_imag_reg[277][0]/D
                                2.13           2.08 f        -0.05  (VIOLATED)
   dqpsk_mem_imag_reg[278][0]/D
                                2.13           2.08 f        -0.05  (VIOLATED)
   dqpsk_mem_imag_reg[279][0]/D
                                2.13           2.08 f        -0.05  (VIOLATED)
   dqpsk_mem_imag_reg[280][0]/D
                                2.13           2.08 f        -0.05  (VIOLATED)
   dqpsk_mem_imag_reg[281][0]/D
                                2.13           2.08 f        -0.05  (VIOLATED)
   dqpsk_mem_imag_reg[282][0]/D
                                2.13           2.08 f        -0.05  (VIOLATED)
   dqpsk_mem_imag_reg[283][0]/D
                                2.13           2.08 f        -0.05  (VIOLATED)
   dqpsk_mem_imag_reg[284][0]/D
                                2.13           2.08 f        -0.05  (VIOLATED)
   dqpsk_mem_imag_reg[285][0]/D
                                2.13           2.08 f        -0.05  (VIOLATED)
   dqpsk_mem_imag_reg[286][0]/D
                                2.13           2.08 f        -0.05  (VIOLATED)
   dqpsk_mem_imag_reg[287][0]/D
                                2.13           2.08 f        -0.05  (VIOLATED)
   dqpsk_mem_imag_reg[288][0]/D
                                2.13           2.08 f        -0.05  (VIOLATED)
   dqpsk_mem_imag_reg[289][0]/D
                                2.13           2.08 f        -0.05  (VIOLATED)
   dqpsk_mem_imag_reg[290][0]/D
                                2.13           2.08 f        -0.05  (VIOLATED)
   dqpsk_mem_imag_reg[291][0]/D
                                2.13           2.08 f        -0.05  (VIOLATED)
   dqpsk_mem_imag_reg[292][0]/D
                                2.13           2.08 f        -0.05  (VIOLATED)
   dqpsk_mem_imag_reg[293][0]/D
                                2.13           2.08 f        -0.05  (VIOLATED)
   dqpsk_mem_imag_reg[294][0]/D
                                2.13           2.08 f        -0.05  (VIOLATED)
   dqpsk_mem_imag_reg[295][0]/D
                                2.13           2.08 f        -0.05  (VIOLATED)
   dqpsk_mem_imag_reg[296][0]/D
                                2.13           2.08 f        -0.05  (VIOLATED)
   dqpsk_mem_imag_reg[297][0]/D
                                2.13           2.08 f        -0.05  (VIOLATED)
   dqpsk_mem_imag_reg[298][0]/D
                                2.13           2.08 f        -0.05  (VIOLATED)
   dqpsk_mem_imag_reg[299][0]/D
                                2.13           2.08 f        -0.05  (VIOLATED)
   dqpsk_mem_imag_reg[300][0]/D
                                2.13           2.08 f        -0.05  (VIOLATED)
   dqpsk_mem_imag_reg[301][0]/D
                                2.13           2.08 f        -0.05  (VIOLATED)
   dqpsk_mem_imag_reg[302][0]/D
                                2.13           2.08 f        -0.05  (VIOLATED)
   dqpsk_mem_imag_reg[303][0]/D
                                2.13           2.08 f        -0.05  (VIOLATED)
   dqpsk_mem_imag_reg[304][0]/D
                                2.13           2.08 f        -0.05  (VIOLATED)
   dqpsk_mem_imag_reg[305][0]/D
                                2.13           2.08 f        -0.05  (VIOLATED)
   dqpsk_mem_imag_reg[306][0]/D
                                2.13           2.08 f        -0.05  (VIOLATED)
   dqpsk_mem_imag_reg[307][0]/D
                                2.13           2.08 f        -0.05  (VIOLATED)
   dqpsk_mem_imag_reg[308][0]/D
                                2.13           2.08 f        -0.05  (VIOLATED)
   dqpsk_mem_imag_reg[309][0]/D
                                2.13           2.08 f        -0.05  (VIOLATED)
   dqpsk_mem_imag_reg[310][0]/D
                                2.13           2.08 f        -0.05  (VIOLATED)
   dqpsk_mem_imag_reg[311][0]/D
                                2.13           2.08 f        -0.05  (VIOLATED)
   dqpsk_mem_imag_reg[312][0]/D
                                2.13           2.08 f        -0.05  (VIOLATED)
   dqpsk_mem_imag_reg[313][0]/D
                                2.13           2.08 f        -0.05  (VIOLATED)
   dqpsk_mem_imag_reg[314][0]/D
                                2.13           2.08 f        -0.05  (VIOLATED)
   dqpsk_mem_imag_reg[315][0]/D
                                2.13           2.08 f        -0.05  (VIOLATED)
   dqpsk_mem_imag_reg[316][0]/D
                                2.13           2.08 f        -0.05  (VIOLATED)
   dqpsk_mem_imag_reg[317][0]/D
                                2.13           2.08 f        -0.05  (VIOLATED)
   dqpsk_mem_imag_reg[318][0]/D
                                2.13           2.08 f        -0.05  (VIOLATED)
   dqpsk_mem_imag_reg[319][0]/D
                                2.13           2.08 f        -0.05  (VIOLATED)
   dqpsk_mem_imag_reg[320][0]/D
                                2.13           2.08 f        -0.05  (VIOLATED)
   dqpsk_mem_imag_reg[321][0]/D
                                2.13           2.08 f        -0.05  (VIOLATED)
   dqpsk_mem_imag_reg[322][0]/D
                                2.13           2.08 f        -0.05  (VIOLATED)
   dqpsk_mem_imag_reg[323][0]/D
                                2.13           2.08 f        -0.05  (VIOLATED)
   dqpsk_mem_imag_reg[324][0]/D
                                2.13           2.08 f        -0.05  (VIOLATED)
   dqpsk_mem_imag_reg[325][0]/D
                                2.13           2.08 f        -0.05  (VIOLATED)
   dqpsk_mem_imag_reg[326][0]/D
                                2.13           2.08 f        -0.05  (VIOLATED)
   dqpsk_mem_imag_reg[327][0]/D
                                2.13           2.08 f        -0.05  (VIOLATED)
   dqpsk_mem_imag_reg[328][0]/D
                                2.13           2.08 f        -0.05  (VIOLATED)
   dqpsk_mem_imag_reg[329][0]/D
                                2.13           2.08 f        -0.05  (VIOLATED)
   dqpsk_mem_imag_reg[330][0]/D
                                2.13           2.08 f        -0.05  (VIOLATED)
   dqpsk_mem_imag_reg[331][0]/D
                                2.13           2.08 f        -0.05  (VIOLATED)
   dqpsk_mem_imag_reg[332][0]/D
                                2.13           2.08 f        -0.05  (VIOLATED)
   dqpsk_mem_imag_reg[333][0]/D
                                2.13           2.08 f        -0.05  (VIOLATED)
   dqpsk_mem_imag_reg[334][0]/D
                                2.13           2.08 f        -0.05  (VIOLATED)
   dqpsk_mem_imag_reg[335][0]/D
                                2.13           2.08 f        -0.05  (VIOLATED)
   dqpsk_mem_imag_reg[336][0]/D
                                2.13           2.08 f        -0.05  (VIOLATED)
   dqpsk_mem_imag_reg[337][0]/D
                                2.13           2.08 f        -0.05  (VIOLATED)
   dqpsk_mem_imag_reg[338][0]/D
                                2.13           2.08 f        -0.05  (VIOLATED)
   dqpsk_mem_imag_reg[339][0]/D
                                2.13           2.08 f        -0.05  (VIOLATED)
   dqpsk_mem_imag_reg[340][0]/D
                                2.13           2.08 f        -0.05  (VIOLATED)
   dqpsk_mem_imag_reg[341][0]/D
                                2.13           2.08 f        -0.05  (VIOLATED)
   dqpsk_mem_imag_reg[342][0]/D
                                2.13           2.08 f        -0.05  (VIOLATED)
   dqpsk_mem_imag_reg[343][0]/D
                                2.13           2.08 f        -0.05  (VIOLATED)
   dqpsk_mem_imag_reg[344][0]/D
                                2.13           2.08 f        -0.05  (VIOLATED)
   dqpsk_mem_imag_reg[345][0]/D
                                2.13           2.08 f        -0.05  (VIOLATED)
   dqpsk_mem_imag_reg[346][0]/D
                                2.13           2.08 f        -0.05  (VIOLATED)
   dqpsk_mem_imag_reg[347][0]/D
                                2.13           2.08 f        -0.05  (VIOLATED)
   dqpsk_mem_imag_reg[348][0]/D
                                2.13           2.08 f        -0.05  (VIOLATED)
   dqpsk_mem_imag_reg[349][0]/D
                                2.13           2.08 f        -0.05  (VIOLATED)
   dqpsk_mem_imag_reg[350][0]/D
                                2.13           2.08 f        -0.05  (VIOLATED)
   dqpsk_mem_imag_reg[351][0]/D
                                2.13           2.08 f        -0.05  (VIOLATED)
   dqpsk_mem_imag_reg[352][0]/D
                                2.13           2.08 f        -0.05  (VIOLATED)
   dqpsk_mem_imag_reg[353][0]/D
                                2.13           2.08 f        -0.05  (VIOLATED)
   dqpsk_mem_imag_reg[354][0]/D
                                2.13           2.08 f        -0.05  (VIOLATED)
   dqpsk_mem_imag_reg[355][0]/D
                                2.13           2.08 f        -0.05  (VIOLATED)
   dqpsk_mem_imag_reg[356][0]/D
                                2.13           2.08 f        -0.05  (VIOLATED)
   dqpsk_mem_imag_reg[357][0]/D
                                2.13           2.08 f        -0.05  (VIOLATED)
   dqpsk_mem_imag_reg[358][0]/D
                                2.13           2.08 f        -0.05  (VIOLATED)
   dqpsk_mem_imag_reg[359][0]/D
                                2.13           2.08 f        -0.05  (VIOLATED)
   dqpsk_mem_imag_reg[360][0]/D
                                2.13           2.08 f        -0.05  (VIOLATED)
   dqpsk_mem_imag_reg[361][0]/D
                                2.13           2.08 f        -0.05  (VIOLATED)
   dqpsk_mem_imag_reg[362][0]/D
                                2.13           2.08 f        -0.05  (VIOLATED)
   dqpsk_mem_imag_reg[363][0]/D
                                2.13           2.08 f        -0.05  (VIOLATED)
   dqpsk_mem_imag_reg[364][0]/D
                                2.13           2.08 f        -0.05  (VIOLATED)
   dqpsk_mem_imag_reg[365][0]/D
                                2.13           2.08 f        -0.05  (VIOLATED)
   dqpsk_mem_imag_reg[366][0]/D
                                2.13           2.08 f        -0.05  (VIOLATED)
   dqpsk_mem_imag_reg[367][0]/D
                                2.13           2.08 f        -0.05  (VIOLATED)
   dqpsk_mem_imag_reg[368][0]/D
                                2.13           2.08 f        -0.05  (VIOLATED)
   dqpsk_mem_imag_reg[369][0]/D
                                2.13           2.08 f        -0.05  (VIOLATED)
   dqpsk_mem_imag_reg[370][0]/D
                                2.13           2.08 f        -0.05  (VIOLATED)
   dqpsk_mem_imag_reg[371][0]/D
                                2.13           2.08 f        -0.05  (VIOLATED)
   dqpsk_mem_imag_reg[372][0]/D
                                2.13           2.08 f        -0.05  (VIOLATED)
   dqpsk_mem_imag_reg[373][0]/D
                                2.13           2.08 f        -0.05  (VIOLATED)
   dqpsk_mem_imag_reg[374][0]/D
                                2.13           2.08 f        -0.05  (VIOLATED)
   dqpsk_mem_imag_reg[375][0]/D
                                2.13           2.08 f        -0.05  (VIOLATED)
   dqpsk_mem_imag_reg[376][0]/D
                                2.13           2.08 f        -0.05  (VIOLATED)
   dqpsk_mem_imag_reg[377][0]/D
                                2.13           2.08 f        -0.05  (VIOLATED)
   dqpsk_mem_imag_reg[378][0]/D
                                2.13           2.08 f        -0.05  (VIOLATED)
   dqpsk_mem_imag_reg[379][0]/D
                                2.13           2.08 f        -0.05  (VIOLATED)
   dqpsk_mem_imag_reg[380][0]/D
                                2.13           2.08 f        -0.05  (VIOLATED)
   dqpsk_mem_imag_reg[381][0]/D
                                2.13           2.08 f        -0.05  (VIOLATED)
   dqpsk_mem_imag_reg[382][0]/D
                                2.13           2.08 f        -0.05  (VIOLATED)
   dqpsk_mem_imag_reg[383][0]/D
                                2.13           2.08 f        -0.05  (VIOLATED)
   dqpsk_mem_imag_reg[384][0]/D
                                2.13           2.08 f        -0.05  (VIOLATED)
   dqpsk_mem_imag_reg[385][0]/D
                                2.13           2.08 f        -0.05  (VIOLATED)
   dqpsk_mem_imag_reg[386][0]/D
                                2.13           2.08 f        -0.05  (VIOLATED)
   dqpsk_mem_imag_reg[387][0]/D
                                2.13           2.08 f        -0.05  (VIOLATED)
   dqpsk_mem_imag_reg[388][0]/D
                                2.13           2.08 f        -0.05  (VIOLATED)
   dqpsk_mem_imag_reg[389][0]/D
                                2.13           2.08 f        -0.05  (VIOLATED)
   dqpsk_mem_imag_reg[390][0]/D
                                2.13           2.08 f        -0.05  (VIOLATED)
   dqpsk_mem_imag_reg[391][0]/D
                                2.13           2.08 f        -0.05  (VIOLATED)
   dqpsk_mem_imag_reg[392][0]/D
                                2.13           2.08 f        -0.05  (VIOLATED)
   dqpsk_mem_imag_reg[393][0]/D
                                2.13           2.08 f        -0.05  (VIOLATED)
   dqpsk_mem_imag_reg[394][0]/D
                                2.13           2.08 f        -0.05  (VIOLATED)
   dqpsk_mem_imag_reg[395][0]/D
                                2.13           2.08 f        -0.05  (VIOLATED)
   dqpsk_mem_imag_reg[396][0]/D
                                2.13           2.08 f        -0.05  (VIOLATED)
   dqpsk_mem_imag_reg[397][0]/D
                                2.13           2.08 f        -0.05  (VIOLATED)
   dqpsk_mem_imag_reg[398][0]/D
                                2.13           2.08 f        -0.05  (VIOLATED)
   dqpsk_mem_imag_reg[399][0]/D
                                2.13           2.08 f        -0.05  (VIOLATED)
   dqpsk_mem_imag_reg[400][0]/D
                                2.13           2.08 f        -0.05  (VIOLATED)
   dqpsk_mem_imag_reg[401][0]/D
                                2.13           2.08 f        -0.05  (VIOLATED)
   dqpsk_mem_imag_reg[402][0]/D
                                2.13           2.08 f        -0.05  (VIOLATED)
   dqpsk_mem_imag_reg[403][0]/D
                                2.13           2.08 f        -0.05  (VIOLATED)
   dqpsk_mem_imag_reg[404][0]/D
                                2.13           2.08 f        -0.05  (VIOLATED)
   dqpsk_mem_imag_reg[405][0]/D
                                2.13           2.08 f        -0.05  (VIOLATED)
   dqpsk_mem_imag_reg[406][0]/D
                                2.13           2.08 f        -0.05  (VIOLATED)
   dqpsk_mem_imag_reg[407][0]/D
                                2.13           2.08 f        -0.05  (VIOLATED)
   dqpsk_mem_imag_reg[408][0]/D
                                2.13           2.08 f        -0.05  (VIOLATED)
   dqpsk_mem_imag_reg[409][0]/D
                                2.13           2.08 f        -0.05  (VIOLATED)
   dqpsk_mem_imag_reg[410][0]/D
                                2.13           2.08 f        -0.05  (VIOLATED)
   dqpsk_mem_imag_reg[411][0]/D
                                2.13           2.08 f        -0.05  (VIOLATED)
   dqpsk_mem_imag_reg[412][0]/D
                                2.13           2.08 f        -0.05  (VIOLATED)
   dqpsk_mem_imag_reg[413][0]/D
                                2.13           2.08 f        -0.05  (VIOLATED)
   dqpsk_mem_imag_reg[414][0]/D
                                2.13           2.08 f        -0.05  (VIOLATED)
   dqpsk_mem_imag_reg[415][0]/D
                                2.13           2.08 f        -0.05  (VIOLATED)
   dqpsk_mem_imag_reg[416][0]/D
                                2.13           2.08 f        -0.05  (VIOLATED)
   dqpsk_mem_imag_reg[417][0]/D
                                2.13           2.08 f        -0.05  (VIOLATED)
   dqpsk_mem_imag_reg[418][0]/D
                                2.13           2.08 f        -0.05  (VIOLATED)
   dqpsk_mem_imag_reg[419][0]/D
                                2.13           2.08 f        -0.05  (VIOLATED)
   dqpsk_mem_imag_reg[420][0]/D
                                2.13           2.08 f        -0.05  (VIOLATED)
   dqpsk_mem_imag_reg[421][0]/D
                                2.13           2.08 f        -0.05  (VIOLATED)
   dqpsk_mem_imag_reg[422][0]/D
                                2.13           2.08 f        -0.05  (VIOLATED)
   dqpsk_mem_imag_reg[423][0]/D
                                2.13           2.08 f        -0.05  (VIOLATED)
   dqpsk_mem_imag_reg[424][0]/D
                                2.13           2.08 f        -0.05  (VIOLATED)
   dqpsk_mem_imag_reg[425][0]/D
                                2.13           2.08 f        -0.05  (VIOLATED)
   dqpsk_mem_imag_reg[426][0]/D
                                2.13           2.08 f        -0.05  (VIOLATED)
   dqpsk_mem_imag_reg[427][0]/D
                                2.13           2.08 f        -0.05  (VIOLATED)
   dqpsk_mem_imag_reg[428][0]/D
                                2.13           2.08 f        -0.05  (VIOLATED)
   dqpsk_mem_imag_reg[429][0]/D
                                2.13           2.08 f        -0.05  (VIOLATED)
   dqpsk_mem_imag_reg[430][0]/D
                                2.13           2.08 f        -0.05  (VIOLATED)
   dqpsk_mem_imag_reg[431][0]/D
                                2.13           2.08 f        -0.05  (VIOLATED)
   dqpsk_mem_imag_reg[432][0]/D
                                2.13           2.08 f        -0.05  (VIOLATED)
   dqpsk_mem_imag_reg[433][0]/D
                                2.13           2.08 f        -0.05  (VIOLATED)
   dqpsk_mem_imag_reg[434][0]/D
                                2.13           2.08 f        -0.05  (VIOLATED)
   dqpsk_mem_imag_reg[435][0]/D
                                2.13           2.08 f        -0.05  (VIOLATED)
   dqpsk_mem_imag_reg[436][0]/D
                                2.13           2.08 f        -0.05  (VIOLATED)
   dqpsk_mem_imag_reg[437][0]/D
                                2.13           2.08 f        -0.05  (VIOLATED)
   dqpsk_mem_imag_reg[438][0]/D
                                2.13           2.08 f        -0.05  (VIOLATED)
   dqpsk_mem_imag_reg[439][0]/D
                                2.13           2.08 f        -0.05  (VIOLATED)
   dqpsk_mem_imag_reg[440][0]/D
                                2.13           2.08 f        -0.05  (VIOLATED)
   dqpsk_mem_imag_reg[441][0]/D
                                2.13           2.08 f        -0.05  (VIOLATED)
   dqpsk_mem_imag_reg[442][0]/D
                                2.13           2.08 f        -0.05  (VIOLATED)
   dqpsk_mem_imag_reg[443][0]/D
                                2.13           2.08 f        -0.05  (VIOLATED)
   dqpsk_mem_imag_reg[444][0]/D
                                2.13           2.08 f        -0.05  (VIOLATED)
   dqpsk_mem_imag_reg[445][0]/D
                                2.13           2.08 f        -0.05  (VIOLATED)
   dqpsk_mem_imag_reg[446][0]/D
                                2.13           2.08 f        -0.05  (VIOLATED)
   dqpsk_mem_imag_reg[447][0]/D
                                2.13           2.08 f        -0.05  (VIOLATED)
   dqpsk_mem_imag_reg[448][0]/D
                                2.13           2.08 f        -0.05  (VIOLATED)
   dqpsk_mem_imag_reg[449][0]/D
                                2.13           2.08 f        -0.05  (VIOLATED)
   dqpsk_mem_imag_reg[450][0]/D
                                2.13           2.08 f        -0.05  (VIOLATED)
   dqpsk_mem_imag_reg[451][0]/D
                                2.13           2.08 f        -0.05  (VIOLATED)
   dqpsk_mem_imag_reg[452][0]/D
                                2.13           2.08 f        -0.05  (VIOLATED)
   dqpsk_mem_imag_reg[453][0]/D
                                2.13           2.08 f        -0.05  (VIOLATED)
   dqpsk_mem_imag_reg[454][0]/D
                                2.13           2.08 f        -0.05  (VIOLATED)
   dqpsk_mem_imag_reg[455][0]/D
                                2.13           2.08 f        -0.05  (VIOLATED)
   dqpsk_mem_imag_reg[456][0]/D
                                2.13           2.08 f        -0.05  (VIOLATED)
   dqpsk_mem_imag_reg[457][0]/D
                                2.13           2.08 f        -0.05  (VIOLATED)
   dqpsk_mem_imag_reg[458][0]/D
                                2.13           2.08 f        -0.05  (VIOLATED)
   dqpsk_mem_imag_reg[459][0]/D
                                2.13           2.08 f        -0.05  (VIOLATED)
   dqpsk_mem_imag_reg[460][0]/D
                                2.13           2.08 f        -0.05  (VIOLATED)
   dqpsk_mem_imag_reg[461][0]/D
                                2.13           2.08 f        -0.05  (VIOLATED)
   dqpsk_mem_imag_reg[462][0]/D
                                2.13           2.08 f        -0.05  (VIOLATED)
   dqpsk_mem_imag_reg[463][0]/D
                                2.13           2.08 f        -0.05  (VIOLATED)
   dqpsk_mem_imag_reg[464][0]/D
                                2.13           2.08 f        -0.05  (VIOLATED)
   dqpsk_mem_imag_reg[465][0]/D
                                2.13           2.08 f        -0.05  (VIOLATED)
   dqpsk_mem_imag_reg[466][0]/D
                                2.13           2.08 f        -0.05  (VIOLATED)
   dqpsk_mem_imag_reg[467][0]/D
                                2.13           2.08 f        -0.05  (VIOLATED)
   dqpsk_mem_imag_reg[468][0]/D
                                2.13           2.08 f        -0.05  (VIOLATED)
   dqpsk_mem_imag_reg[469][0]/D
                                2.13           2.08 f        -0.05  (VIOLATED)
   dqpsk_mem_imag_reg[470][0]/D
                                2.13           2.08 f        -0.05  (VIOLATED)
   dqpsk_mem_imag_reg[471][0]/D
                                2.13           2.08 f        -0.05  (VIOLATED)
   dqpsk_mem_imag_reg[472][0]/D
                                2.13           2.08 f        -0.05  (VIOLATED)
   dqpsk_mem_imag_reg[473][0]/D
                                2.13           2.08 f        -0.05  (VIOLATED)
   dqpsk_mem_imag_reg[474][0]/D
                                2.13           2.08 f        -0.05  (VIOLATED)
   dqpsk_mem_imag_reg[475][0]/D
                                2.13           2.08 f        -0.05  (VIOLATED)
   dqpsk_mem_imag_reg[476][0]/D
                                2.13           2.08 f        -0.05  (VIOLATED)
   dqpsk_mem_imag_reg[477][0]/D
                                2.13           2.08 f        -0.05  (VIOLATED)
   dqpsk_mem_imag_reg[478][0]/D
                                2.13           2.08 f        -0.05  (VIOLATED)
   dqpsk_mem_imag_reg[479][0]/D
                                2.13           2.08 f        -0.05  (VIOLATED)
   dqpsk_mem_imag_reg[480][0]/D
                                2.13           2.08 f        -0.05  (VIOLATED)
   dqpsk_mem_imag_reg[481][0]/D
                                2.13           2.08 f        -0.05  (VIOLATED)
   dqpsk_mem_imag_reg[482][0]/D
                                2.13           2.08 f        -0.05  (VIOLATED)
   dqpsk_mem_imag_reg[483][0]/D
                                2.13           2.08 f        -0.05  (VIOLATED)
   dqpsk_mem_imag_reg[484][0]/D
                                2.13           2.08 f        -0.05  (VIOLATED)
   dqpsk_mem_imag_reg[485][0]/D
                                2.13           2.08 f        -0.05  (VIOLATED)
   dqpsk_mem_imag_reg[486][0]/D
                                2.13           2.08 f        -0.05  (VIOLATED)
   dqpsk_mem_imag_reg[487][0]/D
                                2.13           2.08 f        -0.05  (VIOLATED)
   dqpsk_mem_imag_reg[488][0]/D
                                2.13           2.08 f        -0.05  (VIOLATED)
   dqpsk_mem_imag_reg[489][0]/D
                                2.13           2.08 f        -0.05  (VIOLATED)
   dqpsk_mem_imag_reg[490][0]/D
                                2.13           2.08 f        -0.05  (VIOLATED)
   dqpsk_mem_imag_reg[491][0]/D
                                2.13           2.08 f        -0.05  (VIOLATED)
   dqpsk_mem_imag_reg[492][0]/D
                                2.13           2.08 f        -0.05  (VIOLATED)
   dqpsk_mem_imag_reg[493][0]/D
                                2.13           2.08 f        -0.05  (VIOLATED)
   dqpsk_mem_imag_reg[494][0]/D
                                2.13           2.08 f        -0.05  (VIOLATED)
   dqpsk_mem_imag_reg[495][0]/D
                                2.13           2.08 f        -0.05  (VIOLATED)
   dqpsk_mem_imag_reg[496][0]/D
                                2.13           2.08 f        -0.05  (VIOLATED)
   dqpsk_mem_imag_reg[497][0]/D
                                2.13           2.08 f        -0.05  (VIOLATED)
   dqpsk_mem_imag_reg[498][0]/D
                                2.13           2.08 f        -0.05  (VIOLATED)
   dqpsk_mem_imag_reg[499][0]/D
                                2.13           2.08 f        -0.05  (VIOLATED)
   dqpsk_mem_imag_reg[500][0]/D
                                2.13           2.08 f        -0.05  (VIOLATED)
   dqpsk_mem_imag_reg[501][0]/D
                                2.13           2.08 f        -0.05  (VIOLATED)
   dqpsk_mem_imag_reg[502][0]/D
                                2.13           2.08 f        -0.05  (VIOLATED)
   dqpsk_mem_imag_reg[503][0]/D
                                2.13           2.08 f        -0.05  (VIOLATED)
   dqpsk_mem_imag_reg[504][0]/D
                                2.13           2.08 f        -0.05  (VIOLATED)
   dqpsk_mem_imag_reg[505][0]/D
                                2.13           2.08 f        -0.05  (VIOLATED)
   dqpsk_mem_imag_reg[506][0]/D
                                2.13           2.08 f        -0.05  (VIOLATED)
   dqpsk_mem_imag_reg[507][0]/D
                                2.13           2.08 f        -0.05  (VIOLATED)
   dqpsk_mem_imag_reg[508][0]/D
                                2.13           2.08 f        -0.05  (VIOLATED)
   dqpsk_mem_imag_reg[509][0]/D
                                2.13           2.08 f        -0.05  (VIOLATED)
   dqpsk_mem_imag_reg[510][0]/D
                                2.13           2.08 f        -0.05  (VIOLATED)
   dqpsk_mem_imag_reg[511][0]/D
                                2.13           2.08 f        -0.05  (VIOLATED)
   dqpsk_mem_imag_reg[512][0]/D
                                2.13           2.08 f        -0.05  (VIOLATED)
   dqpsk_mem_imag_reg[513][0]/D
                                2.13           2.08 f        -0.05  (VIOLATED)
   dqpsk_mem_imag_reg[514][0]/D
                                2.13           2.08 f        -0.05  (VIOLATED)
   dqpsk_mem_imag_reg[515][0]/D
                                2.13           2.08 f        -0.05  (VIOLATED)
   dqpsk_mem_imag_reg[516][0]/D
                                2.13           2.08 f        -0.05  (VIOLATED)
   dqpsk_mem_imag_reg[517][0]/D
                                2.13           2.08 f        -0.05  (VIOLATED)
   dqpsk_mem_imag_reg[518][0]/D
                                2.13           2.08 f        -0.05  (VIOLATED)
   dqpsk_mem_imag_reg[519][0]/D
                                2.13           2.08 f        -0.05  (VIOLATED)
   dqpsk_mem_imag_reg[520][0]/D
                                2.13           2.08 f        -0.05  (VIOLATED)
   dqpsk_mem_imag_reg[521][0]/D
                                2.13           2.08 f        -0.05  (VIOLATED)
   dqpsk_mem_imag_reg[522][0]/D
                                2.13           2.08 f        -0.05  (VIOLATED)
   dqpsk_mem_imag_reg[523][0]/D
                                2.13           2.08 f        -0.05  (VIOLATED)
   dqpsk_mem_imag_reg[524][0]/D
                                2.13           2.08 f        -0.05  (VIOLATED)
   dqpsk_mem_imag_reg[525][0]/D
                                2.13           2.08 f        -0.05  (VIOLATED)
   dqpsk_mem_imag_reg[526][0]/D
                                2.13           2.08 f        -0.05  (VIOLATED)
   dqpsk_mem_imag_reg[527][0]/D
                                2.13           2.08 f        -0.05  (VIOLATED)
   dqpsk_mem_imag_reg[528][0]/D
                                2.13           2.08 f        -0.05  (VIOLATED)
   dqpsk_mem_imag_reg[529][0]/D
                                2.13           2.08 f        -0.05  (VIOLATED)
   dqpsk_mem_imag_reg[530][0]/D
                                2.13           2.08 f        -0.05  (VIOLATED)
   dqpsk_mem_imag_reg[531][0]/D
                                2.13           2.08 f        -0.05  (VIOLATED)
   dqpsk_mem_imag_reg[532][0]/D
                                2.13           2.08 f        -0.05  (VIOLATED)
   dqpsk_mem_imag_reg[533][0]/D
                                2.13           2.08 f        -0.05  (VIOLATED)
   dqpsk_mem_imag_reg[534][0]/D
                                2.13           2.08 f        -0.05  (VIOLATED)
   dqpsk_mem_imag_reg[535][0]/D
                                2.13           2.08 f        -0.05  (VIOLATED)
   dqpsk_mem_imag_reg[536][0]/D
                                2.13           2.08 f        -0.05  (VIOLATED)
   dqpsk_mem_imag_reg[537][0]/D
                                2.13           2.08 f        -0.05  (VIOLATED)
   dqpsk_mem_imag_reg[538][0]/D
                                2.13           2.08 f        -0.05  (VIOLATED)
   dqpsk_mem_imag_reg[539][0]/D
                                2.13           2.08 f        -0.05  (VIOLATED)
   dqpsk_mem_imag_reg[540][0]/D
                                2.13           2.08 f        -0.05  (VIOLATED)
   dqpsk_mem_imag_reg[541][0]/D
                                2.13           2.08 f        -0.05  (VIOLATED)
   dqpsk_mem_imag_reg[542][0]/D
                                2.13           2.08 f        -0.05  (VIOLATED)
   dqpsk_mem_imag_reg[543][0]/D
                                2.13           2.08 f        -0.05  (VIOLATED)
   dqpsk_mem_imag_reg[544][0]/D
                                2.13           2.08 f        -0.05  (VIOLATED)
   dqpsk_mem_imag_reg[545][0]/D
                                2.13           2.08 f        -0.05  (VIOLATED)
   dqpsk_mem_imag_reg[546][0]/D
                                2.13           2.08 f        -0.05  (VIOLATED)
   dqpsk_mem_imag_reg[547][0]/D
                                2.13           2.08 f        -0.05  (VIOLATED)
   dqpsk_mem_imag_reg[548][0]/D
                                2.13           2.08 f        -0.05  (VIOLATED)
   dqpsk_mem_imag_reg[549][0]/D
                                2.13           2.08 f        -0.05  (VIOLATED)
   dqpsk_mem_imag_reg[550][0]/D
                                2.13           2.08 f        -0.05  (VIOLATED)
   dqpsk_mem_imag_reg[551][0]/D
                                2.13           2.08 f        -0.05  (VIOLATED)
   dqpsk_mem_imag_reg[552][0]/D
                                2.13           2.08 f        -0.05  (VIOLATED)
   dqpsk_mem_imag_reg[553][0]/D
                                2.13           2.08 f        -0.05  (VIOLATED)
   dqpsk_mem_imag_reg[554][0]/D
                                2.13           2.08 f        -0.05  (VIOLATED)
   dqpsk_mem_imag_reg[555][0]/D
                                2.13           2.08 f        -0.05  (VIOLATED)
   dqpsk_mem_imag_reg[556][0]/D
                                2.13           2.08 f        -0.05  (VIOLATED)
   dqpsk_mem_imag_reg[557][0]/D
                                2.13           2.08 f        -0.05  (VIOLATED)
   dqpsk_mem_imag_reg[558][0]/D
                                2.13           2.08 f        -0.05  (VIOLATED)
   dqpsk_mem_imag_reg[559][0]/D
                                2.13           2.08 f        -0.05  (VIOLATED)
   dqpsk_mem_imag_reg[560][0]/D
                                2.13           2.08 f        -0.05  (VIOLATED)
   dqpsk_mem_imag_reg[561][0]/D
                                2.13           2.08 f        -0.05  (VIOLATED)
   dqpsk_mem_imag_reg[562][0]/D
                                2.13           2.08 f        -0.05  (VIOLATED)
   dqpsk_mem_imag_reg[563][0]/D
                                2.13           2.08 f        -0.05  (VIOLATED)
   dqpsk_mem_imag_reg[564][0]/D
                                2.13           2.08 f        -0.05  (VIOLATED)
   dqpsk_mem_imag_reg[565][0]/D
                                2.13           2.08 f        -0.05  (VIOLATED)
   dqpsk_mem_imag_reg[566][0]/D
                                2.13           2.08 f        -0.05  (VIOLATED)
   dqpsk_mem_imag_reg[567][0]/D
                                2.13           2.08 f        -0.05  (VIOLATED)
   dqpsk_mem_imag_reg[568][0]/D
                                2.13           2.08 f        -0.05  (VIOLATED)
   dqpsk_mem_imag_reg[569][0]/D
                                2.13           2.08 f        -0.05  (VIOLATED)
   dqpsk_mem_imag_reg[570][0]/D
                                2.13           2.08 f        -0.05  (VIOLATED)
   dqpsk_mem_imag_reg[571][0]/D
                                2.13           2.08 f        -0.05  (VIOLATED)
   dqpsk_mem_imag_reg[572][0]/D
                                2.13           2.08 f        -0.05  (VIOLATED)
   dqpsk_mem_imag_reg[573][0]/D
                                2.13           2.08 f        -0.05  (VIOLATED)
   dqpsk_mem_imag_reg[574][0]/D
                                2.13           2.08 f        -0.05  (VIOLATED)
   dqpsk_mem_imag_reg[575][0]/D
                                2.13           2.08 f        -0.05  (VIOLATED)
   dqpsk_mem_imag_reg[576][0]/D
                                2.13           2.08 f        -0.05  (VIOLATED)
   dqpsk_mem_imag_reg[577][0]/D
                                2.13           2.08 f        -0.05  (VIOLATED)
   dqpsk_mem_imag_reg[578][0]/D
                                2.13           2.08 f        -0.05  (VIOLATED)
   dqpsk_mem_imag_reg[579][0]/D
                                2.13           2.08 f        -0.05  (VIOLATED)
   dqpsk_mem_imag_reg[580][0]/D
                                2.13           2.08 f        -0.05  (VIOLATED)
   dqpsk_mem_imag_reg[581][0]/D
                                2.13           2.08 f        -0.05  (VIOLATED)
   dqpsk_mem_imag_reg[582][0]/D
                                2.13           2.08 f        -0.05  (VIOLATED)
   dqpsk_mem_imag_reg[583][0]/D
                                2.13           2.08 f        -0.05  (VIOLATED)
   dqpsk_mem_imag_reg[584][0]/D
                                2.13           2.08 f        -0.05  (VIOLATED)
   dqpsk_mem_imag_reg[585][0]/D
                                2.13           2.08 f        -0.05  (VIOLATED)
   dqpsk_mem_imag_reg[586][0]/D
                                2.13           2.08 f        -0.05  (VIOLATED)
   dqpsk_mem_imag_reg[587][0]/D
                                2.13           2.08 f        -0.05  (VIOLATED)
   dqpsk_mem_imag_reg[588][0]/D
                                2.13           2.08 f        -0.05  (VIOLATED)
   dqpsk_mem_imag_reg[589][0]/D
                                2.13           2.08 f        -0.05  (VIOLATED)
   dqpsk_mem_imag_reg[590][0]/D
                                2.13           2.08 f        -0.05  (VIOLATED)
   dqpsk_mem_imag_reg[591][0]/D
                                2.13           2.08 f        -0.05  (VIOLATED)
   dqpsk_mem_imag_reg[592][0]/D
                                2.13           2.08 f        -0.05  (VIOLATED)
   dqpsk_mem_imag_reg[593][0]/D
                                2.13           2.08 f        -0.05  (VIOLATED)
   dqpsk_mem_imag_reg[594][0]/D
                                2.13           2.08 f        -0.05  (VIOLATED)
   dqpsk_mem_imag_reg[595][0]/D
                                2.13           2.08 f        -0.05  (VIOLATED)
   dqpsk_mem_imag_reg[596][0]/D
                                2.13           2.08 f        -0.05  (VIOLATED)
   dqpsk_mem_imag_reg[597][0]/D
                                2.13           2.08 f        -0.05  (VIOLATED)
   dqpsk_mem_imag_reg[598][0]/D
                                2.13           2.08 f        -0.05  (VIOLATED)
   dqpsk_mem_imag_reg[599][0]/D
                                2.13           2.08 f        -0.05  (VIOLATED)
   dqpsk_mem_imag_reg[600][0]/D
                                2.13           2.08 f        -0.05  (VIOLATED)
   dqpsk_mem_imag_reg[601][0]/D
                                2.13           2.08 f        -0.05  (VIOLATED)
   dqpsk_mem_imag_reg[602][0]/D
                                2.13           2.08 f        -0.05  (VIOLATED)
   dqpsk_mem_imag_reg[603][0]/D
                                2.13           2.08 f        -0.05  (VIOLATED)
   dqpsk_mem_imag_reg[604][0]/D
                                2.13           2.08 f        -0.05  (VIOLATED)
   dqpsk_mem_imag_reg[605][0]/D
                                2.13           2.08 f        -0.05  (VIOLATED)
   dqpsk_mem_imag_reg[606][0]/D
                                2.13           2.08 f        -0.05  (VIOLATED)
   dqpsk_mem_imag_reg[607][0]/D
                                2.13           2.08 f        -0.05  (VIOLATED)
   dqpsk_mem_imag_reg[608][0]/D
                                2.13           2.08 f        -0.05  (VIOLATED)
   dqpsk_mem_imag_reg[609][0]/D
                                2.13           2.08 f        -0.05  (VIOLATED)
   dqpsk_mem_imag_reg[610][0]/D
                                2.13           2.08 f        -0.05  (VIOLATED)
   dqpsk_mem_imag_reg[611][0]/D
                                2.13           2.08 f        -0.05  (VIOLATED)
   dqpsk_mem_imag_reg[612][0]/D
                                2.13           2.08 f        -0.05  (VIOLATED)
   dqpsk_mem_imag_reg[613][0]/D
                                2.13           2.08 f        -0.05  (VIOLATED)
   dqpsk_mem_imag_reg[614][0]/D
                                2.13           2.08 f        -0.05  (VIOLATED)
   dqpsk_mem_imag_reg[615][0]/D
                                2.13           2.08 f        -0.05  (VIOLATED)
   dqpsk_mem_imag_reg[616][0]/D
                                2.13           2.08 f        -0.05  (VIOLATED)
   dqpsk_mem_imag_reg[617][0]/D
                                2.13           2.08 f        -0.05  (VIOLATED)
   dqpsk_mem_imag_reg[618][0]/D
                                2.13           2.08 f        -0.05  (VIOLATED)
   dqpsk_mem_imag_reg[619][0]/D
                                2.13           2.08 f        -0.05  (VIOLATED)
   dqpsk_mem_imag_reg[620][0]/D
                                2.13           2.08 f        -0.05  (VIOLATED)
   dqpsk_mem_imag_reg[621][0]/D
                                2.13           2.08 f        -0.05  (VIOLATED)
   dqpsk_mem_imag_reg[622][0]/D
                                2.13           2.08 f        -0.05  (VIOLATED)
   dqpsk_mem_imag_reg[623][0]/D
                                2.13           2.08 f        -0.05  (VIOLATED)
   dqpsk_mem_imag_reg[624][0]/D
                                2.13           2.08 f        -0.05  (VIOLATED)
   dqpsk_mem_imag_reg[625][0]/D
                                2.13           2.08 f        -0.05  (VIOLATED)
   dqpsk_mem_imag_reg[626][0]/D
                                2.13           2.08 f        -0.05  (VIOLATED)
   dqpsk_mem_imag_reg[627][0]/D
                                2.13           2.08 f        -0.05  (VIOLATED)
   dqpsk_mem_imag_reg[628][0]/D
                                2.13           2.08 f        -0.05  (VIOLATED)
   dqpsk_mem_imag_reg[629][0]/D
                                2.13           2.08 f        -0.05  (VIOLATED)
   dqpsk_mem_imag_reg[630][0]/D
                                2.13           2.08 f        -0.05  (VIOLATED)
   dqpsk_mem_imag_reg[631][0]/D
                                2.13           2.08 f        -0.05  (VIOLATED)
   dqpsk_mem_imag_reg[632][0]/D
                                2.13           2.08 f        -0.05  (VIOLATED)
   dqpsk_mem_imag_reg[633][0]/D
                                2.13           2.08 f        -0.05  (VIOLATED)
   dqpsk_mem_imag_reg[634][0]/D
                                2.13           2.08 f        -0.05  (VIOLATED)
   dqpsk_mem_imag_reg[635][0]/D
                                2.13           2.08 f        -0.05  (VIOLATED)
   dqpsk_mem_imag_reg[636][0]/D
                                2.13           2.08 f        -0.05  (VIOLATED)
   dqpsk_mem_imag_reg[637][0]/D
                                2.13           2.08 f        -0.05  (VIOLATED)
   dqpsk_mem_imag_reg[638][0]/D
                                2.13           2.08 f        -0.05  (VIOLATED)
   dqpsk_mem_imag_reg[639][0]/D
                                2.13           2.08 f        -0.05  (VIOLATED)
   dqpsk_mem_imag_reg[640][0]/D
                                2.13           2.08 f        -0.05  (VIOLATED)
   dqpsk_mem_imag_reg[641][0]/D
                                2.13           2.08 f        -0.05  (VIOLATED)
   dqpsk_mem_imag_reg[642][0]/D
                                2.13           2.08 f        -0.05  (VIOLATED)
   dqpsk_mem_imag_reg[643][0]/D
                                2.13           2.08 f        -0.05  (VIOLATED)
   dqpsk_mem_imag_reg[644][0]/D
                                2.13           2.08 f        -0.05  (VIOLATED)
   dqpsk_mem_imag_reg[645][0]/D
                                2.13           2.08 f        -0.05  (VIOLATED)
   dqpsk_mem_imag_reg[646][0]/D
                                2.13           2.08 f        -0.05  (VIOLATED)
   dqpsk_mem_imag_reg[647][0]/D
                                2.13           2.08 f        -0.05  (VIOLATED)
   dqpsk_mem_imag_reg[648][0]/D
                                2.13           2.08 f        -0.05  (VIOLATED)
   dqpsk_mem_imag_reg[649][0]/D
                                2.13           2.08 f        -0.05  (VIOLATED)
   dqpsk_mem_imag_reg[650][0]/D
                                2.13           2.08 f        -0.05  (VIOLATED)
   dqpsk_mem_imag_reg[651][0]/D
                                2.13           2.08 f        -0.05  (VIOLATED)
   dqpsk_mem_imag_reg[652][0]/D
                                2.13           2.08 f        -0.05  (VIOLATED)
   dqpsk_mem_imag_reg[653][0]/D
                                2.13           2.08 f        -0.05  (VIOLATED)
   dqpsk_mem_imag_reg[654][0]/D
                                2.13           2.08 f        -0.05  (VIOLATED)
   dqpsk_mem_imag_reg[655][0]/D
                                2.13           2.08 f        -0.05  (VIOLATED)
   dqpsk_mem_imag_reg[656][0]/D
                                2.13           2.08 f        -0.05  (VIOLATED)
   dqpsk_mem_imag_reg[657][0]/D
                                2.13           2.08 f        -0.05  (VIOLATED)
   dqpsk_mem_imag_reg[658][0]/D
                                2.13           2.08 f        -0.05  (VIOLATED)
   dqpsk_mem_imag_reg[659][0]/D
                                2.13           2.08 f        -0.05  (VIOLATED)
   dqpsk_mem_imag_reg[660][0]/D
                                2.13           2.08 f        -0.05  (VIOLATED)
   dqpsk_mem_imag_reg[661][0]/D
                                2.13           2.08 f        -0.05  (VIOLATED)
   dqpsk_mem_imag_reg[662][0]/D
                                2.13           2.08 f        -0.05  (VIOLATED)
   dqpsk_mem_imag_reg[663][0]/D
                                2.13           2.08 f        -0.05  (VIOLATED)
   dqpsk_mem_imag_reg[664][0]/D
                                2.13           2.08 f        -0.05  (VIOLATED)
   dqpsk_mem_imag_reg[665][0]/D
                                2.13           2.08 f        -0.05  (VIOLATED)
   dqpsk_mem_imag_reg[666][0]/D
                                2.13           2.08 f        -0.05  (VIOLATED)
   dqpsk_mem_imag_reg[667][0]/D
                                2.13           2.08 f        -0.05  (VIOLATED)
   dqpsk_mem_imag_reg[668][0]/D
                                2.13           2.08 f        -0.05  (VIOLATED)
   dqpsk_mem_imag_reg[669][0]/D
                                2.13           2.08 f        -0.05  (VIOLATED)
   dqpsk_mem_imag_reg[670][0]/D
                                2.13           2.08 f        -0.05  (VIOLATED)
   dqpsk_mem_imag_reg[671][0]/D
                                2.13           2.08 f        -0.05  (VIOLATED)
   dqpsk_mem_imag_reg[672][0]/D
                                2.13           2.08 f        -0.05  (VIOLATED)
   dqpsk_mem_imag_reg[673][0]/D
                                2.13           2.08 f        -0.05  (VIOLATED)
   dqpsk_mem_imag_reg[674][0]/D
                                2.13           2.08 f        -0.05  (VIOLATED)
   dqpsk_mem_imag_reg[675][0]/D
                                2.13           2.08 f        -0.05  (VIOLATED)
   dqpsk_mem_imag_reg[676][0]/D
                                2.13           2.08 f        -0.05  (VIOLATED)
   dqpsk_mem_imag_reg[677][0]/D
                                2.13           2.08 f        -0.05  (VIOLATED)
   dqpsk_mem_imag_reg[678][0]/D
                                2.13           2.08 f        -0.05  (VIOLATED)
   dqpsk_mem_imag_reg[679][0]/D
                                2.13           2.08 f        -0.05  (VIOLATED)
   dqpsk_mem_imag_reg[680][0]/D
                                2.13           2.08 f        -0.05  (VIOLATED)
   dqpsk_mem_imag_reg[681][0]/D
                                2.13           2.08 f        -0.05  (VIOLATED)
   dqpsk_mem_imag_reg[682][0]/D
                                2.13           2.08 f        -0.05  (VIOLATED)
   dqpsk_mem_imag_reg[683][0]/D
                                2.13           2.08 f        -0.05  (VIOLATED)
   dqpsk_mem_imag_reg[684][0]/D
                                2.13           2.08 f        -0.05  (VIOLATED)
   dqpsk_mem_imag_reg[685][0]/D
                                2.13           2.08 f        -0.05  (VIOLATED)
   dqpsk_mem_imag_reg[686][0]/D
                                2.13           2.08 f        -0.05  (VIOLATED)
   dqpsk_mem_imag_reg[687][0]/D
                                2.13           2.08 f        -0.05  (VIOLATED)
   dqpsk_mem_imag_reg[688][0]/D
                                2.13           2.08 f        -0.05  (VIOLATED)
   dqpsk_mem_imag_reg[689][0]/D
                                2.13           2.08 f        -0.05  (VIOLATED)
   dqpsk_mem_imag_reg[690][0]/D
                                2.13           2.08 f        -0.05  (VIOLATED)
   dqpsk_mem_imag_reg[691][0]/D
                                2.13           2.08 f        -0.05  (VIOLATED)
   dqpsk_mem_imag_reg[692][0]/D
                                2.13           2.08 f        -0.05  (VIOLATED)
   dqpsk_mem_imag_reg[693][0]/D
                                2.13           2.08 f        -0.05  (VIOLATED)
   dqpsk_mem_imag_reg[694][0]/D
                                2.13           2.08 f        -0.05  (VIOLATED)
   dqpsk_mem_imag_reg[695][0]/D
                                2.13           2.08 f        -0.05  (VIOLATED)
   dqpsk_mem_imag_reg[696][0]/D
                                2.13           2.08 f        -0.05  (VIOLATED)
   dqpsk_mem_imag_reg[697][0]/D
                                2.13           2.08 f        -0.05  (VIOLATED)
   dqpsk_mem_imag_reg[698][0]/D
                                2.13           2.08 f        -0.05  (VIOLATED)
   dqpsk_mem_imag_reg[699][0]/D
                                2.13           2.08 f        -0.05  (VIOLATED)
   dqpsk_mem_imag_reg[700][0]/D
                                2.13           2.08 f        -0.05  (VIOLATED)
   dqpsk_mem_imag_reg[701][0]/D
                                2.13           2.08 f        -0.05  (VIOLATED)
   dqpsk_mem_imag_reg[702][0]/D
                                2.13           2.08 f        -0.05  (VIOLATED)
   dqpsk_mem_imag_reg[703][0]/D
                                2.13           2.08 f        -0.05  (VIOLATED)
   dqpsk_mem_imag_reg[704][0]/D
                                2.13           2.08 f        -0.05  (VIOLATED)
   dqpsk_mem_imag_reg[705][0]/D
                                2.13           2.08 f        -0.05  (VIOLATED)
   dqpsk_mem_imag_reg[706][0]/D
                                2.13           2.08 f        -0.05  (VIOLATED)
   dqpsk_mem_imag_reg[707][0]/D
                                2.13           2.08 f        -0.05  (VIOLATED)
   dqpsk_mem_imag_reg[708][0]/D
                                2.13           2.08 f        -0.05  (VIOLATED)
   dqpsk_mem_imag_reg[709][0]/D
                                2.13           2.08 f        -0.05  (VIOLATED)
   dqpsk_mem_imag_reg[710][0]/D
                                2.13           2.08 f        -0.05  (VIOLATED)
   dqpsk_mem_imag_reg[711][0]/D
                                2.13           2.08 f        -0.05  (VIOLATED)
   dqpsk_mem_imag_reg[712][0]/D
                                2.13           2.08 f        -0.05  (VIOLATED)
   dqpsk_mem_imag_reg[713][0]/D
                                2.13           2.08 f        -0.05  (VIOLATED)
   dqpsk_mem_imag_reg[714][0]/D
                                2.13           2.08 f        -0.05  (VIOLATED)
   dqpsk_mem_imag_reg[715][0]/D
                                2.13           2.08 f        -0.05  (VIOLATED)
   dqpsk_mem_imag_reg[716][0]/D
                                2.13           2.08 f        -0.05  (VIOLATED)
   dqpsk_mem_imag_reg[717][0]/D
                                2.13           2.08 f        -0.05  (VIOLATED)
   dqpsk_mem_imag_reg[718][0]/D
                                2.13           2.08 f        -0.05  (VIOLATED)
   dqpsk_mem_imag_reg[719][0]/D
                                2.13           2.08 f        -0.05  (VIOLATED)
   dqpsk_mem_imag_reg[720][0]/D
                                2.13           2.08 f        -0.05  (VIOLATED)
   dqpsk_mem_imag_reg[721][0]/D
                                2.13           2.08 f        -0.05  (VIOLATED)
   dqpsk_mem_imag_reg[722][0]/D
                                2.13           2.08 f        -0.05  (VIOLATED)
   dqpsk_mem_imag_reg[723][0]/D
                                2.13           2.08 f        -0.05  (VIOLATED)
   dqpsk_mem_imag_reg[724][0]/D
                                2.13           2.08 f        -0.05  (VIOLATED)
   dqpsk_mem_imag_reg[725][0]/D
                                2.13           2.08 f        -0.05  (VIOLATED)
   dqpsk_mem_imag_reg[726][0]/D
                                2.13           2.08 f        -0.05  (VIOLATED)
   dqpsk_mem_imag_reg[727][0]/D
                                2.13           2.08 f        -0.05  (VIOLATED)
   dqpsk_mem_imag_reg[728][0]/D
                                2.13           2.08 f        -0.05  (VIOLATED)
   dqpsk_mem_imag_reg[729][0]/D
                                2.13           2.08 f        -0.05  (VIOLATED)
   dqpsk_mem_imag_reg[730][0]/D
                                2.13           2.08 f        -0.05  (VIOLATED)
   dqpsk_mem_imag_reg[731][0]/D
                                2.13           2.08 f        -0.05  (VIOLATED)
   dqpsk_mem_imag_reg[732][0]/D
                                2.13           2.08 f        -0.05  (VIOLATED)
   dqpsk_mem_imag_reg[733][0]/D
                                2.13           2.08 f        -0.05  (VIOLATED)
   dqpsk_mem_imag_reg[734][0]/D
                                2.13           2.08 f        -0.05  (VIOLATED)
   dqpsk_mem_imag_reg[735][0]/D
                                2.13           2.08 f        -0.05  (VIOLATED)
   dqpsk_mem_imag_reg[736][0]/D
                                2.13           2.08 f        -0.05  (VIOLATED)
   dqpsk_mem_imag_reg[737][0]/D
                                2.13           2.08 f        -0.05  (VIOLATED)
   dqpsk_mem_imag_reg[738][0]/D
                                2.13           2.08 f        -0.05  (VIOLATED)
   dqpsk_mem_imag_reg[739][0]/D
                                2.13           2.08 f        -0.05  (VIOLATED)
   dqpsk_mem_imag_reg[740][0]/D
                                2.13           2.08 f        -0.05  (VIOLATED)
   dqpsk_mem_imag_reg[741][0]/D
                                2.13           2.08 f        -0.05  (VIOLATED)
   dqpsk_mem_imag_reg[742][0]/D
                                2.13           2.08 f        -0.05  (VIOLATED)
   dqpsk_mem_imag_reg[743][0]/D
                                2.13           2.08 f        -0.05  (VIOLATED)
   dqpsk_mem_imag_reg[744][0]/D
                                2.13           2.08 f        -0.05  (VIOLATED)
   dqpsk_mem_imag_reg[745][0]/D
                                2.13           2.08 f        -0.05  (VIOLATED)
   dqpsk_mem_imag_reg[746][0]/D
                                2.13           2.08 f        -0.05  (VIOLATED)
   dqpsk_mem_imag_reg[747][0]/D
                                2.13           2.08 f        -0.05  (VIOLATED)
   dqpsk_mem_imag_reg[748][0]/D
                                2.13           2.08 f        -0.05  (VIOLATED)
   dqpsk_mem_imag_reg[749][0]/D
                                2.13           2.08 f        -0.05  (VIOLATED)
   dqpsk_mem_imag_reg[750][0]/D
                                2.13           2.08 f        -0.05  (VIOLATED)
   dqpsk_mem_imag_reg[751][0]/D
                                2.13           2.08 f        -0.05  (VIOLATED)
   dqpsk_mem_imag_reg[752][0]/D
                                2.13           2.08 f        -0.05  (VIOLATED)
   dqpsk_mem_imag_reg[753][0]/D
                                2.13           2.08 f        -0.05  (VIOLATED)
   dqpsk_mem_imag_reg[754][0]/D
                                2.13           2.08 f        -0.05  (VIOLATED)
   dqpsk_mem_imag_reg[755][0]/D
                                2.13           2.08 f        -0.05  (VIOLATED)
   dqpsk_mem_imag_reg[756][0]/D
                                2.13           2.08 f        -0.05  (VIOLATED)
   dqpsk_mem_imag_reg[757][0]/D
                                2.13           2.08 f        -0.05  (VIOLATED)
   dqpsk_mem_imag_reg[758][0]/D
                                2.13           2.08 f        -0.05  (VIOLATED)
   dqpsk_mem_imag_reg[759][0]/D
                                2.13           2.08 f        -0.05  (VIOLATED)
   dqpsk_mem_imag_reg[760][0]/D
                                2.13           2.08 f        -0.05  (VIOLATED)
   dqpsk_mem_imag_reg[761][0]/D
                                2.13           2.08 f        -0.05  (VIOLATED)
   dqpsk_mem_imag_reg[762][0]/D
                                2.13           2.08 f        -0.05  (VIOLATED)
   dqpsk_mem_imag_reg[763][0]/D
                                2.13           2.08 f        -0.05  (VIOLATED)
   dqpsk_mem_imag_reg[764][0]/D
                                2.13           2.08 f        -0.05  (VIOLATED)
   dqpsk_mem_imag_reg[765][0]/D
                                2.13           2.08 f        -0.05  (VIOLATED)
   dqpsk_mem_imag_reg[766][0]/D
                                2.13           2.08 f        -0.05  (VIOLATED)
   dqpsk_mem_imag_reg[767][0]/D
                                2.13           2.08 f        -0.05  (VIOLATED)
   dqpsk_mem_imag_reg[768][0]/D
                                2.13           2.08 f        -0.05  (VIOLATED)
   dqpsk_mem_imag_reg[769][0]/D
                                2.13           2.08 f        -0.05  (VIOLATED)
   dqpsk_mem_imag_reg[770][0]/D
                                2.13           2.08 f        -0.05  (VIOLATED)
   dqpsk_mem_imag_reg[771][0]/D
                                2.13           2.08 f        -0.05  (VIOLATED)
   dqpsk_mem_imag_reg[772][0]/D
                                2.13           2.08 f        -0.05  (VIOLATED)
   dqpsk_mem_imag_reg[773][0]/D
                                2.13           2.08 f        -0.05  (VIOLATED)
   dqpsk_mem_imag_reg[774][0]/D
                                2.13           2.08 f        -0.05  (VIOLATED)
   dqpsk_mem_imag_reg[775][0]/D
                                2.13           2.08 f        -0.05  (VIOLATED)
   dqpsk_mem_imag_reg[776][0]/D
                                2.13           2.08 f        -0.05  (VIOLATED)
   dqpsk_mem_imag_reg[777][0]/D
                                2.13           2.08 f        -0.05  (VIOLATED)
   dqpsk_mem_imag_reg[778][0]/D
                                2.13           2.08 f        -0.05  (VIOLATED)
   dqpsk_mem_imag_reg[779][0]/D
                                2.13           2.08 f        -0.05  (VIOLATED)
   dqpsk_mem_imag_reg[780][0]/D
                                2.13           2.08 f        -0.05  (VIOLATED)
   dqpsk_mem_imag_reg[781][0]/D
                                2.13           2.08 f        -0.05  (VIOLATED)
   dqpsk_mem_imag_reg[782][0]/D
                                2.13           2.08 f        -0.05  (VIOLATED)
   dqpsk_mem_imag_reg[783][0]/D
                                2.13           2.08 f        -0.05  (VIOLATED)
   dqpsk_mem_imag_reg[784][0]/D
                                2.13           2.08 f        -0.05  (VIOLATED)
   dqpsk_mem_imag_reg[785][0]/D
                                2.13           2.08 f        -0.05  (VIOLATED)
   dqpsk_mem_imag_reg[786][0]/D
                                2.13           2.08 f        -0.05  (VIOLATED)
   dqpsk_mem_imag_reg[787][0]/D
                                2.13           2.08 f        -0.05  (VIOLATED)
   dqpsk_mem_imag_reg[788][0]/D
                                2.13           2.08 f        -0.05  (VIOLATED)
   dqpsk_mem_imag_reg[789][0]/D
                                2.13           2.08 f        -0.05  (VIOLATED)
   dqpsk_mem_imag_reg[790][0]/D
                                2.13           2.08 f        -0.05  (VIOLATED)
   dqpsk_mem_imag_reg[791][0]/D
                                2.13           2.08 f        -0.05  (VIOLATED)
   dqpsk_mem_imag_reg[792][0]/D
                                2.13           2.08 f        -0.05  (VIOLATED)
   dqpsk_mem_imag_reg[793][0]/D
                                2.13           2.08 f        -0.05  (VIOLATED)
   dqpsk_mem_imag_reg[794][0]/D
                                2.13           2.08 f        -0.05  (VIOLATED)
   dqpsk_mem_imag_reg[795][0]/D
                                2.13           2.08 f        -0.05  (VIOLATED)
   dqpsk_mem_imag_reg[796][0]/D
                                2.13           2.08 f        -0.05  (VIOLATED)
   dqpsk_mem_imag_reg[797][0]/D
                                2.13           2.08 f        -0.05  (VIOLATED)
   dqpsk_mem_imag_reg[798][0]/D
                                2.13           2.08 f        -0.05  (VIOLATED)
   dqpsk_mem_imag_reg[799][0]/D
                                2.13           2.08 f        -0.05  (VIOLATED)
   dqpsk_mem_imag_reg[800][0]/D
                                2.13           2.08 f        -0.05  (VIOLATED)
   dqpsk_mem_imag_reg[801][0]/D
                                2.13           2.08 f        -0.05  (VIOLATED)
   dqpsk_mem_imag_reg[802][0]/D
                                2.13           2.08 f        -0.05  (VIOLATED)
   dqpsk_mem_imag_reg[803][0]/D
                                2.13           2.08 f        -0.05  (VIOLATED)
   dqpsk_mem_imag_reg[804][0]/D
                                2.13           2.08 f        -0.05  (VIOLATED)
   dqpsk_mem_imag_reg[805][0]/D
                                2.13           2.08 f        -0.05  (VIOLATED)
   dqpsk_mem_imag_reg[806][0]/D
                                2.13           2.08 f        -0.05  (VIOLATED)
   dqpsk_mem_imag_reg[807][0]/D
                                2.13           2.08 f        -0.05  (VIOLATED)
   dqpsk_mem_imag_reg[808][0]/D
                                2.13           2.08 f        -0.05  (VIOLATED)
   dqpsk_mem_imag_reg[809][0]/D
                                2.13           2.08 f        -0.05  (VIOLATED)
   dqpsk_mem_imag_reg[810][0]/D
                                2.13           2.08 f        -0.05  (VIOLATED)
   dqpsk_mem_imag_reg[811][0]/D
                                2.13           2.08 f        -0.05  (VIOLATED)
   dqpsk_mem_imag_reg[812][0]/D
                                2.13           2.08 f        -0.05  (VIOLATED)
   dqpsk_mem_imag_reg[813][0]/D
                                2.13           2.08 f        -0.05  (VIOLATED)
   dqpsk_mem_imag_reg[814][0]/D
                                2.13           2.08 f        -0.05  (VIOLATED)
   dqpsk_mem_imag_reg[815][0]/D
                                2.13           2.08 f        -0.05  (VIOLATED)
   dqpsk_mem_imag_reg[816][0]/D
                                2.13           2.08 f        -0.05  (VIOLATED)
   dqpsk_mem_imag_reg[817][0]/D
                                2.13           2.08 f        -0.05  (VIOLATED)
   dqpsk_mem_imag_reg[818][0]/D
                                2.13           2.08 f        -0.05  (VIOLATED)
   dqpsk_mem_imag_reg[819][0]/D
                                2.13           2.08 f        -0.05  (VIOLATED)
   dqpsk_mem_imag_reg[820][0]/D
                                2.13           2.08 f        -0.05  (VIOLATED)
   dqpsk_mem_imag_reg[821][0]/D
                                2.13           2.08 f        -0.05  (VIOLATED)
   dqpsk_mem_imag_reg[822][0]/D
                                2.13           2.08 f        -0.05  (VIOLATED)
   dqpsk_mem_imag_reg[823][0]/D
                                2.13           2.08 f        -0.05  (VIOLATED)
   dqpsk_mem_imag_reg[824][0]/D
                                2.13           2.08 f        -0.05  (VIOLATED)
   dqpsk_mem_imag_reg[825][0]/D
                                2.13           2.08 f        -0.05  (VIOLATED)
   dqpsk_mem_imag_reg[826][0]/D
                                2.13           2.08 f        -0.05  (VIOLATED)
   dqpsk_mem_imag_reg[827][0]/D
                                2.13           2.08 f        -0.05  (VIOLATED)
   dqpsk_mem_imag_reg[828][0]/D
                                2.13           2.08 f        -0.05  (VIOLATED)
   dqpsk_mem_imag_reg[829][0]/D
                                2.13           2.08 f        -0.05  (VIOLATED)
   dqpsk_mem_imag_reg[830][0]/D
                                2.13           2.08 f        -0.05  (VIOLATED)
   dqpsk_mem_imag_reg[831][0]/D
                                2.13           2.08 f        -0.05  (VIOLATED)
   dqpsk_mem_imag_reg[832][0]/D
                                2.13           2.08 f        -0.05  (VIOLATED)
   dqpsk_mem_imag_reg[833][0]/D
                                2.13           2.08 f        -0.05  (VIOLATED)
   dqpsk_mem_imag_reg[834][0]/D
                                2.13           2.08 f        -0.05  (VIOLATED)
   dqpsk_mem_imag_reg[835][0]/D
                                2.13           2.08 f        -0.05  (VIOLATED)
   dqpsk_mem_imag_reg[836][0]/D
                                2.13           2.08 f        -0.05  (VIOLATED)
   dqpsk_mem_imag_reg[837][0]/D
                                2.13           2.08 f        -0.05  (VIOLATED)
   dqpsk_mem_imag_reg[838][0]/D
                                2.13           2.08 f        -0.05  (VIOLATED)
   dqpsk_mem_imag_reg[839][0]/D
                                2.13           2.08 f        -0.05  (VIOLATED)
   dqpsk_mem_imag_reg[840][0]/D
                                2.13           2.08 f        -0.05  (VIOLATED)
   dqpsk_mem_imag_reg[841][0]/D
                                2.13           2.08 f        -0.05  (VIOLATED)
   dqpsk_mem_imag_reg[842][0]/D
                                2.13           2.08 f        -0.05  (VIOLATED)
   dqpsk_mem_imag_reg[843][0]/D
                                2.13           2.08 f        -0.05  (VIOLATED)
   dqpsk_mem_imag_reg[844][0]/D
                                2.13           2.08 f        -0.05  (VIOLATED)
   dqpsk_mem_imag_reg[845][0]/D
                                2.13           2.08 f        -0.05  (VIOLATED)
   dqpsk_mem_imag_reg[846][0]/D
                                2.13           2.08 f        -0.05  (VIOLATED)
   dqpsk_mem_imag_reg[847][0]/D
                                2.13           2.08 f        -0.05  (VIOLATED)
   dqpsk_mem_imag_reg[848][0]/D
                                2.13           2.08 f        -0.05  (VIOLATED)
   dqpsk_mem_imag_reg[849][0]/D
                                2.13           2.08 f        -0.05  (VIOLATED)
   dqpsk_mem_imag_reg[850][0]/D
                                2.13           2.08 f        -0.05  (VIOLATED)
   dqpsk_mem_imag_reg[851][0]/D
                                2.13           2.08 f        -0.05  (VIOLATED)
   dqpsk_mem_imag_reg[852][0]/D
                                2.13           2.08 f        -0.05  (VIOLATED)
   dqpsk_mem_imag_reg[853][0]/D
                                2.13           2.08 f        -0.05  (VIOLATED)
   dqpsk_mem_imag_reg[854][0]/D
                                2.13           2.08 f        -0.05  (VIOLATED)
   dqpsk_mem_imag_reg[855][0]/D
                                2.13           2.08 f        -0.05  (VIOLATED)
   dqpsk_mem_imag_reg[856][0]/D
                                2.13           2.08 f        -0.05  (VIOLATED)
   dqpsk_mem_imag_reg[857][0]/D
                                2.13           2.08 f        -0.05  (VIOLATED)
   dqpsk_mem_imag_reg[858][0]/D
                                2.13           2.08 f        -0.05  (VIOLATED)
   dqpsk_mem_imag_reg[859][0]/D
                                2.13           2.08 f        -0.05  (VIOLATED)
   dqpsk_mem_imag_reg[860][0]/D
                                2.13           2.08 f        -0.05  (VIOLATED)
   dqpsk_mem_imag_reg[861][0]/D
                                2.13           2.08 f        -0.05  (VIOLATED)
   dqpsk_mem_imag_reg[862][0]/D
                                2.13           2.08 f        -0.05  (VIOLATED)
   dqpsk_mem_imag_reg[863][0]/D
                                2.13           2.08 f        -0.05  (VIOLATED)
   dqpsk_mem_imag_reg[864][0]/D
                                2.13           2.08 f        -0.05  (VIOLATED)
   dqpsk_mem_imag_reg[865][0]/D
                                2.13           2.08 f        -0.05  (VIOLATED)
   dqpsk_mem_imag_reg[866][0]/D
                                2.13           2.08 f        -0.05  (VIOLATED)
   dqpsk_mem_imag_reg[867][0]/D
                                2.13           2.08 f        -0.05  (VIOLATED)
   dqpsk_mem_imag_reg[868][0]/D
                                2.13           2.08 f        -0.05  (VIOLATED)
   dqpsk_mem_imag_reg[869][0]/D
                                2.13           2.08 f        -0.05  (VIOLATED)
   dqpsk_mem_imag_reg[870][0]/D
                                2.13           2.08 f        -0.05  (VIOLATED)
   dqpsk_mem_imag_reg[871][0]/D
                                2.13           2.08 f        -0.05  (VIOLATED)
   dqpsk_mem_imag_reg[872][0]/D
                                2.13           2.08 f        -0.05  (VIOLATED)
   dqpsk_mem_imag_reg[873][0]/D
                                2.13           2.08 f        -0.05  (VIOLATED)
   dqpsk_mem_imag_reg[874][0]/D
                                2.13           2.08 f        -0.05  (VIOLATED)
   dqpsk_mem_imag_reg[875][0]/D
                                2.13           2.08 f        -0.05  (VIOLATED)
   dqpsk_mem_imag_reg[876][0]/D
                                2.13           2.08 f        -0.05  (VIOLATED)
   dqpsk_mem_imag_reg[877][0]/D
                                2.13           2.08 f        -0.05  (VIOLATED)
   dqpsk_mem_imag_reg[878][0]/D
                                2.13           2.08 f        -0.05  (VIOLATED)
   dqpsk_mem_imag_reg[879][0]/D
                                2.13           2.08 f        -0.05  (VIOLATED)
   dqpsk_mem_imag_reg[880][0]/D
                                2.13           2.08 f        -0.05  (VIOLATED)
   dqpsk_mem_imag_reg[881][0]/D
                                2.13           2.08 f        -0.05  (VIOLATED)
   dqpsk_mem_imag_reg[882][0]/D
                                2.13           2.08 f        -0.05  (VIOLATED)
   dqpsk_mem_imag_reg[883][0]/D
                                2.13           2.08 f        -0.05  (VIOLATED)
   dqpsk_mem_imag_reg[884][0]/D
                                2.13           2.08 f        -0.05  (VIOLATED)
   dqpsk_mem_imag_reg[885][0]/D
                                2.13           2.08 f        -0.05  (VIOLATED)
   dqpsk_mem_imag_reg[886][0]/D
                                2.13           2.08 f        -0.05  (VIOLATED)
   dqpsk_mem_imag_reg[887][0]/D
                                2.13           2.08 f        -0.05  (VIOLATED)
   dqpsk_mem_imag_reg[888][0]/D
                                2.13           2.08 f        -0.05  (VIOLATED)
   dqpsk_mem_imag_reg[889][0]/D
                                2.13           2.08 f        -0.05  (VIOLATED)
   dqpsk_mem_imag_reg[890][0]/D
                                2.13           2.08 f        -0.05  (VIOLATED)
   dqpsk_mem_imag_reg[891][0]/D
                                2.13           2.08 f        -0.05  (VIOLATED)
   dqpsk_mem_imag_reg[892][0]/D
                                2.13           2.08 f        -0.05  (VIOLATED)
   dqpsk_mem_imag_reg[893][0]/D
                                2.13           2.08 f        -0.05  (VIOLATED)
   dqpsk_mem_imag_reg[894][0]/D
                                2.13           2.08 f        -0.05  (VIOLATED)
   dqpsk_mem_imag_reg[895][0]/D
                                2.13           2.08 f        -0.05  (VIOLATED)
   dqpsk_mem_imag_reg[896][0]/D
                                2.13           2.08 f        -0.05  (VIOLATED)
   dqpsk_mem_imag_reg[897][0]/D
                                2.13           2.08 f        -0.05  (VIOLATED)
   dqpsk_mem_imag_reg[898][0]/D
                                2.13           2.08 f        -0.05  (VIOLATED)
   dqpsk_mem_imag_reg[899][0]/D
                                2.13           2.08 f        -0.05  (VIOLATED)
   dqpsk_mem_imag_reg[900][0]/D
                                2.13           2.08 f        -0.05  (VIOLATED)
   dqpsk_mem_imag_reg[901][0]/D
                                2.13           2.08 f        -0.05  (VIOLATED)
   dqpsk_mem_imag_reg[902][0]/D
                                2.13           2.08 f        -0.05  (VIOLATED)
   dqpsk_mem_imag_reg[903][0]/D
                                2.13           2.08 f        -0.05  (VIOLATED)
   dqpsk_mem_imag_reg[904][0]/D
                                2.13           2.08 f        -0.05  (VIOLATED)
   dqpsk_mem_imag_reg[905][0]/D
                                2.13           2.08 f        -0.05  (VIOLATED)
   dqpsk_mem_imag_reg[906][0]/D
                                2.13           2.08 f        -0.05  (VIOLATED)
   dqpsk_mem_imag_reg[907][0]/D
                                2.13           2.08 f        -0.05  (VIOLATED)
   dqpsk_mem_imag_reg[908][0]/D
                                2.13           2.08 f        -0.05  (VIOLATED)
   dqpsk_mem_imag_reg[909][0]/D
                                2.13           2.08 f        -0.05  (VIOLATED)
   dqpsk_mem_imag_reg[910][0]/D
                                2.13           2.08 f        -0.05  (VIOLATED)
   dqpsk_mem_imag_reg[911][0]/D
                                2.13           2.08 f        -0.05  (VIOLATED)
   dqpsk_mem_imag_reg[912][0]/D
                                2.13           2.08 f        -0.05  (VIOLATED)
   dqpsk_mem_imag_reg[913][0]/D
                                2.13           2.08 f        -0.05  (VIOLATED)
   dqpsk_mem_imag_reg[914][0]/D
                                2.13           2.08 f        -0.05  (VIOLATED)
   dqpsk_mem_imag_reg[915][0]/D
                                2.13           2.08 f        -0.05  (VIOLATED)
   dqpsk_mem_imag_reg[916][0]/D
                                2.13           2.08 f        -0.05  (VIOLATED)
   dqpsk_mem_imag_reg[917][0]/D
                                2.13           2.08 f        -0.05  (VIOLATED)
   dqpsk_mem_imag_reg[918][0]/D
                                2.13           2.08 f        -0.05  (VIOLATED)
   dqpsk_mem_imag_reg[919][0]/D
                                2.13           2.08 f        -0.05  (VIOLATED)
   dqpsk_mem_imag_reg[920][0]/D
                                2.13           2.08 f        -0.05  (VIOLATED)
   dqpsk_mem_imag_reg[921][0]/D
                                2.13           2.08 f        -0.05  (VIOLATED)
   dqpsk_mem_imag_reg[922][0]/D
                                2.13           2.08 f        -0.05  (VIOLATED)
   dqpsk_mem_imag_reg[923][0]/D
                                2.13           2.08 f        -0.05  (VIOLATED)
   dqpsk_mem_imag_reg[924][0]/D
                                2.13           2.08 f        -0.05  (VIOLATED)
   dqpsk_mem_imag_reg[925][0]/D
                                2.13           2.08 f        -0.05  (VIOLATED)
   dqpsk_mem_imag_reg[926][0]/D
                                2.13           2.08 f        -0.05  (VIOLATED)
   dqpsk_mem_imag_reg[927][0]/D
                                2.13           2.08 f        -0.05  (VIOLATED)
   dqpsk_mem_imag_reg[928][0]/D
                                2.13           2.08 f        -0.05  (VIOLATED)
   dqpsk_mem_imag_reg[929][0]/D
                                2.13           2.08 f        -0.05  (VIOLATED)
   dqpsk_mem_imag_reg[930][0]/D
                                2.13           2.08 f        -0.05  (VIOLATED)
   dqpsk_mem_imag_reg[931][0]/D
                                2.13           2.08 f        -0.05  (VIOLATED)
   dqpsk_mem_imag_reg[932][0]/D
                                2.13           2.08 f        -0.05  (VIOLATED)
   dqpsk_mem_imag_reg[933][0]/D
                                2.13           2.08 f        -0.05  (VIOLATED)
   dqpsk_mem_imag_reg[934][0]/D
                                2.13           2.08 f        -0.05  (VIOLATED)
   dqpsk_mem_imag_reg[935][0]/D
                                2.13           2.08 f        -0.05  (VIOLATED)
   dqpsk_mem_imag_reg[936][0]/D
                                2.13           2.08 f        -0.05  (VIOLATED)
   dqpsk_mem_imag_reg[937][0]/D
                                2.13           2.08 f        -0.05  (VIOLATED)
   dqpsk_mem_imag_reg[938][0]/D
                                2.13           2.08 f        -0.05  (VIOLATED)
   dqpsk_mem_imag_reg[939][0]/D
                                2.13           2.08 f        -0.05  (VIOLATED)
   dqpsk_mem_imag_reg[940][0]/D
                                2.13           2.08 f        -0.05  (VIOLATED)
   dqpsk_mem_imag_reg[941][0]/D
                                2.13           2.08 f        -0.05  (VIOLATED)
   dqpsk_mem_imag_reg[942][0]/D
                                2.13           2.08 f        -0.05  (VIOLATED)
   dqpsk_mem_imag_reg[943][0]/D
                                2.13           2.08 f        -0.05  (VIOLATED)
   dqpsk_mem_imag_reg[944][0]/D
                                2.13           2.08 f        -0.05  (VIOLATED)
   dqpsk_mem_imag_reg[945][0]/D
                                2.13           2.08 f        -0.05  (VIOLATED)
   dqpsk_mem_imag_reg[946][0]/D
                                2.13           2.08 f        -0.05  (VIOLATED)
   dqpsk_mem_imag_reg[947][0]/D
                                2.13           2.08 f        -0.05  (VIOLATED)
   dqpsk_mem_imag_reg[948][0]/D
                                2.13           2.08 f        -0.05  (VIOLATED)
   dqpsk_mem_imag_reg[949][0]/D
                                2.13           2.08 f        -0.05  (VIOLATED)
   dqpsk_mem_imag_reg[950][0]/D
                                2.13           2.08 f        -0.05  (VIOLATED)
   dqpsk_mem_imag_reg[951][0]/D
                                2.13           2.08 f        -0.05  (VIOLATED)
   dqpsk_mem_imag_reg[952][0]/D
                                2.13           2.08 f        -0.05  (VIOLATED)
   dqpsk_mem_imag_reg[953][0]/D
                                2.13           2.08 f        -0.05  (VIOLATED)
   dqpsk_mem_imag_reg[954][0]/D
                                2.13           2.08 f        -0.05  (VIOLATED)
   dqpsk_mem_imag_reg[955][0]/D
                                2.13           2.08 f        -0.05  (VIOLATED)
   dqpsk_mem_imag_reg[956][0]/D
                                2.13           2.08 f        -0.05  (VIOLATED)
   dqpsk_mem_imag_reg[957][0]/D
                                2.13           2.08 f        -0.05  (VIOLATED)
   dqpsk_mem_imag_reg[958][0]/D
                                2.13           2.08 f        -0.05  (VIOLATED)
   dqpsk_mem_imag_reg[959][0]/D
                                2.13           2.08 f        -0.05  (VIOLATED)
   dqpsk_mem_imag_reg[960][0]/D
                                2.13           2.08 f        -0.05  (VIOLATED)
   dqpsk_mem_imag_reg[961][0]/D
                                2.13           2.08 f        -0.05  (VIOLATED)
   dqpsk_mem_imag_reg[962][0]/D
                                2.13           2.08 f        -0.05  (VIOLATED)
   dqpsk_mem_imag_reg[963][0]/D
                                2.13           2.08 f        -0.05  (VIOLATED)
   dqpsk_mem_imag_reg[964][0]/D
                                2.13           2.08 f        -0.05  (VIOLATED)
   dqpsk_mem_imag_reg[965][0]/D
                                2.13           2.08 f        -0.05  (VIOLATED)
   dqpsk_mem_imag_reg[966][0]/D
                                2.13           2.08 f        -0.05  (VIOLATED)
   dqpsk_mem_imag_reg[967][0]/D
                                2.13           2.08 f        -0.05  (VIOLATED)
   dqpsk_mem_imag_reg[968][0]/D
                                2.13           2.08 f        -0.05  (VIOLATED)
   dqpsk_mem_imag_reg[969][0]/D
                                2.13           2.08 f        -0.05  (VIOLATED)
   dqpsk_mem_imag_reg[970][0]/D
                                2.13           2.08 f        -0.05  (VIOLATED)
   dqpsk_mem_imag_reg[971][0]/D
                                2.13           2.08 f        -0.05  (VIOLATED)
   dqpsk_mem_imag_reg[972][0]/D
                                2.13           2.08 f        -0.05  (VIOLATED)
   dqpsk_mem_imag_reg[973][0]/D
                                2.13           2.08 f        -0.05  (VIOLATED)
   dqpsk_mem_imag_reg[974][0]/D
                                2.13           2.08 f        -0.05  (VIOLATED)
   dqpsk_mem_imag_reg[975][0]/D
                                2.13           2.08 f        -0.05  (VIOLATED)
   dqpsk_mem_imag_reg[976][0]/D
                                2.13           2.08 f        -0.05  (VIOLATED)
   dqpsk_mem_imag_reg[977][0]/D
                                2.13           2.08 f        -0.05  (VIOLATED)
   dqpsk_mem_imag_reg[978][0]/D
                                2.13           2.08 f        -0.05  (VIOLATED)
   dqpsk_mem_imag_reg[979][0]/D
                                2.13           2.08 f        -0.05  (VIOLATED)
   dqpsk_mem_imag_reg[980][0]/D
                                2.13           2.08 f        -0.05  (VIOLATED)
   dqpsk_mem_imag_reg[981][0]/D
                                2.13           2.08 f        -0.05  (VIOLATED)
   dqpsk_mem_imag_reg[982][0]/D
                                2.13           2.08 f        -0.05  (VIOLATED)
   dqpsk_mem_imag_reg[983][0]/D
                                2.13           2.08 f        -0.05  (VIOLATED)
   dqpsk_mem_imag_reg[984][0]/D
                                2.13           2.08 f        -0.05  (VIOLATED)
   dqpsk_mem_imag_reg[985][0]/D
                                2.13           2.08 f        -0.05  (VIOLATED)
   dqpsk_mem_imag_reg[986][0]/D
                                2.13           2.08 f        -0.05  (VIOLATED)
   dqpsk_mem_imag_reg[987][0]/D
                                2.13           2.08 f        -0.05  (VIOLATED)
   dqpsk_mem_imag_reg[988][0]/D
                                2.13           2.08 f        -0.05  (VIOLATED)
   dqpsk_mem_imag_reg[989][0]/D
                                2.13           2.08 f        -0.05  (VIOLATED)
   dqpsk_mem_imag_reg[990][0]/D
                                2.13           2.08 f        -0.05  (VIOLATED)
   dqpsk_mem_imag_reg[991][0]/D
                                2.13           2.08 f        -0.05  (VIOLATED)
   dqpsk_mem_imag_reg[992][0]/D
                                2.13           2.08 f        -0.05  (VIOLATED)
   dqpsk_mem_imag_reg[993][0]/D
                                2.13           2.08 f        -0.05  (VIOLATED)
   dqpsk_mem_imag_reg[994][0]/D
                                2.13           2.08 f        -0.05  (VIOLATED)
   dqpsk_mem_imag_reg[995][0]/D
                                2.13           2.08 f        -0.05  (VIOLATED)
   dqpsk_mem_imag_reg[996][0]/D
                                2.13           2.08 f        -0.05  (VIOLATED)
   dqpsk_mem_imag_reg[997][0]/D
                                2.13           2.08 f        -0.05  (VIOLATED)
   dqpsk_mem_imag_reg[998][0]/D
                                2.13           2.08 f        -0.05  (VIOLATED)
   dqpsk_mem_imag_reg[999][0]/D
                                2.13           2.08 f        -0.05  (VIOLATED)
   dqpsk_mem_imag_reg[1000][0]/D
                                2.13           2.08 f        -0.05  (VIOLATED)
   dqpsk_mem_imag_reg[1001][0]/D
                                2.13           2.08 f        -0.05  (VIOLATED)
   dqpsk_mem_imag_reg[1002][0]/D
                                2.13           2.08 f        -0.05  (VIOLATED)
   dqpsk_mem_imag_reg[1003][0]/D
                                2.13           2.08 f        -0.05  (VIOLATED)
   dqpsk_mem_imag_reg[1004][0]/D
                                2.13           2.08 f        -0.05  (VIOLATED)
   dqpsk_mem_imag_reg[1005][0]/D
                                2.13           2.08 f        -0.05  (VIOLATED)
   dqpsk_mem_imag_reg[1006][0]/D
                                2.13           2.08 f        -0.05  (VIOLATED)
   dqpsk_mem_imag_reg[1007][0]/D
                                2.13           2.08 f        -0.05  (VIOLATED)
   dqpsk_mem_imag_reg[1008][0]/D
                                2.13           2.08 f        -0.05  (VIOLATED)
   dqpsk_mem_imag_reg[1009][0]/D
                                2.13           2.08 f        -0.05  (VIOLATED)
   dqpsk_mem_imag_reg[1010][0]/D
                                2.13           2.08 f        -0.05  (VIOLATED)
   dqpsk_mem_imag_reg[1011][0]/D
                                2.13           2.08 f        -0.05  (VIOLATED)
   dqpsk_mem_imag_reg[1012][0]/D
                                2.13           2.08 f        -0.05  (VIOLATED)
   dqpsk_mem_imag_reg[1013][0]/D
                                2.13           2.08 f        -0.05  (VIOLATED)
   dqpsk_mem_imag_reg[1014][0]/D
                                2.13           2.08 f        -0.05  (VIOLATED)
   dqpsk_mem_imag_reg[1015][0]/D
                                2.13           2.08 f        -0.05  (VIOLATED)
   dqpsk_mem_imag_reg[1016][0]/D
                                2.13           2.08 f        -0.05  (VIOLATED)
   dqpsk_mem_imag_reg[1017][0]/D
                                2.13           2.08 f        -0.05  (VIOLATED)
   dqpsk_mem_imag_reg[1018][0]/D
                                2.13           2.08 f        -0.05  (VIOLATED)
   dqpsk_mem_imag_reg[1019][0]/D
                                2.13           2.08 f        -0.05  (VIOLATED)
   dqpsk_mem_imag_reg[1020][0]/D
                                2.13           2.08 f        -0.05  (VIOLATED)
   dqpsk_mem_imag_reg[1021][0]/D
                                2.13           2.08 f        -0.05  (VIOLATED)
   dqpsk_mem_imag_reg[1022][0]/D
                                2.13           2.08 f        -0.05  (VIOLATED)
   dqpsk_mem_imag_reg[1023][0]/D
                                2.13           2.08 f        -0.05  (VIOLATED)
   dqpsk_mem_real_reg[0][0]/D
                                2.13           2.08 f        -0.05  (VIOLATED)
   dqpsk_mem_real_reg[1][0]/D
                                2.13           2.08 f        -0.05  (VIOLATED)
   dqpsk_mem_real_reg[2][0]/D
                                2.13           2.08 f        -0.05  (VIOLATED)
   dqpsk_mem_real_reg[3][0]/D
                                2.13           2.08 f        -0.05  (VIOLATED)
   dqpsk_mem_real_reg[4][0]/D
                                2.13           2.08 f        -0.05  (VIOLATED)
   dqpsk_mem_real_reg[5][0]/D
                                2.13           2.08 f        -0.05  (VIOLATED)
   dqpsk_mem_real_reg[6][0]/D
                                2.13           2.08 f        -0.05  (VIOLATED)
   dqpsk_mem_real_reg[7][0]/D
                                2.13           2.08 f        -0.05  (VIOLATED)
   dqpsk_mem_real_reg[8][0]/D
                                2.13           2.08 f        -0.05  (VIOLATED)
   dqpsk_mem_real_reg[9][0]/D
                                2.13           2.08 f        -0.05  (VIOLATED)
   dqpsk_mem_real_reg[10][0]/D
                                2.13           2.08 f        -0.05  (VIOLATED)
   dqpsk_mem_real_reg[11][0]/D
                                2.13           2.08 f        -0.05  (VIOLATED)
   dqpsk_mem_real_reg[12][0]/D
                                2.13           2.08 f        -0.05  (VIOLATED)
   dqpsk_mem_real_reg[13][0]/D
                                2.13           2.08 f        -0.05  (VIOLATED)
   dqpsk_mem_real_reg[14][0]/D
                                2.13           2.08 f        -0.05  (VIOLATED)
   dqpsk_mem_real_reg[15][0]/D
                                2.13           2.08 f        -0.05  (VIOLATED)
   dqpsk_mem_real_reg[16][0]/D
                                2.13           2.08 f        -0.05  (VIOLATED)
   dqpsk_mem_real_reg[17][0]/D
                                2.13           2.08 f        -0.05  (VIOLATED)
   dqpsk_mem_real_reg[18][0]/D
                                2.13           2.08 f        -0.05  (VIOLATED)
   dqpsk_mem_real_reg[19][0]/D
                                2.13           2.08 f        -0.05  (VIOLATED)
   dqpsk_mem_real_reg[20][0]/D
                                2.13           2.08 f        -0.05  (VIOLATED)
   dqpsk_mem_real_reg[21][0]/D
                                2.13           2.08 f        -0.05  (VIOLATED)
   dqpsk_mem_real_reg[22][0]/D
                                2.13           2.08 f        -0.05  (VIOLATED)
   dqpsk_mem_real_reg[23][0]/D
                                2.13           2.08 f        -0.05  (VIOLATED)
   dqpsk_mem_real_reg[24][0]/D
                                2.13           2.08 f        -0.05  (VIOLATED)
   dqpsk_mem_real_reg[25][0]/D
                                2.13           2.08 f        -0.05  (VIOLATED)
   dqpsk_mem_real_reg[26][0]/D
                                2.13           2.08 f        -0.05  (VIOLATED)
   dqpsk_mem_real_reg[27][0]/D
                                2.13           2.08 f        -0.05  (VIOLATED)
   dqpsk_mem_real_reg[28][0]/D
                                2.13           2.08 f        -0.05  (VIOLATED)
   dqpsk_mem_real_reg[29][0]/D
                                2.13           2.08 f        -0.05  (VIOLATED)
   dqpsk_mem_real_reg[30][0]/D
                                2.13           2.08 f        -0.05  (VIOLATED)
   dqpsk_mem_real_reg[31][0]/D
                                2.13           2.08 f        -0.05  (VIOLATED)
   dqpsk_mem_real_reg[32][0]/D
                                2.13           2.08 f        -0.05  (VIOLATED)
   dqpsk_mem_real_reg[33][0]/D
                                2.13           2.08 f        -0.05  (VIOLATED)
   dqpsk_mem_real_reg[34][0]/D
                                2.13           2.08 f        -0.05  (VIOLATED)
   dqpsk_mem_real_reg[35][0]/D
                                2.13           2.08 f        -0.05  (VIOLATED)
   dqpsk_mem_real_reg[36][0]/D
                                2.13           2.08 f        -0.05  (VIOLATED)
   dqpsk_mem_real_reg[37][0]/D
                                2.13           2.08 f        -0.05  (VIOLATED)
   dqpsk_mem_real_reg[38][0]/D
                                2.13           2.08 f        -0.05  (VIOLATED)
   dqpsk_mem_real_reg[39][0]/D
                                2.13           2.08 f        -0.05  (VIOLATED)
   dqpsk_mem_real_reg[40][0]/D
                                2.13           2.08 f        -0.05  (VIOLATED)
   dqpsk_mem_real_reg[41][0]/D
                                2.13           2.08 f        -0.05  (VIOLATED)
   dqpsk_mem_real_reg[42][0]/D
                                2.13           2.08 f        -0.05  (VIOLATED)
   dqpsk_mem_real_reg[43][0]/D
                                2.13           2.08 f        -0.05  (VIOLATED)
   dqpsk_mem_real_reg[44][0]/D
                                2.13           2.08 f        -0.05  (VIOLATED)
   dqpsk_mem_real_reg[45][0]/D
                                2.13           2.08 f        -0.05  (VIOLATED)
   dqpsk_mem_real_reg[46][0]/D
                                2.13           2.08 f        -0.05  (VIOLATED)
   dqpsk_mem_real_reg[47][0]/D
                                2.13           2.08 f        -0.05  (VIOLATED)
   dqpsk_mem_real_reg[48][0]/D
                                2.13           2.08 f        -0.05  (VIOLATED)
   dqpsk_mem_real_reg[49][0]/D
                                2.13           2.08 f        -0.05  (VIOLATED)
   dqpsk_mem_real_reg[50][0]/D
                                2.13           2.08 f        -0.05  (VIOLATED)
   dqpsk_mem_real_reg[51][0]/D
                                2.13           2.08 f        -0.05  (VIOLATED)
   dqpsk_mem_real_reg[52][0]/D
                                2.13           2.08 f        -0.05  (VIOLATED)
   dqpsk_mem_real_reg[53][0]/D
                                2.13           2.08 f        -0.05  (VIOLATED)
   dqpsk_mem_real_reg[54][0]/D
                                2.13           2.08 f        -0.05  (VIOLATED)
   dqpsk_mem_real_reg[55][0]/D
                                2.13           2.08 f        -0.05  (VIOLATED)
   dqpsk_mem_real_reg[56][0]/D
                                2.13           2.08 f        -0.05  (VIOLATED)
   dqpsk_mem_real_reg[57][0]/D
                                2.13           2.08 f        -0.05  (VIOLATED)
   dqpsk_mem_real_reg[58][0]/D
                                2.13           2.08 f        -0.05  (VIOLATED)
   dqpsk_mem_real_reg[59][0]/D
                                2.13           2.08 f        -0.05  (VIOLATED)
   dqpsk_mem_real_reg[60][0]/D
                                2.13           2.08 f        -0.05  (VIOLATED)
   dqpsk_mem_real_reg[61][0]/D
                                2.13           2.08 f        -0.05  (VIOLATED)
   dqpsk_mem_real_reg[62][0]/D
                                2.13           2.08 f        -0.05  (VIOLATED)
   dqpsk_mem_real_reg[63][0]/D
                                2.13           2.08 f        -0.05  (VIOLATED)
   dqpsk_mem_real_reg[64][0]/D
                                2.13           2.08 f        -0.05  (VIOLATED)
   dqpsk_mem_real_reg[65][0]/D
                                2.13           2.08 f        -0.05  (VIOLATED)
   dqpsk_mem_real_reg[66][0]/D
                                2.13           2.08 f        -0.05  (VIOLATED)
   dqpsk_mem_real_reg[67][0]/D
                                2.13           2.08 f        -0.05  (VIOLATED)
   dqpsk_mem_real_reg[68][0]/D
                                2.13           2.08 f        -0.05  (VIOLATED)
   dqpsk_mem_real_reg[69][0]/D
                                2.13           2.08 f        -0.05  (VIOLATED)
   dqpsk_mem_real_reg[70][0]/D
                                2.13           2.08 f        -0.05  (VIOLATED)
   dqpsk_mem_real_reg[71][0]/D
                                2.13           2.08 f        -0.05  (VIOLATED)
   dqpsk_mem_real_reg[72][0]/D
                                2.13           2.08 f        -0.05  (VIOLATED)
   dqpsk_mem_real_reg[73][0]/D
                                2.13           2.08 f        -0.05  (VIOLATED)
   dqpsk_mem_real_reg[74][0]/D
                                2.13           2.08 f        -0.05  (VIOLATED)
   dqpsk_mem_real_reg[75][0]/D
                                2.13           2.08 f        -0.05  (VIOLATED)
   dqpsk_mem_real_reg[76][0]/D
                                2.13           2.08 f        -0.05  (VIOLATED)
   dqpsk_mem_real_reg[77][0]/D
                                2.13           2.08 f        -0.05  (VIOLATED)
   dqpsk_mem_real_reg[78][0]/D
                                2.13           2.08 f        -0.05  (VIOLATED)
   dqpsk_mem_real_reg[79][0]/D
                                2.13           2.08 f        -0.05  (VIOLATED)
   dqpsk_mem_real_reg[80][0]/D
                                2.13           2.08 f        -0.05  (VIOLATED)
   dqpsk_mem_real_reg[81][0]/D
                                2.13           2.08 f        -0.05  (VIOLATED)
   dqpsk_mem_real_reg[82][0]/D
                                2.13           2.08 f        -0.05  (VIOLATED)
   dqpsk_mem_real_reg[83][0]/D
                                2.13           2.08 f        -0.05  (VIOLATED)
   dqpsk_mem_real_reg[84][0]/D
                                2.13           2.08 f        -0.05  (VIOLATED)
   dqpsk_mem_real_reg[85][0]/D
                                2.13           2.08 f        -0.05  (VIOLATED)
   dqpsk_mem_real_reg[86][0]/D
                                2.13           2.08 f        -0.05  (VIOLATED)
   dqpsk_mem_real_reg[87][0]/D
                                2.13           2.08 f        -0.05  (VIOLATED)
   dqpsk_mem_real_reg[88][0]/D
                                2.13           2.08 f        -0.05  (VIOLATED)
   dqpsk_mem_real_reg[89][0]/D
                                2.13           2.08 f        -0.05  (VIOLATED)
   dqpsk_mem_real_reg[90][0]/D
                                2.13           2.08 f        -0.05  (VIOLATED)
   dqpsk_mem_real_reg[91][0]/D
                                2.13           2.08 f        -0.05  (VIOLATED)
   dqpsk_mem_real_reg[92][0]/D
                                2.13           2.08 f        -0.05  (VIOLATED)
   dqpsk_mem_real_reg[93][0]/D
                                2.13           2.08 f        -0.05  (VIOLATED)
   dqpsk_mem_real_reg[94][0]/D
                                2.13           2.08 f        -0.05  (VIOLATED)
   dqpsk_mem_real_reg[95][0]/D
                                2.13           2.08 f        -0.05  (VIOLATED)
   dqpsk_mem_real_reg[96][0]/D
                                2.13           2.08 f        -0.05  (VIOLATED)
   dqpsk_mem_real_reg[97][0]/D
                                2.13           2.08 f        -0.05  (VIOLATED)
   dqpsk_mem_real_reg[98][0]/D
                                2.13           2.08 f        -0.05  (VIOLATED)
   dqpsk_mem_real_reg[99][0]/D
                                2.13           2.08 f        -0.05  (VIOLATED)
   dqpsk_mem_real_reg[100][0]/D
                                2.13           2.08 f        -0.05  (VIOLATED)
   dqpsk_mem_real_reg[101][0]/D
                                2.13           2.08 f        -0.05  (VIOLATED)
   dqpsk_mem_real_reg[102][0]/D
                                2.13           2.08 f        -0.05  (VIOLATED)
   dqpsk_mem_real_reg[103][0]/D
                                2.13           2.08 f        -0.05  (VIOLATED)
   dqpsk_mem_real_reg[104][0]/D
                                2.13           2.08 f        -0.05  (VIOLATED)
   dqpsk_mem_real_reg[105][0]/D
                                2.13           2.08 f        -0.05  (VIOLATED)
   dqpsk_mem_real_reg[106][0]/D
                                2.13           2.08 f        -0.05  (VIOLATED)
   dqpsk_mem_real_reg[107][0]/D
                                2.13           2.08 f        -0.05  (VIOLATED)
   dqpsk_mem_real_reg[108][0]/D
                                2.13           2.08 f        -0.05  (VIOLATED)
   dqpsk_mem_real_reg[109][0]/D
                                2.13           2.08 f        -0.05  (VIOLATED)
   dqpsk_mem_real_reg[110][0]/D
                                2.13           2.08 f        -0.05  (VIOLATED)
   dqpsk_mem_real_reg[111][0]/D
                                2.13           2.08 f        -0.05  (VIOLATED)
   dqpsk_mem_real_reg[112][0]/D
                                2.13           2.08 f        -0.05  (VIOLATED)
   dqpsk_mem_real_reg[113][0]/D
                                2.13           2.08 f        -0.05  (VIOLATED)
   dqpsk_mem_real_reg[114][0]/D
                                2.13           2.08 f        -0.05  (VIOLATED)
   dqpsk_mem_real_reg[115][0]/D
                                2.13           2.08 f        -0.05  (VIOLATED)
   dqpsk_mem_real_reg[116][0]/D
                                2.13           2.08 f        -0.05  (VIOLATED)
   dqpsk_mem_real_reg[117][0]/D
                                2.13           2.08 f        -0.05  (VIOLATED)
   dqpsk_mem_real_reg[118][0]/D
                                2.13           2.08 f        -0.05  (VIOLATED)
   dqpsk_mem_real_reg[119][0]/D
                                2.13           2.08 f        -0.05  (VIOLATED)
   dqpsk_mem_real_reg[120][0]/D
                                2.13           2.08 f        -0.05  (VIOLATED)
   dqpsk_mem_real_reg[121][0]/D
                                2.13           2.08 f        -0.05  (VIOLATED)
   dqpsk_mem_real_reg[122][0]/D
                                2.13           2.08 f        -0.05  (VIOLATED)
   dqpsk_mem_real_reg[123][0]/D
                                2.13           2.08 f        -0.05  (VIOLATED)
   dqpsk_mem_real_reg[124][0]/D
                                2.13           2.08 f        -0.05  (VIOLATED)
   dqpsk_mem_real_reg[125][0]/D
                                2.13           2.08 f        -0.05  (VIOLATED)
   dqpsk_mem_real_reg[126][0]/D
                                2.13           2.08 f        -0.05  (VIOLATED)
   dqpsk_mem_real_reg[127][0]/D
                                2.13           2.08 f        -0.05  (VIOLATED)
   dqpsk_mem_real_reg[128][0]/D
                                2.13           2.08 f        -0.05  (VIOLATED)
   dqpsk_mem_real_reg[129][0]/D
                                2.13           2.08 f        -0.05  (VIOLATED)
   dqpsk_mem_real_reg[130][0]/D
                                2.13           2.08 f        -0.05  (VIOLATED)
   dqpsk_mem_real_reg[131][0]/D
                                2.13           2.08 f        -0.05  (VIOLATED)
   dqpsk_mem_real_reg[132][0]/D
                                2.13           2.08 f        -0.05  (VIOLATED)
   dqpsk_mem_real_reg[133][0]/D
                                2.13           2.08 f        -0.05  (VIOLATED)
   dqpsk_mem_real_reg[134][0]/D
                                2.13           2.08 f        -0.05  (VIOLATED)
   dqpsk_mem_real_reg[135][0]/D
                                2.13           2.08 f        -0.05  (VIOLATED)
   dqpsk_mem_real_reg[136][0]/D
                                2.13           2.08 f        -0.05  (VIOLATED)
   dqpsk_mem_real_reg[137][0]/D
                                2.13           2.08 f        -0.05  (VIOLATED)
   dqpsk_mem_real_reg[138][0]/D
                                2.13           2.08 f        -0.05  (VIOLATED)
   dqpsk_mem_real_reg[139][0]/D
                                2.13           2.08 f        -0.05  (VIOLATED)
   dqpsk_mem_real_reg[140][0]/D
                                2.13           2.08 f        -0.05  (VIOLATED)
   dqpsk_mem_real_reg[141][0]/D
                                2.13           2.08 f        -0.05  (VIOLATED)
   dqpsk_mem_real_reg[142][0]/D
                                2.13           2.08 f        -0.05  (VIOLATED)
   dqpsk_mem_real_reg[143][0]/D
                                2.13           2.08 f        -0.05  (VIOLATED)
   dqpsk_mem_real_reg[144][0]/D
                                2.13           2.08 f        -0.05  (VIOLATED)
   dqpsk_mem_real_reg[145][0]/D
                                2.13           2.08 f        -0.05  (VIOLATED)
   dqpsk_mem_real_reg[146][0]/D
                                2.13           2.08 f        -0.05  (VIOLATED)
   dqpsk_mem_real_reg[147][0]/D
                                2.13           2.08 f        -0.05  (VIOLATED)
   dqpsk_mem_real_reg[148][0]/D
                                2.13           2.08 f        -0.05  (VIOLATED)
   dqpsk_mem_real_reg[149][0]/D
                                2.13           2.08 f        -0.05  (VIOLATED)
   dqpsk_mem_real_reg[150][0]/D
                                2.13           2.08 f        -0.05  (VIOLATED)
   dqpsk_mem_real_reg[151][0]/D
                                2.13           2.08 f        -0.05  (VIOLATED)
   dqpsk_mem_real_reg[152][0]/D
                                2.13           2.08 f        -0.05  (VIOLATED)
   dqpsk_mem_real_reg[153][0]/D
                                2.13           2.08 f        -0.05  (VIOLATED)
   dqpsk_mem_real_reg[154][0]/D
                                2.13           2.08 f        -0.05  (VIOLATED)
   dqpsk_mem_real_reg[155][0]/D
                                2.13           2.08 f        -0.05  (VIOLATED)
   dqpsk_mem_real_reg[156][0]/D
                                2.13           2.08 f        -0.05  (VIOLATED)
   dqpsk_mem_real_reg[157][0]/D
                                2.13           2.08 f        -0.05  (VIOLATED)
   dqpsk_mem_real_reg[158][0]/D
                                2.13           2.08 f        -0.05  (VIOLATED)
   dqpsk_mem_real_reg[159][0]/D
                                2.13           2.08 f        -0.05  (VIOLATED)
   dqpsk_mem_real_reg[160][0]/D
                                2.13           2.08 f        -0.05  (VIOLATED)
   dqpsk_mem_real_reg[161][0]/D
                                2.13           2.08 f        -0.05  (VIOLATED)
   dqpsk_mem_real_reg[162][0]/D
                                2.13           2.08 f        -0.05  (VIOLATED)
   dqpsk_mem_real_reg[163][0]/D
                                2.13           2.08 f        -0.05  (VIOLATED)
   dqpsk_mem_real_reg[164][0]/D
                                2.13           2.08 f        -0.05  (VIOLATED)
   dqpsk_mem_real_reg[165][0]/D
                                2.13           2.08 f        -0.05  (VIOLATED)
   dqpsk_mem_real_reg[166][0]/D
                                2.13           2.08 f        -0.05  (VIOLATED)
   dqpsk_mem_real_reg[167][0]/D
                                2.13           2.08 f        -0.05  (VIOLATED)
   dqpsk_mem_real_reg[168][0]/D
                                2.13           2.08 f        -0.05  (VIOLATED)
   dqpsk_mem_real_reg[169][0]/D
                                2.13           2.08 f        -0.05  (VIOLATED)
   dqpsk_mem_real_reg[170][0]/D
                                2.13           2.08 f        -0.05  (VIOLATED)
   dqpsk_mem_real_reg[171][0]/D
                                2.13           2.08 f        -0.05  (VIOLATED)
   dqpsk_mem_real_reg[172][0]/D
                                2.13           2.08 f        -0.05  (VIOLATED)
   dqpsk_mem_real_reg[173][0]/D
                                2.13           2.08 f        -0.05  (VIOLATED)
   dqpsk_mem_real_reg[174][0]/D
                                2.13           2.08 f        -0.05  (VIOLATED)
   dqpsk_mem_real_reg[175][0]/D
                                2.13           2.08 f        -0.05  (VIOLATED)
   dqpsk_mem_real_reg[176][0]/D
                                2.13           2.08 f        -0.05  (VIOLATED)
   dqpsk_mem_real_reg[177][0]/D
                                2.13           2.08 f        -0.05  (VIOLATED)
   dqpsk_mem_real_reg[178][0]/D
                                2.13           2.08 f        -0.05  (VIOLATED)
   dqpsk_mem_real_reg[179][0]/D
                                2.13           2.08 f        -0.05  (VIOLATED)
   dqpsk_mem_real_reg[180][0]/D
                                2.13           2.08 f        -0.05  (VIOLATED)
   dqpsk_mem_real_reg[181][0]/D
                                2.13           2.08 f        -0.05  (VIOLATED)
   dqpsk_mem_real_reg[182][0]/D
                                2.13           2.08 f        -0.05  (VIOLATED)
   dqpsk_mem_real_reg[183][0]/D
                                2.13           2.08 f        -0.05  (VIOLATED)
   dqpsk_mem_real_reg[184][0]/D
                                2.13           2.08 f        -0.05  (VIOLATED)
   dqpsk_mem_real_reg[185][0]/D
                                2.13           2.08 f        -0.05  (VIOLATED)
   dqpsk_mem_real_reg[186][0]/D
                                2.13           2.08 f        -0.05  (VIOLATED)
   dqpsk_mem_real_reg[187][0]/D
                                2.13           2.08 f        -0.05  (VIOLATED)
   dqpsk_mem_real_reg[188][0]/D
                                2.13           2.08 f        -0.05  (VIOLATED)
   dqpsk_mem_real_reg[189][0]/D
                                2.13           2.08 f        -0.05  (VIOLATED)
   dqpsk_mem_real_reg[190][0]/D
                                2.13           2.08 f        -0.05  (VIOLATED)
   dqpsk_mem_real_reg[191][0]/D
                                2.13           2.08 f        -0.05  (VIOLATED)
   dqpsk_mem_real_reg[192][0]/D
                                2.13           2.08 f        -0.05  (VIOLATED)
   dqpsk_mem_real_reg[193][0]/D
                                2.13           2.08 f        -0.05  (VIOLATED)
   dqpsk_mem_real_reg[194][0]/D
                                2.13           2.08 f        -0.05  (VIOLATED)
   dqpsk_mem_real_reg[195][0]/D
                                2.13           2.08 f        -0.05  (VIOLATED)
   dqpsk_mem_real_reg[196][0]/D
                                2.13           2.08 f        -0.05  (VIOLATED)
   dqpsk_mem_real_reg[197][0]/D
                                2.13           2.08 f        -0.05  (VIOLATED)
   dqpsk_mem_real_reg[198][0]/D
                                2.13           2.08 f        -0.05  (VIOLATED)
   dqpsk_mem_real_reg[199][0]/D
                                2.13           2.08 f        -0.05  (VIOLATED)
   dqpsk_mem_real_reg[200][0]/D
                                2.13           2.08 f        -0.05  (VIOLATED)
   dqpsk_mem_real_reg[201][0]/D
                                2.13           2.08 f        -0.05  (VIOLATED)
   dqpsk_mem_real_reg[202][0]/D
                                2.13           2.08 f        -0.05  (VIOLATED)
   dqpsk_mem_real_reg[203][0]/D
                                2.13           2.08 f        -0.05  (VIOLATED)
   dqpsk_mem_real_reg[204][0]/D
                                2.13           2.08 f        -0.05  (VIOLATED)
   dqpsk_mem_real_reg[205][0]/D
                                2.13           2.08 f        -0.05  (VIOLATED)
   dqpsk_mem_real_reg[206][0]/D
                                2.13           2.08 f        -0.05  (VIOLATED)
   dqpsk_mem_real_reg[207][0]/D
                                2.13           2.08 f        -0.05  (VIOLATED)
   dqpsk_mem_real_reg[208][0]/D
                                2.13           2.08 f        -0.05  (VIOLATED)
   dqpsk_mem_real_reg[209][0]/D
                                2.13           2.08 f        -0.05  (VIOLATED)
   dqpsk_mem_real_reg[210][0]/D
                                2.13           2.08 f        -0.05  (VIOLATED)
   dqpsk_mem_real_reg[211][0]/D
                                2.13           2.08 f        -0.05  (VIOLATED)
   dqpsk_mem_real_reg[212][0]/D
                                2.13           2.08 f        -0.05  (VIOLATED)
   dqpsk_mem_real_reg[213][0]/D
                                2.13           2.08 f        -0.05  (VIOLATED)
   dqpsk_mem_real_reg[214][0]/D
                                2.13           2.08 f        -0.05  (VIOLATED)
   dqpsk_mem_real_reg[215][0]/D
                                2.13           2.08 f        -0.05  (VIOLATED)
   dqpsk_mem_real_reg[216][0]/D
                                2.13           2.08 f        -0.05  (VIOLATED)
   dqpsk_mem_real_reg[217][0]/D
                                2.13           2.08 f        -0.05  (VIOLATED)
   dqpsk_mem_real_reg[218][0]/D
                                2.13           2.08 f        -0.05  (VIOLATED)
   dqpsk_mem_real_reg[219][0]/D
                                2.13           2.08 f        -0.05  (VIOLATED)
   dqpsk_mem_real_reg[220][0]/D
                                2.13           2.08 f        -0.05  (VIOLATED)
   dqpsk_mem_real_reg[221][0]/D
                                2.13           2.08 f        -0.05  (VIOLATED)
   dqpsk_mem_real_reg[222][0]/D
                                2.13           2.08 f        -0.05  (VIOLATED)
   dqpsk_mem_real_reg[223][0]/D
                                2.13           2.08 f        -0.05  (VIOLATED)
   dqpsk_mem_real_reg[224][0]/D
                                2.13           2.08 f        -0.05  (VIOLATED)
   dqpsk_mem_real_reg[225][0]/D
                                2.13           2.08 f        -0.05  (VIOLATED)
   dqpsk_mem_real_reg[226][0]/D
                                2.13           2.08 f        -0.05  (VIOLATED)
   dqpsk_mem_real_reg[227][0]/D
                                2.13           2.08 f        -0.05  (VIOLATED)
   dqpsk_mem_real_reg[228][0]/D
                                2.13           2.08 f        -0.05  (VIOLATED)
   dqpsk_mem_real_reg[229][0]/D
                                2.13           2.08 f        -0.05  (VIOLATED)
   dqpsk_mem_real_reg[230][0]/D
                                2.13           2.08 f        -0.05  (VIOLATED)
   dqpsk_mem_real_reg[231][0]/D
                                2.13           2.08 f        -0.05  (VIOLATED)
   dqpsk_mem_real_reg[232][0]/D
                                2.13           2.08 f        -0.05  (VIOLATED)
   dqpsk_mem_real_reg[233][0]/D
                                2.13           2.08 f        -0.05  (VIOLATED)
   dqpsk_mem_real_reg[234][0]/D
                                2.13           2.08 f        -0.05  (VIOLATED)
   dqpsk_mem_real_reg[235][0]/D
                                2.13           2.08 f        -0.05  (VIOLATED)
   dqpsk_mem_real_reg[236][0]/D
                                2.13           2.08 f        -0.05  (VIOLATED)
   dqpsk_mem_real_reg[237][0]/D
                                2.13           2.08 f        -0.05  (VIOLATED)
   dqpsk_mem_real_reg[238][0]/D
                                2.13           2.08 f        -0.05  (VIOLATED)
   dqpsk_mem_real_reg[239][0]/D
                                2.13           2.08 f        -0.05  (VIOLATED)
   dqpsk_mem_real_reg[240][0]/D
                                2.13           2.08 f        -0.05  (VIOLATED)
   dqpsk_mem_real_reg[241][0]/D
                                2.13           2.08 f        -0.05  (VIOLATED)
   dqpsk_mem_real_reg[242][0]/D
                                2.13           2.08 f        -0.05  (VIOLATED)
   dqpsk_mem_real_reg[243][0]/D
                                2.13           2.08 f        -0.05  (VIOLATED)
   dqpsk_mem_real_reg[244][0]/D
                                2.13           2.08 f        -0.05  (VIOLATED)
   dqpsk_mem_real_reg[245][0]/D
                                2.13           2.08 f        -0.05  (VIOLATED)
   dqpsk_mem_real_reg[246][0]/D
                                2.13           2.08 f        -0.05  (VIOLATED)
   dqpsk_mem_real_reg[247][0]/D
                                2.13           2.08 f        -0.05  (VIOLATED)
   dqpsk_mem_real_reg[248][0]/D
                                2.13           2.08 f        -0.05  (VIOLATED)
   dqpsk_mem_real_reg[249][0]/D
                                2.13           2.08 f        -0.05  (VIOLATED)
   dqpsk_mem_real_reg[250][0]/D
                                2.13           2.08 f        -0.05  (VIOLATED)
   dqpsk_mem_real_reg[251][0]/D
                                2.13           2.08 f        -0.05  (VIOLATED)
   dqpsk_mem_real_reg[252][0]/D
                                2.13           2.08 f        -0.05  (VIOLATED)
   dqpsk_mem_real_reg[253][0]/D
                                2.13           2.08 f        -0.05  (VIOLATED)
   dqpsk_mem_real_reg[254][0]/D
                                2.13           2.08 f        -0.05  (VIOLATED)
   dqpsk_mem_real_reg[255][0]/D
                                2.13           2.08 f        -0.05  (VIOLATED)
   dqpsk_mem_real_reg[256][0]/D
                                2.13           2.08 f        -0.05  (VIOLATED)
   dqpsk_mem_real_reg[257][0]/D
                                2.13           2.08 f        -0.05  (VIOLATED)
   dqpsk_mem_real_reg[258][0]/D
                                2.13           2.08 f        -0.05  (VIOLATED)
   dqpsk_mem_real_reg[259][0]/D
                                2.13           2.08 f        -0.05  (VIOLATED)
   dqpsk_mem_real_reg[260][0]/D
                                2.13           2.08 f        -0.05  (VIOLATED)
   dqpsk_mem_real_reg[261][0]/D
                                2.13           2.08 f        -0.05  (VIOLATED)
   dqpsk_mem_real_reg[262][0]/D
                                2.13           2.08 f        -0.05  (VIOLATED)
   dqpsk_mem_real_reg[263][0]/D
                                2.13           2.08 f        -0.05  (VIOLATED)
   dqpsk_mem_real_reg[264][0]/D
                                2.13           2.08 f        -0.05  (VIOLATED)
   dqpsk_mem_real_reg[265][0]/D
                                2.13           2.08 f        -0.05  (VIOLATED)
   dqpsk_mem_real_reg[266][0]/D
                                2.13           2.08 f        -0.05  (VIOLATED)
   dqpsk_mem_real_reg[267][0]/D
                                2.13           2.08 f        -0.05  (VIOLATED)
   dqpsk_mem_real_reg[268][0]/D
                                2.13           2.08 f        -0.05  (VIOLATED)
   dqpsk_mem_real_reg[269][0]/D
                                2.13           2.08 f        -0.05  (VIOLATED)
   dqpsk_mem_real_reg[270][0]/D
                                2.13           2.08 f        -0.05  (VIOLATED)
   dqpsk_mem_real_reg[271][0]/D
                                2.13           2.08 f        -0.05  (VIOLATED)
   dqpsk_mem_real_reg[272][0]/D
                                2.13           2.08 f        -0.05  (VIOLATED)
   dqpsk_mem_real_reg[273][0]/D
                                2.13           2.08 f        -0.05  (VIOLATED)
   dqpsk_mem_real_reg[274][0]/D
                                2.13           2.08 f        -0.05  (VIOLATED)
   dqpsk_mem_real_reg[275][0]/D
                                2.13           2.08 f        -0.05  (VIOLATED)
   dqpsk_mem_real_reg[276][0]/D
                                2.13           2.08 f        -0.05  (VIOLATED)
   dqpsk_mem_real_reg[277][0]/D
                                2.13           2.08 f        -0.05  (VIOLATED)
   dqpsk_mem_real_reg[278][0]/D
                                2.13           2.08 f        -0.05  (VIOLATED)
   dqpsk_mem_real_reg[279][0]/D
                                2.13           2.08 f        -0.05  (VIOLATED)
   dqpsk_mem_real_reg[280][0]/D
                                2.13           2.08 f        -0.05  (VIOLATED)
   dqpsk_mem_real_reg[281][0]/D
                                2.13           2.08 f        -0.05  (VIOLATED)
   dqpsk_mem_real_reg[282][0]/D
                                2.13           2.08 f        -0.05  (VIOLATED)
   dqpsk_mem_real_reg[283][0]/D
                                2.13           2.08 f        -0.05  (VIOLATED)
   dqpsk_mem_real_reg[284][0]/D
                                2.13           2.08 f        -0.05  (VIOLATED)
   dqpsk_mem_real_reg[285][0]/D
                                2.13           2.08 f        -0.05  (VIOLATED)
   dqpsk_mem_real_reg[286][0]/D
                                2.13           2.08 f        -0.05  (VIOLATED)
   dqpsk_mem_real_reg[287][0]/D
                                2.13           2.08 f        -0.05  (VIOLATED)
   dqpsk_mem_real_reg[288][0]/D
                                2.13           2.08 f        -0.05  (VIOLATED)
   dqpsk_mem_real_reg[289][0]/D
                                2.13           2.08 f        -0.05  (VIOLATED)
   dqpsk_mem_real_reg[290][0]/D
                                2.13           2.08 f        -0.05  (VIOLATED)
   dqpsk_mem_real_reg[291][0]/D
                                2.13           2.08 f        -0.05  (VIOLATED)
   dqpsk_mem_real_reg[292][0]/D
                                2.13           2.08 f        -0.05  (VIOLATED)
   dqpsk_mem_real_reg[293][0]/D
                                2.13           2.08 f        -0.05  (VIOLATED)
   dqpsk_mem_real_reg[294][0]/D
                                2.13           2.08 f        -0.05  (VIOLATED)
   dqpsk_mem_real_reg[295][0]/D
                                2.13           2.08 f        -0.05  (VIOLATED)
   dqpsk_mem_real_reg[296][0]/D
                                2.13           2.08 f        -0.05  (VIOLATED)
   dqpsk_mem_real_reg[297][0]/D
                                2.13           2.08 f        -0.05  (VIOLATED)
   dqpsk_mem_real_reg[298][0]/D
                                2.13           2.08 f        -0.05  (VIOLATED)
   dqpsk_mem_real_reg[299][0]/D
                                2.13           2.08 f        -0.05  (VIOLATED)
   dqpsk_mem_real_reg[300][0]/D
                                2.13           2.08 f        -0.05  (VIOLATED)
   dqpsk_mem_real_reg[301][0]/D
                                2.13           2.08 f        -0.05  (VIOLATED)
   dqpsk_mem_real_reg[302][0]/D
                                2.13           2.08 f        -0.05  (VIOLATED)
   dqpsk_mem_real_reg[303][0]/D
                                2.13           2.08 f        -0.05  (VIOLATED)
   dqpsk_mem_real_reg[304][0]/D
                                2.13           2.08 f        -0.05  (VIOLATED)
   dqpsk_mem_real_reg[305][0]/D
                                2.13           2.08 f        -0.05  (VIOLATED)
   dqpsk_mem_real_reg[306][0]/D
                                2.13           2.08 f        -0.05  (VIOLATED)
   dqpsk_mem_real_reg[307][0]/D
                                2.13           2.08 f        -0.05  (VIOLATED)
   dqpsk_mem_real_reg[308][0]/D
                                2.13           2.08 f        -0.05  (VIOLATED)
   dqpsk_mem_real_reg[309][0]/D
                                2.13           2.08 f        -0.05  (VIOLATED)
   dqpsk_mem_real_reg[310][0]/D
                                2.13           2.08 f        -0.05  (VIOLATED)
   dqpsk_mem_real_reg[311][0]/D
                                2.13           2.08 f        -0.05  (VIOLATED)
   dqpsk_mem_real_reg[312][0]/D
                                2.13           2.08 f        -0.05  (VIOLATED)
   dqpsk_mem_real_reg[313][0]/D
                                2.13           2.08 f        -0.05  (VIOLATED)
   dqpsk_mem_real_reg[314][0]/D
                                2.13           2.08 f        -0.05  (VIOLATED)
   dqpsk_mem_real_reg[315][0]/D
                                2.13           2.08 f        -0.05  (VIOLATED)
   dqpsk_mem_real_reg[316][0]/D
                                2.13           2.08 f        -0.05  (VIOLATED)
   dqpsk_mem_real_reg[317][0]/D
                                2.13           2.08 f        -0.05  (VIOLATED)
   dqpsk_mem_real_reg[318][0]/D
                                2.13           2.08 f        -0.05  (VIOLATED)
   dqpsk_mem_real_reg[319][0]/D
                                2.13           2.08 f        -0.05  (VIOLATED)
   dqpsk_mem_real_reg[320][0]/D
                                2.13           2.08 f        -0.05  (VIOLATED)
   dqpsk_mem_real_reg[321][0]/D
                                2.13           2.08 f        -0.05  (VIOLATED)
   dqpsk_mem_real_reg[322][0]/D
                                2.13           2.08 f        -0.05  (VIOLATED)
   dqpsk_mem_real_reg[323][0]/D
                                2.13           2.08 f        -0.05  (VIOLATED)
   dqpsk_mem_real_reg[324][0]/D
                                2.13           2.08 f        -0.05  (VIOLATED)
   dqpsk_mem_real_reg[325][0]/D
                                2.13           2.08 f        -0.05  (VIOLATED)
   dqpsk_mem_real_reg[326][0]/D
                                2.13           2.08 f        -0.05  (VIOLATED)
   dqpsk_mem_real_reg[327][0]/D
                                2.13           2.08 f        -0.05  (VIOLATED)
   dqpsk_mem_real_reg[328][0]/D
                                2.13           2.08 f        -0.05  (VIOLATED)
   dqpsk_mem_real_reg[329][0]/D
                                2.13           2.08 f        -0.05  (VIOLATED)
   dqpsk_mem_real_reg[330][0]/D
                                2.13           2.08 f        -0.05  (VIOLATED)
   dqpsk_mem_real_reg[331][0]/D
                                2.13           2.08 f        -0.05  (VIOLATED)
   dqpsk_mem_real_reg[332][0]/D
                                2.13           2.08 f        -0.05  (VIOLATED)
   dqpsk_mem_real_reg[333][0]/D
                                2.13           2.08 f        -0.05  (VIOLATED)
   dqpsk_mem_real_reg[334][0]/D
                                2.13           2.08 f        -0.05  (VIOLATED)
   dqpsk_mem_real_reg[335][0]/D
                                2.13           2.08 f        -0.05  (VIOLATED)
   dqpsk_mem_real_reg[336][0]/D
                                2.13           2.08 f        -0.05  (VIOLATED)
   dqpsk_mem_real_reg[337][0]/D
                                2.13           2.08 f        -0.05  (VIOLATED)
   dqpsk_mem_real_reg[338][0]/D
                                2.13           2.08 f        -0.05  (VIOLATED)
   dqpsk_mem_real_reg[339][0]/D
                                2.13           2.08 f        -0.05  (VIOLATED)
   dqpsk_mem_real_reg[340][0]/D
                                2.13           2.08 f        -0.05  (VIOLATED)
   dqpsk_mem_real_reg[341][0]/D
                                2.13           2.08 f        -0.05  (VIOLATED)
   dqpsk_mem_real_reg[342][0]/D
                                2.13           2.08 f        -0.05  (VIOLATED)
   dqpsk_mem_real_reg[343][0]/D
                                2.13           2.08 f        -0.05  (VIOLATED)
   dqpsk_mem_real_reg[344][0]/D
                                2.13           2.08 f        -0.05  (VIOLATED)
   dqpsk_mem_real_reg[345][0]/D
                                2.13           2.08 f        -0.05  (VIOLATED)
   dqpsk_mem_real_reg[346][0]/D
                                2.13           2.08 f        -0.05  (VIOLATED)
   dqpsk_mem_real_reg[347][0]/D
                                2.13           2.08 f        -0.05  (VIOLATED)
   dqpsk_mem_real_reg[348][0]/D
                                2.13           2.08 f        -0.05  (VIOLATED)
   dqpsk_mem_real_reg[349][0]/D
                                2.13           2.08 f        -0.05  (VIOLATED)
   dqpsk_mem_real_reg[350][0]/D
                                2.13           2.08 f        -0.05  (VIOLATED)
   dqpsk_mem_real_reg[351][0]/D
                                2.13           2.08 f        -0.05  (VIOLATED)
   dqpsk_mem_real_reg[352][0]/D
                                2.13           2.08 f        -0.05  (VIOLATED)
   dqpsk_mem_real_reg[353][0]/D
                                2.13           2.08 f        -0.05  (VIOLATED)
   dqpsk_mem_real_reg[354][0]/D
                                2.13           2.08 f        -0.05  (VIOLATED)
   dqpsk_mem_real_reg[355][0]/D
                                2.13           2.08 f        -0.05  (VIOLATED)
   dqpsk_mem_real_reg[356][0]/D
                                2.13           2.08 f        -0.05  (VIOLATED)
   dqpsk_mem_real_reg[357][0]/D
                                2.13           2.08 f        -0.05  (VIOLATED)
   dqpsk_mem_real_reg[358][0]/D
                                2.13           2.08 f        -0.05  (VIOLATED)
   dqpsk_mem_real_reg[359][0]/D
                                2.13           2.08 f        -0.05  (VIOLATED)
   dqpsk_mem_real_reg[360][0]/D
                                2.13           2.08 f        -0.05  (VIOLATED)
   dqpsk_mem_real_reg[361][0]/D
                                2.13           2.08 f        -0.05  (VIOLATED)
   dqpsk_mem_real_reg[362][0]/D
                                2.13           2.08 f        -0.05  (VIOLATED)
   dqpsk_mem_real_reg[363][0]/D
                                2.13           2.08 f        -0.05  (VIOLATED)
   dqpsk_mem_real_reg[364][0]/D
                                2.13           2.08 f        -0.05  (VIOLATED)
   dqpsk_mem_real_reg[365][0]/D
                                2.13           2.08 f        -0.05  (VIOLATED)
   dqpsk_mem_real_reg[366][0]/D
                                2.13           2.08 f        -0.05  (VIOLATED)
   dqpsk_mem_real_reg[367][0]/D
                                2.13           2.08 f        -0.05  (VIOLATED)
   dqpsk_mem_real_reg[368][0]/D
                                2.13           2.08 f        -0.05  (VIOLATED)
   dqpsk_mem_real_reg[369][0]/D
                                2.13           2.08 f        -0.05  (VIOLATED)
   dqpsk_mem_real_reg[370][0]/D
                                2.13           2.08 f        -0.05  (VIOLATED)
   dqpsk_mem_real_reg[371][0]/D
                                2.13           2.08 f        -0.05  (VIOLATED)
   dqpsk_mem_real_reg[372][0]/D
                                2.13           2.08 f        -0.05  (VIOLATED)
   dqpsk_mem_real_reg[373][0]/D
                                2.13           2.08 f        -0.05  (VIOLATED)
   dqpsk_mem_real_reg[374][0]/D
                                2.13           2.08 f        -0.05  (VIOLATED)
   dqpsk_mem_real_reg[375][0]/D
                                2.13           2.08 f        -0.05  (VIOLATED)
   dqpsk_mem_real_reg[376][0]/D
                                2.13           2.08 f        -0.05  (VIOLATED)
   dqpsk_mem_real_reg[377][0]/D
                                2.13           2.08 f        -0.05  (VIOLATED)
   dqpsk_mem_real_reg[378][0]/D
                                2.13           2.08 f        -0.05  (VIOLATED)
   dqpsk_mem_real_reg[379][0]/D
                                2.13           2.08 f        -0.05  (VIOLATED)
   dqpsk_mem_real_reg[380][0]/D
                                2.13           2.08 f        -0.05  (VIOLATED)
   dqpsk_mem_real_reg[381][0]/D
                                2.13           2.08 f        -0.05  (VIOLATED)
   dqpsk_mem_real_reg[382][0]/D
                                2.13           2.08 f        -0.05  (VIOLATED)
   dqpsk_mem_real_reg[383][0]/D
                                2.13           2.08 f        -0.05  (VIOLATED)
   dqpsk_mem_real_reg[384][0]/D
                                2.13           2.08 f        -0.05  (VIOLATED)
   dqpsk_mem_real_reg[385][0]/D
                                2.13           2.08 f        -0.05  (VIOLATED)
   dqpsk_mem_real_reg[386][0]/D
                                2.13           2.08 f        -0.05  (VIOLATED)
   dqpsk_mem_real_reg[387][0]/D
                                2.13           2.08 f        -0.05  (VIOLATED)
   dqpsk_mem_real_reg[388][0]/D
                                2.13           2.08 f        -0.05  (VIOLATED)
   dqpsk_mem_real_reg[389][0]/D
                                2.13           2.08 f        -0.05  (VIOLATED)
   dqpsk_mem_real_reg[390][0]/D
                                2.13           2.08 f        -0.05  (VIOLATED)
   dqpsk_mem_real_reg[391][0]/D
                                2.13           2.08 f        -0.05  (VIOLATED)
   dqpsk_mem_real_reg[392][0]/D
                                2.13           2.08 f        -0.05  (VIOLATED)
   dqpsk_mem_real_reg[393][0]/D
                                2.13           2.08 f        -0.05  (VIOLATED)
   dqpsk_mem_real_reg[394][0]/D
                                2.13           2.08 f        -0.05  (VIOLATED)
   dqpsk_mem_real_reg[395][0]/D
                                2.13           2.08 f        -0.05  (VIOLATED)
   dqpsk_mem_real_reg[396][0]/D
                                2.13           2.08 f        -0.05  (VIOLATED)
   dqpsk_mem_real_reg[397][0]/D
                                2.13           2.08 f        -0.05  (VIOLATED)
   dqpsk_mem_real_reg[398][0]/D
                                2.13           2.08 f        -0.05  (VIOLATED)
   dqpsk_mem_real_reg[399][0]/D
                                2.13           2.08 f        -0.05  (VIOLATED)
   dqpsk_mem_real_reg[400][0]/D
                                2.13           2.08 f        -0.05  (VIOLATED)
   dqpsk_mem_real_reg[401][0]/D
                                2.13           2.08 f        -0.05  (VIOLATED)
   dqpsk_mem_real_reg[402][0]/D
                                2.13           2.08 f        -0.05  (VIOLATED)
   dqpsk_mem_real_reg[403][0]/D
                                2.13           2.08 f        -0.05  (VIOLATED)
   dqpsk_mem_real_reg[404][0]/D
                                2.13           2.08 f        -0.05  (VIOLATED)
   dqpsk_mem_real_reg[405][0]/D
                                2.13           2.08 f        -0.05  (VIOLATED)
   dqpsk_mem_real_reg[406][0]/D
                                2.13           2.08 f        -0.05  (VIOLATED)
   dqpsk_mem_real_reg[407][0]/D
                                2.13           2.08 f        -0.05  (VIOLATED)
   dqpsk_mem_real_reg[408][0]/D
                                2.13           2.08 f        -0.05  (VIOLATED)
   dqpsk_mem_real_reg[409][0]/D
                                2.13           2.08 f        -0.05  (VIOLATED)
   dqpsk_mem_real_reg[410][0]/D
                                2.13           2.08 f        -0.05  (VIOLATED)
   dqpsk_mem_real_reg[411][0]/D
                                2.13           2.08 f        -0.05  (VIOLATED)
   dqpsk_mem_real_reg[412][0]/D
                                2.13           2.08 f        -0.05  (VIOLATED)
   dqpsk_mem_real_reg[413][0]/D
                                2.13           2.08 f        -0.05  (VIOLATED)
   dqpsk_mem_real_reg[414][0]/D
                                2.13           2.08 f        -0.05  (VIOLATED)
   dqpsk_mem_real_reg[415][0]/D
                                2.13           2.08 f        -0.05  (VIOLATED)
   dqpsk_mem_real_reg[416][0]/D
                                2.13           2.08 f        -0.05  (VIOLATED)
   dqpsk_mem_real_reg[417][0]/D
                                2.13           2.08 f        -0.05  (VIOLATED)
   dqpsk_mem_real_reg[418][0]/D
                                2.13           2.08 f        -0.05  (VIOLATED)
   dqpsk_mem_real_reg[419][0]/D
                                2.13           2.08 f        -0.05  (VIOLATED)
   dqpsk_mem_real_reg[420][0]/D
                                2.13           2.08 f        -0.05  (VIOLATED)
   dqpsk_mem_real_reg[421][0]/D
                                2.13           2.08 f        -0.05  (VIOLATED)
   dqpsk_mem_real_reg[422][0]/D
                                2.13           2.08 f        -0.05  (VIOLATED)
   dqpsk_mem_real_reg[423][0]/D
                                2.13           2.08 f        -0.05  (VIOLATED)
   dqpsk_mem_real_reg[424][0]/D
                                2.13           2.08 f        -0.05  (VIOLATED)
   dqpsk_mem_real_reg[425][0]/D
                                2.13           2.08 f        -0.05  (VIOLATED)
   dqpsk_mem_real_reg[426][0]/D
                                2.13           2.08 f        -0.05  (VIOLATED)
   dqpsk_mem_real_reg[427][0]/D
                                2.13           2.08 f        -0.05  (VIOLATED)
   dqpsk_mem_real_reg[428][0]/D
                                2.13           2.08 f        -0.05  (VIOLATED)
   dqpsk_mem_real_reg[429][0]/D
                                2.13           2.08 f        -0.05  (VIOLATED)
   dqpsk_mem_real_reg[430][0]/D
                                2.13           2.08 f        -0.05  (VIOLATED)
   dqpsk_mem_real_reg[431][0]/D
                                2.13           2.08 f        -0.05  (VIOLATED)
   dqpsk_mem_real_reg[432][0]/D
                                2.13           2.08 f        -0.05  (VIOLATED)
   dqpsk_mem_real_reg[433][0]/D
                                2.13           2.08 f        -0.05  (VIOLATED)
   dqpsk_mem_real_reg[434][0]/D
                                2.13           2.08 f        -0.05  (VIOLATED)
   dqpsk_mem_real_reg[435][0]/D
                                2.13           2.08 f        -0.05  (VIOLATED)
   dqpsk_mem_real_reg[436][0]/D
                                2.13           2.08 f        -0.05  (VIOLATED)
   dqpsk_mem_real_reg[437][0]/D
                                2.13           2.08 f        -0.05  (VIOLATED)
   dqpsk_mem_real_reg[438][0]/D
                                2.13           2.08 f        -0.05  (VIOLATED)
   dqpsk_mem_real_reg[439][0]/D
                                2.13           2.08 f        -0.05  (VIOLATED)
   dqpsk_mem_real_reg[440][0]/D
                                2.13           2.08 f        -0.05  (VIOLATED)
   dqpsk_mem_real_reg[441][0]/D
                                2.13           2.08 f        -0.05  (VIOLATED)
   dqpsk_mem_real_reg[442][0]/D
                                2.13           2.08 f        -0.05  (VIOLATED)
   dqpsk_mem_real_reg[443][0]/D
                                2.13           2.08 f        -0.05  (VIOLATED)
   dqpsk_mem_real_reg[444][0]/D
                                2.13           2.08 f        -0.05  (VIOLATED)
   dqpsk_mem_real_reg[445][0]/D
                                2.13           2.08 f        -0.05  (VIOLATED)
   dqpsk_mem_real_reg[446][0]/D
                                2.13           2.08 f        -0.05  (VIOLATED)
   dqpsk_mem_real_reg[447][0]/D
                                2.13           2.08 f        -0.05  (VIOLATED)
   dqpsk_mem_real_reg[448][0]/D
                                2.13           2.08 f        -0.05  (VIOLATED)
   dqpsk_mem_real_reg[449][0]/D
                                2.13           2.08 f        -0.05  (VIOLATED)
   dqpsk_mem_real_reg[450][0]/D
                                2.13           2.08 f        -0.05  (VIOLATED)
   dqpsk_mem_real_reg[451][0]/D
                                2.13           2.08 f        -0.05  (VIOLATED)
   dqpsk_mem_real_reg[452][0]/D
                                2.13           2.08 f        -0.05  (VIOLATED)
   dqpsk_mem_real_reg[453][0]/D
                                2.13           2.08 f        -0.05  (VIOLATED)
   dqpsk_mem_real_reg[454][0]/D
                                2.13           2.08 f        -0.05  (VIOLATED)
   dqpsk_mem_real_reg[455][0]/D
                                2.13           2.08 f        -0.05  (VIOLATED)
   dqpsk_mem_real_reg[456][0]/D
                                2.13           2.08 f        -0.05  (VIOLATED)
   dqpsk_mem_real_reg[457][0]/D
                                2.13           2.08 f        -0.05  (VIOLATED)
   dqpsk_mem_real_reg[458][0]/D
                                2.13           2.08 f        -0.05  (VIOLATED)
   dqpsk_mem_real_reg[459][0]/D
                                2.13           2.08 f        -0.05  (VIOLATED)
   dqpsk_mem_real_reg[460][0]/D
                                2.13           2.08 f        -0.05  (VIOLATED)
   dqpsk_mem_real_reg[461][0]/D
                                2.13           2.08 f        -0.05  (VIOLATED)
   dqpsk_mem_real_reg[462][0]/D
                                2.13           2.08 f        -0.05  (VIOLATED)
   dqpsk_mem_real_reg[463][0]/D
                                2.13           2.08 f        -0.05  (VIOLATED)
   dqpsk_mem_real_reg[464][0]/D
                                2.13           2.08 f        -0.05  (VIOLATED)
   dqpsk_mem_real_reg[465][0]/D
                                2.13           2.08 f        -0.05  (VIOLATED)
   dqpsk_mem_real_reg[466][0]/D
                                2.13           2.08 f        -0.05  (VIOLATED)
   dqpsk_mem_real_reg[467][0]/D
                                2.13           2.08 f        -0.05  (VIOLATED)
   dqpsk_mem_real_reg[468][0]/D
                                2.13           2.08 f        -0.05  (VIOLATED)
   dqpsk_mem_real_reg[469][0]/D
                                2.13           2.08 f        -0.05  (VIOLATED)
   dqpsk_mem_real_reg[470][0]/D
                                2.13           2.08 f        -0.05  (VIOLATED)
   dqpsk_mem_real_reg[471][0]/D
                                2.13           2.08 f        -0.05  (VIOLATED)
   dqpsk_mem_real_reg[472][0]/D
                                2.13           2.08 f        -0.05  (VIOLATED)
   dqpsk_mem_real_reg[473][0]/D
                                2.13           2.08 f        -0.05  (VIOLATED)
   dqpsk_mem_real_reg[474][0]/D
                                2.13           2.08 f        -0.05  (VIOLATED)
   dqpsk_mem_real_reg[475][0]/D
                                2.13           2.08 f        -0.05  (VIOLATED)
   dqpsk_mem_real_reg[476][0]/D
                                2.13           2.08 f        -0.05  (VIOLATED)
   dqpsk_mem_real_reg[477][0]/D
                                2.13           2.08 f        -0.05  (VIOLATED)
   dqpsk_mem_real_reg[478][0]/D
                                2.13           2.08 f        -0.05  (VIOLATED)
   dqpsk_mem_real_reg[479][0]/D
                                2.13           2.08 f        -0.05  (VIOLATED)
   dqpsk_mem_real_reg[480][0]/D
                                2.13           2.08 f        -0.05  (VIOLATED)
   dqpsk_mem_real_reg[481][0]/D
                                2.13           2.08 f        -0.05  (VIOLATED)
   dqpsk_mem_real_reg[482][0]/D
                                2.13           2.08 f        -0.05  (VIOLATED)
   dqpsk_mem_real_reg[483][0]/D
                                2.13           2.08 f        -0.05  (VIOLATED)
   dqpsk_mem_real_reg[484][0]/D
                                2.13           2.08 f        -0.05  (VIOLATED)
   dqpsk_mem_real_reg[485][0]/D
                                2.13           2.08 f        -0.05  (VIOLATED)
   dqpsk_mem_real_reg[486][0]/D
                                2.13           2.08 f        -0.05  (VIOLATED)
   dqpsk_mem_real_reg[487][0]/D
                                2.13           2.08 f        -0.05  (VIOLATED)
   dqpsk_mem_real_reg[488][0]/D
                                2.13           2.08 f        -0.05  (VIOLATED)
   dqpsk_mem_real_reg[489][0]/D
                                2.13           2.08 f        -0.05  (VIOLATED)
   dqpsk_mem_real_reg[490][0]/D
                                2.13           2.08 f        -0.05  (VIOLATED)
   dqpsk_mem_real_reg[491][0]/D
                                2.13           2.08 f        -0.05  (VIOLATED)
   dqpsk_mem_real_reg[492][0]/D
                                2.13           2.08 f        -0.05  (VIOLATED)
   dqpsk_mem_real_reg[493][0]/D
                                2.13           2.08 f        -0.05  (VIOLATED)
   dqpsk_mem_real_reg[494][0]/D
                                2.13           2.08 f        -0.05  (VIOLATED)
   dqpsk_mem_real_reg[495][0]/D
                                2.13           2.08 f        -0.05  (VIOLATED)
   dqpsk_mem_real_reg[496][0]/D
                                2.13           2.08 f        -0.05  (VIOLATED)
   dqpsk_mem_real_reg[497][0]/D
                                2.13           2.08 f        -0.05  (VIOLATED)
   dqpsk_mem_real_reg[498][0]/D
                                2.13           2.08 f        -0.05  (VIOLATED)
   dqpsk_mem_real_reg[499][0]/D
                                2.13           2.08 f        -0.05  (VIOLATED)
   dqpsk_mem_real_reg[500][0]/D
                                2.13           2.08 f        -0.05  (VIOLATED)
   dqpsk_mem_real_reg[501][0]/D
                                2.13           2.08 f        -0.05  (VIOLATED)
   dqpsk_mem_real_reg[502][0]/D
                                2.13           2.08 f        -0.05  (VIOLATED)
   dqpsk_mem_real_reg[503][0]/D
                                2.13           2.08 f        -0.05  (VIOLATED)
   dqpsk_mem_real_reg[504][0]/D
                                2.13           2.08 f        -0.05  (VIOLATED)
   dqpsk_mem_real_reg[505][0]/D
                                2.13           2.08 f        -0.05  (VIOLATED)
   dqpsk_mem_real_reg[506][0]/D
                                2.13           2.08 f        -0.05  (VIOLATED)
   dqpsk_mem_real_reg[507][0]/D
                                2.13           2.08 f        -0.05  (VIOLATED)
   dqpsk_mem_real_reg[508][0]/D
                                2.13           2.08 f        -0.05  (VIOLATED)
   dqpsk_mem_real_reg[509][0]/D
                                2.13           2.08 f        -0.05  (VIOLATED)
   dqpsk_mem_real_reg[510][0]/D
                                2.13           2.08 f        -0.05  (VIOLATED)
   dqpsk_mem_real_reg[511][0]/D
                                2.13           2.08 f        -0.05  (VIOLATED)
   dqpsk_mem_real_reg[512][0]/D
                                2.13           2.08 f        -0.05  (VIOLATED)
   dqpsk_mem_real_reg[513][0]/D
                                2.13           2.08 f        -0.05  (VIOLATED)
   dqpsk_mem_real_reg[514][0]/D
                                2.13           2.08 f        -0.05  (VIOLATED)
   dqpsk_mem_real_reg[515][0]/D
                                2.13           2.08 f        -0.05  (VIOLATED)
   dqpsk_mem_real_reg[516][0]/D
                                2.13           2.08 f        -0.05  (VIOLATED)
   dqpsk_mem_real_reg[517][0]/D
                                2.13           2.08 f        -0.05  (VIOLATED)
   dqpsk_mem_real_reg[518][0]/D
                                2.13           2.08 f        -0.05  (VIOLATED)
   dqpsk_mem_real_reg[519][0]/D
                                2.13           2.08 f        -0.05  (VIOLATED)
   dqpsk_mem_real_reg[520][0]/D
                                2.13           2.08 f        -0.05  (VIOLATED)
   dqpsk_mem_real_reg[521][0]/D
                                2.13           2.08 f        -0.05  (VIOLATED)
   dqpsk_mem_real_reg[522][0]/D
                                2.13           2.08 f        -0.05  (VIOLATED)
   dqpsk_mem_real_reg[523][0]/D
                                2.13           2.08 f        -0.05  (VIOLATED)
   dqpsk_mem_real_reg[524][0]/D
                                2.13           2.08 f        -0.05  (VIOLATED)
   dqpsk_mem_real_reg[525][0]/D
                                2.13           2.08 f        -0.05  (VIOLATED)
   dqpsk_mem_real_reg[526][0]/D
                                2.13           2.08 f        -0.05  (VIOLATED)
   dqpsk_mem_real_reg[527][0]/D
                                2.13           2.08 f        -0.05  (VIOLATED)
   dqpsk_mem_real_reg[528][0]/D
                                2.13           2.08 f        -0.05  (VIOLATED)
   dqpsk_mem_real_reg[529][0]/D
                                2.13           2.08 f        -0.05  (VIOLATED)
   dqpsk_mem_real_reg[530][0]/D
                                2.13           2.08 f        -0.05  (VIOLATED)
   dqpsk_mem_real_reg[531][0]/D
                                2.13           2.08 f        -0.05  (VIOLATED)
   dqpsk_mem_real_reg[532][0]/D
                                2.13           2.08 f        -0.05  (VIOLATED)
   dqpsk_mem_real_reg[533][0]/D
                                2.13           2.08 f        -0.05  (VIOLATED)
   dqpsk_mem_real_reg[534][0]/D
                                2.13           2.08 f        -0.05  (VIOLATED)
   dqpsk_mem_real_reg[535][0]/D
                                2.13           2.08 f        -0.05  (VIOLATED)
   dqpsk_mem_real_reg[536][0]/D
                                2.13           2.08 f        -0.05  (VIOLATED)
   dqpsk_mem_real_reg[537][0]/D
                                2.13           2.08 f        -0.05  (VIOLATED)
   dqpsk_mem_real_reg[538][0]/D
                                2.13           2.08 f        -0.05  (VIOLATED)
   dqpsk_mem_real_reg[539][0]/D
                                2.13           2.08 f        -0.05  (VIOLATED)
   dqpsk_mem_real_reg[540][0]/D
                                2.13           2.08 f        -0.05  (VIOLATED)
   dqpsk_mem_real_reg[541][0]/D
                                2.13           2.08 f        -0.05  (VIOLATED)
   dqpsk_mem_real_reg[542][0]/D
                                2.13           2.08 f        -0.05  (VIOLATED)
   dqpsk_mem_real_reg[543][0]/D
                                2.13           2.08 f        -0.05  (VIOLATED)
   dqpsk_mem_real_reg[544][0]/D
                                2.13           2.08 f        -0.05  (VIOLATED)
   dqpsk_mem_real_reg[545][0]/D
                                2.13           2.08 f        -0.05  (VIOLATED)
   dqpsk_mem_real_reg[546][0]/D
                                2.13           2.08 f        -0.05  (VIOLATED)
   dqpsk_mem_real_reg[547][0]/D
                                2.13           2.08 f        -0.05  (VIOLATED)
   dqpsk_mem_real_reg[548][0]/D
                                2.13           2.08 f        -0.05  (VIOLATED)
   dqpsk_mem_real_reg[549][0]/D
                                2.13           2.08 f        -0.05  (VIOLATED)
   dqpsk_mem_real_reg[550][0]/D
                                2.13           2.08 f        -0.05  (VIOLATED)
   dqpsk_mem_real_reg[551][0]/D
                                2.13           2.08 f        -0.05  (VIOLATED)
   dqpsk_mem_real_reg[552][0]/D
                                2.13           2.08 f        -0.05  (VIOLATED)
   dqpsk_mem_real_reg[553][0]/D
                                2.13           2.08 f        -0.05  (VIOLATED)
   dqpsk_mem_real_reg[554][0]/D
                                2.13           2.08 f        -0.05  (VIOLATED)
   dqpsk_mem_real_reg[555][0]/D
                                2.13           2.08 f        -0.05  (VIOLATED)
   dqpsk_mem_real_reg[556][0]/D
                                2.13           2.08 f        -0.05  (VIOLATED)
   dqpsk_mem_real_reg[557][0]/D
                                2.13           2.08 f        -0.05  (VIOLATED)
   dqpsk_mem_real_reg[558][0]/D
                                2.13           2.08 f        -0.05  (VIOLATED)
   dqpsk_mem_real_reg[559][0]/D
                                2.13           2.08 f        -0.05  (VIOLATED)
   dqpsk_mem_real_reg[560][0]/D
                                2.13           2.08 f        -0.05  (VIOLATED)
   dqpsk_mem_real_reg[561][0]/D
                                2.13           2.08 f        -0.05  (VIOLATED)
   dqpsk_mem_real_reg[562][0]/D
                                2.13           2.08 f        -0.05  (VIOLATED)
   dqpsk_mem_real_reg[563][0]/D
                                2.13           2.08 f        -0.05  (VIOLATED)
   dqpsk_mem_real_reg[564][0]/D
                                2.13           2.08 f        -0.05  (VIOLATED)
   dqpsk_mem_real_reg[565][0]/D
                                2.13           2.08 f        -0.05  (VIOLATED)
   dqpsk_mem_real_reg[566][0]/D
                                2.13           2.08 f        -0.05  (VIOLATED)
   dqpsk_mem_real_reg[567][0]/D
                                2.13           2.08 f        -0.05  (VIOLATED)
   dqpsk_mem_real_reg[568][0]/D
                                2.13           2.08 f        -0.05  (VIOLATED)
   dqpsk_mem_real_reg[569][0]/D
                                2.13           2.08 f        -0.05  (VIOLATED)
   dqpsk_mem_real_reg[570][0]/D
                                2.13           2.08 f        -0.05  (VIOLATED)
   dqpsk_mem_real_reg[571][0]/D
                                2.13           2.08 f        -0.05  (VIOLATED)
   dqpsk_mem_real_reg[572][0]/D
                                2.13           2.08 f        -0.05  (VIOLATED)
   dqpsk_mem_real_reg[573][0]/D
                                2.13           2.08 f        -0.05  (VIOLATED)
   dqpsk_mem_real_reg[574][0]/D
                                2.13           2.08 f        -0.05  (VIOLATED)
   dqpsk_mem_real_reg[575][0]/D
                                2.13           2.08 f        -0.05  (VIOLATED)
   dqpsk_mem_real_reg[576][0]/D
                                2.13           2.08 f        -0.05  (VIOLATED)
   dqpsk_mem_real_reg[577][0]/D
                                2.13           2.08 f        -0.05  (VIOLATED)
   dqpsk_mem_real_reg[578][0]/D
                                2.13           2.08 f        -0.05  (VIOLATED)
   dqpsk_mem_real_reg[579][0]/D
                                2.13           2.08 f        -0.05  (VIOLATED)
   dqpsk_mem_real_reg[580][0]/D
                                2.13           2.08 f        -0.05  (VIOLATED)
   dqpsk_mem_real_reg[581][0]/D
                                2.13           2.08 f        -0.05  (VIOLATED)
   dqpsk_mem_real_reg[582][0]/D
                                2.13           2.08 f        -0.05  (VIOLATED)
   dqpsk_mem_real_reg[583][0]/D
                                2.13           2.08 f        -0.05  (VIOLATED)
   dqpsk_mem_real_reg[584][0]/D
                                2.13           2.08 f        -0.05  (VIOLATED)
   dqpsk_mem_real_reg[585][0]/D
                                2.13           2.08 f        -0.05  (VIOLATED)
   dqpsk_mem_real_reg[586][0]/D
                                2.13           2.08 f        -0.05  (VIOLATED)
   dqpsk_mem_real_reg[587][0]/D
                                2.13           2.08 f        -0.05  (VIOLATED)
   dqpsk_mem_real_reg[588][0]/D
                                2.13           2.08 f        -0.05  (VIOLATED)
   dqpsk_mem_real_reg[589][0]/D
                                2.13           2.08 f        -0.05  (VIOLATED)
   dqpsk_mem_real_reg[590][0]/D
                                2.13           2.08 f        -0.05  (VIOLATED)
   dqpsk_mem_real_reg[591][0]/D
                                2.13           2.08 f        -0.05  (VIOLATED)
   dqpsk_mem_real_reg[592][0]/D
                                2.13           2.08 f        -0.05  (VIOLATED)
   dqpsk_mem_real_reg[593][0]/D
                                2.13           2.08 f        -0.05  (VIOLATED)
   dqpsk_mem_real_reg[594][0]/D
                                2.13           2.08 f        -0.05  (VIOLATED)
   dqpsk_mem_real_reg[595][0]/D
                                2.13           2.08 f        -0.05  (VIOLATED)
   dqpsk_mem_real_reg[596][0]/D
                                2.13           2.08 f        -0.05  (VIOLATED)
   dqpsk_mem_real_reg[597][0]/D
                                2.13           2.08 f        -0.05  (VIOLATED)
   dqpsk_mem_real_reg[598][0]/D
                                2.13           2.08 f        -0.05  (VIOLATED)
   dqpsk_mem_real_reg[599][0]/D
                                2.13           2.08 f        -0.05  (VIOLATED)
   dqpsk_mem_real_reg[600][0]/D
                                2.13           2.08 f        -0.05  (VIOLATED)
   dqpsk_mem_real_reg[601][0]/D
                                2.13           2.08 f        -0.05  (VIOLATED)
   dqpsk_mem_real_reg[602][0]/D
                                2.13           2.08 f        -0.05  (VIOLATED)
   dqpsk_mem_real_reg[603][0]/D
                                2.13           2.08 f        -0.05  (VIOLATED)
   dqpsk_mem_real_reg[604][0]/D
                                2.13           2.08 f        -0.05  (VIOLATED)
   dqpsk_mem_real_reg[605][0]/D
                                2.13           2.08 f        -0.05  (VIOLATED)
   dqpsk_mem_real_reg[606][0]/D
                                2.13           2.08 f        -0.05  (VIOLATED)
   dqpsk_mem_real_reg[607][0]/D
                                2.13           2.08 f        -0.05  (VIOLATED)
   dqpsk_mem_real_reg[608][0]/D
                                2.13           2.08 f        -0.05  (VIOLATED)
   dqpsk_mem_real_reg[609][0]/D
                                2.13           2.08 f        -0.05  (VIOLATED)
   dqpsk_mem_real_reg[610][0]/D
                                2.13           2.08 f        -0.05  (VIOLATED)
   dqpsk_mem_real_reg[611][0]/D
                                2.13           2.08 f        -0.05  (VIOLATED)
   dqpsk_mem_real_reg[612][0]/D
                                2.13           2.08 f        -0.05  (VIOLATED)
   dqpsk_mem_real_reg[613][0]/D
                                2.13           2.08 f        -0.05  (VIOLATED)
   dqpsk_mem_real_reg[614][0]/D
                                2.13           2.08 f        -0.05  (VIOLATED)
   dqpsk_mem_real_reg[615][0]/D
                                2.13           2.08 f        -0.05  (VIOLATED)
   dqpsk_mem_real_reg[616][0]/D
                                2.13           2.08 f        -0.05  (VIOLATED)
   dqpsk_mem_real_reg[617][0]/D
                                2.13           2.08 f        -0.05  (VIOLATED)
   dqpsk_mem_real_reg[618][0]/D
                                2.13           2.08 f        -0.05  (VIOLATED)
   dqpsk_mem_real_reg[619][0]/D
                                2.13           2.08 f        -0.05  (VIOLATED)
   dqpsk_mem_real_reg[620][0]/D
                                2.13           2.08 f        -0.05  (VIOLATED)
   dqpsk_mem_real_reg[621][0]/D
                                2.13           2.08 f        -0.05  (VIOLATED)
   dqpsk_mem_real_reg[622][0]/D
                                2.13           2.08 f        -0.05  (VIOLATED)
   dqpsk_mem_real_reg[623][0]/D
                                2.13           2.08 f        -0.05  (VIOLATED)
   dqpsk_mem_real_reg[624][0]/D
                                2.13           2.08 f        -0.05  (VIOLATED)
   dqpsk_mem_real_reg[625][0]/D
                                2.13           2.08 f        -0.05  (VIOLATED)
   dqpsk_mem_real_reg[626][0]/D
                                2.13           2.08 f        -0.05  (VIOLATED)
   dqpsk_mem_real_reg[627][0]/D
                                2.13           2.08 f        -0.05  (VIOLATED)
   dqpsk_mem_real_reg[628][0]/D
                                2.13           2.08 f        -0.05  (VIOLATED)
   dqpsk_mem_real_reg[629][0]/D
                                2.13           2.08 f        -0.05  (VIOLATED)
   dqpsk_mem_real_reg[630][0]/D
                                2.13           2.08 f        -0.05  (VIOLATED)
   dqpsk_mem_real_reg[631][0]/D
                                2.13           2.08 f        -0.05  (VIOLATED)
   dqpsk_mem_real_reg[632][0]/D
                                2.13           2.08 f        -0.05  (VIOLATED)
   dqpsk_mem_real_reg[633][0]/D
                                2.13           2.08 f        -0.05  (VIOLATED)
   dqpsk_mem_real_reg[634][0]/D
                                2.13           2.08 f        -0.05  (VIOLATED)
   dqpsk_mem_real_reg[635][0]/D
                                2.13           2.08 f        -0.05  (VIOLATED)
   dqpsk_mem_real_reg[636][0]/D
                                2.13           2.08 f        -0.05  (VIOLATED)
   dqpsk_mem_real_reg[637][0]/D
                                2.13           2.08 f        -0.05  (VIOLATED)
   dqpsk_mem_real_reg[638][0]/D
                                2.13           2.08 f        -0.05  (VIOLATED)
   dqpsk_mem_real_reg[639][0]/D
                                2.13           2.08 f        -0.05  (VIOLATED)
   dqpsk_mem_real_reg[640][0]/D
                                2.13           2.08 f        -0.05  (VIOLATED)
   dqpsk_mem_real_reg[641][0]/D
                                2.13           2.08 f        -0.05  (VIOLATED)
   dqpsk_mem_real_reg[642][0]/D
                                2.13           2.08 f        -0.05  (VIOLATED)
   dqpsk_mem_real_reg[643][0]/D
                                2.13           2.08 f        -0.05  (VIOLATED)
   dqpsk_mem_real_reg[644][0]/D
                                2.13           2.08 f        -0.05  (VIOLATED)
   dqpsk_mem_real_reg[645][0]/D
                                2.13           2.08 f        -0.05  (VIOLATED)
   dqpsk_mem_real_reg[646][0]/D
                                2.13           2.08 f        -0.05  (VIOLATED)
   dqpsk_mem_real_reg[647][0]/D
                                2.13           2.08 f        -0.05  (VIOLATED)
   dqpsk_mem_real_reg[648][0]/D
                                2.13           2.08 f        -0.05  (VIOLATED)
   dqpsk_mem_real_reg[649][0]/D
                                2.13           2.08 f        -0.05  (VIOLATED)
   dqpsk_mem_real_reg[650][0]/D
                                2.13           2.08 f        -0.05  (VIOLATED)
   dqpsk_mem_real_reg[651][0]/D
                                2.13           2.08 f        -0.05  (VIOLATED)
   dqpsk_mem_real_reg[652][0]/D
                                2.13           2.08 f        -0.05  (VIOLATED)
   dqpsk_mem_real_reg[653][0]/D
                                2.13           2.08 f        -0.05  (VIOLATED)
   dqpsk_mem_real_reg[654][0]/D
                                2.13           2.08 f        -0.05  (VIOLATED)
   dqpsk_mem_real_reg[655][0]/D
                                2.13           2.08 f        -0.05  (VIOLATED)
   dqpsk_mem_real_reg[656][0]/D
                                2.13           2.08 f        -0.05  (VIOLATED)
   dqpsk_mem_real_reg[657][0]/D
                                2.13           2.08 f        -0.05  (VIOLATED)
   dqpsk_mem_real_reg[658][0]/D
                                2.13           2.08 f        -0.05  (VIOLATED)
   dqpsk_mem_real_reg[659][0]/D
                                2.13           2.08 f        -0.05  (VIOLATED)
   dqpsk_mem_real_reg[660][0]/D
                                2.13           2.08 f        -0.05  (VIOLATED)
   dqpsk_mem_real_reg[661][0]/D
                                2.13           2.08 f        -0.05  (VIOLATED)
   dqpsk_mem_real_reg[662][0]/D
                                2.13           2.08 f        -0.05  (VIOLATED)
   dqpsk_mem_real_reg[663][0]/D
                                2.13           2.08 f        -0.05  (VIOLATED)
   dqpsk_mem_real_reg[664][0]/D
                                2.13           2.08 f        -0.05  (VIOLATED)
   dqpsk_mem_real_reg[665][0]/D
                                2.13           2.08 f        -0.05  (VIOLATED)
   dqpsk_mem_real_reg[666][0]/D
                                2.13           2.08 f        -0.05  (VIOLATED)
   dqpsk_mem_real_reg[667][0]/D
                                2.13           2.08 f        -0.05  (VIOLATED)
   dqpsk_mem_real_reg[668][0]/D
                                2.13           2.08 f        -0.05  (VIOLATED)
   dqpsk_mem_real_reg[669][0]/D
                                2.13           2.08 f        -0.05  (VIOLATED)
   dqpsk_mem_real_reg[670][0]/D
                                2.13           2.08 f        -0.05  (VIOLATED)
   dqpsk_mem_real_reg[671][0]/D
                                2.13           2.08 f        -0.05  (VIOLATED)
   dqpsk_mem_real_reg[672][0]/D
                                2.13           2.08 f        -0.05  (VIOLATED)
   dqpsk_mem_real_reg[673][0]/D
                                2.13           2.08 f        -0.05  (VIOLATED)
   dqpsk_mem_real_reg[674][0]/D
                                2.13           2.08 f        -0.05  (VIOLATED)
   dqpsk_mem_real_reg[675][0]/D
                                2.13           2.08 f        -0.05  (VIOLATED)
   dqpsk_mem_real_reg[676][0]/D
                                2.13           2.08 f        -0.05  (VIOLATED)
   dqpsk_mem_real_reg[677][0]/D
                                2.13           2.08 f        -0.05  (VIOLATED)
   dqpsk_mem_real_reg[678][0]/D
                                2.13           2.08 f        -0.05  (VIOLATED)
   dqpsk_mem_real_reg[679][0]/D
                                2.13           2.08 f        -0.05  (VIOLATED)
   dqpsk_mem_real_reg[680][0]/D
                                2.13           2.08 f        -0.05  (VIOLATED)
   dqpsk_mem_real_reg[681][0]/D
                                2.13           2.08 f        -0.05  (VIOLATED)
   dqpsk_mem_real_reg[682][0]/D
                                2.13           2.08 f        -0.05  (VIOLATED)
   dqpsk_mem_real_reg[683][0]/D
                                2.13           2.08 f        -0.05  (VIOLATED)
   dqpsk_mem_real_reg[684][0]/D
                                2.13           2.08 f        -0.05  (VIOLATED)
   dqpsk_mem_real_reg[685][0]/D
                                2.13           2.08 f        -0.05  (VIOLATED)
   dqpsk_mem_real_reg[686][0]/D
                                2.13           2.08 f        -0.05  (VIOLATED)
   dqpsk_mem_real_reg[687][0]/D
                                2.13           2.08 f        -0.05  (VIOLATED)
   dqpsk_mem_real_reg[688][0]/D
                                2.13           2.08 f        -0.05  (VIOLATED)
   dqpsk_mem_real_reg[689][0]/D
                                2.13           2.08 f        -0.05  (VIOLATED)
   dqpsk_mem_real_reg[690][0]/D
                                2.13           2.08 f        -0.05  (VIOLATED)
   dqpsk_mem_real_reg[691][0]/D
                                2.13           2.08 f        -0.05  (VIOLATED)
   dqpsk_mem_real_reg[692][0]/D
                                2.13           2.08 f        -0.05  (VIOLATED)
   dqpsk_mem_real_reg[693][0]/D
                                2.13           2.08 f        -0.05  (VIOLATED)
   dqpsk_mem_real_reg[694][0]/D
                                2.13           2.08 f        -0.05  (VIOLATED)
   dqpsk_mem_real_reg[695][0]/D
                                2.13           2.08 f        -0.05  (VIOLATED)
   dqpsk_mem_real_reg[696][0]/D
                                2.13           2.08 f        -0.05  (VIOLATED)
   dqpsk_mem_real_reg[697][0]/D
                                2.13           2.08 f        -0.05  (VIOLATED)
   dqpsk_mem_real_reg[698][0]/D
                                2.13           2.08 f        -0.05  (VIOLATED)
   dqpsk_mem_real_reg[699][0]/D
                                2.13           2.08 f        -0.05  (VIOLATED)
   dqpsk_mem_real_reg[700][0]/D
                                2.13           2.08 f        -0.05  (VIOLATED)
   dqpsk_mem_real_reg[701][0]/D
                                2.13           2.08 f        -0.05  (VIOLATED)
   dqpsk_mem_real_reg[702][0]/D
                                2.13           2.08 f        -0.05  (VIOLATED)
   dqpsk_mem_real_reg[703][0]/D
                                2.13           2.08 f        -0.05  (VIOLATED)
   dqpsk_mem_real_reg[704][0]/D
                                2.13           2.08 f        -0.05  (VIOLATED)
   dqpsk_mem_real_reg[705][0]/D
                                2.13           2.08 f        -0.05  (VIOLATED)
   dqpsk_mem_real_reg[706][0]/D
                                2.13           2.08 f        -0.05  (VIOLATED)
   dqpsk_mem_real_reg[707][0]/D
                                2.13           2.08 f        -0.05  (VIOLATED)
   dqpsk_mem_real_reg[708][0]/D
                                2.13           2.08 f        -0.05  (VIOLATED)
   dqpsk_mem_real_reg[709][0]/D
                                2.13           2.08 f        -0.05  (VIOLATED)
   dqpsk_mem_real_reg[710][0]/D
                                2.13           2.08 f        -0.05  (VIOLATED)
   dqpsk_mem_real_reg[711][0]/D
                                2.13           2.08 f        -0.05  (VIOLATED)
   dqpsk_mem_real_reg[712][0]/D
                                2.13           2.08 f        -0.05  (VIOLATED)
   dqpsk_mem_real_reg[713][0]/D
                                2.13           2.08 f        -0.05  (VIOLATED)
   dqpsk_mem_real_reg[714][0]/D
                                2.13           2.08 f        -0.05  (VIOLATED)
   dqpsk_mem_real_reg[715][0]/D
                                2.13           2.08 f        -0.05  (VIOLATED)
   dqpsk_mem_real_reg[716][0]/D
                                2.13           2.08 f        -0.05  (VIOLATED)
   dqpsk_mem_real_reg[717][0]/D
                                2.13           2.08 f        -0.05  (VIOLATED)
   dqpsk_mem_real_reg[718][0]/D
                                2.13           2.08 f        -0.05  (VIOLATED)
   dqpsk_mem_real_reg[719][0]/D
                                2.13           2.08 f        -0.05  (VIOLATED)
   dqpsk_mem_real_reg[720][0]/D
                                2.13           2.08 f        -0.05  (VIOLATED)
   dqpsk_mem_real_reg[721][0]/D
                                2.13           2.08 f        -0.05  (VIOLATED)
   dqpsk_mem_real_reg[722][0]/D
                                2.13           2.08 f        -0.05  (VIOLATED)
   dqpsk_mem_real_reg[723][0]/D
                                2.13           2.08 f        -0.05  (VIOLATED)
   dqpsk_mem_real_reg[724][0]/D
                                2.13           2.08 f        -0.05  (VIOLATED)
   dqpsk_mem_real_reg[725][0]/D
                                2.13           2.08 f        -0.05  (VIOLATED)
   dqpsk_mem_real_reg[726][0]/D
                                2.13           2.08 f        -0.05  (VIOLATED)
   dqpsk_mem_real_reg[727][0]/D
                                2.13           2.08 f        -0.05  (VIOLATED)
   dqpsk_mem_real_reg[728][0]/D
                                2.13           2.08 f        -0.05  (VIOLATED)
   dqpsk_mem_real_reg[729][0]/D
                                2.13           2.08 f        -0.05  (VIOLATED)
   dqpsk_mem_real_reg[730][0]/D
                                2.13           2.08 f        -0.05  (VIOLATED)
   dqpsk_mem_real_reg[731][0]/D
                                2.13           2.08 f        -0.05  (VIOLATED)
   dqpsk_mem_real_reg[732][0]/D
                                2.13           2.08 f        -0.05  (VIOLATED)
   dqpsk_mem_real_reg[733][0]/D
                                2.13           2.08 f        -0.05  (VIOLATED)
   dqpsk_mem_real_reg[734][0]/D
                                2.13           2.08 f        -0.05  (VIOLATED)
   dqpsk_mem_real_reg[735][0]/D
                                2.13           2.08 f        -0.05  (VIOLATED)
   dqpsk_mem_real_reg[736][0]/D
                                2.13           2.08 f        -0.05  (VIOLATED)
   dqpsk_mem_real_reg[737][0]/D
                                2.13           2.08 f        -0.05  (VIOLATED)
   dqpsk_mem_real_reg[738][0]/D
                                2.13           2.08 f        -0.05  (VIOLATED)
   dqpsk_mem_real_reg[739][0]/D
                                2.13           2.08 f        -0.05  (VIOLATED)
   dqpsk_mem_real_reg[740][0]/D
                                2.13           2.08 f        -0.05  (VIOLATED)
   dqpsk_mem_real_reg[741][0]/D
                                2.13           2.08 f        -0.05  (VIOLATED)
   dqpsk_mem_real_reg[742][0]/D
                                2.13           2.08 f        -0.05  (VIOLATED)
   dqpsk_mem_real_reg[743][0]/D
                                2.13           2.08 f        -0.05  (VIOLATED)
   dqpsk_mem_real_reg[744][0]/D
                                2.13           2.08 f        -0.05  (VIOLATED)
   dqpsk_mem_real_reg[745][0]/D
                                2.13           2.08 f        -0.05  (VIOLATED)
   dqpsk_mem_real_reg[746][0]/D
                                2.13           2.08 f        -0.05  (VIOLATED)
   dqpsk_mem_real_reg[747][0]/D
                                2.13           2.08 f        -0.05  (VIOLATED)
   dqpsk_mem_real_reg[748][0]/D
                                2.13           2.08 f        -0.05  (VIOLATED)
   dqpsk_mem_real_reg[749][0]/D
                                2.13           2.08 f        -0.05  (VIOLATED)
   dqpsk_mem_real_reg[750][0]/D
                                2.13           2.08 f        -0.05  (VIOLATED)
   dqpsk_mem_real_reg[751][0]/D
                                2.13           2.08 f        -0.05  (VIOLATED)
   dqpsk_mem_real_reg[752][0]/D
                                2.13           2.08 f        -0.05  (VIOLATED)
   dqpsk_mem_real_reg[753][0]/D
                                2.13           2.08 f        -0.05  (VIOLATED)
   dqpsk_mem_real_reg[754][0]/D
                                2.13           2.08 f        -0.05  (VIOLATED)
   dqpsk_mem_real_reg[755][0]/D
                                2.13           2.08 f        -0.05  (VIOLATED)
   dqpsk_mem_real_reg[756][0]/D
                                2.13           2.08 f        -0.05  (VIOLATED)
   dqpsk_mem_real_reg[757][0]/D
                                2.13           2.08 f        -0.05  (VIOLATED)
   dqpsk_mem_real_reg[758][0]/D
                                2.13           2.08 f        -0.05  (VIOLATED)
   dqpsk_mem_real_reg[759][0]/D
                                2.13           2.08 f        -0.05  (VIOLATED)
   dqpsk_mem_real_reg[760][0]/D
                                2.13           2.08 f        -0.05  (VIOLATED)
   dqpsk_mem_real_reg[761][0]/D
                                2.13           2.08 f        -0.05  (VIOLATED)
   dqpsk_mem_real_reg[762][0]/D
                                2.13           2.08 f        -0.05  (VIOLATED)
   dqpsk_mem_real_reg[763][0]/D
                                2.13           2.08 f        -0.05  (VIOLATED)
   dqpsk_mem_real_reg[764][0]/D
                                2.13           2.08 f        -0.05  (VIOLATED)
   dqpsk_mem_real_reg[765][0]/D
                                2.13           2.08 f        -0.05  (VIOLATED)
   dqpsk_mem_real_reg[766][0]/D
                                2.13           2.08 f        -0.05  (VIOLATED)
   dqpsk_mem_real_reg[767][0]/D
                                2.13           2.08 f        -0.05  (VIOLATED)
   dqpsk_mem_real_reg[768][0]/D
                                2.13           2.08 f        -0.05  (VIOLATED)
   dqpsk_mem_real_reg[769][0]/D
                                2.13           2.08 f        -0.05  (VIOLATED)
   dqpsk_mem_real_reg[770][0]/D
                                2.13           2.08 f        -0.05  (VIOLATED)
   dqpsk_mem_real_reg[771][0]/D
                                2.13           2.08 f        -0.05  (VIOLATED)
   dqpsk_mem_real_reg[772][0]/D
                                2.13           2.08 f        -0.05  (VIOLATED)
   dqpsk_mem_real_reg[773][0]/D
                                2.13           2.08 f        -0.05  (VIOLATED)
   dqpsk_mem_real_reg[774][0]/D
                                2.13           2.08 f        -0.05  (VIOLATED)
   dqpsk_mem_real_reg[775][0]/D
                                2.13           2.08 f        -0.05  (VIOLATED)
   dqpsk_mem_real_reg[776][0]/D
                                2.13           2.08 f        -0.05  (VIOLATED)
   dqpsk_mem_real_reg[777][0]/D
                                2.13           2.08 f        -0.05  (VIOLATED)
   dqpsk_mem_real_reg[778][0]/D
                                2.13           2.08 f        -0.05  (VIOLATED)
   dqpsk_mem_real_reg[779][0]/D
                                2.13           2.08 f        -0.05  (VIOLATED)
   dqpsk_mem_real_reg[780][0]/D
                                2.13           2.08 f        -0.05  (VIOLATED)
   dqpsk_mem_real_reg[781][0]/D
                                2.13           2.08 f        -0.05  (VIOLATED)
   dqpsk_mem_real_reg[782][0]/D
                                2.13           2.08 f        -0.05  (VIOLATED)
   dqpsk_mem_real_reg[783][0]/D
                                2.13           2.08 f        -0.05  (VIOLATED)
   dqpsk_mem_real_reg[784][0]/D
                                2.13           2.08 f        -0.05  (VIOLATED)
   dqpsk_mem_real_reg[785][0]/D
                                2.13           2.08 f        -0.05  (VIOLATED)
   dqpsk_mem_real_reg[786][0]/D
                                2.13           2.08 f        -0.05  (VIOLATED)
   dqpsk_mem_real_reg[787][0]/D
                                2.13           2.08 f        -0.05  (VIOLATED)
   dqpsk_mem_real_reg[788][0]/D
                                2.13           2.08 f        -0.05  (VIOLATED)
   dqpsk_mem_real_reg[789][0]/D
                                2.13           2.08 f        -0.05  (VIOLATED)
   dqpsk_mem_real_reg[790][0]/D
                                2.13           2.08 f        -0.05  (VIOLATED)
   dqpsk_mem_real_reg[791][0]/D
                                2.13           2.08 f        -0.05  (VIOLATED)
   dqpsk_mem_real_reg[792][0]/D
                                2.13           2.08 f        -0.05  (VIOLATED)
   dqpsk_mem_real_reg[793][0]/D
                                2.13           2.08 f        -0.05  (VIOLATED)
   dqpsk_mem_real_reg[794][0]/D
                                2.13           2.08 f        -0.05  (VIOLATED)
   dqpsk_mem_real_reg[795][0]/D
                                2.13           2.08 f        -0.05  (VIOLATED)
   dqpsk_mem_real_reg[796][0]/D
                                2.13           2.08 f        -0.05  (VIOLATED)
   dqpsk_mem_real_reg[797][0]/D
                                2.13           2.08 f        -0.05  (VIOLATED)
   dqpsk_mem_real_reg[798][0]/D
                                2.13           2.08 f        -0.05  (VIOLATED)
   dqpsk_mem_real_reg[799][0]/D
                                2.13           2.08 f        -0.05  (VIOLATED)
   dqpsk_mem_real_reg[800][0]/D
                                2.13           2.08 f        -0.05  (VIOLATED)
   dqpsk_mem_real_reg[801][0]/D
                                2.13           2.08 f        -0.05  (VIOLATED)
   dqpsk_mem_real_reg[802][0]/D
                                2.13           2.08 f        -0.05  (VIOLATED)
   dqpsk_mem_real_reg[803][0]/D
                                2.13           2.08 f        -0.05  (VIOLATED)
   dqpsk_mem_real_reg[804][0]/D
                                2.13           2.08 f        -0.05  (VIOLATED)
   dqpsk_mem_real_reg[805][0]/D
                                2.13           2.08 f        -0.05  (VIOLATED)
   dqpsk_mem_real_reg[806][0]/D
                                2.13           2.08 f        -0.05  (VIOLATED)
   dqpsk_mem_real_reg[807][0]/D
                                2.13           2.08 f        -0.05  (VIOLATED)
   dqpsk_mem_real_reg[808][0]/D
                                2.13           2.08 f        -0.05  (VIOLATED)
   dqpsk_mem_real_reg[809][0]/D
                                2.13           2.08 f        -0.05  (VIOLATED)
   dqpsk_mem_real_reg[810][0]/D
                                2.13           2.08 f        -0.05  (VIOLATED)
   dqpsk_mem_real_reg[811][0]/D
                                2.13           2.08 f        -0.05  (VIOLATED)
   dqpsk_mem_real_reg[812][0]/D
                                2.13           2.08 f        -0.05  (VIOLATED)
   dqpsk_mem_real_reg[813][0]/D
                                2.13           2.08 f        -0.05  (VIOLATED)
   dqpsk_mem_real_reg[814][0]/D
                                2.13           2.08 f        -0.05  (VIOLATED)
   dqpsk_mem_real_reg[815][0]/D
                                2.13           2.08 f        -0.05  (VIOLATED)
   dqpsk_mem_real_reg[816][0]/D
                                2.13           2.08 f        -0.05  (VIOLATED)
   dqpsk_mem_real_reg[817][0]/D
                                2.13           2.08 f        -0.05  (VIOLATED)
   dqpsk_mem_real_reg[818][0]/D
                                2.13           2.08 f        -0.05  (VIOLATED)
   dqpsk_mem_real_reg[819][0]/D
                                2.13           2.08 f        -0.05  (VIOLATED)
   dqpsk_mem_real_reg[820][0]/D
                                2.13           2.08 f        -0.05  (VIOLATED)
   dqpsk_mem_real_reg[821][0]/D
                                2.13           2.08 f        -0.05  (VIOLATED)
   dqpsk_mem_real_reg[822][0]/D
                                2.13           2.08 f        -0.05  (VIOLATED)
   dqpsk_mem_real_reg[823][0]/D
                                2.13           2.08 f        -0.05  (VIOLATED)
   dqpsk_mem_real_reg[824][0]/D
                                2.13           2.08 f        -0.05  (VIOLATED)
   dqpsk_mem_real_reg[825][0]/D
                                2.13           2.08 f        -0.05  (VIOLATED)
   dqpsk_mem_real_reg[826][0]/D
                                2.13           2.08 f        -0.05  (VIOLATED)
   dqpsk_mem_real_reg[827][0]/D
                                2.13           2.08 f        -0.05  (VIOLATED)
   dqpsk_mem_real_reg[828][0]/D
                                2.13           2.08 f        -0.05  (VIOLATED)
   dqpsk_mem_real_reg[829][0]/D
                                2.13           2.08 f        -0.05  (VIOLATED)
   dqpsk_mem_real_reg[830][0]/D
                                2.13           2.08 f        -0.05  (VIOLATED)
   dqpsk_mem_real_reg[831][0]/D
                                2.13           2.08 f        -0.05  (VIOLATED)
   dqpsk_mem_real_reg[832][0]/D
                                2.13           2.08 f        -0.05  (VIOLATED)
   dqpsk_mem_real_reg[833][0]/D
                                2.13           2.08 f        -0.05  (VIOLATED)
   dqpsk_mem_real_reg[834][0]/D
                                2.13           2.08 f        -0.05  (VIOLATED)
   dqpsk_mem_real_reg[835][0]/D
                                2.13           2.08 f        -0.05  (VIOLATED)
   dqpsk_mem_real_reg[836][0]/D
                                2.13           2.08 f        -0.05  (VIOLATED)
   dqpsk_mem_real_reg[837][0]/D
                                2.13           2.08 f        -0.05  (VIOLATED)
   dqpsk_mem_real_reg[838][0]/D
                                2.13           2.08 f        -0.05  (VIOLATED)
   dqpsk_mem_real_reg[839][0]/D
                                2.13           2.08 f        -0.05  (VIOLATED)
   dqpsk_mem_real_reg[840][0]/D
                                2.13           2.08 f        -0.05  (VIOLATED)
   dqpsk_mem_real_reg[841][0]/D
                                2.13           2.08 f        -0.05  (VIOLATED)
   dqpsk_mem_real_reg[842][0]/D
                                2.13           2.08 f        -0.05  (VIOLATED)
   dqpsk_mem_real_reg[843][0]/D
                                2.13           2.08 f        -0.05  (VIOLATED)
   dqpsk_mem_real_reg[844][0]/D
                                2.13           2.08 f        -0.05  (VIOLATED)
   dqpsk_mem_real_reg[845][0]/D
                                2.13           2.08 f        -0.05  (VIOLATED)
   dqpsk_mem_real_reg[846][0]/D
                                2.13           2.08 f        -0.05  (VIOLATED)
   dqpsk_mem_real_reg[847][0]/D
                                2.13           2.08 f        -0.05  (VIOLATED)
   dqpsk_mem_real_reg[848][0]/D
                                2.13           2.08 f        -0.05  (VIOLATED)
   dqpsk_mem_real_reg[849][0]/D
                                2.13           2.08 f        -0.05  (VIOLATED)
   dqpsk_mem_real_reg[850][0]/D
                                2.13           2.08 f        -0.05  (VIOLATED)
   dqpsk_mem_real_reg[851][0]/D
                                2.13           2.08 f        -0.05  (VIOLATED)
   dqpsk_mem_real_reg[852][0]/D
                                2.13           2.08 f        -0.05  (VIOLATED)
   dqpsk_mem_real_reg[853][0]/D
                                2.13           2.08 f        -0.05  (VIOLATED)
   dqpsk_mem_real_reg[854][0]/D
                                2.13           2.08 f        -0.05  (VIOLATED)
   dqpsk_mem_real_reg[855][0]/D
                                2.13           2.08 f        -0.05  (VIOLATED)
   dqpsk_mem_real_reg[856][0]/D
                                2.13           2.08 f        -0.05  (VIOLATED)
   dqpsk_mem_real_reg[857][0]/D
                                2.13           2.08 f        -0.05  (VIOLATED)
   dqpsk_mem_real_reg[858][0]/D
                                2.13           2.08 f        -0.05  (VIOLATED)
   dqpsk_mem_real_reg[859][0]/D
                                2.13           2.08 f        -0.05  (VIOLATED)
   dqpsk_mem_real_reg[860][0]/D
                                2.13           2.08 f        -0.05  (VIOLATED)
   dqpsk_mem_real_reg[861][0]/D
                                2.13           2.08 f        -0.05  (VIOLATED)
   dqpsk_mem_real_reg[862][0]/D
                                2.13           2.08 f        -0.05  (VIOLATED)
   dqpsk_mem_real_reg[863][0]/D
                                2.13           2.08 f        -0.05  (VIOLATED)
   dqpsk_mem_real_reg[864][0]/D
                                2.13           2.08 f        -0.05  (VIOLATED)
   dqpsk_mem_real_reg[865][0]/D
                                2.13           2.08 f        -0.05  (VIOLATED)
   dqpsk_mem_real_reg[866][0]/D
                                2.13           2.08 f        -0.05  (VIOLATED)
   dqpsk_mem_real_reg[867][0]/D
                                2.13           2.08 f        -0.05  (VIOLATED)
   dqpsk_mem_real_reg[868][0]/D
                                2.13           2.08 f        -0.05  (VIOLATED)
   dqpsk_mem_real_reg[869][0]/D
                                2.13           2.08 f        -0.05  (VIOLATED)
   dqpsk_mem_real_reg[870][0]/D
                                2.13           2.08 f        -0.05  (VIOLATED)
   dqpsk_mem_real_reg[871][0]/D
                                2.13           2.08 f        -0.05  (VIOLATED)
   dqpsk_mem_real_reg[872][0]/D
                                2.13           2.08 f        -0.05  (VIOLATED)
   dqpsk_mem_real_reg[873][0]/D
                                2.13           2.08 f        -0.05  (VIOLATED)
   dqpsk_mem_real_reg[874][0]/D
                                2.13           2.08 f        -0.05  (VIOLATED)
   dqpsk_mem_real_reg[875][0]/D
                                2.13           2.08 f        -0.05  (VIOLATED)
   dqpsk_mem_real_reg[876][0]/D
                                2.13           2.08 f        -0.05  (VIOLATED)
   dqpsk_mem_real_reg[877][0]/D
                                2.13           2.08 f        -0.05  (VIOLATED)
   dqpsk_mem_real_reg[878][0]/D
                                2.13           2.08 f        -0.05  (VIOLATED)
   dqpsk_mem_real_reg[879][0]/D
                                2.13           2.08 f        -0.05  (VIOLATED)
   dqpsk_mem_real_reg[880][0]/D
                                2.13           2.08 f        -0.05  (VIOLATED)
   dqpsk_mem_real_reg[881][0]/D
                                2.13           2.08 f        -0.05  (VIOLATED)
   dqpsk_mem_real_reg[882][0]/D
                                2.13           2.08 f        -0.05  (VIOLATED)
   dqpsk_mem_real_reg[883][0]/D
                                2.13           2.08 f        -0.05  (VIOLATED)
   dqpsk_mem_real_reg[884][0]/D
                                2.13           2.08 f        -0.05  (VIOLATED)
   dqpsk_mem_real_reg[885][0]/D
                                2.13           2.08 f        -0.05  (VIOLATED)
   dqpsk_mem_real_reg[886][0]/D
                                2.13           2.08 f        -0.05  (VIOLATED)
   dqpsk_mem_real_reg[887][0]/D
                                2.13           2.08 f        -0.05  (VIOLATED)
   dqpsk_mem_real_reg[888][0]/D
                                2.13           2.08 f        -0.05  (VIOLATED)
   dqpsk_mem_real_reg[889][0]/D
                                2.13           2.08 f        -0.05  (VIOLATED)
   dqpsk_mem_real_reg[890][0]/D
                                2.13           2.08 f        -0.05  (VIOLATED)
   dqpsk_mem_real_reg[891][0]/D
                                2.13           2.08 f        -0.05  (VIOLATED)
   dqpsk_mem_real_reg[892][0]/D
                                2.13           2.08 f        -0.05  (VIOLATED)
   dqpsk_mem_real_reg[893][0]/D
                                2.13           2.08 f        -0.05  (VIOLATED)
   dqpsk_mem_real_reg[894][0]/D
                                2.13           2.08 f        -0.05  (VIOLATED)
   dqpsk_mem_real_reg[895][0]/D
                                2.13           2.08 f        -0.05  (VIOLATED)
   dqpsk_mem_real_reg[896][0]/D
                                2.13           2.08 f        -0.05  (VIOLATED)
   dqpsk_mem_real_reg[897][0]/D
                                2.13           2.08 f        -0.05  (VIOLATED)
   dqpsk_mem_real_reg[898][0]/D
                                2.13           2.08 f        -0.05  (VIOLATED)
   dqpsk_mem_real_reg[899][0]/D
                                2.13           2.08 f        -0.05  (VIOLATED)
   dqpsk_mem_real_reg[900][0]/D
                                2.13           2.08 f        -0.05  (VIOLATED)
   dqpsk_mem_real_reg[901][0]/D
                                2.13           2.08 f        -0.05  (VIOLATED)
   dqpsk_mem_real_reg[902][0]/D
                                2.13           2.08 f        -0.05  (VIOLATED)
   dqpsk_mem_real_reg[903][0]/D
                                2.13           2.08 f        -0.05  (VIOLATED)
   dqpsk_mem_real_reg[904][0]/D
                                2.13           2.08 f        -0.05  (VIOLATED)
   dqpsk_mem_real_reg[905][0]/D
                                2.13           2.08 f        -0.05  (VIOLATED)
   dqpsk_mem_real_reg[906][0]/D
                                2.13           2.08 f        -0.05  (VIOLATED)
   dqpsk_mem_real_reg[907][0]/D
                                2.13           2.08 f        -0.05  (VIOLATED)
   dqpsk_mem_real_reg[908][0]/D
                                2.13           2.08 f        -0.05  (VIOLATED)
   dqpsk_mem_real_reg[909][0]/D
                                2.13           2.08 f        -0.05  (VIOLATED)
   dqpsk_mem_real_reg[910][0]/D
                                2.13           2.08 f        -0.05  (VIOLATED)
   dqpsk_mem_real_reg[911][0]/D
                                2.13           2.08 f        -0.05  (VIOLATED)
   dqpsk_mem_real_reg[912][0]/D
                                2.13           2.08 f        -0.05  (VIOLATED)
   dqpsk_mem_real_reg[913][0]/D
                                2.13           2.08 f        -0.05  (VIOLATED)
   dqpsk_mem_real_reg[914][0]/D
                                2.13           2.08 f        -0.05  (VIOLATED)
   dqpsk_mem_real_reg[915][0]/D
                                2.13           2.08 f        -0.05  (VIOLATED)
   dqpsk_mem_real_reg[916][0]/D
                                2.13           2.08 f        -0.05  (VIOLATED)
   dqpsk_mem_real_reg[917][0]/D
                                2.13           2.08 f        -0.05  (VIOLATED)
   dqpsk_mem_real_reg[918][0]/D
                                2.13           2.08 f        -0.05  (VIOLATED)
   dqpsk_mem_real_reg[919][0]/D
                                2.13           2.08 f        -0.05  (VIOLATED)
   dqpsk_mem_real_reg[920][0]/D
                                2.13           2.08 f        -0.05  (VIOLATED)
   dqpsk_mem_real_reg[921][0]/D
                                2.13           2.08 f        -0.05  (VIOLATED)
   dqpsk_mem_real_reg[922][0]/D
                                2.13           2.08 f        -0.05  (VIOLATED)
   dqpsk_mem_real_reg[923][0]/D
                                2.13           2.08 f        -0.05  (VIOLATED)
   dqpsk_mem_real_reg[924][0]/D
                                2.13           2.08 f        -0.05  (VIOLATED)
   dqpsk_mem_real_reg[925][0]/D
                                2.13           2.08 f        -0.05  (VIOLATED)
   dqpsk_mem_real_reg[926][0]/D
                                2.13           2.08 f        -0.05  (VIOLATED)
   dqpsk_mem_real_reg[927][0]/D
                                2.13           2.08 f        -0.05  (VIOLATED)
   dqpsk_mem_real_reg[928][0]/D
                                2.13           2.08 f        -0.05  (VIOLATED)
   dqpsk_mem_real_reg[929][0]/D
                                2.13           2.08 f        -0.05  (VIOLATED)
   dqpsk_mem_real_reg[930][0]/D
                                2.13           2.08 f        -0.05  (VIOLATED)
   dqpsk_mem_real_reg[931][0]/D
                                2.13           2.08 f        -0.05  (VIOLATED)
   dqpsk_mem_real_reg[932][0]/D
                                2.13           2.08 f        -0.05  (VIOLATED)
   dqpsk_mem_real_reg[933][0]/D
                                2.13           2.08 f        -0.05  (VIOLATED)
   dqpsk_mem_real_reg[934][0]/D
                                2.13           2.08 f        -0.05  (VIOLATED)
   dqpsk_mem_real_reg[935][0]/D
                                2.13           2.08 f        -0.05  (VIOLATED)
   dqpsk_mem_real_reg[936][0]/D
                                2.13           2.08 f        -0.05  (VIOLATED)
   dqpsk_mem_real_reg[937][0]/D
                                2.13           2.08 f        -0.05  (VIOLATED)
   dqpsk_mem_real_reg[938][0]/D
                                2.13           2.08 f        -0.05  (VIOLATED)
   dqpsk_mem_real_reg[939][0]/D
                                2.13           2.08 f        -0.05  (VIOLATED)
   dqpsk_mem_real_reg[940][0]/D
                                2.13           2.08 f        -0.05  (VIOLATED)
   dqpsk_mem_real_reg[941][0]/D
                                2.13           2.08 f        -0.05  (VIOLATED)
   dqpsk_mem_real_reg[942][0]/D
                                2.13           2.08 f        -0.05  (VIOLATED)
   dqpsk_mem_real_reg[943][0]/D
                                2.13           2.08 f        -0.05  (VIOLATED)
   dqpsk_mem_real_reg[944][0]/D
                                2.13           2.08 f        -0.05  (VIOLATED)
   dqpsk_mem_real_reg[945][0]/D
                                2.13           2.08 f        -0.05  (VIOLATED)
   dqpsk_mem_real_reg[946][0]/D
                                2.13           2.08 f        -0.05  (VIOLATED)
   dqpsk_mem_real_reg[947][0]/D
                                2.13           2.08 f        -0.05  (VIOLATED)
   dqpsk_mem_real_reg[948][0]/D
                                2.13           2.08 f        -0.05  (VIOLATED)
   dqpsk_mem_real_reg[949][0]/D
                                2.13           2.08 f        -0.05  (VIOLATED)
   dqpsk_mem_real_reg[950][0]/D
                                2.13           2.08 f        -0.05  (VIOLATED)
   dqpsk_mem_real_reg[951][0]/D
                                2.13           2.08 f        -0.05  (VIOLATED)
   dqpsk_mem_real_reg[952][0]/D
                                2.13           2.08 f        -0.05  (VIOLATED)
   dqpsk_mem_real_reg[953][0]/D
                                2.13           2.08 f        -0.05  (VIOLATED)
   dqpsk_mem_real_reg[954][0]/D
                                2.13           2.08 f        -0.05  (VIOLATED)
   dqpsk_mem_real_reg[955][0]/D
                                2.13           2.08 f        -0.05  (VIOLATED)
   dqpsk_mem_real_reg[956][0]/D
                                2.13           2.08 f        -0.05  (VIOLATED)
   dqpsk_mem_real_reg[957][0]/D
                                2.13           2.08 f        -0.05  (VIOLATED)
   dqpsk_mem_real_reg[958][0]/D
                                2.13           2.08 f        -0.05  (VIOLATED)
   dqpsk_mem_real_reg[959][0]/D
                                2.13           2.08 f        -0.05  (VIOLATED)
   dqpsk_mem_real_reg[960][0]/D
                                2.13           2.08 f        -0.05  (VIOLATED)
   dqpsk_mem_real_reg[961][0]/D
                                2.13           2.08 f        -0.05  (VIOLATED)
   dqpsk_mem_real_reg[962][0]/D
                                2.13           2.08 f        -0.05  (VIOLATED)
   dqpsk_mem_real_reg[963][0]/D
                                2.13           2.08 f        -0.05  (VIOLATED)
   dqpsk_mem_real_reg[964][0]/D
                                2.13           2.08 f        -0.05  (VIOLATED)
   dqpsk_mem_real_reg[965][0]/D
                                2.13           2.08 f        -0.05  (VIOLATED)
   dqpsk_mem_real_reg[966][0]/D
                                2.13           2.08 f        -0.05  (VIOLATED)
   dqpsk_mem_real_reg[967][0]/D
                                2.13           2.08 f        -0.05  (VIOLATED)
   dqpsk_mem_real_reg[968][0]/D
                                2.13           2.08 f        -0.05  (VIOLATED)
   dqpsk_mem_real_reg[969][0]/D
                                2.13           2.08 f        -0.05  (VIOLATED)
   dqpsk_mem_real_reg[970][0]/D
                                2.13           2.08 f        -0.05  (VIOLATED)
   dqpsk_mem_real_reg[971][0]/D
                                2.13           2.08 f        -0.05  (VIOLATED)
   dqpsk_mem_real_reg[972][0]/D
                                2.13           2.08 f        -0.05  (VIOLATED)
   dqpsk_mem_real_reg[973][0]/D
                                2.13           2.08 f        -0.05  (VIOLATED)
   dqpsk_mem_real_reg[974][0]/D
                                2.13           2.08 f        -0.05  (VIOLATED)
   dqpsk_mem_real_reg[975][0]/D
                                2.13           2.08 f        -0.05  (VIOLATED)
   dqpsk_mem_real_reg[976][0]/D
                                2.13           2.08 f        -0.05  (VIOLATED)
   dqpsk_mem_real_reg[977][0]/D
                                2.13           2.08 f        -0.05  (VIOLATED)
   dqpsk_mem_real_reg[978][0]/D
                                2.13           2.08 f        -0.05  (VIOLATED)
   dqpsk_mem_real_reg[979][0]/D
                                2.13           2.08 f        -0.05  (VIOLATED)
   dqpsk_mem_real_reg[980][0]/D
                                2.13           2.08 f        -0.05  (VIOLATED)
   dqpsk_mem_real_reg[981][0]/D
                                2.13           2.08 f        -0.05  (VIOLATED)
   dqpsk_mem_real_reg[982][0]/D
                                2.13           2.08 f        -0.05  (VIOLATED)
   dqpsk_mem_real_reg[983][0]/D
                                2.13           2.08 f        -0.05  (VIOLATED)
   dqpsk_mem_real_reg[984][0]/D
                                2.13           2.08 f        -0.05  (VIOLATED)
   dqpsk_mem_real_reg[985][0]/D
                                2.13           2.08 f        -0.05  (VIOLATED)
   dqpsk_mem_real_reg[986][0]/D
                                2.13           2.08 f        -0.05  (VIOLATED)
   dqpsk_mem_real_reg[987][0]/D
                                2.13           2.08 f        -0.05  (VIOLATED)
   dqpsk_mem_real_reg[988][0]/D
                                2.13           2.08 f        -0.05  (VIOLATED)
   dqpsk_mem_real_reg[989][0]/D
                                2.13           2.08 f        -0.05  (VIOLATED)
   dqpsk_mem_real_reg[990][0]/D
                                2.13           2.08 f        -0.05  (VIOLATED)
   dqpsk_mem_real_reg[991][0]/D
                                2.13           2.08 f        -0.05  (VIOLATED)
   dqpsk_mem_real_reg[992][0]/D
                                2.13           2.08 f        -0.05  (VIOLATED)
   dqpsk_mem_real_reg[993][0]/D
                                2.13           2.08 f        -0.05  (VIOLATED)
   dqpsk_mem_real_reg[994][0]/D
                                2.13           2.08 f        -0.05  (VIOLATED)
   dqpsk_mem_real_reg[995][0]/D
                                2.13           2.08 f        -0.05  (VIOLATED)
   dqpsk_mem_real_reg[996][0]/D
                                2.13           2.08 f        -0.05  (VIOLATED)
   dqpsk_mem_real_reg[997][0]/D
                                2.13           2.08 f        -0.05  (VIOLATED)
   dqpsk_mem_real_reg[998][0]/D
                                2.13           2.08 f        -0.05  (VIOLATED)
   dqpsk_mem_real_reg[999][0]/D
                                2.13           2.08 f        -0.05  (VIOLATED)
   dqpsk_mem_real_reg[1000][0]/D
                                2.13           2.08 f        -0.05  (VIOLATED)
   dqpsk_mem_real_reg[1001][0]/D
                                2.13           2.08 f        -0.05  (VIOLATED)
   dqpsk_mem_real_reg[1002][0]/D
                                2.13           2.08 f        -0.05  (VIOLATED)
   dqpsk_mem_real_reg[1003][0]/D
                                2.13           2.08 f        -0.05  (VIOLATED)
   dqpsk_mem_real_reg[1004][0]/D
                                2.13           2.08 f        -0.05  (VIOLATED)
   dqpsk_mem_real_reg[1005][0]/D
                                2.13           2.08 f        -0.05  (VIOLATED)
   dqpsk_mem_real_reg[1006][0]/D
                                2.13           2.08 f        -0.05  (VIOLATED)
   dqpsk_mem_real_reg[1007][0]/D
                                2.13           2.08 f        -0.05  (VIOLATED)
   dqpsk_mem_real_reg[1008][0]/D
                                2.13           2.08 f        -0.05  (VIOLATED)
   dqpsk_mem_real_reg[1009][0]/D
                                2.13           2.08 f        -0.05  (VIOLATED)
   dqpsk_mem_real_reg[1010][0]/D
                                2.13           2.08 f        -0.05  (VIOLATED)
   dqpsk_mem_real_reg[1011][0]/D
                                2.13           2.08 f        -0.05  (VIOLATED)
   dqpsk_mem_real_reg[1012][0]/D
                                2.13           2.08 f        -0.05  (VIOLATED)
   dqpsk_mem_real_reg[1013][0]/D
                                2.13           2.08 f        -0.05  (VIOLATED)
   dqpsk_mem_real_reg[1014][0]/D
                                2.13           2.08 f        -0.05  (VIOLATED)
   dqpsk_mem_real_reg[1015][0]/D
                                2.13           2.08 f        -0.05  (VIOLATED)
   dqpsk_mem_real_reg[1016][0]/D
                                2.13           2.08 f        -0.05  (VIOLATED)
   dqpsk_mem_real_reg[1017][0]/D
                                2.13           2.08 f        -0.05  (VIOLATED)
   dqpsk_mem_real_reg[1018][0]/D
                                2.13           2.08 f        -0.05  (VIOLATED)
   dqpsk_mem_real_reg[1019][0]/D
                                2.13           2.08 f        -0.05  (VIOLATED)
   dqpsk_mem_real_reg[1020][0]/D
                                2.13           2.08 f        -0.05  (VIOLATED)
   dqpsk_mem_real_reg[1021][0]/D
                                2.13           2.08 f        -0.05  (VIOLATED)
   dqpsk_mem_real_reg[1022][0]/D
                                2.13           2.08 f        -0.05  (VIOLATED)
   dqpsk_mem_real_reg[1023][0]/D
                                2.13           2.08 f        -0.05  (VIOLATED)


1
