Analysis & Synthesis report for css_phy_tx_top_wrapper
Thu Sep 17 06:48:47 2026
Quartus Prime Version 20.1.1 Build 720 11/11/2020 SJ Lite Edition


---------------------
; Table of Contents ;
---------------------
  1. Legal Notice
  2. Analysis & Synthesis Summary
  3. Analysis & Synthesis Settings
  4. Parallel Compilation
  5. Analysis & Synthesis Source Files Read
  6. Analysis & Synthesis Resource Usage Summary
  7. Analysis & Synthesis Resource Utilization by Entity
  8. Analysis & Synthesis RAM Summary
  9. Analysis & Synthesis DSP Block Usage Summary
 10. Analysis & Synthesis IP Cores Summary
 11. State Machine - |css_phy_tx_top_wrapper|css_phy_tx_top:u_css_phy_tx_top|csk_sequencer:u_csk_sequencer|state
 12. State Machine - |css_phy_tx_top_wrapper|css_phy_tx_top:u_css_phy_tx_top|zero_padding:u_zero_padding|state
 13. State Machine - |css_phy_tx_top_wrapper|css_phy_tx_top:u_css_phy_tx_top|controller:u_controller|feed_state
 14. Registers Removed During Synthesis
 15. Removed Registers Triggering Further Register Optimizations
 16. General Register Statistics
 17. Inverted Register Statistics
 18. Registers Added for RAM Pass-Through Logic
 19. Registers Packed Into Inferred Megafunctions
 20. Multiplexer Restructuring Statistics (Restructuring Performed)
 21. Source assignments for altsource_probe:u_issp|altsource_probe_body:altsource_probe_body_inst|altsource_probe_impl:\wider_source_gen:wider_source_inst
 22. Source assignments for css_phy_tx_top:u_css_phy_tx_top|altsyncram:dqpsk_mem_real_rtl_0|altsyncram_qoi1:auto_generated
 23. Source assignments for css_phy_tx_top:u_css_phy_tx_top|altsyncram:dqpsk_mem_imag_rtl_0|altsyncram_qoi1:auto_generated
 24. Source assignments for css_phy_tx_top:u_css_phy_tx_top|csk_waveform_rom:u_csk_rom|altsyncram:rom_i_rtl_0|altsyncram_tif1:auto_generated
 25. Source assignments for css_phy_tx_top:u_css_phy_tx_top|csk_waveform_rom:u_csk_rom|altsyncram:rom_q_rtl_0|altsyncram_uif1:auto_generated
 26. Parameter Settings for User Entity Instance: altsource_probe:u_issp
 27. Parameter Settings for User Entity Instance: css_phy_tx_top:u_css_phy_tx_top
 28. Parameter Settings for Inferred Entity Instance: css_phy_tx_top:u_css_phy_tx_top|altsyncram:dqpsk_mem_real_rtl_0
 29. Parameter Settings for Inferred Entity Instance: css_phy_tx_top:u_css_phy_tx_top|altsyncram:dqpsk_mem_imag_rtl_0
 30. Parameter Settings for Inferred Entity Instance: css_phy_tx_top:u_css_phy_tx_top|csk_waveform_rom:u_csk_rom|altsyncram:rom_i_rtl_0
 31. Parameter Settings for Inferred Entity Instance: css_phy_tx_top:u_css_phy_tx_top|csk_waveform_rom:u_csk_rom|altsyncram:rom_q_rtl_0
 32. Parameter Settings for Inferred Entity Instance: css_phy_tx_top:u_css_phy_tx_top|lpm_divide:Mod0
 33. Parameter Settings for Inferred Entity Instance: css_phy_tx_top:u_css_phy_tx_top|lpm_divide:Mod1
 34. Parameter Settings for Inferred Entity Instance: css_phy_tx_top:u_css_phy_tx_top|lpm_divide:Div0
 35. Parameter Settings for Inferred Entity Instance: css_phy_tx_top:u_css_phy_tx_top|lpm_divide:Div1
 36. Parameter Settings for Inferred Entity Instance: css_phy_tx_top:u_css_phy_tx_top|zero_padding:u_zero_padding|lpm_divide:Mod0
 37. Parameter Settings for Inferred Entity Instance: css_phy_tx_top:u_css_phy_tx_top|zero_padding:u_zero_padding|lpm_divide:Mod1
 38. altsyncram Parameter Settings by Entity Instance
 39. Port Connectivity Checks: "css_phy_tx_top:u_css_phy_tx_top|csk_waveform_selector:u_csk_selector"
 40. Port Connectivity Checks: "css_phy_tx_top:u_css_phy_tx_top|csk_sequencer:u_csk_sequencer"
 41. Port Connectivity Checks: "css_phy_tx_top:u_css_phy_tx_top|zero_padding:u_zero_padding"
 42. Port Connectivity Checks: "css_phy_tx_top:u_css_phy_tx_top|controller:u_controller"
 43. Port Connectivity Checks: "altsource_probe:u_issp"
 44. Post-Synthesis Netlist Statistics for Top Partition
 45. Elapsed Time Per Partition
 46. Analysis & Synthesis Messages



----------------
; Legal Notice ;
----------------
Copyright (C) 2020  Intel Corporation. All rights reserved.
Your use of Intel Corporation's design tools, logic functions 
and other software and tools, and any partner logic 
functions, and any output files from any of the foregoing 
(including device programming or simulation files), and any 
associated documentation or information are expressly subject 
to the terms and conditions of the Intel Program License 
Subscription Agreement, the Intel Quartus Prime License Agreement,
the Intel FPGA IP License Agreement, or other applicable license
agreement, including, without limitation, that your use is for
the sole purpose of programming logic devices manufactured by
Intel and sold by Intel or its authorized distributors.  Please
refer to the applicable agreement for further details, at
https://fpgasoftware.intel.com/eula.



+-------------------------------------------------------------------------------+
; Analysis & Synthesis Summary                                                  ;
+---------------------------------+---------------------------------------------+
; Analysis & Synthesis Status     ; Successful - Thu Sep 17 06:48:46 2026       ;
; Quartus Prime Version           ; 20.1.1 Build 720 11/11/2020 SJ Lite Edition ;
; Revision Name                   ; css_phy_tx_top_wrapper                      ;
; Top-level Entity Name           ; css_phy_tx_top_wrapper                      ;
; Family                          ; Cyclone V                                   ;
; Logic utilization (in ALMs)     ; N/A                                         ;
; Total registers                 ; 5794                                        ;
; Total pins                      ; 31                                          ;
; Total virtual pins              ; 0                                           ;
; Total block memory bits         ; 3,872                                       ;
; Total DSP Blocks                ; 1                                           ;
; Total HSSI RX PCSs              ; 0                                           ;
; Total HSSI PMA RX Deserializers ; 0                                           ;
; Total HSSI TX PCSs              ; 0                                           ;
; Total HSSI PMA TX Serializers   ; 0                                           ;
; Total PLLs                      ; 0                                           ;
; Total DLLs                      ; 0                                           ;
+---------------------------------+---------------------------------------------+


+-----------------------------------------------------------------------------------------------------------------------------------+
; Analysis & Synthesis Settings                                                                                                     ;
+---------------------------------------------------------------------------------+------------------------+------------------------+
; Option                                                                          ; Setting                ; Default Value          ;
+---------------------------------------------------------------------------------+------------------------+------------------------+
; Device                                                                          ; 5CSXFC6D6F31C6         ;                        ;
; Top-level entity name                                                           ; css_phy_tx_top_wrapper ; css_phy_tx_top_wrapper ;
; Family name                                                                     ; Cyclone V              ; Cyclone V              ;
; Use smart compilation                                                           ; Off                    ; Off                    ;
; Enable parallel Assembler and Timing Analyzer during compilation                ; On                     ; On                     ;
; Enable compact report table                                                     ; Off                    ; Off                    ;
; Restructure Multiplexers                                                        ; Auto                   ; Auto                   ;
; MLAB Add Timing Constraints For Mixed-Port Feed-Through Mode Setting Don't Care ; Off                    ; Off                    ;
; Create Debugging Nodes for IP Cores                                             ; Off                    ; Off                    ;
; Preserve fewer node names                                                       ; On                     ; On                     ;
; Intel FPGA IP Evaluation Mode                                                   ; Enable                 ; Enable                 ;
; Verilog Version                                                                 ; Verilog_2001           ; Verilog_2001           ;
; VHDL Version                                                                    ; VHDL_1993              ; VHDL_1993              ;
; State Machine Processing                                                        ; Auto                   ; Auto                   ;
; Safe State Machine                                                              ; Off                    ; Off                    ;
; Extract Verilog State Machines                                                  ; On                     ; On                     ;
; Extract VHDL State Machines                                                     ; On                     ; On                     ;
; Ignore Verilog initial constructs                                               ; Off                    ; Off                    ;
; Iteration limit for constant Verilog loops                                      ; 5000                   ; 5000                   ;
; Iteration limit for non-constant Verilog loops                                  ; 250                    ; 250                    ;
; Add Pass-Through Logic to Inferred RAMs                                         ; On                     ; On                     ;
; Infer RAMs from Raw Logic                                                       ; On                     ; On                     ;
; Parallel Synthesis                                                              ; On                     ; On                     ;
; DSP Block Balancing                                                             ; Auto                   ; Auto                   ;
; NOT Gate Push-Back                                                              ; On                     ; On                     ;
; Power-Up Don't Care                                                             ; On                     ; On                     ;
; Remove Redundant Logic Cells                                                    ; Off                    ; Off                    ;
; Remove Duplicate Registers                                                      ; On                     ; On                     ;
; Ignore CARRY Buffers                                                            ; Off                    ; Off                    ;
; Ignore CASCADE Buffers                                                          ; Off                    ; Off                    ;
; Ignore GLOBAL Buffers                                                           ; Off                    ; Off                    ;
; Ignore ROW GLOBAL Buffers                                                       ; Off                    ; Off                    ;
; Ignore LCELL Buffers                                                            ; Off                    ; Off                    ;
; Ignore SOFT Buffers                                                             ; On                     ; On                     ;
; Limit AHDL Integers to 32 Bits                                                  ; Off                    ; Off                    ;
; Optimization Technique                                                          ; Balanced               ; Balanced               ;
; Carry Chain Length                                                              ; 70                     ; 70                     ;
; Auto Carry Chains                                                               ; On                     ; On                     ;
; Auto Open-Drain Pins                                                            ; On                     ; On                     ;
; Perform WYSIWYG Primitive Resynthesis                                           ; Off                    ; Off                    ;
; Auto ROM Replacement                                                            ; On                     ; On                     ;
; Auto RAM Replacement                                                            ; On                     ; On                     ;
; Auto DSP Block Replacement                                                      ; On                     ; On                     ;
; Auto Shift Register Replacement                                                 ; Auto                   ; Auto                   ;
; Allow Shift Register Merging across Hierarchies                                 ; Auto                   ; Auto                   ;
; Auto Clock Enable Replacement                                                   ; On                     ; On                     ;
; Strict RAM Replacement                                                          ; Off                    ; Off                    ;
; Allow Synchronous Control Signals                                               ; On                     ; On                     ;
; Force Use of Synchronous Clear Signals                                          ; Off                    ; Off                    ;
; Auto Resource Sharing                                                           ; Off                    ; Off                    ;
; Allow Any RAM Size For Recognition                                              ; Off                    ; Off                    ;
; Allow Any ROM Size For Recognition                                              ; Off                    ; Off                    ;
; Allow Any Shift Register Size For Recognition                                   ; Off                    ; Off                    ;
; Use LogicLock Constraints during Resource Balancing                             ; On                     ; On                     ;
; Ignore translate_off and synthesis_off directives                               ; Off                    ; Off                    ;
; Timing-Driven Synthesis                                                         ; On                     ; On                     ;
; Report Parameter Settings                                                       ; On                     ; On                     ;
; Report Source Assignments                                                       ; On                     ; On                     ;
; Report Connectivity Checks                                                      ; On                     ; On                     ;
; Ignore Maximum Fan-Out Assignments                                              ; Off                    ; Off                    ;
; Synchronization Register Chain Length                                           ; 3                      ; 3                      ;
; Power Optimization During Synthesis                                             ; Normal compilation     ; Normal compilation     ;
; HDL message level                                                               ; Level2                 ; Level2                 ;
; Suppress Register Optimization Related Messages                                 ; Off                    ; Off                    ;
; Number of Removed Registers Reported in Synthesis Report                        ; 5000                   ; 5000                   ;
; Number of Swept Nodes Reported in Synthesis Report                              ; 5000                   ; 5000                   ;
; Number of Inverted Registers Reported in Synthesis Report                       ; 100                    ; 100                    ;
; Clock MUX Protection                                                            ; On                     ; On                     ;
; Auto Gated Clock Conversion                                                     ; Off                    ; Off                    ;
; Block Design Naming                                                             ; Auto                   ; Auto                   ;
; SDC constraint protection                                                       ; Off                    ; Off                    ;
; Synthesis Effort                                                                ; Auto                   ; Auto                   ;
; Shift Register Replacement - Allow Asynchronous Clear Signal                    ; On                     ; On                     ;
; Pre-Mapping Resynthesis Optimization                                            ; Off                    ; Off                    ;
; Analysis & Synthesis Message Level                                              ; Medium                 ; Medium                 ;
; Disable Register Merging Across Hierarchies                                     ; Auto                   ; Auto                   ;
; Resource Aware Inference For Block RAM                                          ; On                     ; On                     ;
; Automatic Parallel Synthesis                                                    ; On                     ; On                     ;
; Partial Reconfiguration Bitstream ID                                            ; Off                    ; Off                    ;
+---------------------------------------------------------------------------------+------------------------+------------------------+


+------------------------------------------+
; Parallel Compilation                     ;
+----------------------------+-------------+
; Processors                 ; Number      ;
+----------------------------+-------------+
; Number detected on machine ; 4           ;
; Maximum allowed            ; 2           ;
;                            ;             ;
; Average used               ; 1.21        ;
; Maximum used               ; 2           ;
;                            ;             ;
; Usage by Processor         ; % Time Used ;
;     Processor 1            ; 100.0%      ;
;     Processor 2            ;  20.9%      ;
+----------------------------+-------------+


+---------------------------------------------------------------------------------------------------------------------------------------------------------------------------------------------------------------------------------------------------------------------------+
; Analysis & Synthesis Source Files Read                                                                                                                                                                                                                                    ;
+--------------------------------------------------------------------+-----------------+-------------------------------------------------------+--------------------------------------------------------------------------------------------------------------+-------------+
; File Name with User-Entered Path                                   ; Used in Netlist ; File Type                                             ; File Name with Absolute Path                                                                                 ; Library     ;
+--------------------------------------------------------------------+-----------------+-------------------------------------------------------+--------------------------------------------------------------------------------------------------------------+-------------+
; symbol_mapper.v                                                    ; yes             ; User Verilog HDL File                                 ; D:/New folder/rtl_rom_src (2)/rtl_rom_src/symbol_mapper.v                                                    ;             ;
; qpsk_mapper.v                                                      ; yes             ; User Verilog HDL File                                 ; D:/New folder/rtl_rom_src (2)/rtl_rom_src/qpsk_mapper.v                                                      ;             ;
; new_zero_padding.v                                                 ; yes             ; User Verilog HDL File                                 ; D:/New folder/rtl_rom_src (2)/rtl_rom_src/new_zero_padding.v                                                 ;             ;
; new_csk_sequencer.v                                                ; yes             ; User Verilog HDL File                                 ; D:/New folder/rtl_rom_src (2)/rtl_rom_src/new_csk_sequencer.v                                                ;             ;
; new_controller.v                                                   ; yes             ; User Verilog HDL File                                 ; D:/New folder/rtl_rom_src (2)/rtl_rom_src/new_controller.v                                                   ;             ;
; form_ppdu.v                                                        ; yes             ; User Verilog HDL File                                 ; D:/New folder/rtl_rom_src (2)/rtl_rom_src/form_ppdu.v                                                        ;             ;
; dqpsk_encoder.v                                                    ; yes             ; User Verilog HDL File                                 ; D:/New folder/rtl_rom_src (2)/rtl_rom_src/dqpsk_encoder.v                                                    ;             ;
; dqpsk_csk_multiplier.v                                             ; yes             ; User Verilog HDL File                                 ; D:/New folder/rtl_rom_src (2)/rtl_rom_src/dqpsk_csk_multiplier.v                                             ;             ;
; demux_iq.v                                                         ; yes             ; User Verilog HDL File                                 ; D:/New folder/rtl_rom_src (2)/rtl_rom_src/demux_iq.v                                                         ;             ;
; css_phy_tx_top_wrapper.v                                           ; yes             ; User Verilog HDL File                                 ; D:/New folder/rtl_rom_src (2)/rtl_rom_src/css_phy_tx_top_wrapper.v                                           ;             ;
; css_phy_tx_top.v                                                   ; yes             ; User Verilog HDL File                                 ; D:/New folder/rtl_rom_src (2)/rtl_rom_src/css_phy_tx_top.v                                                   ;             ;
; csk_waveform_selector.v                                            ; yes             ; User Verilog HDL File                                 ; D:/New folder/rtl_rom_src (2)/rtl_rom_src/csk_waveform_selector.v                                            ;             ;
; csk_waveform_rom.v                                                 ; yes             ; User Verilog HDL File                                 ; D:/New folder/rtl_rom_src (2)/rtl_rom_src/csk_waveform_rom.v                                                 ;             ;
; bit_interleaver.v                                                  ; yes             ; User Verilog HDL File                                 ; D:/New folder/rtl_rom_src (2)/rtl_rom_src/bit_interleaver.v                                                  ;             ;
; codeword_250kbs.txt                                                ; yes             ; Auto-Found File                                       ; D:/New folder/rtl_rom_src (2)/rtl_rom_src/codeword_250kbs.txt                                                ;             ;
; codeword_1mbs.txt                                                  ; yes             ; Auto-Found File                                       ; D:/New folder/rtl_rom_src (2)/rtl_rom_src/codeword_1mbs.txt                                                  ;             ;
; csk_rom_i.txt                                                      ; yes             ; Auto-Found File                                       ; D:/New folder/rtl_rom_src (2)/rtl_rom_src/csk_rom_i.txt                                                      ;             ;
; csk_rom_q.txt                                                      ; yes             ; Auto-Found File                                       ; D:/New folder/rtl_rom_src (2)/rtl_rom_src/csk_rom_q.txt                                                      ;             ;
; altsource_probe.v                                                  ; yes             ; Megafunction                                          ; c:/intelfpga_lite/20.1/quartus/libraries/megafunctions/altsource_probe.v                                     ;             ;
; sld_jtag_endpoint_adapter.vhd                                      ; yes             ; Encrypted Megafunction                                ; c:/intelfpga_lite/20.1/quartus/libraries/megafunctions/sld_jtag_endpoint_adapter.vhd                         ;             ;
; sld_jtag_endpoint_adapter_impl.sv                                  ; yes             ; Encrypted Megafunction                                ; c:/intelfpga_lite/20.1/quartus/libraries/megafunctions/sld_jtag_endpoint_adapter_impl.sv                     ;             ;
; altsource_probe_body.vhd                                           ; yes             ; Megafunction                                          ; c:/intelfpga_lite/20.1/quartus/libraries/megafunctions/altsource_probe_body.vhd                              ;             ;
; sld_rom_sr.vhd                                                     ; yes             ; Encrypted Megafunction                                ; c:/intelfpga_lite/20.1/quartus/libraries/megafunctions/sld_rom_sr.vhd                                        ;             ;
; sld_hub.vhd                                                        ; yes             ; Encrypted Megafunction                                ; c:/intelfpga_lite/20.1/quartus/libraries/megafunctions/sld_hub.vhd                                           ; altera_sld  ;
; db/ip/sld838f2434/alt_sld_fab.v                                    ; yes             ; Encrypted Auto-Found Verilog HDL File                 ; D:/New folder/rtl_rom_src (2)/rtl_rom_src/db/ip/sld838f2434/alt_sld_fab.v                                    ; alt_sld_fab ;
; db/ip/sld838f2434/submodules/alt_sld_fab_alt_sld_fab.v             ; yes             ; Encrypted Auto-Found Verilog HDL File                 ; D:/New folder/rtl_rom_src (2)/rtl_rom_src/db/ip/sld838f2434/submodules/alt_sld_fab_alt_sld_fab.v             ; alt_sld_fab ;
; db/ip/sld838f2434/submodules/alt_sld_fab_alt_sld_fab_ident.sv      ; yes             ; Auto-Found SystemVerilog HDL File                     ; D:/New folder/rtl_rom_src (2)/rtl_rom_src/db/ip/sld838f2434/submodules/alt_sld_fab_alt_sld_fab_ident.sv      ; alt_sld_fab ;
; db/ip/sld838f2434/submodules/alt_sld_fab_alt_sld_fab_presplit.sv   ; yes             ; Encrypted Auto-Found SystemVerilog HDL File           ; D:/New folder/rtl_rom_src (2)/rtl_rom_src/db/ip/sld838f2434/submodules/alt_sld_fab_alt_sld_fab_presplit.sv   ; alt_sld_fab ;
; db/ip/sld838f2434/submodules/alt_sld_fab_alt_sld_fab_sldfabric.vhd ; yes             ; Encrypted Auto-Found VHDL File                        ; D:/New folder/rtl_rom_src (2)/rtl_rom_src/db/ip/sld838f2434/submodules/alt_sld_fab_alt_sld_fab_sldfabric.vhd ; alt_sld_fab ;
; db/ip/sld838f2434/submodules/alt_sld_fab_alt_sld_fab_splitter.sv   ; yes             ; Encrypted Auto-Found SystemVerilog HDL File           ; D:/New folder/rtl_rom_src (2)/rtl_rom_src/db/ip/sld838f2434/submodules/alt_sld_fab_alt_sld_fab_splitter.sv   ; alt_sld_fab ;
; sld_jtag_hub.vhd                                                   ; yes             ; Encrypted Megafunction                                ; c:/intelfpga_lite/20.1/quartus/libraries/megafunctions/sld_jtag_hub.vhd                                      ;             ;
; altsyncram.tdf                                                     ; yes             ; Megafunction                                          ; c:/intelfpga_lite/20.1/quartus/libraries/megafunctions/altsyncram.tdf                                        ;             ;
; stratix_ram_block.inc                                              ; yes             ; Megafunction                                          ; c:/intelfpga_lite/20.1/quartus/libraries/megafunctions/stratix_ram_block.inc                                 ;             ;
; lpm_mux.inc                                                        ; yes             ; Megafunction                                          ; c:/intelfpga_lite/20.1/quartus/libraries/megafunctions/lpm_mux.inc                                           ;             ;
; lpm_decode.inc                                                     ; yes             ; Megafunction                                          ; c:/intelfpga_lite/20.1/quartus/libraries/megafunctions/lpm_decode.inc                                        ;             ;
; aglobal201.inc                                                     ; yes             ; Megafunction                                          ; c:/intelfpga_lite/20.1/quartus/libraries/megafunctions/aglobal201.inc                                        ;             ;
; a_rdenreg.inc                                                      ; yes             ; Megafunction                                          ; c:/intelfpga_lite/20.1/quartus/libraries/megafunctions/a_rdenreg.inc                                         ;             ;
; altrom.inc                                                         ; yes             ; Megafunction                                          ; c:/intelfpga_lite/20.1/quartus/libraries/megafunctions/altrom.inc                                            ;             ;
; altram.inc                                                         ; yes             ; Megafunction                                          ; c:/intelfpga_lite/20.1/quartus/libraries/megafunctions/altram.inc                                            ;             ;
; altdpram.inc                                                       ; yes             ; Megafunction                                          ; c:/intelfpga_lite/20.1/quartus/libraries/megafunctions/altdpram.inc                                          ;             ;
; db/altsyncram_qoi1.tdf                                             ; yes             ; Auto-Generated Megafunction                           ; D:/New folder/rtl_rom_src (2)/rtl_rom_src/db/altsyncram_qoi1.tdf                                             ;             ;
; db/altsyncram_tif1.tdf                                             ; yes             ; Auto-Generated Megafunction                           ; D:/New folder/rtl_rom_src (2)/rtl_rom_src/db/altsyncram_tif1.tdf                                             ;             ;
; db/css_phy_tx_top_wrapper.ram0_csk_waveform_rom_1d24a08.hdl.mif    ; yes             ; Auto-Generated Auto-Found Memory Initialization File  ; D:/New folder/rtl_rom_src (2)/rtl_rom_src/db/css_phy_tx_top_wrapper.ram0_csk_waveform_rom_1d24a08.hdl.mif    ;             ;
; db/altsyncram_uif1.tdf                                             ; yes             ; Auto-Generated Megafunction                           ; D:/New folder/rtl_rom_src (2)/rtl_rom_src/db/altsyncram_uif1.tdf                                             ;             ;
; db/css_phy_tx_top_wrapper.ram1_csk_waveform_rom_1d24a08.hdl.mif    ; yes             ; Auto-Generated Auto-Found Memory Initialization File  ; D:/New folder/rtl_rom_src (2)/rtl_rom_src/db/css_phy_tx_top_wrapper.ram1_csk_waveform_rom_1d24a08.hdl.mif    ;             ;
; lpm_divide.tdf                                                     ; yes             ; Megafunction                                          ; c:/intelfpga_lite/20.1/quartus/libraries/megafunctions/lpm_divide.tdf                                        ;             ;
; abs_divider.inc                                                    ; yes             ; Megafunction                                          ; c:/intelfpga_lite/20.1/quartus/libraries/megafunctions/abs_divider.inc                                       ;             ;
; sign_div_unsign.inc                                                ; yes             ; Megafunction                                          ; c:/intelfpga_lite/20.1/quartus/libraries/megafunctions/sign_div_unsign.inc                                   ;             ;
; db/lpm_divide_h3m.tdf                                              ; yes             ; Auto-Generated Megafunction                           ; D:/New folder/rtl_rom_src (2)/rtl_rom_src/db/lpm_divide_h3m.tdf                                              ;             ;
; db/sign_div_unsign_klh.tdf                                         ; yes             ; Auto-Generated Megafunction                           ; D:/New folder/rtl_rom_src (2)/rtl_rom_src/db/sign_div_unsign_klh.tdf                                         ;             ;
; db/alt_u_div_eve.tdf                                               ; yes             ; Auto-Generated Megafunction                           ; D:/New folder/rtl_rom_src (2)/rtl_rom_src/db/alt_u_div_eve.tdf                                               ;             ;
; db/lpm_divide_j3m.tdf                                              ; yes             ; Auto-Generated Megafunction                           ; D:/New folder/rtl_rom_src (2)/rtl_rom_src/db/lpm_divide_j3m.tdf                                              ;             ;
; db/sign_div_unsign_mlh.tdf                                         ; yes             ; Auto-Generated Megafunction                           ; D:/New folder/rtl_rom_src (2)/rtl_rom_src/db/sign_div_unsign_mlh.tdf                                         ;             ;
; db/alt_u_div_ive.tdf                                               ; yes             ; Auto-Generated Megafunction                           ; D:/New folder/rtl_rom_src (2)/rtl_rom_src/db/alt_u_div_ive.tdf                                               ;             ;
; db/lpm_divide_ebm.tdf                                              ; yes             ; Auto-Generated Megafunction                           ; D:/New folder/rtl_rom_src (2)/rtl_rom_src/db/lpm_divide_ebm.tdf                                              ;             ;
; db/lpm_divide_fbm.tdf                                              ; yes             ; Auto-Generated Megafunction                           ; D:/New folder/rtl_rom_src (2)/rtl_rom_src/db/lpm_divide_fbm.tdf                                              ;             ;
; db/sign_div_unsign_llh.tdf                                         ; yes             ; Auto-Generated Megafunction                           ; D:/New folder/rtl_rom_src (2)/rtl_rom_src/db/sign_div_unsign_llh.tdf                                         ;             ;
; db/alt_u_div_gve.tdf                                               ; yes             ; Auto-Generated Megafunction                           ; D:/New folder/rtl_rom_src (2)/rtl_rom_src/db/alt_u_div_gve.tdf                                               ;             ;
; db/lpm_divide_i3m.tdf                                              ; yes             ; Auto-Generated Megafunction                           ; D:/New folder/rtl_rom_src (2)/rtl_rom_src/db/lpm_divide_i3m.tdf                                              ;             ;
; db/sign_div_unsign_nlh.tdf                                         ; yes             ; Auto-Generated Megafunction                           ; D:/New folder/rtl_rom_src (2)/rtl_rom_src/db/sign_div_unsign_nlh.tdf                                         ;             ;
; db/alt_u_div_hve.tdf                                               ; yes             ; Auto-Generated Megafunction                           ; D:/New folder/rtl_rom_src (2)/rtl_rom_src/db/alt_u_div_hve.tdf                                               ;             ;
; db/lpm_divide_k3m.tdf                                              ; yes             ; Auto-Generated Megafunction                           ; D:/New folder/rtl_rom_src (2)/rtl_rom_src/db/lpm_divide_k3m.tdf                                              ;             ;
; db/sign_div_unsign_olh.tdf                                         ; yes             ; Auto-Generated Megafunction                           ; D:/New folder/rtl_rom_src (2)/rtl_rom_src/db/sign_div_unsign_olh.tdf                                         ;             ;
; db/alt_u_div_kve.tdf                                               ; yes             ; Auto-Generated Megafunction                           ; D:/New folder/rtl_rom_src (2)/rtl_rom_src/db/alt_u_div_kve.tdf                                               ;             ;
+--------------------------------------------------------------------+-----------------+-------------------------------------------------------+--------------------------------------------------------------------------------------------------------------+-------------+


+---------------------------------------------------------+
; Analysis & Synthesis Resource Usage Summary             ;
+---------------------------------------------+-----------+
; Resource                                    ; Usage     ;
+---------------------------------------------+-----------+
; Estimate of Logic utilization (ALMs needed) ; 28143     ;
;                                             ;           ;
; Combinational ALUT usage for logic          ; 32936     ;
;     -- 7 input functions                    ; 31        ;
;     -- 6 input functions                    ; 23080     ;
;     -- 5 input functions                    ; 3890      ;
;     -- 4 input functions                    ; 3736      ;
;     -- <=3 input functions                  ; 2199      ;
;                                             ;           ;
; Dedicated logic registers                   ; 5794      ;
;                                             ;           ;
; I/O pins                                    ; 31        ;
; Total MLAB memory bits                      ; 0         ;
; Total block memory bits                     ; 3872      ;
;                                             ;           ;
; Total DSP Blocks                            ; 1         ;
;                                             ;           ;
; Maximum fan-out node                        ; clk~input ;
; Maximum fan-out                             ; 5689      ;
; Total fan-out                               ; 192755    ;
; Average fan-out                             ; 4.97      ;
+---------------------------------------------+-----------+


+--------------------------------------------------------------------------------------------------------------------------------------------------------------------------------------------------------------------------------------------------------------------------------------------------------------------------------------------------------------------------------------------------------------------------------------------------------------------------------------------------------------------------------------------------------------------------------------------------------------------------------------------------------------------------+
; Analysis & Synthesis Resource Utilization by Entity                                                                                                                                                                                                                                                                                                                                                                                                                                                                                                                                                                                                                      ;
+-----------------------------------------------------------------------------------------------------------------------------------------+---------------------+---------------------------+-------------------+------------+------+--------------+--------------------------------------------------------------------------------------------------------------------------------------------------------------------------------------------------------------------------------------------------------------------------------------------------------------------------------------------------------------------+-----------------------------------+--------------+
; Compilation Hierarchy Node                                                                                                              ; Combinational ALUTs ; Dedicated Logic Registers ; Block Memory Bits ; DSP Blocks ; Pins ; Virtual Pins ; Full Hierarchy Name                                                                                                                                                                                                                                                                                                                                                ; Entity Name                       ; Library Name ;
+-----------------------------------------------------------------------------------------------------------------------------------------+---------------------+---------------------------+-------------------+------------+------+--------------+--------------------------------------------------------------------------------------------------------------------------------------------------------------------------------------------------------------------------------------------------------------------------------------------------------------------------------------------------------------------+-----------------------------------+--------------+
; |css_phy_tx_top_wrapper                                                                                                                 ; 32936 (2)           ; 5794 (0)                  ; 3872              ; 1          ; 31   ; 0            ; |css_phy_tx_top_wrapper                                                                                                                                                                                                                                                                                                                                            ; css_phy_tx_top_wrapper            ; work         ;
;    |altsource_probe:u_issp|                                                                                                             ; 22 (0)              ; 41 (0)                    ; 0                 ; 0          ; 0    ; 0            ; |css_phy_tx_top_wrapper|altsource_probe:u_issp                                                                                                                                                                                                                                                                                                                     ; altsource_probe                   ; work         ;
;       |altsource_probe_body:altsource_probe_body_inst|                                                                                  ; 22 (2)              ; 41 (0)                    ; 0                 ; 0          ; 0    ; 0            ; |css_phy_tx_top_wrapper|altsource_probe:u_issp|altsource_probe_body:altsource_probe_body_inst                                                                                                                                                                                                                                                                      ; altsource_probe_body              ; work         ;
;          |altsource_probe_impl:\wider_source_gen:wider_source_inst|                                                                     ; 20 (6)              ; 41 (33)                   ; 0                 ; 0          ; 0    ; 0            ; |css_phy_tx_top_wrapper|altsource_probe:u_issp|altsource_probe_body:altsource_probe_body_inst|altsource_probe_impl:\wider_source_gen:wider_source_inst                                                                                                                                                                                                             ; altsource_probe_impl              ; work         ;
;             |sld_rom_sr:\instance_id_gen:rom_info_inst|                                                                                 ; 14 (14)             ; 8 (8)                     ; 0                 ; 0          ; 0    ; 0            ; |css_phy_tx_top_wrapper|altsource_probe:u_issp|altsource_probe_body:altsource_probe_body_inst|altsource_probe_impl:\wider_source_gen:wider_source_inst|sld_rom_sr:\instance_id_gen:rom_info_inst                                                                                                                                                                   ; sld_rom_sr                        ; work         ;
;    |css_phy_tx_top:u_css_phy_tx_top|                                                                                                    ; 32818 (107)         ; 5675 (78)                 ; 3872              ; 1          ; 0    ; 0            ; |css_phy_tx_top_wrapper|css_phy_tx_top:u_css_phy_tx_top                                                                                                                                                                                                                                                                                                            ; css_phy_tx_top                    ; work         ;
;       |altsyncram:dqpsk_mem_imag_rtl_0|                                                                                                 ; 0 (0)               ; 0 (0)                     ; 1024              ; 0          ; 0    ; 0            ; |css_phy_tx_top_wrapper|css_phy_tx_top:u_css_phy_tx_top|altsyncram:dqpsk_mem_imag_rtl_0                                                                                                                                                                                                                                                                            ; altsyncram                        ; work         ;
;          |altsyncram_qoi1:auto_generated|                                                                                               ; 0 (0)               ; 0 (0)                     ; 1024              ; 0          ; 0    ; 0            ; |css_phy_tx_top_wrapper|css_phy_tx_top:u_css_phy_tx_top|altsyncram:dqpsk_mem_imag_rtl_0|altsyncram_qoi1:auto_generated                                                                                                                                                                                                                                             ; altsyncram_qoi1                   ; work         ;
;       |altsyncram:dqpsk_mem_real_rtl_0|                                                                                                 ; 0 (0)               ; 0 (0)                     ; 1024              ; 0          ; 0    ; 0            ; |css_phy_tx_top_wrapper|css_phy_tx_top:u_css_phy_tx_top|altsyncram:dqpsk_mem_real_rtl_0                                                                                                                                                                                                                                                                            ; altsyncram                        ; work         ;
;          |altsyncram_qoi1:auto_generated|                                                                                               ; 0 (0)               ; 0 (0)                     ; 1024              ; 0          ; 0    ; 0            ; |css_phy_tx_top_wrapper|css_phy_tx_top:u_css_phy_tx_top|altsyncram:dqpsk_mem_real_rtl_0|altsyncram_qoi1:auto_generated                                                                                                                                                                                                                                             ; altsyncram_qoi1                   ; work         ;
;       |bit_interleaver:u_interleaver|                                                                                                   ; 4 (4)               ; 194 (194)                 ; 0                 ; 0          ; 0    ; 0            ; |css_phy_tx_top_wrapper|css_phy_tx_top:u_css_phy_tx_top|bit_interleaver:u_interleaver                                                                                                                                                                                                                                                                              ; bit_interleaver                   ; work         ;
;       |controller:u_controller|                                                                                                         ; 593 (593)           ; 1075 (1075)               ; 0                 ; 0          ; 0    ; 0            ; |css_phy_tx_top_wrapper|css_phy_tx_top:u_css_phy_tx_top|controller:u_controller                                                                                                                                                                                                                                                                                    ; controller                        ; work         ;
;       |csk_sequencer:u_csk_sequencer|                                                                                                   ; 72 (72)             ; 34 (34)                   ; 0                 ; 0          ; 0    ; 0            ; |css_phy_tx_top_wrapper|css_phy_tx_top:u_css_phy_tx_top|csk_sequencer:u_csk_sequencer                                                                                                                                                                                                                                                                              ; csk_sequencer                     ; work         ;
;       |csk_waveform_rom:u_csk_rom|                                                                                                      ; 8 (8)               ; 0 (0)                     ; 1824              ; 1          ; 0    ; 0            ; |css_phy_tx_top_wrapper|css_phy_tx_top:u_css_phy_tx_top|csk_waveform_rom:u_csk_rom                                                                                                                                                                                                                                                                                 ; csk_waveform_rom                  ; work         ;
;          |altsyncram:rom_i_rtl_0|                                                                                                       ; 0 (0)               ; 0 (0)                     ; 912               ; 0          ; 0    ; 0            ; |css_phy_tx_top_wrapper|css_phy_tx_top:u_css_phy_tx_top|csk_waveform_rom:u_csk_rom|altsyncram:rom_i_rtl_0                                                                                                                                                                                                                                                          ; altsyncram                        ; work         ;
;             |altsyncram_tif1:auto_generated|                                                                                            ; 0 (0)               ; 0 (0)                     ; 912               ; 0          ; 0    ; 0            ; |css_phy_tx_top_wrapper|css_phy_tx_top:u_css_phy_tx_top|csk_waveform_rom:u_csk_rom|altsyncram:rom_i_rtl_0|altsyncram_tif1:auto_generated                                                                                                                                                                                                                           ; altsyncram_tif1                   ; work         ;
;          |altsyncram:rom_q_rtl_0|                                                                                                       ; 0 (0)               ; 0 (0)                     ; 912               ; 0          ; 0    ; 0            ; |css_phy_tx_top_wrapper|css_phy_tx_top:u_css_phy_tx_top|csk_waveform_rom:u_csk_rom|altsyncram:rom_q_rtl_0                                                                                                                                                                                                                                                          ; altsyncram                        ; work         ;
;             |altsyncram_uif1:auto_generated|                                                                                            ; 0 (0)               ; 0 (0)                     ; 912               ; 0          ; 0    ; 0            ; |css_phy_tx_top_wrapper|css_phy_tx_top:u_css_phy_tx_top|csk_waveform_rom:u_csk_rom|altsyncram:rom_q_rtl_0|altsyncram_uif1:auto_generated                                                                                                                                                                                                                           ; altsyncram_uif1                   ; work         ;
;       |demux_iq:u_demux|                                                                                                                ; 4 (4)               ; 5 (5)                     ; 0                 ; 0          ; 0    ; 0            ; |css_phy_tx_top_wrapper|css_phy_tx_top:u_css_phy_tx_top|demux_iq:u_demux                                                                                                                                                                                                                                                                                           ; demux_iq                          ; work         ;
;       |dqpsk_csk_multiplier:u_dqpsk_csk_multiplier|                                                                                     ; 37 (37)             ; 19 (19)                   ; 0                 ; 0          ; 0    ; 0            ; |css_phy_tx_top_wrapper|css_phy_tx_top:u_css_phy_tx_top|dqpsk_csk_multiplier:u_dqpsk_csk_multiplier                                                                                                                                                                                                                                                                ; dqpsk_csk_multiplier              ; work         ;
;       |dqpsk_encoder:u_dqpsk|                                                                                                           ; 2 (2)               ; 11 (11)                   ; 0                 ; 0          ; 0    ; 0            ; |css_phy_tx_top_wrapper|css_phy_tx_top:u_css_phy_tx_top|dqpsk_encoder:u_dqpsk                                                                                                                                                                                                                                                                                      ; dqpsk_encoder                     ; work         ;
;       |form_ppdu:u_form_ppdu|                                                                                                           ; 31363 (31363)       ; 4134 (4134)               ; 0                 ; 0          ; 0    ; 0            ; |css_phy_tx_top_wrapper|css_phy_tx_top:u_css_phy_tx_top|form_ppdu:u_form_ppdu                                                                                                                                                                                                                                                                                      ; form_ppdu                         ; work         ;
;       |lpm_divide:Div0|                                                                                                                 ; 73 (0)              ; 0 (0)                     ; 0                 ; 0          ; 0    ; 0            ; |css_phy_tx_top_wrapper|css_phy_tx_top:u_css_phy_tx_top|lpm_divide:Div0                                                                                                                                                                                                                                                                                            ; lpm_divide                        ; work         ;
;          |lpm_divide_ebm:auto_generated|                                                                                                ; 73 (0)              ; 0 (0)                     ; 0                 ; 0          ; 0    ; 0            ; |css_phy_tx_top_wrapper|css_phy_tx_top:u_css_phy_tx_top|lpm_divide:Div0|lpm_divide_ebm:auto_generated                                                                                                                                                                                                                                                              ; lpm_divide_ebm                    ; work         ;
;             |sign_div_unsign_klh:divider|                                                                                               ; 73 (0)              ; 0 (0)                     ; 0                 ; 0          ; 0    ; 0            ; |css_phy_tx_top_wrapper|css_phy_tx_top:u_css_phy_tx_top|lpm_divide:Div0|lpm_divide_ebm:auto_generated|sign_div_unsign_klh:divider                                                                                                                                                                                                                                  ; sign_div_unsign_klh               ; work         ;
;                |alt_u_div_eve:divider|                                                                                                  ; 73 (73)             ; 0 (0)                     ; 0                 ; 0          ; 0    ; 0            ; |css_phy_tx_top_wrapper|css_phy_tx_top:u_css_phy_tx_top|lpm_divide:Div0|lpm_divide_ebm:auto_generated|sign_div_unsign_klh:divider|alt_u_div_eve:divider                                                                                                                                                                                                            ; alt_u_div_eve                     ; work         ;
;       |lpm_divide:Div1|                                                                                                                 ; 82 (0)              ; 0 (0)                     ; 0                 ; 0          ; 0    ; 0            ; |css_phy_tx_top_wrapper|css_phy_tx_top:u_css_phy_tx_top|lpm_divide:Div1                                                                                                                                                                                                                                                                                            ; lpm_divide                        ; work         ;
;          |lpm_divide_fbm:auto_generated|                                                                                                ; 82 (0)              ; 0 (0)                     ; 0                 ; 0          ; 0    ; 0            ; |css_phy_tx_top_wrapper|css_phy_tx_top:u_css_phy_tx_top|lpm_divide:Div1|lpm_divide_fbm:auto_generated                                                                                                                                                                                                                                                              ; lpm_divide_fbm                    ; work         ;
;             |sign_div_unsign_llh:divider|                                                                                               ; 82 (0)              ; 0 (0)                     ; 0                 ; 0          ; 0    ; 0            ; |css_phy_tx_top_wrapper|css_phy_tx_top:u_css_phy_tx_top|lpm_divide:Div1|lpm_divide_fbm:auto_generated|sign_div_unsign_llh:divider                                                                                                                                                                                                                                  ; sign_div_unsign_llh               ; work         ;
;                |alt_u_div_gve:divider|                                                                                                  ; 82 (82)             ; 0 (0)                     ; 0                 ; 0          ; 0    ; 0            ; |css_phy_tx_top_wrapper|css_phy_tx_top:u_css_phy_tx_top|lpm_divide:Div1|lpm_divide_fbm:auto_generated|sign_div_unsign_llh:divider|alt_u_div_gve:divider                                                                                                                                                                                                            ; alt_u_div_gve                     ; work         ;
;       |lpm_divide:Mod0|                                                                                                                 ; 68 (0)              ; 0 (0)                     ; 0                 ; 0          ; 0    ; 0            ; |css_phy_tx_top_wrapper|css_phy_tx_top:u_css_phy_tx_top|lpm_divide:Mod0                                                                                                                                                                                                                                                                                            ; lpm_divide                        ; work         ;
;          |lpm_divide_h3m:auto_generated|                                                                                                ; 68 (0)              ; 0 (0)                     ; 0                 ; 0          ; 0    ; 0            ; |css_phy_tx_top_wrapper|css_phy_tx_top:u_css_phy_tx_top|lpm_divide:Mod0|lpm_divide_h3m:auto_generated                                                                                                                                                                                                                                                              ; lpm_divide_h3m                    ; work         ;
;             |sign_div_unsign_klh:divider|                                                                                               ; 68 (0)              ; 0 (0)                     ; 0                 ; 0          ; 0    ; 0            ; |css_phy_tx_top_wrapper|css_phy_tx_top:u_css_phy_tx_top|lpm_divide:Mod0|lpm_divide_h3m:auto_generated|sign_div_unsign_klh:divider                                                                                                                                                                                                                                  ; sign_div_unsign_klh               ; work         ;
;                |alt_u_div_eve:divider|                                                                                                  ; 68 (68)             ; 0 (0)                     ; 0                 ; 0          ; 0    ; 0            ; |css_phy_tx_top_wrapper|css_phy_tx_top:u_css_phy_tx_top|lpm_divide:Mod0|lpm_divide_h3m:auto_generated|sign_div_unsign_klh:divider|alt_u_div_eve:divider                                                                                                                                                                                                            ; alt_u_div_eve                     ; work         ;
;       |lpm_divide:Mod1|                                                                                                                 ; 87 (0)              ; 0 (0)                     ; 0                 ; 0          ; 0    ; 0            ; |css_phy_tx_top_wrapper|css_phy_tx_top:u_css_phy_tx_top|lpm_divide:Mod1                                                                                                                                                                                                                                                                                            ; lpm_divide                        ; work         ;
;          |lpm_divide_j3m:auto_generated|                                                                                                ; 87 (0)              ; 0 (0)                     ; 0                 ; 0          ; 0    ; 0            ; |css_phy_tx_top_wrapper|css_phy_tx_top:u_css_phy_tx_top|lpm_divide:Mod1|lpm_divide_j3m:auto_generated                                                                                                                                                                                                                                                              ; lpm_divide_j3m                    ; work         ;
;             |sign_div_unsign_mlh:divider|                                                                                               ; 87 (0)              ; 0 (0)                     ; 0                 ; 0          ; 0    ; 0            ; |css_phy_tx_top_wrapper|css_phy_tx_top:u_css_phy_tx_top|lpm_divide:Mod1|lpm_divide_j3m:auto_generated|sign_div_unsign_mlh:divider                                                                                                                                                                                                                                  ; sign_div_unsign_mlh               ; work         ;
;                |alt_u_div_ive:divider|                                                                                                  ; 87 (87)             ; 0 (0)                     ; 0                 ; 0          ; 0    ; 0            ; |css_phy_tx_top_wrapper|css_phy_tx_top:u_css_phy_tx_top|lpm_divide:Mod1|lpm_divide_j3m:auto_generated|sign_div_unsign_mlh:divider|alt_u_div_ive:divider                                                                                                                                                                                                            ; alt_u_div_ive                     ; work         ;
;       |qpsk_mapper:u_qpsk|                                                                                                              ; 3 (3)               ; 4 (4)                     ; 0                 ; 0          ; 0    ; 0            ; |css_phy_tx_top_wrapper|css_phy_tx_top:u_css_phy_tx_top|qpsk_mapper:u_qpsk                                                                                                                                                                                                                                                                                         ; qpsk_mapper                       ; work         ;
;       |symbol_mapper:u_symbol_mapper|                                                                                                   ; 74 (74)             ; 78 (78)                   ; 0                 ; 0          ; 0    ; 0            ; |css_phy_tx_top_wrapper|css_phy_tx_top:u_css_phy_tx_top|symbol_mapper:u_symbol_mapper                                                                                                                                                                                                                                                                              ; symbol_mapper                     ; work         ;
;       |zero_padding:u_zero_padding|                                                                                                     ; 241 (64)            ; 43 (43)                   ; 0                 ; 0          ; 0    ; 0            ; |css_phy_tx_top_wrapper|css_phy_tx_top:u_css_phy_tx_top|zero_padding:u_zero_padding                                                                                                                                                                                                                                                                                ; zero_padding                      ; work         ;
;          |lpm_divide:Mod0|                                                                                                              ; 77 (0)              ; 0 (0)                     ; 0                 ; 0          ; 0    ; 0            ; |css_phy_tx_top_wrapper|css_phy_tx_top:u_css_phy_tx_top|zero_padding:u_zero_padding|lpm_divide:Mod0                                                                                                                                                                                                                                                                ; lpm_divide                        ; work         ;
;             |lpm_divide_i3m:auto_generated|                                                                                             ; 77 (0)              ; 0 (0)                     ; 0                 ; 0          ; 0    ; 0            ; |css_phy_tx_top_wrapper|css_phy_tx_top:u_css_phy_tx_top|zero_padding:u_zero_padding|lpm_divide:Mod0|lpm_divide_i3m:auto_generated                                                                                                                                                                                                                                  ; lpm_divide_i3m                    ; work         ;
;                |sign_div_unsign_nlh:divider|                                                                                            ; 77 (0)              ; 0 (0)                     ; 0                 ; 0          ; 0    ; 0            ; |css_phy_tx_top_wrapper|css_phy_tx_top:u_css_phy_tx_top|zero_padding:u_zero_padding|lpm_divide:Mod0|lpm_divide_i3m:auto_generated|sign_div_unsign_nlh:divider                                                                                                                                                                                                      ; sign_div_unsign_nlh               ; work         ;
;                   |alt_u_div_hve:divider|                                                                                               ; 77 (77)             ; 0 (0)                     ; 0                 ; 0          ; 0    ; 0            ; |css_phy_tx_top_wrapper|css_phy_tx_top:u_css_phy_tx_top|zero_padding:u_zero_padding|lpm_divide:Mod0|lpm_divide_i3m:auto_generated|sign_div_unsign_nlh:divider|alt_u_div_hve:divider                                                                                                                                                                                ; alt_u_div_hve                     ; work         ;
;          |lpm_divide:Mod1|                                                                                                              ; 100 (0)             ; 0 (0)                     ; 0                 ; 0          ; 0    ; 0            ; |css_phy_tx_top_wrapper|css_phy_tx_top:u_css_phy_tx_top|zero_padding:u_zero_padding|lpm_divide:Mod1                                                                                                                                                                                                                                                                ; lpm_divide                        ; work         ;
;             |lpm_divide_k3m:auto_generated|                                                                                             ; 100 (0)             ; 0 (0)                     ; 0                 ; 0          ; 0    ; 0            ; |css_phy_tx_top_wrapper|css_phy_tx_top:u_css_phy_tx_top|zero_padding:u_zero_padding|lpm_divide:Mod1|lpm_divide_k3m:auto_generated                                                                                                                                                                                                                                  ; lpm_divide_k3m                    ; work         ;
;                |sign_div_unsign_olh:divider|                                                                                            ; 100 (0)             ; 0 (0)                     ; 0                 ; 0          ; 0    ; 0            ; |css_phy_tx_top_wrapper|css_phy_tx_top:u_css_phy_tx_top|zero_padding:u_zero_padding|lpm_divide:Mod1|lpm_divide_k3m:auto_generated|sign_div_unsign_olh:divider                                                                                                                                                                                                      ; sign_div_unsign_olh               ; work         ;
;                   |alt_u_div_kve:divider|                                                                                               ; 100 (100)           ; 0 (0)                     ; 0                 ; 0          ; 0    ; 0            ; |css_phy_tx_top_wrapper|css_phy_tx_top:u_css_phy_tx_top|zero_padding:u_zero_padding|lpm_divide:Mod1|lpm_divide_k3m:auto_generated|sign_div_unsign_olh:divider|alt_u_div_kve:divider                                                                                                                                                                                ; alt_u_div_kve                     ; work         ;
;    |sld_hub:auto_hub|                                                                                                                   ; 94 (1)              ; 78 (0)                    ; 0                 ; 0          ; 0    ; 0            ; |css_phy_tx_top_wrapper|sld_hub:auto_hub                                                                                                                                                                                                                                                                                                                           ; sld_hub                           ; altera_sld   ;
;       |alt_sld_fab_with_jtag_input:\instrumentation_fabric_with_node_gen:fabric_gen_new_way:with_jtag_input_gen:instrumentation_fabric| ; 93 (0)              ; 78 (0)                    ; 0                 ; 0          ; 0    ; 0            ; |css_phy_tx_top_wrapper|sld_hub:auto_hub|alt_sld_fab_with_jtag_input:\instrumentation_fabric_with_node_gen:fabric_gen_new_way:with_jtag_input_gen:instrumentation_fabric                                                                                                                                                                                           ; alt_sld_fab_with_jtag_input       ; altera_sld   ;
;          |alt_sld_fab:instrumentation_fabric|                                                                                           ; 93 (0)              ; 78 (0)                    ; 0                 ; 0          ; 0    ; 0            ; |css_phy_tx_top_wrapper|sld_hub:auto_hub|alt_sld_fab_with_jtag_input:\instrumentation_fabric_with_node_gen:fabric_gen_new_way:with_jtag_input_gen:instrumentation_fabric|alt_sld_fab:instrumentation_fabric                                                                                                                                                        ; alt_sld_fab                       ; alt_sld_fab  ;
;             |alt_sld_fab_alt_sld_fab:alt_sld_fab|                                                                                       ; 93 (1)              ; 78 (5)                    ; 0                 ; 0          ; 0    ; 0            ; |css_phy_tx_top_wrapper|sld_hub:auto_hub|alt_sld_fab_with_jtag_input:\instrumentation_fabric_with_node_gen:fabric_gen_new_way:with_jtag_input_gen:instrumentation_fabric|alt_sld_fab:instrumentation_fabric|alt_sld_fab_alt_sld_fab:alt_sld_fab                                                                                                                    ; alt_sld_fab_alt_sld_fab           ; alt_sld_fab  ;
;                |alt_sld_fab_alt_sld_fab_sldfabric:sldfabric|                                                                            ; 92 (0)              ; 73 (0)                    ; 0                 ; 0          ; 0    ; 0            ; |css_phy_tx_top_wrapper|sld_hub:auto_hub|alt_sld_fab_with_jtag_input:\instrumentation_fabric_with_node_gen:fabric_gen_new_way:with_jtag_input_gen:instrumentation_fabric|alt_sld_fab:instrumentation_fabric|alt_sld_fab_alt_sld_fab:alt_sld_fab|alt_sld_fab_alt_sld_fab_sldfabric:sldfabric                                                                        ; alt_sld_fab_alt_sld_fab_sldfabric ; alt_sld_fab  ;
;                   |sld_jtag_hub:\jtag_hub_gen:real_sld_jtag_hub|                                                                        ; 92 (57)             ; 73 (45)                   ; 0                 ; 0          ; 0    ; 0            ; |css_phy_tx_top_wrapper|sld_hub:auto_hub|alt_sld_fab_with_jtag_input:\instrumentation_fabric_with_node_gen:fabric_gen_new_way:with_jtag_input_gen:instrumentation_fabric|alt_sld_fab:instrumentation_fabric|alt_sld_fab_alt_sld_fab:alt_sld_fab|alt_sld_fab_alt_sld_fab_sldfabric:sldfabric|sld_jtag_hub:\jtag_hub_gen:real_sld_jtag_hub                           ; sld_jtag_hub                      ; work         ;
;                      |sld_rom_sr:hub_info_reg|                                                                                          ; 16 (16)             ; 9 (9)                     ; 0                 ; 0          ; 0    ; 0            ; |css_phy_tx_top_wrapper|sld_hub:auto_hub|alt_sld_fab_with_jtag_input:\instrumentation_fabric_with_node_gen:fabric_gen_new_way:with_jtag_input_gen:instrumentation_fabric|alt_sld_fab:instrumentation_fabric|alt_sld_fab_alt_sld_fab:alt_sld_fab|alt_sld_fab_alt_sld_fab_sldfabric:sldfabric|sld_jtag_hub:\jtag_hub_gen:real_sld_jtag_hub|sld_rom_sr:hub_info_reg   ; sld_rom_sr                        ; work         ;
;                      |sld_shadow_jsm:shadow_jsm|                                                                                        ; 19 (19)             ; 19 (19)                   ; 0                 ; 0          ; 0    ; 0            ; |css_phy_tx_top_wrapper|sld_hub:auto_hub|alt_sld_fab_with_jtag_input:\instrumentation_fabric_with_node_gen:fabric_gen_new_way:with_jtag_input_gen:instrumentation_fabric|alt_sld_fab:instrumentation_fabric|alt_sld_fab_alt_sld_fab:alt_sld_fab|alt_sld_fab_alt_sld_fab_sldfabric:sldfabric|sld_jtag_hub:\jtag_hub_gen:real_sld_jtag_hub|sld_shadow_jsm:shadow_jsm ; sld_shadow_jsm                    ; altera_sld   ;
+-----------------------------------------------------------------------------------------------------------------------------------------+---------------------+---------------------------+-------------------+------------+------+--------------+--------------------------------------------------------------------------------------------------------------------------------------------------------------------------------------------------------------------------------------------------------------------------------------------------------------------------------------------------------------------+-----------------------------------+--------------+
Note: For table entries with two numbers listed, the numbers in parentheses indicate the number of resources of the given type used by the specific entity alone. The numbers listed outside of parentheses indicate the total resources of the given type used by the specific entity and all of its sub-entities in the hierarchy.


+--------------------------------------------------------------------------------------------------------------------------------------------------------------------------------------------------------------------------------------------------------------------------------------------+
; Analysis & Synthesis RAM Summary                                                                                                                                                                                                                                                           ;
+-----------------------------------------------------------------------------------------------------------------------------+------+------------------+--------------+--------------+--------------+--------------+------+-----------------------------------------------------------------+
; Name                                                                                                                        ; Type ; Mode             ; Port A Depth ; Port A Width ; Port B Depth ; Port B Width ; Size ; MIF                                                             ;
+-----------------------------------------------------------------------------------------------------------------------------+------+------------------+--------------+--------------+--------------+--------------+------+-----------------------------------------------------------------+
; css_phy_tx_top:u_css_phy_tx_top|altsyncram:dqpsk_mem_imag_rtl_0|altsyncram_qoi1:auto_generated|ALTSYNCRAM                   ; AUTO ; Simple Dual Port ; 1024         ; 1            ; 1024         ; 1            ; 1024 ; None                                                            ;
; css_phy_tx_top:u_css_phy_tx_top|altsyncram:dqpsk_mem_real_rtl_0|altsyncram_qoi1:auto_generated|ALTSYNCRAM                   ; AUTO ; Simple Dual Port ; 1024         ; 1            ; 1024         ; 1            ; 1024 ; None                                                            ;
; css_phy_tx_top:u_css_phy_tx_top|csk_waveform_rom:u_csk_rom|altsyncram:rom_i_rtl_0|altsyncram_tif1:auto_generated|ALTSYNCRAM ; AUTO ; ROM              ; 152          ; 6            ; --           ; --           ; 912  ; db/css_phy_tx_top_wrapper.ram0_csk_waveform_rom_1d24a08.hdl.mif ;
; css_phy_tx_top:u_css_phy_tx_top|csk_waveform_rom:u_csk_rom|altsyncram:rom_q_rtl_0|altsyncram_uif1:auto_generated|ALTSYNCRAM ; AUTO ; ROM              ; 152          ; 6            ; --           ; --           ; 912  ; db/css_phy_tx_top_wrapper.ram1_csk_waveform_rom_1d24a08.hdl.mif ;
+-----------------------------------------------------------------------------------------------------------------------------+------+------------------+--------------+--------------+--------------+--------------+------+-----------------------------------------------------------------+


+-----------------------------------------------+
; Analysis & Synthesis DSP Block Usage Summary  ;
+---------------------------------+-------------+
; Statistic                       ; Number Used ;
+---------------------------------+-------------+
; Independent 9x9                 ; 1           ;
; Total number of DSP blocks      ; 1           ;
;                                 ;             ;
; Fixed Point Unsigned Multiplier ; 1           ;
+---------------------------------+-------------+


+-------------------------------------------------------------------------------------------------------------------------------------------------------------------------------------------------------------------------------------------------------------------------------------------------------------------------------------------------------------------------------+
; Analysis & Synthesis IP Cores Summary                                                                                                                                                                                                                                                                                                                                         ;
+--------+--------------+---------+--------------+--------------+---------------------------------------------------------------------------------------------------------------------------------------------------------------------------------------------------------------------------------------------------------------------------------------------+-----------------+
; Vendor ; IP Core Name ; Version ; Release Date ; License Type ; Entity Instance                                                                                                                                                                                                                                                                             ; IP Include File ;
+--------+--------------+---------+--------------+--------------+---------------------------------------------------------------------------------------------------------------------------------------------------------------------------------------------------------------------------------------------------------------------------------------------+-----------------+
; Altera ; Signal Tap   ; N/A     ; N/A          ; Licensed     ; |css_phy_tx_top_wrapper|sld_hub:auto_hub|alt_sld_fab_with_jtag_input:\instrumentation_fabric_with_node_gen:fabric_gen_new_way:with_jtag_input_gen:instrumentation_fabric|alt_sld_fab:instrumentation_fabric                                                                                 ;                 ;
; Altera ; Signal Tap   ; N/A     ; N/A          ; Licensed     ; |css_phy_tx_top_wrapper|sld_hub:auto_hub|alt_sld_fab_with_jtag_input:\instrumentation_fabric_with_node_gen:fabric_gen_new_way:with_jtag_input_gen:instrumentation_fabric|alt_sld_fab:instrumentation_fabric|alt_sld_fab_alt_sld_fab:alt_sld_fab                                             ;                 ;
; Altera ; Signal Tap   ; N/A     ; N/A          ; Licensed     ; |css_phy_tx_top_wrapper|sld_hub:auto_hub|alt_sld_fab_with_jtag_input:\instrumentation_fabric_with_node_gen:fabric_gen_new_way:with_jtag_input_gen:instrumentation_fabric|alt_sld_fab:instrumentation_fabric|alt_sld_fab_alt_sld_fab:alt_sld_fab|alt_sld_fab_alt_sld_fab_presplit:presplit   ;                 ;
; Altera ; Signal Tap   ; N/A     ; N/A          ; Licensed     ; |css_phy_tx_top_wrapper|sld_hub:auto_hub|alt_sld_fab_with_jtag_input:\instrumentation_fabric_with_node_gen:fabric_gen_new_way:with_jtag_input_gen:instrumentation_fabric|alt_sld_fab:instrumentation_fabric|alt_sld_fab_alt_sld_fab:alt_sld_fab|alt_sld_fab_alt_sld_fab_sldfabric:sldfabric ;                 ;
; Altera ; Signal Tap   ; N/A     ; N/A          ; Licensed     ; |css_phy_tx_top_wrapper|sld_hub:auto_hub|alt_sld_fab_with_jtag_input:\instrumentation_fabric_with_node_gen:fabric_gen_new_way:with_jtag_input_gen:instrumentation_fabric|alt_sld_fab:instrumentation_fabric|alt_sld_fab_alt_sld_fab:alt_sld_fab|alt_sld_fab_alt_sld_fab_splitter:splitter   ;                 ;
+--------+--------------+---------+--------------+--------------+---------------------------------------------------------------------------------------------------------------------------------------------------------------------------------------------------------------------------------------------------------------------------------------------+-----------------+


Encoding Type:  One-Hot
+-------------------------------------------------------------------------------------------------------------+
; State Machine - |css_phy_tx_top_wrapper|css_phy_tx_top:u_css_phy_tx_top|csk_sequencer:u_csk_sequencer|state ;
+-------------------+---------------+--------------+----------------------------------------------------------+
; Name              ; state.SC_IDLE ; state.SC_GAP ; state.SC_SUBCHIRP                                        ;
+-------------------+---------------+--------------+----------------------------------------------------------+
; state.SC_IDLE     ; 0             ; 0            ; 0                                                        ;
; state.SC_SUBCHIRP ; 1             ; 0            ; 1                                                        ;
; state.SC_GAP      ; 1             ; 1            ; 0                                                        ;
+-------------------+---------------+--------------+----------------------------------------------------------+


Encoding Type:  One-Hot
+-----------------------------------------------------------------------------------------------------------+
; State Machine - |css_phy_tx_top_wrapper|css_phy_tx_top:u_css_phy_tx_top|zero_padding:u_zero_padding|state ;
+---------------+------------+---------------+--------------------------------------------------------------+
; Name          ; state.IDLE ; state.PADDING ; state.DATA                                                   ;
+---------------+------------+---------------+--------------------------------------------------------------+
; state.IDLE    ; 0          ; 0             ; 0                                                            ;
; state.DATA    ; 1          ; 0             ; 1                                                            ;
; state.PADDING ; 1          ; 1             ; 0                                                            ;
+---------------+------------+---------------+--------------------------------------------------------------+


Encoding Type:  One-Hot
+------------------------------------------------------------------------------------------------------------+
; State Machine - |css_phy_tx_top_wrapper|css_phy_tx_top:u_css_phy_tx_top|controller:u_controller|feed_state ;
+--------------------+-------------------+-------------------+-----------------------------------------------+
; Name               ; feed_state.F_IDLE ; feed_state.F_SEND ; feed_state.F_START                            ;
+--------------------+-------------------+-------------------+-----------------------------------------------+
; feed_state.F_IDLE  ; 0                 ; 0                 ; 0                                             ;
; feed_state.F_START ; 1                 ; 0                 ; 1                                             ;
; feed_state.F_SEND  ; 1                 ; 1                 ; 0                                             ;
+--------------------+-------------------+-------------------+-----------------------------------------------+


+----------------------------------------------------------------------------------------------------------------------------------+
; Registers Removed During Synthesis                                                                                               ;
+-----------------------------------------------------------------------------------------+----------------------------------------+
; Register name                                                                           ; Reason for Removal                     ;
+-----------------------------------------------------------------------------------------+----------------------------------------+
; css_phy_tx_top:u_css_phy_tx_top|dqpsk_encoder:u_dqpsk|s_real[0]                         ; Lost fanout                            ;
; css_phy_tx_top:u_css_phy_tx_top|dqpsk_encoder:u_dqpsk|s_imag[0]                         ; Lost fanout                            ;
; css_phy_tx_top:u_css_phy_tx_top|form_ppdu:u_form_ppdu|wr_ptr[0,1]                       ; Stuck at GND due to stuck port data_in ;
; css_phy_tx_top:u_css_phy_tx_top|dqpsk_encoder:u_dqpsk|s_real_d[0][0]                    ; Lost fanout                            ;
; css_phy_tx_top:u_css_phy_tx_top|dqpsk_encoder:u_dqpsk|s_real_d[1][0]                    ; Lost fanout                            ;
; css_phy_tx_top:u_css_phy_tx_top|dqpsk_encoder:u_dqpsk|s_real_d[2][0]                    ; Lost fanout                            ;
; css_phy_tx_top:u_css_phy_tx_top|dqpsk_encoder:u_dqpsk|s_real_d[3][0]                    ; Lost fanout                            ;
; css_phy_tx_top:u_css_phy_tx_top|dqpsk_encoder:u_dqpsk|s_imag_d[0][0]                    ; Lost fanout                            ;
; css_phy_tx_top:u_css_phy_tx_top|dqpsk_encoder:u_dqpsk|s_imag_d[1][0]                    ; Lost fanout                            ;
; css_phy_tx_top:u_css_phy_tx_top|dqpsk_encoder:u_dqpsk|s_imag_d[2][0]                    ; Lost fanout                            ;
; css_phy_tx_top:u_css_phy_tx_top|dqpsk_encoder:u_dqpsk|s_imag_d[3][0]                    ; Lost fanout                            ;
; css_phy_tx_top:u_css_phy_tx_top|zero_padding:u_zero_padding|total_data_bits[0,1,12..15] ; Stuck at GND due to stuck port data_in ;
; css_phy_tx_top:u_css_phy_tx_top|controller:u_controller|total_bits_reg[0,1]             ; Stuck at GND due to stuck port data_in ;
; css_phy_tx_top:u_css_phy_tx_top|controller:u_controller|expected_chip_count_reg[0,1]    ; Stuck at GND due to stuck port data_in ;
; css_phy_tx_top:u_css_phy_tx_top|csk_symbol_index[10]                                    ; Lost fanout                            ;
; css_phy_tx_top:u_css_phy_tx_top|symbol_mapper:u_symbol_mapper|rom_1mbs~0                ; Lost fanout                            ;
; css_phy_tx_top:u_css_phy_tx_top|symbol_mapper:u_symbol_mapper|rom_1mbs~1                ; Lost fanout                            ;
; css_phy_tx_top:u_css_phy_tx_top|symbol_mapper:u_symbol_mapper|rom_1mbs~2                ; Lost fanout                            ;
; css_phy_tx_top:u_css_phy_tx_top|symbol_mapper:u_symbol_mapper|rom_1mbs~3                ; Lost fanout                            ;
; css_phy_tx_top:u_css_phy_tx_top|symbol_mapper:u_symbol_mapper|rom_1mbs~4                ; Lost fanout                            ;
; css_phy_tx_top:u_css_phy_tx_top|symbol_mapper:u_symbol_mapper|rom_1mbs~5                ; Lost fanout                            ;
; css_phy_tx_top:u_css_phy_tx_top|symbol_mapper:u_symbol_mapper|rom_1mbs~6                ; Lost fanout                            ;
; css_phy_tx_top:u_css_phy_tx_top|symbol_mapper:u_symbol_mapper|rom_1mbs~7                ; Lost fanout                            ;
; css_phy_tx_top:u_css_phy_tx_top|symbol_mapper:u_symbol_mapper|rom_1mbs~8                ; Lost fanout                            ;
; css_phy_tx_top:u_css_phy_tx_top|symbol_mapper:u_symbol_mapper|rom_1mbs~9                ; Lost fanout                            ;
; css_phy_tx_top:u_css_phy_tx_top|symbol_mapper:u_symbol_mapper|rom_1mbs~10               ; Lost fanout                            ;
; css_phy_tx_top:u_css_phy_tx_top|symbol_mapper:u_symbol_mapper|rom_1mbs~11               ; Lost fanout                            ;
; css_phy_tx_top:u_css_phy_tx_top|symbol_mapper:u_symbol_mapper|rom_1mbs~12               ; Lost fanout                            ;
; css_phy_tx_top:u_css_phy_tx_top|symbol_mapper:u_symbol_mapper|rom_1mbs~13               ; Lost fanout                            ;
; css_phy_tx_top:u_css_phy_tx_top|symbol_mapper:u_symbol_mapper|rom_1mbs~14               ; Lost fanout                            ;
; css_phy_tx_top:u_css_phy_tx_top|symbol_mapper:u_symbol_mapper|rom_1mbs~15               ; Lost fanout                            ;
; css_phy_tx_top:u_css_phy_tx_top|symbol_mapper:u_symbol_mapper|rom_1mbs~16               ; Lost fanout                            ;
; css_phy_tx_top:u_css_phy_tx_top|symbol_mapper:u_symbol_mapper|rom_1mbs~17               ; Lost fanout                            ;
; css_phy_tx_top:u_css_phy_tx_top|symbol_mapper:u_symbol_mapper|rom_1mbs~18               ; Lost fanout                            ;
; css_phy_tx_top:u_css_phy_tx_top|symbol_mapper:u_symbol_mapper|rom_1mbs~19               ; Lost fanout                            ;
; css_phy_tx_top:u_css_phy_tx_top|symbol_mapper:u_symbol_mapper|rom_1mbs~20               ; Lost fanout                            ;
; css_phy_tx_top:u_css_phy_tx_top|symbol_mapper:u_symbol_mapper|rom_1mbs~21               ; Lost fanout                            ;
; css_phy_tx_top:u_css_phy_tx_top|symbol_mapper:u_symbol_mapper|rom_1mbs~22               ; Lost fanout                            ;
; css_phy_tx_top:u_css_phy_tx_top|symbol_mapper:u_symbol_mapper|rom_1mbs~23               ; Lost fanout                            ;
; css_phy_tx_top:u_css_phy_tx_top|symbol_mapper:u_symbol_mapper|rom_1mbs~24               ; Lost fanout                            ;
; css_phy_tx_top:u_css_phy_tx_top|symbol_mapper:u_symbol_mapper|rom_1mbs~25               ; Lost fanout                            ;
; css_phy_tx_top:u_css_phy_tx_top|symbol_mapper:u_symbol_mapper|rom_1mbs~26               ; Lost fanout                            ;
; css_phy_tx_top:u_css_phy_tx_top|symbol_mapper:u_symbol_mapper|rom_1mbs~27               ; Lost fanout                            ;
; css_phy_tx_top:u_css_phy_tx_top|symbol_mapper:u_symbol_mapper|rom_1mbs~28               ; Lost fanout                            ;
; css_phy_tx_top:u_css_phy_tx_top|symbol_mapper:u_symbol_mapper|rom_1mbs~29               ; Lost fanout                            ;
; css_phy_tx_top:u_css_phy_tx_top|symbol_mapper:u_symbol_mapper|rom_1mbs~30               ; Lost fanout                            ;
; css_phy_tx_top:u_css_phy_tx_top|symbol_mapper:u_symbol_mapper|rom_1mbs~31               ; Lost fanout                            ;
; css_phy_tx_top:u_css_phy_tx_top|form_ppdu:u_form_ppdu|sfd_1m~0                          ; Lost fanout                            ;
; css_phy_tx_top:u_css_phy_tx_top|form_ppdu:u_form_ppdu|sfd_1m~1                          ; Lost fanout                            ;
; css_phy_tx_top:u_css_phy_tx_top|form_ppdu:u_form_ppdu|sfd_1m~2                          ; Lost fanout                            ;
; css_phy_tx_top:u_css_phy_tx_top|form_ppdu:u_form_ppdu|sfd_1m~3                          ; Lost fanout                            ;
; css_phy_tx_top:u_css_phy_tx_top|form_ppdu:u_form_ppdu|sfd_1m~4                          ; Lost fanout                            ;
; css_phy_tx_top:u_css_phy_tx_top|form_ppdu:u_form_ppdu|sfd_1m~5                          ; Lost fanout                            ;
; css_phy_tx_top:u_css_phy_tx_top|form_ppdu:u_form_ppdu|sfd_1m~6                          ; Lost fanout                            ;
; css_phy_tx_top:u_css_phy_tx_top|form_ppdu:u_form_ppdu|sfd_1m~7                          ; Lost fanout                            ;
; css_phy_tx_top:u_css_phy_tx_top|form_ppdu:u_form_ppdu|sfd_1m~8                          ; Lost fanout                            ;
; css_phy_tx_top:u_css_phy_tx_top|form_ppdu:u_form_ppdu|sfd_1m~9                          ; Lost fanout                            ;
; css_phy_tx_top:u_css_phy_tx_top|form_ppdu:u_form_ppdu|sfd_1m~10                         ; Lost fanout                            ;
; css_phy_tx_top:u_css_phy_tx_top|form_ppdu:u_form_ppdu|sfd_1m~11                         ; Lost fanout                            ;
; css_phy_tx_top:u_css_phy_tx_top|form_ppdu:u_form_ppdu|sfd_1m~12                         ; Lost fanout                            ;
; css_phy_tx_top:u_css_phy_tx_top|form_ppdu:u_form_ppdu|sfd_1m~13                         ; Lost fanout                            ;
; css_phy_tx_top:u_css_phy_tx_top|form_ppdu:u_form_ppdu|sfd_1m~14                         ; Lost fanout                            ;
; css_phy_tx_top:u_css_phy_tx_top|form_ppdu:u_form_ppdu|sfd_1m~15                         ; Lost fanout                            ;
; css_phy_tx_top:u_css_phy_tx_top|form_ppdu:u_form_ppdu|sfd_250k~0                        ; Lost fanout                            ;
; css_phy_tx_top:u_css_phy_tx_top|form_ppdu:u_form_ppdu|sfd_250k~1                        ; Lost fanout                            ;
; css_phy_tx_top:u_css_phy_tx_top|form_ppdu:u_form_ppdu|sfd_250k~2                        ; Lost fanout                            ;
; css_phy_tx_top:u_css_phy_tx_top|form_ppdu:u_form_ppdu|sfd_250k~3                        ; Lost fanout                            ;
; css_phy_tx_top:u_css_phy_tx_top|form_ppdu:u_form_ppdu|sfd_250k~4                        ; Lost fanout                            ;
; css_phy_tx_top:u_css_phy_tx_top|form_ppdu:u_form_ppdu|sfd_250k~5                        ; Lost fanout                            ;
; css_phy_tx_top:u_css_phy_tx_top|form_ppdu:u_form_ppdu|sfd_250k~6                        ; Lost fanout                            ;
; css_phy_tx_top:u_css_phy_tx_top|form_ppdu:u_form_ppdu|sfd_250k~7                        ; Lost fanout                            ;
; css_phy_tx_top:u_css_phy_tx_top|form_ppdu:u_form_ppdu|sfd_250k~8                        ; Lost fanout                            ;
; css_phy_tx_top:u_css_phy_tx_top|form_ppdu:u_form_ppdu|sfd_250k~9                        ; Lost fanout                            ;
; css_phy_tx_top:u_css_phy_tx_top|form_ppdu:u_form_ppdu|sfd_250k~10                       ; Lost fanout                            ;
; css_phy_tx_top:u_css_phy_tx_top|form_ppdu:u_form_ppdu|sfd_250k~11                       ; Lost fanout                            ;
; css_phy_tx_top:u_css_phy_tx_top|form_ppdu:u_form_ppdu|sfd_250k~12                       ; Lost fanout                            ;
; css_phy_tx_top:u_css_phy_tx_top|form_ppdu:u_form_ppdu|sfd_250k~13                       ; Lost fanout                            ;
; css_phy_tx_top:u_css_phy_tx_top|form_ppdu:u_form_ppdu|sfd_250k~14                       ; Lost fanout                            ;
; css_phy_tx_top:u_css_phy_tx_top|form_ppdu:u_form_ppdu|sfd_250k~15                       ; Lost fanout                            ;
; Total Number of Removed Registers = 87                                                  ;                                        ;
+-----------------------------------------------------------------------------------------+----------------------------------------+


+--------------------------------------------------------------------------------------------------------------------------------------------------------------+
; Removed Registers Triggering Further Register Optimizations                                                                                                  ;
+-----------------------------------------------------------------+--------------------+-----------------------------------------------------------------------+
; Register name                                                   ; Reason for Removal ; Registers Removed due to This Register                                ;
+-----------------------------------------------------------------+--------------------+-----------------------------------------------------------------------+
; css_phy_tx_top:u_css_phy_tx_top|dqpsk_encoder:u_dqpsk|s_real[0] ; Lost Fanouts       ; css_phy_tx_top:u_css_phy_tx_top|dqpsk_encoder:u_dqpsk|s_real_d[3][0], ;
;                                                                 ;                    ; css_phy_tx_top:u_css_phy_tx_top|dqpsk_encoder:u_dqpsk|s_imag_d[3][0]  ;
+-----------------------------------------------------------------+--------------------+-----------------------------------------------------------------------+


+------------------------------------------------------+
; General Register Statistics                          ;
+----------------------------------------------+-------+
; Statistic                                    ; Value ;
+----------------------------------------------+-------+
; Total registers                              ; 5794  ;
; Number of registers using Synchronous Clear  ; 192   ;
; Number of registers using Synchronous Load   ; 108   ;
; Number of registers using Asynchronous Clear ; 377   ;
; Number of registers using Asynchronous Load  ; 0     ;
; Number of registers using Clock Enable       ; 1573  ;
; Number of registers using Preset             ; 0     ;
+----------------------------------------------+-------+


+-------------------------------------------------------------------------------------------------------------------------------------------------------------------------------------------------------------------------------------------------------------------------------------------------------------------------------------------+
; Inverted Register Statistics                                                                                                                                                                                                                                                                                                              ;
+---------------------------------------------------------------------------------------------------------------------------------------------------------------------------------------------------------------------------------------------------------------------------------------------------------------------------------+---------+
; Inverted Register                                                                                                                                                                                                                                                                                                               ; Fan out ;
+---------------------------------------------------------------------------------------------------------------------------------------------------------------------------------------------------------------------------------------------------------------------------------------------------------------------------------+---------+
; sld_hub:auto_hub|alt_sld_fab_with_jtag_input:\instrumentation_fabric_with_node_gen:fabric_gen_new_way:with_jtag_input_gen:instrumentation_fabric|alt_sld_fab:instrumentation_fabric|alt_sld_fab_alt_sld_fab:alt_sld_fab|alt_sld_fab_alt_sld_fab_sldfabric:sldfabric|sld_jtag_hub:\jtag_hub_gen:real_sld_jtag_hub|jtag_ir_reg[1] ; 3       ;
; sld_hub:auto_hub|alt_sld_fab_with_jtag_input:\instrumentation_fabric_with_node_gen:fabric_gen_new_way:with_jtag_input_gen:instrumentation_fabric|alt_sld_fab:instrumentation_fabric|alt_sld_fab_alt_sld_fab:alt_sld_fab|alt_sld_fab_alt_sld_fab_sldfabric:sldfabric|sld_jtag_hub:\jtag_hub_gen:real_sld_jtag_hub|jtag_ir_reg[2] ; 3       ;
; Total number of inverted registers = 2                                                                                                                                                                                                                                                                                          ;         ;
+---------------------------------------------------------------------------------------------------------------------------------------------------------------------------------------------------------------------------------------------------------------------------------------------------------------------------------+---------+


+------------------------------------------------------------------------------------------------------------------------+
; Registers Added for RAM Pass-Through Logic                                                                             ;
+-----------------------------------------------------------------+------------------------------------------------------+
; Register Name                                                   ; RAM Name                                             ;
+-----------------------------------------------------------------+------------------------------------------------------+
; css_phy_tx_top:u_css_phy_tx_top|dqpsk_mem_real_rtl_0_bypass[0]  ; css_phy_tx_top:u_css_phy_tx_top|dqpsk_mem_real_rtl_0 ;
; css_phy_tx_top:u_css_phy_tx_top|dqpsk_mem_real_rtl_0_bypass[1]  ; css_phy_tx_top:u_css_phy_tx_top|dqpsk_mem_real_rtl_0 ;
; css_phy_tx_top:u_css_phy_tx_top|dqpsk_mem_real_rtl_0_bypass[2]  ; css_phy_tx_top:u_css_phy_tx_top|dqpsk_mem_real_rtl_0 ;
; css_phy_tx_top:u_css_phy_tx_top|dqpsk_mem_real_rtl_0_bypass[3]  ; css_phy_tx_top:u_css_phy_tx_top|dqpsk_mem_real_rtl_0 ;
; css_phy_tx_top:u_css_phy_tx_top|dqpsk_mem_real_rtl_0_bypass[4]  ; css_phy_tx_top:u_css_phy_tx_top|dqpsk_mem_real_rtl_0 ;
; css_phy_tx_top:u_css_phy_tx_top|dqpsk_mem_real_rtl_0_bypass[5]  ; css_phy_tx_top:u_css_phy_tx_top|dqpsk_mem_real_rtl_0 ;
; css_phy_tx_top:u_css_phy_tx_top|dqpsk_mem_real_rtl_0_bypass[6]  ; css_phy_tx_top:u_css_phy_tx_top|dqpsk_mem_real_rtl_0 ;
; css_phy_tx_top:u_css_phy_tx_top|dqpsk_mem_real_rtl_0_bypass[7]  ; css_phy_tx_top:u_css_phy_tx_top|dqpsk_mem_real_rtl_0 ;
; css_phy_tx_top:u_css_phy_tx_top|dqpsk_mem_real_rtl_0_bypass[8]  ; css_phy_tx_top:u_css_phy_tx_top|dqpsk_mem_real_rtl_0 ;
; css_phy_tx_top:u_css_phy_tx_top|dqpsk_mem_real_rtl_0_bypass[9]  ; css_phy_tx_top:u_css_phy_tx_top|dqpsk_mem_real_rtl_0 ;
; css_phy_tx_top:u_css_phy_tx_top|dqpsk_mem_real_rtl_0_bypass[10] ; css_phy_tx_top:u_css_phy_tx_top|dqpsk_mem_real_rtl_0 ;
; css_phy_tx_top:u_css_phy_tx_top|dqpsk_mem_real_rtl_0_bypass[11] ; css_phy_tx_top:u_css_phy_tx_top|dqpsk_mem_real_rtl_0 ;
; css_phy_tx_top:u_css_phy_tx_top|dqpsk_mem_real_rtl_0_bypass[12] ; css_phy_tx_top:u_css_phy_tx_top|dqpsk_mem_real_rtl_0 ;
; css_phy_tx_top:u_css_phy_tx_top|dqpsk_mem_real_rtl_0_bypass[13] ; css_phy_tx_top:u_css_phy_tx_top|dqpsk_mem_real_rtl_0 ;
; css_phy_tx_top:u_css_phy_tx_top|dqpsk_mem_real_rtl_0_bypass[14] ; css_phy_tx_top:u_css_phy_tx_top|dqpsk_mem_real_rtl_0 ;
; css_phy_tx_top:u_css_phy_tx_top|dqpsk_mem_real_rtl_0_bypass[15] ; css_phy_tx_top:u_css_phy_tx_top|dqpsk_mem_real_rtl_0 ;
; css_phy_tx_top:u_css_phy_tx_top|dqpsk_mem_real_rtl_0_bypass[16] ; css_phy_tx_top:u_css_phy_tx_top|dqpsk_mem_real_rtl_0 ;
; css_phy_tx_top:u_css_phy_tx_top|dqpsk_mem_real_rtl_0_bypass[17] ; css_phy_tx_top:u_css_phy_tx_top|dqpsk_mem_real_rtl_0 ;
; css_phy_tx_top:u_css_phy_tx_top|dqpsk_mem_real_rtl_0_bypass[18] ; css_phy_tx_top:u_css_phy_tx_top|dqpsk_mem_real_rtl_0 ;
; css_phy_tx_top:u_css_phy_tx_top|dqpsk_mem_real_rtl_0_bypass[19] ; css_phy_tx_top:u_css_phy_tx_top|dqpsk_mem_real_rtl_0 ;
; css_phy_tx_top:u_css_phy_tx_top|dqpsk_mem_real_rtl_0_bypass[20] ; css_phy_tx_top:u_css_phy_tx_top|dqpsk_mem_real_rtl_0 ;
; css_phy_tx_top:u_css_phy_tx_top|dqpsk_mem_real_rtl_0_bypass[21] ; css_phy_tx_top:u_css_phy_tx_top|dqpsk_mem_real_rtl_0 ;
; css_phy_tx_top:u_css_phy_tx_top|dqpsk_mem_imag_rtl_0_bypass[0]  ; css_phy_tx_top:u_css_phy_tx_top|dqpsk_mem_imag_rtl_0 ;
; css_phy_tx_top:u_css_phy_tx_top|dqpsk_mem_imag_rtl_0_bypass[1]  ; css_phy_tx_top:u_css_phy_tx_top|dqpsk_mem_imag_rtl_0 ;
; css_phy_tx_top:u_css_phy_tx_top|dqpsk_mem_imag_rtl_0_bypass[2]  ; css_phy_tx_top:u_css_phy_tx_top|dqpsk_mem_imag_rtl_0 ;
; css_phy_tx_top:u_css_phy_tx_top|dqpsk_mem_imag_rtl_0_bypass[3]  ; css_phy_tx_top:u_css_phy_tx_top|dqpsk_mem_imag_rtl_0 ;
; css_phy_tx_top:u_css_phy_tx_top|dqpsk_mem_imag_rtl_0_bypass[4]  ; css_phy_tx_top:u_css_phy_tx_top|dqpsk_mem_imag_rtl_0 ;
; css_phy_tx_top:u_css_phy_tx_top|dqpsk_mem_imag_rtl_0_bypass[5]  ; css_phy_tx_top:u_css_phy_tx_top|dqpsk_mem_imag_rtl_0 ;
; css_phy_tx_top:u_css_phy_tx_top|dqpsk_mem_imag_rtl_0_bypass[6]  ; css_phy_tx_top:u_css_phy_tx_top|dqpsk_mem_imag_rtl_0 ;
; css_phy_tx_top:u_css_phy_tx_top|dqpsk_mem_imag_rtl_0_bypass[7]  ; css_phy_tx_top:u_css_phy_tx_top|dqpsk_mem_imag_rtl_0 ;
; css_phy_tx_top:u_css_phy_tx_top|dqpsk_mem_imag_rtl_0_bypass[8]  ; css_phy_tx_top:u_css_phy_tx_top|dqpsk_mem_imag_rtl_0 ;
; css_phy_tx_top:u_css_phy_tx_top|dqpsk_mem_imag_rtl_0_bypass[9]  ; css_phy_tx_top:u_css_phy_tx_top|dqpsk_mem_imag_rtl_0 ;
; css_phy_tx_top:u_css_phy_tx_top|dqpsk_mem_imag_rtl_0_bypass[10] ; css_phy_tx_top:u_css_phy_tx_top|dqpsk_mem_imag_rtl_0 ;
; css_phy_tx_top:u_css_phy_tx_top|dqpsk_mem_imag_rtl_0_bypass[11] ; css_phy_tx_top:u_css_phy_tx_top|dqpsk_mem_imag_rtl_0 ;
; css_phy_tx_top:u_css_phy_tx_top|dqpsk_mem_imag_rtl_0_bypass[12] ; css_phy_tx_top:u_css_phy_tx_top|dqpsk_mem_imag_rtl_0 ;
; css_phy_tx_top:u_css_phy_tx_top|dqpsk_mem_imag_rtl_0_bypass[13] ; css_phy_tx_top:u_css_phy_tx_top|dqpsk_mem_imag_rtl_0 ;
; css_phy_tx_top:u_css_phy_tx_top|dqpsk_mem_imag_rtl_0_bypass[14] ; css_phy_tx_top:u_css_phy_tx_top|dqpsk_mem_imag_rtl_0 ;
; css_phy_tx_top:u_css_phy_tx_top|dqpsk_mem_imag_rtl_0_bypass[15] ; css_phy_tx_top:u_css_phy_tx_top|dqpsk_mem_imag_rtl_0 ;
; css_phy_tx_top:u_css_phy_tx_top|dqpsk_mem_imag_rtl_0_bypass[16] ; css_phy_tx_top:u_css_phy_tx_top|dqpsk_mem_imag_rtl_0 ;
; css_phy_tx_top:u_css_phy_tx_top|dqpsk_mem_imag_rtl_0_bypass[17] ; css_phy_tx_top:u_css_phy_tx_top|dqpsk_mem_imag_rtl_0 ;
; css_phy_tx_top:u_css_phy_tx_top|dqpsk_mem_imag_rtl_0_bypass[18] ; css_phy_tx_top:u_css_phy_tx_top|dqpsk_mem_imag_rtl_0 ;
; css_phy_tx_top:u_css_phy_tx_top|dqpsk_mem_imag_rtl_0_bypass[19] ; css_phy_tx_top:u_css_phy_tx_top|dqpsk_mem_imag_rtl_0 ;
; css_phy_tx_top:u_css_phy_tx_top|dqpsk_mem_imag_rtl_0_bypass[20] ; css_phy_tx_top:u_css_phy_tx_top|dqpsk_mem_imag_rtl_0 ;
; css_phy_tx_top:u_css_phy_tx_top|dqpsk_mem_imag_rtl_0_bypass[21] ; css_phy_tx_top:u_css_phy_tx_top|dqpsk_mem_imag_rtl_0 ;
+-----------------------------------------------------------------+------------------------------------------------------+


+------------------------------------------------------------------------------------------------------------------------------------------------------+
; Registers Packed Into Inferred Megafunctions                                                                                                         ;
+----------------------------------------------------------------------+------------------------------------------------------------------------+------+
; Register Name                                                        ; Megafunction                                                           ; Type ;
+----------------------------------------------------------------------+------------------------------------------------------------------------+------+
; css_phy_tx_top:u_css_phy_tx_top|csk_waveform_rom:u_csk_rom|i_c[0..5] ; css_phy_tx_top:u_css_phy_tx_top|csk_waveform_rom:u_csk_rom|rom_i_rtl_0 ; RAM  ;
; css_phy_tx_top:u_css_phy_tx_top|csk_waveform_rom:u_csk_rom|q_c[0..5] ; css_phy_tx_top:u_css_phy_tx_top|csk_waveform_rom:u_csk_rom|rom_q_rtl_0 ; RAM  ;
+----------------------------------------------------------------------+------------------------------------------------------------------------+------+


+--------------------------------------------------------------------------------------------------------------------------------------------------------------------------------------------------------------------------------------------------------------------------------------------------------------------------------+
; Multiplexer Restructuring Statistics (Restructuring Performed)                                                                                                                                                                                                                                                                 ;
+--------------------+-----------+---------------+----------------------+------------------------+------------+------------------------------------------------------------------------------------------------------------------------------------------------------------------------------------------------------------------+
; Multiplexer Inputs ; Bus Width ; Baseline Area ; Area if Restructured ; Saving if Restructured ; Registered ; Example Multiplexer Output                                                                                                                                                                                       ;
+--------------------+-----------+---------------+----------------------+------------------------+------------+------------------------------------------------------------------------------------------------------------------------------------------------------------------------------------------------------------------+
; 3:1                ; 4 bits    ; 8 LEs         ; 4 LEs                ; 4 LEs                  ; Yes        ; |css_phy_tx_top_wrapper|css_phy_tx_top:u_css_phy_tx_top|form_ppdu:u_form_ppdu|wr_ptr[5]                                                                                                                          ;
; 3:1                ; 2 bits    ; 4 LEs         ; 2 LEs                ; 2 LEs                  ; Yes        ; |css_phy_tx_top_wrapper|css_phy_tx_top:u_css_phy_tx_top|form_ppdu:u_form_ppdu|i_fifo[4]                                                                                                                          ;
; 4:1                ; 6 bits    ; 12 LEs        ; 12 LEs               ; 0 LEs                  ; Yes        ; |css_phy_tx_top_wrapper|css_phy_tx_top:u_css_phy_tx_top|form_ppdu:u_form_ppdu|wr_ptr[7]                                                                                                                          ;
; 4:1                ; 2 bits    ; 4 LEs         ; 4 LEs                ; 0 LEs                  ; Yes        ; |css_phy_tx_top_wrapper|css_phy_tx_top:u_css_phy_tx_top|form_ppdu:u_form_ppdu|q_fifo[8]                                                                                                                          ;
; 5:1                ; 2 bits    ; 6 LEs         ; 4 LEs                ; 2 LEs                  ; Yes        ; |css_phy_tx_top_wrapper|css_phy_tx_top:u_css_phy_tx_top|form_ppdu:u_form_ppdu|i_fifo[12]                                                                                                                         ;
; 6:1                ; 2 bits    ; 8 LEs         ; 6 LEs                ; 2 LEs                  ; Yes        ; |css_phy_tx_top_wrapper|css_phy_tx_top:u_css_phy_tx_top|form_ppdu:u_form_ppdu|q_fifo[16]                                                                                                                         ;
; 7:1                ; 2 bits    ; 8 LEs         ; 8 LEs                ; 0 LEs                  ; Yes        ; |css_phy_tx_top_wrapper|css_phy_tx_top:u_css_phy_tx_top|form_ppdu:u_form_ppdu|q_fifo[20]                                                                                                                         ;
; 8:1                ; 2 bits    ; 10 LEs        ; 8 LEs                ; 2 LEs                  ; Yes        ; |css_phy_tx_top_wrapper|css_phy_tx_top:u_css_phy_tx_top|form_ppdu:u_form_ppdu|i_fifo[24]                                                                                                                         ;
; 9:1                ; 2 bits    ; 12 LEs        ; 10 LEs               ; 2 LEs                  ; Yes        ; |css_phy_tx_top_wrapper|css_phy_tx_top:u_css_phy_tx_top|form_ppdu:u_form_ppdu|q_fifo[28]                                                                                                                         ;
; 10:1               ; 2 bits    ; 12 LEs        ; 12 LEs               ; 0 LEs                  ; Yes        ; |css_phy_tx_top_wrapper|css_phy_tx_top:u_css_phy_tx_top|form_ppdu:u_form_ppdu|q_fifo[32]                                                                                                                         ;
; 11:1               ; 2 bits    ; 14 LEs        ; 12 LEs               ; 2 LEs                  ; Yes        ; |css_phy_tx_top_wrapper|css_phy_tx_top:u_css_phy_tx_top|form_ppdu:u_form_ppdu|q_fifo[36]                                                                                                                         ;
; 12:1               ; 2 bits    ; 16 LEs        ; 14 LEs               ; 2 LEs                  ; Yes        ; |css_phy_tx_top_wrapper|css_phy_tx_top:u_css_phy_tx_top|form_ppdu:u_form_ppdu|q_fifo[40]                                                                                                                         ;
; 13:1               ; 2 bits    ; 16 LEs        ; 16 LEs               ; 0 LEs                  ; Yes        ; |css_phy_tx_top_wrapper|css_phy_tx_top:u_css_phy_tx_top|form_ppdu:u_form_ppdu|i_fifo[44]                                                                                                                         ;
; 14:1               ; 2 bits    ; 18 LEs        ; 16 LEs               ; 2 LEs                  ; Yes        ; |css_phy_tx_top_wrapper|css_phy_tx_top:u_css_phy_tx_top|form_ppdu:u_form_ppdu|i_fifo[48]                                                                                                                         ;
; 15:1               ; 2 bits    ; 20 LEs        ; 18 LEs               ; 2 LEs                  ; Yes        ; |css_phy_tx_top_wrapper|css_phy_tx_top:u_css_phy_tx_top|form_ppdu:u_form_ppdu|i_fifo[52]                                                                                                                         ;
; 16:1               ; 2 bits    ; 20 LEs        ; 20 LEs               ; 0 LEs                  ; Yes        ; |css_phy_tx_top_wrapper|css_phy_tx_top:u_css_phy_tx_top|form_ppdu:u_form_ppdu|q_fifo[56]                                                                                                                         ;
; 17:1               ; 2 bits    ; 22 LEs        ; 20 LEs               ; 2 LEs                  ; Yes        ; |css_phy_tx_top_wrapper|css_phy_tx_top:u_css_phy_tx_top|form_ppdu:u_form_ppdu|q_fifo[2047]                                                                                                                       ;
; 17:1               ; 2 bits    ; 22 LEs        ; 20 LEs               ; 2 LEs                  ; Yes        ; |css_phy_tx_top_wrapper|css_phy_tx_top:u_css_phy_tx_top|form_ppdu:u_form_ppdu|q_fifo[2046]                                                                                                                       ;
; 17:1               ; 2 bits    ; 22 LEs        ; 20 LEs               ; 2 LEs                  ; Yes        ; |css_phy_tx_top_wrapper|css_phy_tx_top:u_css_phy_tx_top|form_ppdu:u_form_ppdu|q_fifo[2045]                                                                                                                       ;
; 17:1               ; 2 bits    ; 22 LEs        ; 20 LEs               ; 2 LEs                  ; Yes        ; |css_phy_tx_top_wrapper|css_phy_tx_top:u_css_phy_tx_top|form_ppdu:u_form_ppdu|i_fifo[2044]                                                                                                                       ;
; 17:1               ; 2 bits    ; 22 LEs        ; 20 LEs               ; 2 LEs                  ; Yes        ; |css_phy_tx_top_wrapper|css_phy_tx_top:u_css_phy_tx_top|form_ppdu:u_form_ppdu|i_fifo[2043]                                                                                                                       ;
; 17:1               ; 2 bits    ; 22 LEs        ; 20 LEs               ; 2 LEs                  ; Yes        ; |css_phy_tx_top_wrapper|css_phy_tx_top:u_css_phy_tx_top|form_ppdu:u_form_ppdu|i_fifo[2042]                                                                                                                       ;
; 17:1               ; 2 bits    ; 22 LEs        ; 20 LEs               ; 2 LEs                  ; Yes        ; |css_phy_tx_top_wrapper|css_phy_tx_top:u_css_phy_tx_top|form_ppdu:u_form_ppdu|q_fifo[2041]                                                                                                                       ;
; 17:1               ; 2 bits    ; 22 LEs        ; 20 LEs               ; 2 LEs                  ; Yes        ; |css_phy_tx_top_wrapper|css_phy_tx_top:u_css_phy_tx_top|form_ppdu:u_form_ppdu|q_fifo[2040]                                                                                                                       ;
; 17:1               ; 2 bits    ; 22 LEs        ; 20 LEs               ; 2 LEs                  ; Yes        ; |css_phy_tx_top_wrapper|css_phy_tx_top:u_css_phy_tx_top|form_ppdu:u_form_ppdu|q_fifo[2039]                                                                                                                       ;
; 17:1               ; 2 bits    ; 22 LEs        ; 20 LEs               ; 2 LEs                  ; Yes        ; |css_phy_tx_top_wrapper|css_phy_tx_top:u_css_phy_tx_top|form_ppdu:u_form_ppdu|q_fifo[2038]                                                                                                                       ;
; 17:1               ; 2 bits    ; 22 LEs        ; 20 LEs               ; 2 LEs                  ; Yes        ; |css_phy_tx_top_wrapper|css_phy_tx_top:u_css_phy_tx_top|form_ppdu:u_form_ppdu|q_fifo[2037]                                                                                                                       ;
; 17:1               ; 2 bits    ; 22 LEs        ; 20 LEs               ; 2 LEs                  ; Yes        ; |css_phy_tx_top_wrapper|css_phy_tx_top:u_css_phy_tx_top|form_ppdu:u_form_ppdu|q_fifo[2036]                                                                                                                       ;
; 17:1               ; 2 bits    ; 22 LEs        ; 20 LEs               ; 2 LEs                  ; Yes        ; |css_phy_tx_top_wrapper|css_phy_tx_top:u_css_phy_tx_top|form_ppdu:u_form_ppdu|q_fifo[2035]                                                                                                                       ;
; 17:1               ; 2 bits    ; 22 LEs        ; 20 LEs               ; 2 LEs                  ; Yes        ; |css_phy_tx_top_wrapper|css_phy_tx_top:u_css_phy_tx_top|form_ppdu:u_form_ppdu|q_fifo[2034]                                                                                                                       ;
; 17:1               ; 2 bits    ; 22 LEs        ; 20 LEs               ; 2 LEs                  ; Yes        ; |css_phy_tx_top_wrapper|css_phy_tx_top:u_css_phy_tx_top|form_ppdu:u_form_ppdu|i_fifo[2033]                                                                                                                       ;
; 17:1               ; 2 bits    ; 22 LEs        ; 20 LEs               ; 2 LEs                  ; Yes        ; |css_phy_tx_top_wrapper|css_phy_tx_top:u_css_phy_tx_top|form_ppdu:u_form_ppdu|i_fifo[2032]                                                                                                                       ;
; 17:1               ; 2 bits    ; 22 LEs        ; 20 LEs               ; 2 LEs                  ; Yes        ; |css_phy_tx_top_wrapper|css_phy_tx_top:u_css_phy_tx_top|form_ppdu:u_form_ppdu|i_fifo[2031]                                                                                                                       ;
; 17:1               ; 2 bits    ; 22 LEs        ; 20 LEs               ; 2 LEs                  ; Yes        ; |css_phy_tx_top_wrapper|css_phy_tx_top:u_css_phy_tx_top|form_ppdu:u_form_ppdu|i_fifo[2030]                                                                                                                       ;
; 17:1               ; 2 bits    ; 22 LEs        ; 20 LEs               ; 2 LEs                  ; Yes        ; |css_phy_tx_top_wrapper|css_phy_tx_top:u_css_phy_tx_top|form_ppdu:u_form_ppdu|i_fifo[2029]                                                                                                                       ;
; 17:1               ; 2 bits    ; 22 LEs        ; 20 LEs               ; 2 LEs                  ; Yes        ; |css_phy_tx_top_wrapper|css_phy_tx_top:u_css_phy_tx_top|form_ppdu:u_form_ppdu|i_fifo[2028]                                                                                                                       ;
; 17:1               ; 2 bits    ; 22 LEs        ; 20 LEs               ; 2 LEs                  ; Yes        ; |css_phy_tx_top_wrapper|css_phy_tx_top:u_css_phy_tx_top|form_ppdu:u_form_ppdu|q_fifo[2027]                                                                                                                       ;
; 17:1               ; 2 bits    ; 22 LEs        ; 20 LEs               ; 2 LEs                  ; Yes        ; |css_phy_tx_top_wrapper|css_phy_tx_top:u_css_phy_tx_top|form_ppdu:u_form_ppdu|q_fifo[2026]                                                                                                                       ;
; 17:1               ; 2 bits    ; 22 LEs        ; 20 LEs               ; 2 LEs                  ; Yes        ; |css_phy_tx_top_wrapper|css_phy_tx_top:u_css_phy_tx_top|form_ppdu:u_form_ppdu|q_fifo[2025]                                                                                                                       ;
; 17:1               ; 2 bits    ; 22 LEs        ; 20 LEs               ; 2 LEs                  ; Yes        ; |css_phy_tx_top_wrapper|css_phy_tx_top:u_css_phy_tx_top|form_ppdu:u_form_ppdu|q_fifo[2024]                                                                                                                       ;
; 17:1               ; 2 bits    ; 22 LEs        ; 20 LEs               ; 2 LEs                  ; Yes        ; |css_phy_tx_top_wrapper|css_phy_tx_top:u_css_phy_tx_top|form_ppdu:u_form_ppdu|i_fifo[2023]                                                                                                                       ;
; 17:1               ; 2 bits    ; 22 LEs        ; 20 LEs               ; 2 LEs                  ; Yes        ; |css_phy_tx_top_wrapper|css_phy_tx_top:u_css_phy_tx_top|form_ppdu:u_form_ppdu|i_fifo[2022]                                                                                                                       ;
; 17:1               ; 2 bits    ; 22 LEs        ; 20 LEs               ; 2 LEs                  ; Yes        ; |css_phy_tx_top_wrapper|css_phy_tx_top:u_css_phy_tx_top|form_ppdu:u_form_ppdu|i_fifo[2021]                                                                                                                       ;
; 17:1               ; 2 bits    ; 22 LEs        ; 20 LEs               ; 2 LEs                  ; Yes        ; |css_phy_tx_top_wrapper|css_phy_tx_top:u_css_phy_tx_top|form_ppdu:u_form_ppdu|i_fifo[2020]                                                                                                                       ;
; 17:1               ; 2 bits    ; 22 LEs        ; 20 LEs               ; 2 LEs                  ; Yes        ; |css_phy_tx_top_wrapper|css_phy_tx_top:u_css_phy_tx_top|form_ppdu:u_form_ppdu|i_fifo[2019]                                                                                                                       ;
; 17:1               ; 2 bits    ; 22 LEs        ; 20 LEs               ; 2 LEs                  ; Yes        ; |css_phy_tx_top_wrapper|css_phy_tx_top:u_css_phy_tx_top|form_ppdu:u_form_ppdu|q_fifo[2018]                                                                                                                       ;
; 17:1               ; 2 bits    ; 22 LEs        ; 20 LEs               ; 2 LEs                  ; Yes        ; |css_phy_tx_top_wrapper|css_phy_tx_top:u_css_phy_tx_top|form_ppdu:u_form_ppdu|q_fifo[2017]                                                                                                                       ;
; 17:1               ; 2 bits    ; 22 LEs        ; 20 LEs               ; 2 LEs                  ; Yes        ; |css_phy_tx_top_wrapper|css_phy_tx_top:u_css_phy_tx_top|form_ppdu:u_form_ppdu|i_fifo[2016]                                                                                                                       ;
; 17:1               ; 2 bits    ; 22 LEs        ; 20 LEs               ; 2 LEs                  ; Yes        ; |css_phy_tx_top_wrapper|css_phy_tx_top:u_css_phy_tx_top|form_ppdu:u_form_ppdu|q_fifo[2015]                                                                                                                       ;
; 17:1               ; 2 bits    ; 22 LEs        ; 20 LEs               ; 2 LEs                  ; Yes        ; |css_phy_tx_top_wrapper|css_phy_tx_top:u_css_phy_tx_top|form_ppdu:u_form_ppdu|q_fifo[2014]                                                                                                                       ;
; 17:1               ; 2 bits    ; 22 LEs        ; 20 LEs               ; 2 LEs                  ; Yes        ; |css_phy_tx_top_wrapper|css_phy_tx_top:u_css_phy_tx_top|form_ppdu:u_form_ppdu|q_fifo[2013]                                                                                                                       ;
; 17:1               ; 2 bits    ; 22 LEs        ; 20 LEs               ; 2 LEs                  ; Yes        ; |css_phy_tx_top_wrapper|css_phy_tx_top:u_css_phy_tx_top|form_ppdu:u_form_ppdu|q_fifo[2012]                                                                                                                       ;
; 17:1               ; 2 bits    ; 22 LEs        ; 20 LEs               ; 2 LEs                  ; Yes        ; |css_phy_tx_top_wrapper|css_phy_tx_top:u_css_phy_tx_top|form_ppdu:u_form_ppdu|q_fifo[2011]                                                                                                                       ;
; 17:1               ; 2 bits    ; 22 LEs        ; 20 LEs               ; 2 LEs                  ; Yes        ; |css_phy_tx_top_wrapper|css_phy_tx_top:u_css_phy_tx_top|form_ppdu:u_form_ppdu|q_fifo[2010]                                                                                                                       ;
; 17:1               ; 2 bits    ; 22 LEs        ; 20 LEs               ; 2 LEs                  ; Yes        ; |css_phy_tx_top_wrapper|css_phy_tx_top:u_css_phy_tx_top|form_ppdu:u_form_ppdu|i_fifo[2009]                                                                                                                       ;
; 17:1               ; 2 bits    ; 22 LEs        ; 20 LEs               ; 2 LEs                  ; Yes        ; |css_phy_tx_top_wrapper|css_phy_tx_top:u_css_phy_tx_top|form_ppdu:u_form_ppdu|q_fifo[2008]                                                                                                                       ;
; 17:1               ; 2 bits    ; 22 LEs        ; 20 LEs               ; 2 LEs                  ; Yes        ; |css_phy_tx_top_wrapper|css_phy_tx_top:u_css_phy_tx_top|form_ppdu:u_form_ppdu|q_fifo[2007]                                                                                                                       ;
; 17:1               ; 2 bits    ; 22 LEs        ; 20 LEs               ; 2 LEs                  ; Yes        ; |css_phy_tx_top_wrapper|css_phy_tx_top:u_css_phy_tx_top|form_ppdu:u_form_ppdu|q_fifo[2006]                                                                                                                       ;
; 17:1               ; 2 bits    ; 22 LEs        ; 20 LEs               ; 2 LEs                  ; Yes        ; |css_phy_tx_top_wrapper|css_phy_tx_top:u_css_phy_tx_top|form_ppdu:u_form_ppdu|q_fifo[2005]                                                                                                                       ;
; 17:1               ; 2 bits    ; 22 LEs        ; 20 LEs               ; 2 LEs                  ; Yes        ; |css_phy_tx_top_wrapper|css_phy_tx_top:u_css_phy_tx_top|form_ppdu:u_form_ppdu|q_fifo[2004]                                                                                                                       ;
; 17:1               ; 2 bits    ; 22 LEs        ; 20 LEs               ; 2 LEs                  ; Yes        ; |css_phy_tx_top_wrapper|css_phy_tx_top:u_css_phy_tx_top|form_ppdu:u_form_ppdu|q_fifo[2003]                                                                                                                       ;
; 17:1               ; 2 bits    ; 22 LEs        ; 20 LEs               ; 2 LEs                  ; Yes        ; |css_phy_tx_top_wrapper|css_phy_tx_top:u_css_phy_tx_top|form_ppdu:u_form_ppdu|q_fifo[2002]                                                                                                                       ;
; 17:1               ; 2 bits    ; 22 LEs        ; 20 LEs               ; 2 LEs                  ; Yes        ; |css_phy_tx_top_wrapper|css_phy_tx_top:u_css_phy_tx_top|form_ppdu:u_form_ppdu|q_fifo[2001]                                                                                                                       ;
; 17:1               ; 2 bits    ; 22 LEs        ; 20 LEs               ; 2 LEs                  ; Yes        ; |css_phy_tx_top_wrapper|css_phy_tx_top:u_css_phy_tx_top|form_ppdu:u_form_ppdu|q_fifo[2000]                                                                                                                       ;
; 17:1               ; 2 bits    ; 22 LEs        ; 20 LEs               ; 2 LEs                  ; Yes        ; |css_phy_tx_top_wrapper|css_phy_tx_top:u_css_phy_tx_top|form_ppdu:u_form_ppdu|q_fifo[1999]                                                                                                                       ;
; 17:1               ; 2 bits    ; 22 LEs        ; 20 LEs               ; 2 LEs                  ; Yes        ; |css_phy_tx_top_wrapper|css_phy_tx_top:u_css_phy_tx_top|form_ppdu:u_form_ppdu|q_fifo[1998]                                                                                                                       ;
; 17:1               ; 2 bits    ; 22 LEs        ; 20 LEs               ; 2 LEs                  ; Yes        ; |css_phy_tx_top_wrapper|css_phy_tx_top:u_css_phy_tx_top|form_ppdu:u_form_ppdu|q_fifo[1997]                                                                                                                       ;
; 17:1               ; 2 bits    ; 22 LEs        ; 20 LEs               ; 2 LEs                  ; Yes        ; |css_phy_tx_top_wrapper|css_phy_tx_top:u_css_phy_tx_top|form_ppdu:u_form_ppdu|q_fifo[1996]                                                                                                                       ;
; 17:1               ; 2 bits    ; 22 LEs        ; 20 LEs               ; 2 LEs                  ; Yes        ; |css_phy_tx_top_wrapper|css_phy_tx_top:u_css_phy_tx_top|form_ppdu:u_form_ppdu|q_fifo[1995]                                                                                                                       ;
; 17:1               ; 2 bits    ; 22 LEs        ; 20 LEs               ; 2 LEs                  ; Yes        ; |css_phy_tx_top_wrapper|css_phy_tx_top:u_css_phy_tx_top|form_ppdu:u_form_ppdu|q_fifo[1994]                                                                                                                       ;
; 17:1               ; 2 bits    ; 22 LEs        ; 20 LEs               ; 2 LEs                  ; Yes        ; |css_phy_tx_top_wrapper|css_phy_tx_top:u_css_phy_tx_top|form_ppdu:u_form_ppdu|q_fifo[1993]                                                                                                                       ;
; 17:1               ; 2 bits    ; 22 LEs        ; 20 LEs               ; 2 LEs                  ; Yes        ; |css_phy_tx_top_wrapper|css_phy_tx_top:u_css_phy_tx_top|form_ppdu:u_form_ppdu|q_fifo[1992]                                                                                                                       ;
; 17:1               ; 2 bits    ; 22 LEs        ; 20 LEs               ; 2 LEs                  ; Yes        ; |css_phy_tx_top_wrapper|css_phy_tx_top:u_css_phy_tx_top|form_ppdu:u_form_ppdu|q_fifo[1991]                                                                                                                       ;
; 17:1               ; 2 bits    ; 22 LEs        ; 20 LEs               ; 2 LEs                  ; Yes        ; |css_phy_tx_top_wrapper|css_phy_tx_top:u_css_phy_tx_top|form_ppdu:u_form_ppdu|q_fifo[1990]                                                                                                                       ;
; 17:1               ; 2 bits    ; 22 LEs        ; 20 LEs               ; 2 LEs                  ; Yes        ; |css_phy_tx_top_wrapper|css_phy_tx_top:u_css_phy_tx_top|form_ppdu:u_form_ppdu|q_fifo[1989]                                                                                                                       ;
; 17:1               ; 2 bits    ; 22 LEs        ; 20 LEs               ; 2 LEs                  ; Yes        ; |css_phy_tx_top_wrapper|css_phy_tx_top:u_css_phy_tx_top|form_ppdu:u_form_ppdu|i_fifo[1988]                                                                                                                       ;
; 17:1               ; 2 bits    ; 22 LEs        ; 20 LEs               ; 2 LEs                  ; Yes        ; |css_phy_tx_top_wrapper|css_phy_tx_top:u_css_phy_tx_top|form_ppdu:u_form_ppdu|q_fifo[1987]                                                                                                                       ;
; 17:1               ; 2 bits    ; 22 LEs        ; 20 LEs               ; 2 LEs                  ; Yes        ; |css_phy_tx_top_wrapper|css_phy_tx_top:u_css_phy_tx_top|form_ppdu:u_form_ppdu|i_fifo[1986]                                                                                                                       ;
; 17:1               ; 2 bits    ; 22 LEs        ; 20 LEs               ; 2 LEs                  ; Yes        ; |css_phy_tx_top_wrapper|css_phy_tx_top:u_css_phy_tx_top|form_ppdu:u_form_ppdu|i_fifo[1985]                                                                                                                       ;
; 17:1               ; 2 bits    ; 22 LEs        ; 20 LEs               ; 2 LEs                  ; Yes        ; |css_phy_tx_top_wrapper|css_phy_tx_top:u_css_phy_tx_top|form_ppdu:u_form_ppdu|q_fifo[1984]                                                                                                                       ;
; 17:1               ; 2 bits    ; 22 LEs        ; 20 LEs               ; 2 LEs                  ; Yes        ; |css_phy_tx_top_wrapper|css_phy_tx_top:u_css_phy_tx_top|form_ppdu:u_form_ppdu|q_fifo[1983]                                                                                                                       ;
; 17:1               ; 2 bits    ; 22 LEs        ; 20 LEs               ; 2 LEs                  ; Yes        ; |css_phy_tx_top_wrapper|css_phy_tx_top:u_css_phy_tx_top|form_ppdu:u_form_ppdu|q_fifo[1982]                                                                                                                       ;
; 17:1               ; 2 bits    ; 22 LEs        ; 20 LEs               ; 2 LEs                  ; Yes        ; |css_phy_tx_top_wrapper|css_phy_tx_top:u_css_phy_tx_top|form_ppdu:u_form_ppdu|q_fifo[1981]                                                                                                                       ;
; 17:1               ; 2 bits    ; 22 LEs        ; 20 LEs               ; 2 LEs                  ; Yes        ; |css_phy_tx_top_wrapper|css_phy_tx_top:u_css_phy_tx_top|form_ppdu:u_form_ppdu|q_fifo[1980]                                                                                                                       ;
; 17:1               ; 2 bits    ; 22 LEs        ; 20 LEs               ; 2 LEs                  ; Yes        ; |css_phy_tx_top_wrapper|css_phy_tx_top:u_css_phy_tx_top|form_ppdu:u_form_ppdu|q_fifo[1979]                                                                                                                       ;
; 17:1               ; 2 bits    ; 22 LEs        ; 20 LEs               ; 2 LEs                  ; Yes        ; |css_phy_tx_top_wrapper|css_phy_tx_top:u_css_phy_tx_top|form_ppdu:u_form_ppdu|q_fifo[1978]                                                                                                                       ;
; 17:1               ; 2 bits    ; 22 LEs        ; 20 LEs               ; 2 LEs                  ; Yes        ; |css_phy_tx_top_wrapper|css_phy_tx_top:u_css_phy_tx_top|form_ppdu:u_form_ppdu|q_fifo[1977]                                                                                                                       ;
; 17:1               ; 2 bits    ; 22 LEs        ; 20 LEs               ; 2 LEs                  ; Yes        ; |css_phy_tx_top_wrapper|css_phy_tx_top:u_css_phy_tx_top|form_ppdu:u_form_ppdu|q_fifo[1976]                                                                                                                       ;
; 17:1               ; 2 bits    ; 22 LEs        ; 20 LEs               ; 2 LEs                  ; Yes        ; |css_phy_tx_top_wrapper|css_phy_tx_top:u_css_phy_tx_top|form_ppdu:u_form_ppdu|q_fifo[1975]                                                                                                                       ;
; 17:1               ; 2 bits    ; 22 LEs        ; 20 LEs               ; 2 LEs                  ; Yes        ; |css_phy_tx_top_wrapper|css_phy_tx_top:u_css_phy_tx_top|form_ppdu:u_form_ppdu|q_fifo[1974]                                                                                                                       ;
; 17:1               ; 2 bits    ; 22 LEs        ; 20 LEs               ; 2 LEs                  ; Yes        ; |css_phy_tx_top_wrapper|css_phy_tx_top:u_css_phy_tx_top|form_ppdu:u_form_ppdu|q_fifo[1973]                                                                                                                       ;
; 17:1               ; 2 bits    ; 22 LEs        ; 20 LEs               ; 2 LEs                  ; Yes        ; |css_phy_tx_top_wrapper|css_phy_tx_top:u_css_phy_tx_top|form_ppdu:u_form_ppdu|q_fifo[1972]                                                                                                                       ;
; 17:1               ; 2 bits    ; 22 LEs        ; 20 LEs               ; 2 LEs                  ; Yes        ; |css_phy_tx_top_wrapper|css_phy_tx_top:u_css_phy_tx_top|form_ppdu:u_form_ppdu|i_fifo[1971]                                                                                                                       ;
; 17:1               ; 2 bits    ; 22 LEs        ; 20 LEs               ; 2 LEs                  ; Yes        ; |css_phy_tx_top_wrapper|css_phy_tx_top:u_css_phy_tx_top|form_ppdu:u_form_ppdu|i_fifo[1970]                                                                                                                       ;
; 17:1               ; 2 bits    ; 22 LEs        ; 20 LEs               ; 2 LEs                  ; Yes        ; |css_phy_tx_top_wrapper|css_phy_tx_top:u_css_phy_tx_top|form_ppdu:u_form_ppdu|i_fifo[1969]                                                                                                                       ;
; 17:1               ; 2 bits    ; 22 LEs        ; 20 LEs               ; 2 LEs                  ; Yes        ; |css_phy_tx_top_wrapper|css_phy_tx_top:u_css_phy_tx_top|form_ppdu:u_form_ppdu|i_fifo[1968]                                                                                                                       ;
; 17:1               ; 2 bits    ; 22 LEs        ; 20 LEs               ; 2 LEs                  ; Yes        ; |css_phy_tx_top_wrapper|css_phy_tx_top:u_css_phy_tx_top|form_ppdu:u_form_ppdu|i_fifo[1967]                                                                                                                       ;
; 17:1               ; 2 bits    ; 22 LEs        ; 20 LEs               ; 2 LEs                  ; Yes        ; |css_phy_tx_top_wrapper|css_phy_tx_top:u_css_phy_tx_top|form_ppdu:u_form_ppdu|i_fifo[1966]                                                                                                                       ;
; 17:1               ; 2 bits    ; 22 LEs        ; 20 LEs               ; 2 LEs                  ; Yes        ; |css_phy_tx_top_wrapper|css_phy_tx_top:u_css_phy_tx_top|form_ppdu:u_form_ppdu|i_fifo[1965]                                                                                                                       ;
; 17:1               ; 2 bits    ; 22 LEs        ; 20 LEs               ; 2 LEs                  ; Yes        ; |css_phy_tx_top_wrapper|css_phy_tx_top:u_css_phy_tx_top|form_ppdu:u_form_ppdu|i_fifo[1964]                                                                                                                       ;
; 17:1               ; 2 bits    ; 22 LEs        ; 20 LEs               ; 2 LEs                  ; Yes        ; |css_phy_tx_top_wrapper|css_phy_tx_top:u_css_phy_tx_top|form_ppdu:u_form_ppdu|i_fifo[1963]                                                                                                                       ;
; 17:1               ; 2 bits    ; 22 LEs        ; 20 LEs               ; 2 LEs                  ; Yes        ; |css_phy_tx_top_wrapper|css_phy_tx_top:u_css_phy_tx_top|form_ppdu:u_form_ppdu|i_fifo[1962]                                                                                                                       ;
; 17:1               ; 2 bits    ; 22 LEs        ; 20 LEs               ; 2 LEs                  ; Yes        ; |css_phy_tx_top_wrapper|css_phy_tx_top:u_css_phy_tx_top|form_ppdu:u_form_ppdu|i_fifo[1961]                                                                                                                       ;
; 17:1               ; 2 bits    ; 22 LEs        ; 20 LEs               ; 2 LEs                  ; Yes        ; |css_phy_tx_top_wrapper|css_phy_tx_top:u_css_phy_tx_top|form_ppdu:u_form_ppdu|q_fifo[1960]                                                                                                                       ;
; 17:1               ; 2 bits    ; 22 LEs        ; 20 LEs               ; 2 LEs                  ; Yes        ; |css_phy_tx_top_wrapper|css_phy_tx_top:u_css_phy_tx_top|form_ppdu:u_form_ppdu|q_fifo[1959]                                                                                                                       ;
; 17:1               ; 2 bits    ; 22 LEs        ; 20 LEs               ; 2 LEs                  ; Yes        ; |css_phy_tx_top_wrapper|css_phy_tx_top:u_css_phy_tx_top|form_ppdu:u_form_ppdu|q_fifo[1958]                                                                                                                       ;
; 17:1               ; 2 bits    ; 22 LEs        ; 20 LEs               ; 2 LEs                  ; Yes        ; |css_phy_tx_top_wrapper|css_phy_tx_top:u_css_phy_tx_top|form_ppdu:u_form_ppdu|q_fifo[1957]                                                                                                                       ;
; 17:1               ; 2 bits    ; 22 LEs        ; 20 LEs               ; 2 LEs                  ; Yes        ; |css_phy_tx_top_wrapper|css_phy_tx_top:u_css_phy_tx_top|form_ppdu:u_form_ppdu|q_fifo[1956]                                                                                                                       ;
; 17:1               ; 2 bits    ; 22 LEs        ; 20 LEs               ; 2 LEs                  ; Yes        ; |css_phy_tx_top_wrapper|css_phy_tx_top:u_css_phy_tx_top|form_ppdu:u_form_ppdu|q_fifo[1955]                                                                                                                       ;
; 17:1               ; 2 bits    ; 22 LEs        ; 20 LEs               ; 2 LEs                  ; Yes        ; |css_phy_tx_top_wrapper|css_phy_tx_top:u_css_phy_tx_top|form_ppdu:u_form_ppdu|i_fifo[1954]                                                                                                                       ;
; 17:1               ; 2 bits    ; 22 LEs        ; 20 LEs               ; 2 LEs                  ; Yes        ; |css_phy_tx_top_wrapper|css_phy_tx_top:u_css_phy_tx_top|form_ppdu:u_form_ppdu|i_fifo[1953]                                                                                                                       ;
; 17:1               ; 2 bits    ; 22 LEs        ; 20 LEs               ; 2 LEs                  ; Yes        ; |css_phy_tx_top_wrapper|css_phy_tx_top:u_css_phy_tx_top|form_ppdu:u_form_ppdu|q_fifo[1952]                                                                                                                       ;
; 17:1               ; 2 bits    ; 22 LEs        ; 20 LEs               ; 2 LEs                  ; Yes        ; |css_phy_tx_top_wrapper|css_phy_tx_top:u_css_phy_tx_top|form_ppdu:u_form_ppdu|i_fifo[1951]                                                                                                                       ;
; 17:1               ; 2 bits    ; 22 LEs        ; 20 LEs               ; 2 LEs                  ; Yes        ; |css_phy_tx_top_wrapper|css_phy_tx_top:u_css_phy_tx_top|form_ppdu:u_form_ppdu|q_fifo[1950]                                                                                                                       ;
; 17:1               ; 2 bits    ; 22 LEs        ; 20 LEs               ; 2 LEs                  ; Yes        ; |css_phy_tx_top_wrapper|css_phy_tx_top:u_css_phy_tx_top|form_ppdu:u_form_ppdu|i_fifo[1949]                                                                                                                       ;
; 17:1               ; 2 bits    ; 22 LEs        ; 20 LEs               ; 2 LEs                  ; Yes        ; |css_phy_tx_top_wrapper|css_phy_tx_top:u_css_phy_tx_top|form_ppdu:u_form_ppdu|i_fifo[1948]                                                                                                                       ;
; 17:1               ; 2 bits    ; 22 LEs        ; 20 LEs               ; 2 LEs                  ; Yes        ; |css_phy_tx_top_wrapper|css_phy_tx_top:u_css_phy_tx_top|form_ppdu:u_form_ppdu|i_fifo[1947]                                                                                                                       ;
; 17:1               ; 2 bits    ; 22 LEs        ; 20 LEs               ; 2 LEs                  ; Yes        ; |css_phy_tx_top_wrapper|css_phy_tx_top:u_css_phy_tx_top|form_ppdu:u_form_ppdu|i_fifo[1946]                                                                                                                       ;
; 17:1               ; 2 bits    ; 22 LEs        ; 20 LEs               ; 2 LEs                  ; Yes        ; |css_phy_tx_top_wrapper|css_phy_tx_top:u_css_phy_tx_top|form_ppdu:u_form_ppdu|i_fifo[1945]                                                                                                                       ;
; 17:1               ; 2 bits    ; 22 LEs        ; 20 LEs               ; 2 LEs                  ; Yes        ; |css_phy_tx_top_wrapper|css_phy_tx_top:u_css_phy_tx_top|form_ppdu:u_form_ppdu|i_fifo[1944]                                                                                                                       ;
; 17:1               ; 2 bits    ; 22 LEs        ; 20 LEs               ; 2 LEs                  ; Yes        ; |css_phy_tx_top_wrapper|css_phy_tx_top:u_css_phy_tx_top|form_ppdu:u_form_ppdu|i_fifo[1943]                                                                                                                       ;
; 17:1               ; 2 bits    ; 22 LEs        ; 20 LEs               ; 2 LEs                  ; Yes        ; |css_phy_tx_top_wrapper|css_phy_tx_top:u_css_phy_tx_top|form_ppdu:u_form_ppdu|i_fifo[1942]                                                                                                                       ;
; 17:1               ; 2 bits    ; 22 LEs        ; 20 LEs               ; 2 LEs                  ; Yes        ; |css_phy_tx_top_wrapper|css_phy_tx_top:u_css_phy_tx_top|form_ppdu:u_form_ppdu|i_fifo[1941]                                                                                                                       ;
; 17:1               ; 2 bits    ; 22 LEs        ; 20 LEs               ; 2 LEs                  ; Yes        ; |css_phy_tx_top_wrapper|css_phy_tx_top:u_css_phy_tx_top|form_ppdu:u_form_ppdu|i_fifo[1940]                                                                                                                       ;
; 17:1               ; 2 bits    ; 22 LEs        ; 20 LEs               ; 2 LEs                  ; Yes        ; |css_phy_tx_top_wrapper|css_phy_tx_top:u_css_phy_tx_top|form_ppdu:u_form_ppdu|i_fifo[1939]                                                                                                                       ;
; 17:1               ; 2 bits    ; 22 LEs        ; 20 LEs               ; 2 LEs                  ; Yes        ; |css_phy_tx_top_wrapper|css_phy_tx_top:u_css_phy_tx_top|form_ppdu:u_form_ppdu|i_fifo[1938]                                                                                                                       ;
; 17:1               ; 2 bits    ; 22 LEs        ; 20 LEs               ; 2 LEs                  ; Yes        ; |css_phy_tx_top_wrapper|css_phy_tx_top:u_css_phy_tx_top|form_ppdu:u_form_ppdu|i_fifo[1937]                                                                                                                       ;
; 17:1               ; 2 bits    ; 22 LEs        ; 20 LEs               ; 2 LEs                  ; Yes        ; |css_phy_tx_top_wrapper|css_phy_tx_top:u_css_phy_tx_top|form_ppdu:u_form_ppdu|q_fifo[1936]                                                                                                                       ;
; 17:1               ; 2 bits    ; 22 LEs        ; 20 LEs               ; 2 LEs                  ; Yes        ; |css_phy_tx_top_wrapper|css_phy_tx_top:u_css_phy_tx_top|form_ppdu:u_form_ppdu|q_fifo[1935]                                                                                                                       ;
; 17:1               ; 2 bits    ; 22 LEs        ; 20 LEs               ; 2 LEs                  ; Yes        ; |css_phy_tx_top_wrapper|css_phy_tx_top:u_css_phy_tx_top|form_ppdu:u_form_ppdu|i_fifo[1934]                                                                                                                       ;
; 17:1               ; 2 bits    ; 22 LEs        ; 20 LEs               ; 2 LEs                  ; Yes        ; |css_phy_tx_top_wrapper|css_phy_tx_top:u_css_phy_tx_top|form_ppdu:u_form_ppdu|i_fifo[1933]                                                                                                                       ;
; 17:1               ; 2 bits    ; 22 LEs        ; 20 LEs               ; 2 LEs                  ; Yes        ; |css_phy_tx_top_wrapper|css_phy_tx_top:u_css_phy_tx_top|form_ppdu:u_form_ppdu|i_fifo[1932]                                                                                                                       ;
; 17:1               ; 2 bits    ; 22 LEs        ; 20 LEs               ; 2 LEs                  ; Yes        ; |css_phy_tx_top_wrapper|css_phy_tx_top:u_css_phy_tx_top|form_ppdu:u_form_ppdu|q_fifo[1931]                                                                                                                       ;
; 17:1               ; 2 bits    ; 22 LEs        ; 20 LEs               ; 2 LEs                  ; Yes        ; |css_phy_tx_top_wrapper|css_phy_tx_top:u_css_phy_tx_top|form_ppdu:u_form_ppdu|i_fifo[1930]                                                                                                                       ;
; 17:1               ; 2 bits    ; 22 LEs        ; 20 LEs               ; 2 LEs                  ; Yes        ; |css_phy_tx_top_wrapper|css_phy_tx_top:u_css_phy_tx_top|form_ppdu:u_form_ppdu|i_fifo[1929]                                                                                                                       ;
; 17:1               ; 2 bits    ; 22 LEs        ; 20 LEs               ; 2 LEs                  ; Yes        ; |css_phy_tx_top_wrapper|css_phy_tx_top:u_css_phy_tx_top|form_ppdu:u_form_ppdu|q_fifo[1928]                                                                                                                       ;
; 17:1               ; 2 bits    ; 22 LEs        ; 20 LEs               ; 2 LEs                  ; Yes        ; |css_phy_tx_top_wrapper|css_phy_tx_top:u_css_phy_tx_top|form_ppdu:u_form_ppdu|i_fifo[1927]                                                                                                                       ;
; 17:1               ; 2 bits    ; 22 LEs        ; 20 LEs               ; 2 LEs                  ; Yes        ; |css_phy_tx_top_wrapper|css_phy_tx_top:u_css_phy_tx_top|form_ppdu:u_form_ppdu|q_fifo[1926]                                                                                                                       ;
; 17:1               ; 2 bits    ; 22 LEs        ; 20 LEs               ; 2 LEs                  ; Yes        ; |css_phy_tx_top_wrapper|css_phy_tx_top:u_css_phy_tx_top|form_ppdu:u_form_ppdu|i_fifo[1925]                                                                                                                       ;
; 17:1               ; 2 bits    ; 22 LEs        ; 20 LEs               ; 2 LEs                  ; Yes        ; |css_phy_tx_top_wrapper|css_phy_tx_top:u_css_phy_tx_top|form_ppdu:u_form_ppdu|q_fifo[1924]                                                                                                                       ;
; 17:1               ; 2 bits    ; 22 LEs        ; 20 LEs               ; 2 LEs                  ; Yes        ; |css_phy_tx_top_wrapper|css_phy_tx_top:u_css_phy_tx_top|form_ppdu:u_form_ppdu|i_fifo[1923]                                                                                                                       ;
; 17:1               ; 2 bits    ; 22 LEs        ; 20 LEs               ; 2 LEs                  ; Yes        ; |css_phy_tx_top_wrapper|css_phy_tx_top:u_css_phy_tx_top|form_ppdu:u_form_ppdu|q_fifo[1922]                                                                                                                       ;
; 17:1               ; 2 bits    ; 22 LEs        ; 20 LEs               ; 2 LEs                  ; Yes        ; |css_phy_tx_top_wrapper|css_phy_tx_top:u_css_phy_tx_top|form_ppdu:u_form_ppdu|q_fifo[1921]                                                                                                                       ;
; 17:1               ; 2 bits    ; 22 LEs        ; 20 LEs               ; 2 LEs                  ; Yes        ; |css_phy_tx_top_wrapper|css_phy_tx_top:u_css_phy_tx_top|form_ppdu:u_form_ppdu|q_fifo[1920]                                                                                                                       ;
; 17:1               ; 2 bits    ; 22 LEs        ; 20 LEs               ; 2 LEs                  ; Yes        ; |css_phy_tx_top_wrapper|css_phy_tx_top:u_css_phy_tx_top|form_ppdu:u_form_ppdu|q_fifo[1919]                                                                                                                       ;
; 17:1               ; 2 bits    ; 22 LEs        ; 20 LEs               ; 2 LEs                  ; Yes        ; |css_phy_tx_top_wrapper|css_phy_tx_top:u_css_phy_tx_top|form_ppdu:u_form_ppdu|q_fifo[1918]                                                                                                                       ;
; 17:1               ; 2 bits    ; 22 LEs        ; 20 LEs               ; 2 LEs                  ; Yes        ; |css_phy_tx_top_wrapper|css_phy_tx_top:u_css_phy_tx_top|form_ppdu:u_form_ppdu|q_fifo[1917]                                                                                                                       ;
; 17:1               ; 2 bits    ; 22 LEs        ; 20 LEs               ; 2 LEs                  ; Yes        ; |css_phy_tx_top_wrapper|css_phy_tx_top:u_css_phy_tx_top|form_ppdu:u_form_ppdu|q_fifo[1916]                                                                                                                       ;
; 17:1               ; 2 bits    ; 22 LEs        ; 20 LEs               ; 2 LEs                  ; Yes        ; |css_phy_tx_top_wrapper|css_phy_tx_top:u_css_phy_tx_top|form_ppdu:u_form_ppdu|i_fifo[1915]                                                                                                                       ;
; 17:1               ; 2 bits    ; 22 LEs        ; 20 LEs               ; 2 LEs                  ; Yes        ; |css_phy_tx_top_wrapper|css_phy_tx_top:u_css_phy_tx_top|form_ppdu:u_form_ppdu|i_fifo[1914]                                                                                                                       ;
; 17:1               ; 2 bits    ; 22 LEs        ; 20 LEs               ; 2 LEs                  ; Yes        ; |css_phy_tx_top_wrapper|css_phy_tx_top:u_css_phy_tx_top|form_ppdu:u_form_ppdu|q_fifo[1913]                                                                                                                       ;
; 17:1               ; 2 bits    ; 22 LEs        ; 20 LEs               ; 2 LEs                  ; Yes        ; |css_phy_tx_top_wrapper|css_phy_tx_top:u_css_phy_tx_top|form_ppdu:u_form_ppdu|q_fifo[1912]                                                                                                                       ;
; 17:1               ; 2 bits    ; 22 LEs        ; 20 LEs               ; 2 LEs                  ; Yes        ; |css_phy_tx_top_wrapper|css_phy_tx_top:u_css_phy_tx_top|form_ppdu:u_form_ppdu|q_fifo[1911]                                                                                                                       ;
; 17:1               ; 2 bits    ; 22 LEs        ; 20 LEs               ; 2 LEs                  ; Yes        ; |css_phy_tx_top_wrapper|css_phy_tx_top:u_css_phy_tx_top|form_ppdu:u_form_ppdu|q_fifo[1910]                                                                                                                       ;
; 17:1               ; 2 bits    ; 22 LEs        ; 20 LEs               ; 2 LEs                  ; Yes        ; |css_phy_tx_top_wrapper|css_phy_tx_top:u_css_phy_tx_top|form_ppdu:u_form_ppdu|q_fifo[1909]                                                                                                                       ;
; 17:1               ; 2 bits    ; 22 LEs        ; 20 LEs               ; 2 LEs                  ; Yes        ; |css_phy_tx_top_wrapper|css_phy_tx_top:u_css_phy_tx_top|form_ppdu:u_form_ppdu|q_fifo[1908]                                                                                                                       ;
; 17:1               ; 2 bits    ; 22 LEs        ; 20 LEs               ; 2 LEs                  ; Yes        ; |css_phy_tx_top_wrapper|css_phy_tx_top:u_css_phy_tx_top|form_ppdu:u_form_ppdu|q_fifo[1907]                                                                                                                       ;
; 17:1               ; 2 bits    ; 22 LEs        ; 20 LEs               ; 2 LEs                  ; Yes        ; |css_phy_tx_top_wrapper|css_phy_tx_top:u_css_phy_tx_top|form_ppdu:u_form_ppdu|q_fifo[1906]                                                                                                                       ;
; 17:1               ; 2 bits    ; 22 LEs        ; 20 LEs               ; 2 LEs                  ; Yes        ; |css_phy_tx_top_wrapper|css_phy_tx_top:u_css_phy_tx_top|form_ppdu:u_form_ppdu|q_fifo[1905]                                                                                                                       ;
; 17:1               ; 2 bits    ; 22 LEs        ; 20 LEs               ; 2 LEs                  ; Yes        ; |css_phy_tx_top_wrapper|css_phy_tx_top:u_css_phy_tx_top|form_ppdu:u_form_ppdu|q_fifo[1904]                                                                                                                       ;
; 17:1               ; 2 bits    ; 22 LEs        ; 20 LEs               ; 2 LEs                  ; Yes        ; |css_phy_tx_top_wrapper|css_phy_tx_top:u_css_phy_tx_top|form_ppdu:u_form_ppdu|q_fifo[1903]                                                                                                                       ;
; 17:1               ; 2 bits    ; 22 LEs        ; 20 LEs               ; 2 LEs                  ; Yes        ; |css_phy_tx_top_wrapper|css_phy_tx_top:u_css_phy_tx_top|form_ppdu:u_form_ppdu|q_fifo[1902]                                                                                                                       ;
; 17:1               ; 2 bits    ; 22 LEs        ; 20 LEs               ; 2 LEs                  ; Yes        ; |css_phy_tx_top_wrapper|css_phy_tx_top:u_css_phy_tx_top|form_ppdu:u_form_ppdu|q_fifo[1901]                                                                                                                       ;
; 17:1               ; 2 bits    ; 22 LEs        ; 20 LEs               ; 2 LEs                  ; Yes        ; |css_phy_tx_top_wrapper|css_phy_tx_top:u_css_phy_tx_top|form_ppdu:u_form_ppdu|q_fifo[1900]                                                                                                                       ;
; 17:1               ; 2 bits    ; 22 LEs        ; 20 LEs               ; 2 LEs                  ; Yes        ; |css_phy_tx_top_wrapper|css_phy_tx_top:u_css_phy_tx_top|form_ppdu:u_form_ppdu|q_fifo[1899]                                                                                                                       ;
; 17:1               ; 2 bits    ; 22 LEs        ; 20 LEs               ; 2 LEs                  ; Yes        ; |css_phy_tx_top_wrapper|css_phy_tx_top:u_css_phy_tx_top|form_ppdu:u_form_ppdu|q_fifo[1898]                                                                                                                       ;
; 17:1               ; 2 bits    ; 22 LEs        ; 20 LEs               ; 2 LEs                  ; Yes        ; |css_phy_tx_top_wrapper|css_phy_tx_top:u_css_phy_tx_top|form_ppdu:u_form_ppdu|q_fifo[1897]                                                                                                                       ;
; 17:1               ; 2 bits    ; 22 LEs        ; 20 LEs               ; 2 LEs                  ; Yes        ; |css_phy_tx_top_wrapper|css_phy_tx_top:u_css_phy_tx_top|form_ppdu:u_form_ppdu|q_fifo[1896]                                                                                                                       ;
; 17:1               ; 2 bits    ; 22 LEs        ; 20 LEs               ; 2 LEs                  ; Yes        ; |css_phy_tx_top_wrapper|css_phy_tx_top:u_css_phy_tx_top|form_ppdu:u_form_ppdu|q_fifo[1895]                                                                                                                       ;
; 17:1               ; 2 bits    ; 22 LEs        ; 20 LEs               ; 2 LEs                  ; Yes        ; |css_phy_tx_top_wrapper|css_phy_tx_top:u_css_phy_tx_top|form_ppdu:u_form_ppdu|q_fifo[1894]                                                                                                                       ;
; 17:1               ; 2 bits    ; 22 LEs        ; 20 LEs               ; 2 LEs                  ; Yes        ; |css_phy_tx_top_wrapper|css_phy_tx_top:u_css_phy_tx_top|form_ppdu:u_form_ppdu|q_fifo[1893]                                                                                                                       ;
; 17:1               ; 2 bits    ; 22 LEs        ; 20 LEs               ; 2 LEs                  ; Yes        ; |css_phy_tx_top_wrapper|css_phy_tx_top:u_css_phy_tx_top|form_ppdu:u_form_ppdu|i_fifo[1892]                                                                                                                       ;
; 17:1               ; 2 bits    ; 22 LEs        ; 20 LEs               ; 2 LEs                  ; Yes        ; |css_phy_tx_top_wrapper|css_phy_tx_top:u_css_phy_tx_top|form_ppdu:u_form_ppdu|i_fifo[1891]                                                                                                                       ;
; 17:1               ; 2 bits    ; 22 LEs        ; 20 LEs               ; 2 LEs                  ; Yes        ; |css_phy_tx_top_wrapper|css_phy_tx_top:u_css_phy_tx_top|form_ppdu:u_form_ppdu|i_fifo[1890]                                                                                                                       ;
; 17:1               ; 2 bits    ; 22 LEs        ; 20 LEs               ; 2 LEs                  ; Yes        ; |css_phy_tx_top_wrapper|css_phy_tx_top:u_css_phy_tx_top|form_ppdu:u_form_ppdu|q_fifo[1889]                                                                                                                       ;
; 17:1               ; 2 bits    ; 22 LEs        ; 20 LEs               ; 2 LEs                  ; Yes        ; |css_phy_tx_top_wrapper|css_phy_tx_top:u_css_phy_tx_top|form_ppdu:u_form_ppdu|q_fifo[1888]                                                                                                                       ;
; 17:1               ; 2 bits    ; 22 LEs        ; 20 LEs               ; 2 LEs                  ; Yes        ; |css_phy_tx_top_wrapper|css_phy_tx_top:u_css_phy_tx_top|form_ppdu:u_form_ppdu|i_fifo[1887]                                                                                                                       ;
; 17:1               ; 2 bits    ; 22 LEs        ; 20 LEs               ; 2 LEs                  ; Yes        ; |css_phy_tx_top_wrapper|css_phy_tx_top:u_css_phy_tx_top|form_ppdu:u_form_ppdu|q_fifo[1886]                                                                                                                       ;
; 17:1               ; 2 bits    ; 22 LEs        ; 20 LEs               ; 2 LEs                  ; Yes        ; |css_phy_tx_top_wrapper|css_phy_tx_top:u_css_phy_tx_top|form_ppdu:u_form_ppdu|i_fifo[1885]                                                                                                                       ;
; 17:1               ; 2 bits    ; 22 LEs        ; 20 LEs               ; 2 LEs                  ; Yes        ; |css_phy_tx_top_wrapper|css_phy_tx_top:u_css_phy_tx_top|form_ppdu:u_form_ppdu|i_fifo[1884]                                                                                                                       ;
; 17:1               ; 2 bits    ; 22 LEs        ; 20 LEs               ; 2 LEs                  ; Yes        ; |css_phy_tx_top_wrapper|css_phy_tx_top:u_css_phy_tx_top|form_ppdu:u_form_ppdu|i_fifo[1883]                                                                                                                       ;
; 17:1               ; 2 bits    ; 22 LEs        ; 20 LEs               ; 2 LEs                  ; Yes        ; |css_phy_tx_top_wrapper|css_phy_tx_top:u_css_phy_tx_top|form_ppdu:u_form_ppdu|q_fifo[1882]                                                                                                                       ;
; 17:1               ; 2 bits    ; 22 LEs        ; 20 LEs               ; 2 LEs                  ; Yes        ; |css_phy_tx_top_wrapper|css_phy_tx_top:u_css_phy_tx_top|form_ppdu:u_form_ppdu|q_fifo[1881]                                                                                                                       ;
; 17:1               ; 2 bits    ; 22 LEs        ; 20 LEs               ; 2 LEs                  ; Yes        ; |css_phy_tx_top_wrapper|css_phy_tx_top:u_css_phy_tx_top|form_ppdu:u_form_ppdu|q_fifo[1880]                                                                                                                       ;
; 17:1               ; 2 bits    ; 22 LEs        ; 20 LEs               ; 2 LEs                  ; Yes        ; |css_phy_tx_top_wrapper|css_phy_tx_top:u_css_phy_tx_top|form_ppdu:u_form_ppdu|q_fifo[1879]                                                                                                                       ;
; 17:1               ; 2 bits    ; 22 LEs        ; 20 LEs               ; 2 LEs                  ; Yes        ; |css_phy_tx_top_wrapper|css_phy_tx_top:u_css_phy_tx_top|form_ppdu:u_form_ppdu|q_fifo[1878]                                                                                                                       ;
; 17:1               ; 2 bits    ; 22 LEs        ; 20 LEs               ; 2 LEs                  ; Yes        ; |css_phy_tx_top_wrapper|css_phy_tx_top:u_css_phy_tx_top|form_ppdu:u_form_ppdu|q_fifo[1877]                                                                                                                       ;
; 17:1               ; 2 bits    ; 22 LEs        ; 20 LEs               ; 2 LEs                  ; Yes        ; |css_phy_tx_top_wrapper|css_phy_tx_top:u_css_phy_tx_top|form_ppdu:u_form_ppdu|q_fifo[1876]                                                                                                                       ;
; 17:1               ; 2 bits    ; 22 LEs        ; 20 LEs               ; 2 LEs                  ; Yes        ; |css_phy_tx_top_wrapper|css_phy_tx_top:u_css_phy_tx_top|form_ppdu:u_form_ppdu|q_fifo[1875]                                                                                                                       ;
; 17:1               ; 2 bits    ; 22 LEs        ; 20 LEs               ; 2 LEs                  ; Yes        ; |css_phy_tx_top_wrapper|css_phy_tx_top:u_css_phy_tx_top|form_ppdu:u_form_ppdu|q_fifo[1874]                                                                                                                       ;
; 17:1               ; 2 bits    ; 22 LEs        ; 20 LEs               ; 2 LEs                  ; Yes        ; |css_phy_tx_top_wrapper|css_phy_tx_top:u_css_phy_tx_top|form_ppdu:u_form_ppdu|q_fifo[1873]                                                                                                                       ;
; 17:1               ; 2 bits    ; 22 LEs        ; 20 LEs               ; 2 LEs                  ; Yes        ; |css_phy_tx_top_wrapper|css_phy_tx_top:u_css_phy_tx_top|form_ppdu:u_form_ppdu|q_fifo[1872]                                                                                                                       ;
; 17:1               ; 2 bits    ; 22 LEs        ; 20 LEs               ; 2 LEs                  ; Yes        ; |css_phy_tx_top_wrapper|css_phy_tx_top:u_css_phy_tx_top|form_ppdu:u_form_ppdu|q_fifo[1871]                                                                                                                       ;
; 17:1               ; 2 bits    ; 22 LEs        ; 20 LEs               ; 2 LEs                  ; Yes        ; |css_phy_tx_top_wrapper|css_phy_tx_top:u_css_phy_tx_top|form_ppdu:u_form_ppdu|q_fifo[1870]                                                                                                                       ;
; 17:1               ; 2 bits    ; 22 LEs        ; 20 LEs               ; 2 LEs                  ; Yes        ; |css_phy_tx_top_wrapper|css_phy_tx_top:u_css_phy_tx_top|form_ppdu:u_form_ppdu|q_fifo[1869]                                                                                                                       ;
; 17:1               ; 2 bits    ; 22 LEs        ; 20 LEs               ; 2 LEs                  ; Yes        ; |css_phy_tx_top_wrapper|css_phy_tx_top:u_css_phy_tx_top|form_ppdu:u_form_ppdu|q_fifo[1868]                                                                                                                       ;
; 17:1               ; 2 bits    ; 22 LEs        ; 20 LEs               ; 2 LEs                  ; Yes        ; |css_phy_tx_top_wrapper|css_phy_tx_top:u_css_phy_tx_top|form_ppdu:u_form_ppdu|q_fifo[1867]                                                                                                                       ;
; 17:1               ; 2 bits    ; 22 LEs        ; 20 LEs               ; 2 LEs                  ; Yes        ; |css_phy_tx_top_wrapper|css_phy_tx_top:u_css_phy_tx_top|form_ppdu:u_form_ppdu|q_fifo[1866]                                                                                                                       ;
; 17:1               ; 2 bits    ; 22 LEs        ; 20 LEs               ; 2 LEs                  ; Yes        ; |css_phy_tx_top_wrapper|css_phy_tx_top:u_css_phy_tx_top|form_ppdu:u_form_ppdu|q_fifo[1865]                                                                                                                       ;
; 17:1               ; 2 bits    ; 22 LEs        ; 20 LEs               ; 2 LEs                  ; Yes        ; |css_phy_tx_top_wrapper|css_phy_tx_top:u_css_phy_tx_top|form_ppdu:u_form_ppdu|q_fifo[1864]                                                                                                                       ;
; 17:1               ; 2 bits    ; 22 LEs        ; 20 LEs               ; 2 LEs                  ; Yes        ; |css_phy_tx_top_wrapper|css_phy_tx_top:u_css_phy_tx_top|form_ppdu:u_form_ppdu|q_fifo[1863]                                                                                                                       ;
; 17:1               ; 2 bits    ; 22 LEs        ; 20 LEs               ; 2 LEs                  ; Yes        ; |css_phy_tx_top_wrapper|css_phy_tx_top:u_css_phy_tx_top|form_ppdu:u_form_ppdu|q_fifo[1862]                                                                                                                       ;
; 17:1               ; 2 bits    ; 22 LEs        ; 20 LEs               ; 2 LEs                  ; Yes        ; |css_phy_tx_top_wrapper|css_phy_tx_top:u_css_phy_tx_top|form_ppdu:u_form_ppdu|i_fifo[1861]                                                                                                                       ;
; 17:1               ; 2 bits    ; 22 LEs        ; 20 LEs               ; 2 LEs                  ; Yes        ; |css_phy_tx_top_wrapper|css_phy_tx_top:u_css_phy_tx_top|form_ppdu:u_form_ppdu|i_fifo[1860]                                                                                                                       ;
; 17:1               ; 2 bits    ; 22 LEs        ; 20 LEs               ; 2 LEs                  ; Yes        ; |css_phy_tx_top_wrapper|css_phy_tx_top:u_css_phy_tx_top|form_ppdu:u_form_ppdu|i_fifo[1859]                                                                                                                       ;
; 17:1               ; 2 bits    ; 22 LEs        ; 20 LEs               ; 2 LEs                  ; Yes        ; |css_phy_tx_top_wrapper|css_phy_tx_top:u_css_phy_tx_top|form_ppdu:u_form_ppdu|i_fifo[1858]                                                                                                                       ;
; 17:1               ; 2 bits    ; 22 LEs        ; 20 LEs               ; 2 LEs                  ; Yes        ; |css_phy_tx_top_wrapper|css_phy_tx_top:u_css_phy_tx_top|form_ppdu:u_form_ppdu|i_fifo[1857]                                                                                                                       ;
; 17:1               ; 2 bits    ; 22 LEs        ; 20 LEs               ; 2 LEs                  ; Yes        ; |css_phy_tx_top_wrapper|css_phy_tx_top:u_css_phy_tx_top|form_ppdu:u_form_ppdu|i_fifo[1856]                                                                                                                       ;
; 17:1               ; 2 bits    ; 22 LEs        ; 20 LEs               ; 2 LEs                  ; Yes        ; |css_phy_tx_top_wrapper|css_phy_tx_top:u_css_phy_tx_top|form_ppdu:u_form_ppdu|q_fifo[1855]                                                                                                                       ;
; 17:1               ; 2 bits    ; 22 LEs        ; 20 LEs               ; 2 LEs                  ; Yes        ; |css_phy_tx_top_wrapper|css_phy_tx_top:u_css_phy_tx_top|form_ppdu:u_form_ppdu|q_fifo[1854]                                                                                                                       ;
; 17:1               ; 2 bits    ; 22 LEs        ; 20 LEs               ; 2 LEs                  ; Yes        ; |css_phy_tx_top_wrapper|css_phy_tx_top:u_css_phy_tx_top|form_ppdu:u_form_ppdu|q_fifo[1853]                                                                                                                       ;
; 17:1               ; 2 bits    ; 22 LEs        ; 20 LEs               ; 2 LEs                  ; Yes        ; |css_phy_tx_top_wrapper|css_phy_tx_top:u_css_phy_tx_top|form_ppdu:u_form_ppdu|q_fifo[1852]                                                                                                                       ;
; 17:1               ; 2 bits    ; 22 LEs        ; 20 LEs               ; 2 LEs                  ; Yes        ; |css_phy_tx_top_wrapper|css_phy_tx_top:u_css_phy_tx_top|form_ppdu:u_form_ppdu|i_fifo[1851]                                                                                                                       ;
; 17:1               ; 2 bits    ; 22 LEs        ; 20 LEs               ; 2 LEs                  ; Yes        ; |css_phy_tx_top_wrapper|css_phy_tx_top:u_css_phy_tx_top|form_ppdu:u_form_ppdu|q_fifo[1850]                                                                                                                       ;
; 17:1               ; 2 bits    ; 22 LEs        ; 20 LEs               ; 2 LEs                  ; Yes        ; |css_phy_tx_top_wrapper|css_phy_tx_top:u_css_phy_tx_top|form_ppdu:u_form_ppdu|q_fifo[1849]                                                                                                                       ;
; 17:1               ; 2 bits    ; 22 LEs        ; 20 LEs               ; 2 LEs                  ; Yes        ; |css_phy_tx_top_wrapper|css_phy_tx_top:u_css_phy_tx_top|form_ppdu:u_form_ppdu|q_fifo[1848]                                                                                                                       ;
; 17:1               ; 2 bits    ; 22 LEs        ; 20 LEs               ; 2 LEs                  ; Yes        ; |css_phy_tx_top_wrapper|css_phy_tx_top:u_css_phy_tx_top|form_ppdu:u_form_ppdu|q_fifo[1847]                                                                                                                       ;
; 17:1               ; 2 bits    ; 22 LEs        ; 20 LEs               ; 2 LEs                  ; Yes        ; |css_phy_tx_top_wrapper|css_phy_tx_top:u_css_phy_tx_top|form_ppdu:u_form_ppdu|i_fifo[1846]                                                                                                                       ;
; 17:1               ; 2 bits    ; 22 LEs        ; 20 LEs               ; 2 LEs                  ; Yes        ; |css_phy_tx_top_wrapper|css_phy_tx_top:u_css_phy_tx_top|form_ppdu:u_form_ppdu|i_fifo[1845]                                                                                                                       ;
; 17:1               ; 2 bits    ; 22 LEs        ; 20 LEs               ; 2 LEs                  ; Yes        ; |css_phy_tx_top_wrapper|css_phy_tx_top:u_css_phy_tx_top|form_ppdu:u_form_ppdu|i_fifo[1844]                                                                                                                       ;
; 17:1               ; 2 bits    ; 22 LEs        ; 20 LEs               ; 2 LEs                  ; Yes        ; |css_phy_tx_top_wrapper|css_phy_tx_top:u_css_phy_tx_top|form_ppdu:u_form_ppdu|i_fifo[1843]                                                                                                                       ;
; 17:1               ; 2 bits    ; 22 LEs        ; 20 LEs               ; 2 LEs                  ; Yes        ; |css_phy_tx_top_wrapper|css_phy_tx_top:u_css_phy_tx_top|form_ppdu:u_form_ppdu|i_fifo[1842]                                                                                                                       ;
; 17:1               ; 2 bits    ; 22 LEs        ; 20 LEs               ; 2 LEs                  ; Yes        ; |css_phy_tx_top_wrapper|css_phy_tx_top:u_css_phy_tx_top|form_ppdu:u_form_ppdu|i_fifo[1841]                                                                                                                       ;
; 17:1               ; 2 bits    ; 22 LEs        ; 20 LEs               ; 2 LEs                  ; Yes        ; |css_phy_tx_top_wrapper|css_phy_tx_top:u_css_phy_tx_top|form_ppdu:u_form_ppdu|i_fifo[1840]                                                                                                                       ;
; 17:1               ; 2 bits    ; 22 LEs        ; 20 LEs               ; 2 LEs                  ; Yes        ; |css_phy_tx_top_wrapper|css_phy_tx_top:u_css_phy_tx_top|form_ppdu:u_form_ppdu|i_fifo[1839]                                                                                                                       ;
; 17:1               ; 2 bits    ; 22 LEs        ; 20 LEs               ; 2 LEs                  ; Yes        ; |css_phy_tx_top_wrapper|css_phy_tx_top:u_css_phy_tx_top|form_ppdu:u_form_ppdu|i_fifo[1838]                                                                                                                       ;
; 17:1               ; 2 bits    ; 22 LEs        ; 20 LEs               ; 2 LEs                  ; Yes        ; |css_phy_tx_top_wrapper|css_phy_tx_top:u_css_phy_tx_top|form_ppdu:u_form_ppdu|i_fifo[1837]                                                                                                                       ;
; 17:1               ; 2 bits    ; 22 LEs        ; 20 LEs               ; 2 LEs                  ; Yes        ; |css_phy_tx_top_wrapper|css_phy_tx_top:u_css_phy_tx_top|form_ppdu:u_form_ppdu|q_fifo[1836]                                                                                                                       ;
; 17:1               ; 2 bits    ; 22 LEs        ; 20 LEs               ; 2 LEs                  ; Yes        ; |css_phy_tx_top_wrapper|css_phy_tx_top:u_css_phy_tx_top|form_ppdu:u_form_ppdu|i_fifo[1835]                                                                                                                       ;
; 17:1               ; 2 bits    ; 22 LEs        ; 20 LEs               ; 2 LEs                  ; Yes        ; |css_phy_tx_top_wrapper|css_phy_tx_top:u_css_phy_tx_top|form_ppdu:u_form_ppdu|i_fifo[1834]                                                                                                                       ;
; 17:1               ; 2 bits    ; 22 LEs        ; 20 LEs               ; 2 LEs                  ; Yes        ; |css_phy_tx_top_wrapper|css_phy_tx_top:u_css_phy_tx_top|form_ppdu:u_form_ppdu|i_fifo[1833]                                                                                                                       ;
; 17:1               ; 2 bits    ; 22 LEs        ; 20 LEs               ; 2 LEs                  ; Yes        ; |css_phy_tx_top_wrapper|css_phy_tx_top:u_css_phy_tx_top|form_ppdu:u_form_ppdu|i_fifo[1832]                                                                                                                       ;
; 17:1               ; 2 bits    ; 22 LEs        ; 20 LEs               ; 2 LEs                  ; Yes        ; |css_phy_tx_top_wrapper|css_phy_tx_top:u_css_phy_tx_top|form_ppdu:u_form_ppdu|i_fifo[1831]                                                                                                                       ;
; 17:1               ; 2 bits    ; 22 LEs        ; 20 LEs               ; 2 LEs                  ; Yes        ; |css_phy_tx_top_wrapper|css_phy_tx_top:u_css_phy_tx_top|form_ppdu:u_form_ppdu|q_fifo[1830]                                                                                                                       ;
; 17:1               ; 2 bits    ; 22 LEs        ; 20 LEs               ; 2 LEs                  ; Yes        ; |css_phy_tx_top_wrapper|css_phy_tx_top:u_css_phy_tx_top|form_ppdu:u_form_ppdu|q_fifo[1829]                                                                                                                       ;
; 17:1               ; 2 bits    ; 22 LEs        ; 20 LEs               ; 2 LEs                  ; Yes        ; |css_phy_tx_top_wrapper|css_phy_tx_top:u_css_phy_tx_top|form_ppdu:u_form_ppdu|i_fifo[1828]                                                                                                                       ;
; 17:1               ; 2 bits    ; 22 LEs        ; 20 LEs               ; 2 LEs                  ; Yes        ; |css_phy_tx_top_wrapper|css_phy_tx_top:u_css_phy_tx_top|form_ppdu:u_form_ppdu|q_fifo[1827]                                                                                                                       ;
; 17:1               ; 2 bits    ; 22 LEs        ; 20 LEs               ; 2 LEs                  ; Yes        ; |css_phy_tx_top_wrapper|css_phy_tx_top:u_css_phy_tx_top|form_ppdu:u_form_ppdu|q_fifo[1826]                                                                                                                       ;
; 17:1               ; 2 bits    ; 22 LEs        ; 20 LEs               ; 2 LEs                  ; Yes        ; |css_phy_tx_top_wrapper|css_phy_tx_top:u_css_phy_tx_top|form_ppdu:u_form_ppdu|q_fifo[1825]                                                                                                                       ;
; 17:1               ; 2 bits    ; 22 LEs        ; 20 LEs               ; 2 LEs                  ; Yes        ; |css_phy_tx_top_wrapper|css_phy_tx_top:u_css_phy_tx_top|form_ppdu:u_form_ppdu|q_fifo[1824]                                                                                                                       ;
; 17:1               ; 2 bits    ; 22 LEs        ; 20 LEs               ; 2 LEs                  ; Yes        ; |css_phy_tx_top_wrapper|css_phy_tx_top:u_css_phy_tx_top|form_ppdu:u_form_ppdu|q_fifo[1823]                                                                                                                       ;
; 17:1               ; 2 bits    ; 22 LEs        ; 20 LEs               ; 2 LEs                  ; Yes        ; |css_phy_tx_top_wrapper|css_phy_tx_top:u_css_phy_tx_top|form_ppdu:u_form_ppdu|q_fifo[1822]                                                                                                                       ;
; 17:1               ; 2 bits    ; 22 LEs        ; 20 LEs               ; 2 LEs                  ; Yes        ; |css_phy_tx_top_wrapper|css_phy_tx_top:u_css_phy_tx_top|form_ppdu:u_form_ppdu|q_fifo[1821]                                                                                                                       ;
; 17:1               ; 2 bits    ; 22 LEs        ; 20 LEs               ; 2 LEs                  ; Yes        ; |css_phy_tx_top_wrapper|css_phy_tx_top:u_css_phy_tx_top|form_ppdu:u_form_ppdu|q_fifo[1820]                                                                                                                       ;
; 17:1               ; 2 bits    ; 22 LEs        ; 20 LEs               ; 2 LEs                  ; Yes        ; |css_phy_tx_top_wrapper|css_phy_tx_top:u_css_phy_tx_top|form_ppdu:u_form_ppdu|q_fifo[1819]                                                                                                                       ;
; 17:1               ; 2 bits    ; 22 LEs        ; 20 LEs               ; 2 LEs                  ; Yes        ; |css_phy_tx_top_wrapper|css_phy_tx_top:u_css_phy_tx_top|form_ppdu:u_form_ppdu|q_fifo[1818]                                                                                                                       ;
; 17:1               ; 2 bits    ; 22 LEs        ; 20 LEs               ; 2 LEs                  ; Yes        ; |css_phy_tx_top_wrapper|css_phy_tx_top:u_css_phy_tx_top|form_ppdu:u_form_ppdu|q_fifo[1817]                                                                                                                       ;
; 17:1               ; 2 bits    ; 22 LEs        ; 20 LEs               ; 2 LEs                  ; Yes        ; |css_phy_tx_top_wrapper|css_phy_tx_top:u_css_phy_tx_top|form_ppdu:u_form_ppdu|q_fifo[1816]                                                                                                                       ;
; 17:1               ; 2 bits    ; 22 LEs        ; 20 LEs               ; 2 LEs                  ; Yes        ; |css_phy_tx_top_wrapper|css_phy_tx_top:u_css_phy_tx_top|form_ppdu:u_form_ppdu|q_fifo[1815]                                                                                                                       ;
; 17:1               ; 2 bits    ; 22 LEs        ; 20 LEs               ; 2 LEs                  ; Yes        ; |css_phy_tx_top_wrapper|css_phy_tx_top:u_css_phy_tx_top|form_ppdu:u_form_ppdu|q_fifo[1814]                                                                                                                       ;
; 17:1               ; 2 bits    ; 22 LEs        ; 20 LEs               ; 2 LEs                  ; Yes        ; |css_phy_tx_top_wrapper|css_phy_tx_top:u_css_phy_tx_top|form_ppdu:u_form_ppdu|q_fifo[1813]                                                                                                                       ;
; 17:1               ; 2 bits    ; 22 LEs        ; 20 LEs               ; 2 LEs                  ; Yes        ; |css_phy_tx_top_wrapper|css_phy_tx_top:u_css_phy_tx_top|form_ppdu:u_form_ppdu|q_fifo[1812]                                                                                                                       ;
; 17:1               ; 2 bits    ; 22 LEs        ; 20 LEs               ; 2 LEs                  ; Yes        ; |css_phy_tx_top_wrapper|css_phy_tx_top:u_css_phy_tx_top|form_ppdu:u_form_ppdu|i_fifo[1811]                                                                                                                       ;
; 17:1               ; 2 bits    ; 22 LEs        ; 20 LEs               ; 2 LEs                  ; Yes        ; |css_phy_tx_top_wrapper|css_phy_tx_top:u_css_phy_tx_top|form_ppdu:u_form_ppdu|i_fifo[1810]                                                                                                                       ;
; 17:1               ; 2 bits    ; 22 LEs        ; 20 LEs               ; 2 LEs                  ; Yes        ; |css_phy_tx_top_wrapper|css_phy_tx_top:u_css_phy_tx_top|form_ppdu:u_form_ppdu|q_fifo[1809]                                                                                                                       ;
; 17:1               ; 2 bits    ; 22 LEs        ; 20 LEs               ; 2 LEs                  ; Yes        ; |css_phy_tx_top_wrapper|css_phy_tx_top:u_css_phy_tx_top|form_ppdu:u_form_ppdu|i_fifo[1808]                                                                                                                       ;
; 17:1               ; 2 bits    ; 22 LEs        ; 20 LEs               ; 2 LEs                  ; Yes        ; |css_phy_tx_top_wrapper|css_phy_tx_top:u_css_phy_tx_top|form_ppdu:u_form_ppdu|i_fifo[1807]                                                                                                                       ;
; 17:1               ; 2 bits    ; 22 LEs        ; 20 LEs               ; 2 LEs                  ; Yes        ; |css_phy_tx_top_wrapper|css_phy_tx_top:u_css_phy_tx_top|form_ppdu:u_form_ppdu|i_fifo[1806]                                                                                                                       ;
; 17:1               ; 2 bits    ; 22 LEs        ; 20 LEs               ; 2 LEs                  ; Yes        ; |css_phy_tx_top_wrapper|css_phy_tx_top:u_css_phy_tx_top|form_ppdu:u_form_ppdu|i_fifo[1805]                                                                                                                       ;
; 17:1               ; 2 bits    ; 22 LEs        ; 20 LEs               ; 2 LEs                  ; Yes        ; |css_phy_tx_top_wrapper|css_phy_tx_top:u_css_phy_tx_top|form_ppdu:u_form_ppdu|i_fifo[1804]                                                                                                                       ;
; 17:1               ; 2 bits    ; 22 LEs        ; 20 LEs               ; 2 LEs                  ; Yes        ; |css_phy_tx_top_wrapper|css_phy_tx_top:u_css_phy_tx_top|form_ppdu:u_form_ppdu|i_fifo[1803]                                                                                                                       ;
; 17:1               ; 2 bits    ; 22 LEs        ; 20 LEs               ; 2 LEs                  ; Yes        ; |css_phy_tx_top_wrapper|css_phy_tx_top:u_css_phy_tx_top|form_ppdu:u_form_ppdu|q_fifo[1802]                                                                                                                       ;
; 17:1               ; 2 bits    ; 22 LEs        ; 20 LEs               ; 2 LEs                  ; Yes        ; |css_phy_tx_top_wrapper|css_phy_tx_top:u_css_phy_tx_top|form_ppdu:u_form_ppdu|q_fifo[1801]                                                                                                                       ;
; 17:1               ; 2 bits    ; 22 LEs        ; 20 LEs               ; 2 LEs                  ; Yes        ; |css_phy_tx_top_wrapper|css_phy_tx_top:u_css_phy_tx_top|form_ppdu:u_form_ppdu|i_fifo[1800]                                                                                                                       ;
; 17:1               ; 2 bits    ; 22 LEs        ; 20 LEs               ; 2 LEs                  ; Yes        ; |css_phy_tx_top_wrapper|css_phy_tx_top:u_css_phy_tx_top|form_ppdu:u_form_ppdu|i_fifo[1799]                                                                                                                       ;
; 17:1               ; 2 bits    ; 22 LEs        ; 20 LEs               ; 2 LEs                  ; Yes        ; |css_phy_tx_top_wrapper|css_phy_tx_top:u_css_phy_tx_top|form_ppdu:u_form_ppdu|q_fifo[1798]                                                                                                                       ;
; 17:1               ; 2 bits    ; 22 LEs        ; 20 LEs               ; 2 LEs                  ; Yes        ; |css_phy_tx_top_wrapper|css_phy_tx_top:u_css_phy_tx_top|form_ppdu:u_form_ppdu|q_fifo[1797]                                                                                                                       ;
; 17:1               ; 2 bits    ; 22 LEs        ; 20 LEs               ; 2 LEs                  ; Yes        ; |css_phy_tx_top_wrapper|css_phy_tx_top:u_css_phy_tx_top|form_ppdu:u_form_ppdu|q_fifo[1796]                                                                                                                       ;
; 17:1               ; 2 bits    ; 22 LEs        ; 20 LEs               ; 2 LEs                  ; Yes        ; |css_phy_tx_top_wrapper|css_phy_tx_top:u_css_phy_tx_top|form_ppdu:u_form_ppdu|q_fifo[1795]                                                                                                                       ;
; 17:1               ; 2 bits    ; 22 LEs        ; 20 LEs               ; 2 LEs                  ; Yes        ; |css_phy_tx_top_wrapper|css_phy_tx_top:u_css_phy_tx_top|form_ppdu:u_form_ppdu|q_fifo[1794]                                                                                                                       ;
; 17:1               ; 2 bits    ; 22 LEs        ; 20 LEs               ; 2 LEs                  ; Yes        ; |css_phy_tx_top_wrapper|css_phy_tx_top:u_css_phy_tx_top|form_ppdu:u_form_ppdu|q_fifo[1793]                                                                                                                       ;
; 17:1               ; 2 bits    ; 22 LEs        ; 20 LEs               ; 2 LEs                  ; Yes        ; |css_phy_tx_top_wrapper|css_phy_tx_top:u_css_phy_tx_top|form_ppdu:u_form_ppdu|q_fifo[1792]                                                                                                                       ;
; 17:1               ; 2 bits    ; 22 LEs        ; 20 LEs               ; 2 LEs                  ; Yes        ; |css_phy_tx_top_wrapper|css_phy_tx_top:u_css_phy_tx_top|form_ppdu:u_form_ppdu|q_fifo[1791]                                                                                                                       ;
; 17:1               ; 2 bits    ; 22 LEs        ; 20 LEs               ; 2 LEs                  ; Yes        ; |css_phy_tx_top_wrapper|css_phy_tx_top:u_css_phy_tx_top|form_ppdu:u_form_ppdu|i_fifo[1790]                                                                                                                       ;
; 17:1               ; 2 bits    ; 22 LEs        ; 20 LEs               ; 2 LEs                  ; Yes        ; |css_phy_tx_top_wrapper|css_phy_tx_top:u_css_phy_tx_top|form_ppdu:u_form_ppdu|i_fifo[1789]                                                                                                                       ;
; 17:1               ; 2 bits    ; 22 LEs        ; 20 LEs               ; 2 LEs                  ; Yes        ; |css_phy_tx_top_wrapper|css_phy_tx_top:u_css_phy_tx_top|form_ppdu:u_form_ppdu|q_fifo[1788]                                                                                                                       ;
; 17:1               ; 2 bits    ; 22 LEs        ; 20 LEs               ; 2 LEs                  ; Yes        ; |css_phy_tx_top_wrapper|css_phy_tx_top:u_css_phy_tx_top|form_ppdu:u_form_ppdu|q_fifo[1787]                                                                                                                       ;
; 17:1               ; 2 bits    ; 22 LEs        ; 20 LEs               ; 2 LEs                  ; Yes        ; |css_phy_tx_top_wrapper|css_phy_tx_top:u_css_phy_tx_top|form_ppdu:u_form_ppdu|q_fifo[1786]                                                                                                                       ;
; 17:1               ; 2 bits    ; 22 LEs        ; 20 LEs               ; 2 LEs                  ; Yes        ; |css_phy_tx_top_wrapper|css_phy_tx_top:u_css_phy_tx_top|form_ppdu:u_form_ppdu|i_fifo[1785]                                                                                                                       ;
; 17:1               ; 2 bits    ; 22 LEs        ; 20 LEs               ; 2 LEs                  ; Yes        ; |css_phy_tx_top_wrapper|css_phy_tx_top:u_css_phy_tx_top|form_ppdu:u_form_ppdu|q_fifo[1784]                                                                                                                       ;
; 17:1               ; 2 bits    ; 22 LEs        ; 20 LEs               ; 2 LEs                  ; Yes        ; |css_phy_tx_top_wrapper|css_phy_tx_top:u_css_phy_tx_top|form_ppdu:u_form_ppdu|q_fifo[1783]                                                                                                                       ;
; 17:1               ; 2 bits    ; 22 LEs        ; 20 LEs               ; 2 LEs                  ; Yes        ; |css_phy_tx_top_wrapper|css_phy_tx_top:u_css_phy_tx_top|form_ppdu:u_form_ppdu|q_fifo[1782]                                                                                                                       ;
; 17:1               ; 2 bits    ; 22 LEs        ; 20 LEs               ; 2 LEs                  ; Yes        ; |css_phy_tx_top_wrapper|css_phy_tx_top:u_css_phy_tx_top|form_ppdu:u_form_ppdu|q_fifo[1781]                                                                                                                       ;
; 17:1               ; 2 bits    ; 22 LEs        ; 20 LEs               ; 2 LEs                  ; Yes        ; |css_phy_tx_top_wrapper|css_phy_tx_top:u_css_phy_tx_top|form_ppdu:u_form_ppdu|q_fifo[1780]                                                                                                                       ;
; 17:1               ; 2 bits    ; 22 LEs        ; 20 LEs               ; 2 LEs                  ; Yes        ; |css_phy_tx_top_wrapper|css_phy_tx_top:u_css_phy_tx_top|form_ppdu:u_form_ppdu|q_fifo[1779]                                                                                                                       ;
; 17:1               ; 2 bits    ; 22 LEs        ; 20 LEs               ; 2 LEs                  ; Yes        ; |css_phy_tx_top_wrapper|css_phy_tx_top:u_css_phy_tx_top|form_ppdu:u_form_ppdu|q_fifo[1778]                                                                                                                       ;
; 17:1               ; 2 bits    ; 22 LEs        ; 20 LEs               ; 2 LEs                  ; Yes        ; |css_phy_tx_top_wrapper|css_phy_tx_top:u_css_phy_tx_top|form_ppdu:u_form_ppdu|q_fifo[1777]                                                                                                                       ;
; 17:1               ; 2 bits    ; 22 LEs        ; 20 LEs               ; 2 LEs                  ; Yes        ; |css_phy_tx_top_wrapper|css_phy_tx_top:u_css_phy_tx_top|form_ppdu:u_form_ppdu|q_fifo[1776]                                                                                                                       ;
; 17:1               ; 2 bits    ; 22 LEs        ; 20 LEs               ; 2 LEs                  ; Yes        ; |css_phy_tx_top_wrapper|css_phy_tx_top:u_css_phy_tx_top|form_ppdu:u_form_ppdu|q_fifo[1775]                                                                                                                       ;
; 17:1               ; 2 bits    ; 22 LEs        ; 20 LEs               ; 2 LEs                  ; Yes        ; |css_phy_tx_top_wrapper|css_phy_tx_top:u_css_phy_tx_top|form_ppdu:u_form_ppdu|q_fifo[1774]                                                                                                                       ;
; 17:1               ; 2 bits    ; 22 LEs        ; 20 LEs               ; 2 LEs                  ; Yes        ; |css_phy_tx_top_wrapper|css_phy_tx_top:u_css_phy_tx_top|form_ppdu:u_form_ppdu|q_fifo[1773]                                                                                                                       ;
; 17:1               ; 2 bits    ; 22 LEs        ; 20 LEs               ; 2 LEs                  ; Yes        ; |css_phy_tx_top_wrapper|css_phy_tx_top:u_css_phy_tx_top|form_ppdu:u_form_ppdu|q_fifo[1772]                                                                                                                       ;
; 17:1               ; 2 bits    ; 22 LEs        ; 20 LEs               ; 2 LEs                  ; Yes        ; |css_phy_tx_top_wrapper|css_phy_tx_top:u_css_phy_tx_top|form_ppdu:u_form_ppdu|i_fifo[1771]                                                                                                                       ;
; 17:1               ; 2 bits    ; 22 LEs        ; 20 LEs               ; 2 LEs                  ; Yes        ; |css_phy_tx_top_wrapper|css_phy_tx_top:u_css_phy_tx_top|form_ppdu:u_form_ppdu|q_fifo[1770]                                                                                                                       ;
; 17:1               ; 2 bits    ; 22 LEs        ; 20 LEs               ; 2 LEs                  ; Yes        ; |css_phy_tx_top_wrapper|css_phy_tx_top:u_css_phy_tx_top|form_ppdu:u_form_ppdu|q_fifo[1769]                                                                                                                       ;
; 17:1               ; 2 bits    ; 22 LEs        ; 20 LEs               ; 2 LEs                  ; Yes        ; |css_phy_tx_top_wrapper|css_phy_tx_top:u_css_phy_tx_top|form_ppdu:u_form_ppdu|q_fifo[1768]                                                                                                                       ;
; 17:1               ; 2 bits    ; 22 LEs        ; 20 LEs               ; 2 LEs                  ; Yes        ; |css_phy_tx_top_wrapper|css_phy_tx_top:u_css_phy_tx_top|form_ppdu:u_form_ppdu|q_fifo[1767]                                                                                                                       ;
; 17:1               ; 2 bits    ; 22 LEs        ; 20 LEs               ; 2 LEs                  ; Yes        ; |css_phy_tx_top_wrapper|css_phy_tx_top:u_css_phy_tx_top|form_ppdu:u_form_ppdu|q_fifo[1766]                                                                                                                       ;
; 17:1               ; 2 bits    ; 22 LEs        ; 20 LEs               ; 2 LEs                  ; Yes        ; |css_phy_tx_top_wrapper|css_phy_tx_top:u_css_phy_tx_top|form_ppdu:u_form_ppdu|q_fifo[1765]                                                                                                                       ;
; 17:1               ; 2 bits    ; 22 LEs        ; 20 LEs               ; 2 LEs                  ; Yes        ; |css_phy_tx_top_wrapper|css_phy_tx_top:u_css_phy_tx_top|form_ppdu:u_form_ppdu|i_fifo[1764]                                                                                                                       ;
; 17:1               ; 2 bits    ; 22 LEs        ; 20 LEs               ; 2 LEs                  ; Yes        ; |css_phy_tx_top_wrapper|css_phy_tx_top:u_css_phy_tx_top|form_ppdu:u_form_ppdu|q_fifo[1763]                                                                                                                       ;
; 17:1               ; 2 bits    ; 22 LEs        ; 20 LEs               ; 2 LEs                  ; Yes        ; |css_phy_tx_top_wrapper|css_phy_tx_top:u_css_phy_tx_top|form_ppdu:u_form_ppdu|q_fifo[1762]                                                                                                                       ;
; 17:1               ; 2 bits    ; 22 LEs        ; 20 LEs               ; 2 LEs                  ; Yes        ; |css_phy_tx_top_wrapper|css_phy_tx_top:u_css_phy_tx_top|form_ppdu:u_form_ppdu|i_fifo[1761]                                                                                                                       ;
; 17:1               ; 2 bits    ; 22 LEs        ; 20 LEs               ; 2 LEs                  ; Yes        ; |css_phy_tx_top_wrapper|css_phy_tx_top:u_css_phy_tx_top|form_ppdu:u_form_ppdu|i_fifo[1760]                                                                                                                       ;
; 17:1               ; 2 bits    ; 22 LEs        ; 20 LEs               ; 2 LEs                  ; Yes        ; |css_phy_tx_top_wrapper|css_phy_tx_top:u_css_phy_tx_top|form_ppdu:u_form_ppdu|q_fifo[1759]                                                                                                                       ;
; 17:1               ; 2 bits    ; 22 LEs        ; 20 LEs               ; 2 LEs                  ; Yes        ; |css_phy_tx_top_wrapper|css_phy_tx_top:u_css_phy_tx_top|form_ppdu:u_form_ppdu|i_fifo[1758]                                                                                                                       ;
; 17:1               ; 2 bits    ; 22 LEs        ; 20 LEs               ; 2 LEs                  ; Yes        ; |css_phy_tx_top_wrapper|css_phy_tx_top:u_css_phy_tx_top|form_ppdu:u_form_ppdu|i_fifo[1757]                                                                                                                       ;
; 17:1               ; 2 bits    ; 22 LEs        ; 20 LEs               ; 2 LEs                  ; Yes        ; |css_phy_tx_top_wrapper|css_phy_tx_top:u_css_phy_tx_top|form_ppdu:u_form_ppdu|i_fifo[1756]                                                                                                                       ;
; 17:1               ; 2 bits    ; 22 LEs        ; 20 LEs               ; 2 LEs                  ; Yes        ; |css_phy_tx_top_wrapper|css_phy_tx_top:u_css_phy_tx_top|form_ppdu:u_form_ppdu|i_fifo[1755]                                                                                                                       ;
; 17:1               ; 2 bits    ; 22 LEs        ; 20 LEs               ; 2 LEs                  ; Yes        ; |css_phy_tx_top_wrapper|css_phy_tx_top:u_css_phy_tx_top|form_ppdu:u_form_ppdu|q_fifo[1754]                                                                                                                       ;
; 17:1               ; 2 bits    ; 22 LEs        ; 20 LEs               ; 2 LEs                  ; Yes        ; |css_phy_tx_top_wrapper|css_phy_tx_top:u_css_phy_tx_top|form_ppdu:u_form_ppdu|i_fifo[1753]                                                                                                                       ;
; 17:1               ; 2 bits    ; 22 LEs        ; 20 LEs               ; 2 LEs                  ; Yes        ; |css_phy_tx_top_wrapper|css_phy_tx_top:u_css_phy_tx_top|form_ppdu:u_form_ppdu|i_fifo[1752]                                                                                                                       ;
; 17:1               ; 2 bits    ; 22 LEs        ; 20 LEs               ; 2 LEs                  ; Yes        ; |css_phy_tx_top_wrapper|css_phy_tx_top:u_css_phy_tx_top|form_ppdu:u_form_ppdu|i_fifo[1751]                                                                                                                       ;
; 17:1               ; 2 bits    ; 22 LEs        ; 20 LEs               ; 2 LEs                  ; Yes        ; |css_phy_tx_top_wrapper|css_phy_tx_top:u_css_phy_tx_top|form_ppdu:u_form_ppdu|i_fifo[1750]                                                                                                                       ;
; 17:1               ; 2 bits    ; 22 LEs        ; 20 LEs               ; 2 LEs                  ; Yes        ; |css_phy_tx_top_wrapper|css_phy_tx_top:u_css_phy_tx_top|form_ppdu:u_form_ppdu|i_fifo[1749]                                                                                                                       ;
; 17:1               ; 2 bits    ; 22 LEs        ; 20 LEs               ; 2 LEs                  ; Yes        ; |css_phy_tx_top_wrapper|css_phy_tx_top:u_css_phy_tx_top|form_ppdu:u_form_ppdu|i_fifo[1748]                                                                                                                       ;
; 17:1               ; 2 bits    ; 22 LEs        ; 20 LEs               ; 2 LEs                  ; Yes        ; |css_phy_tx_top_wrapper|css_phy_tx_top:u_css_phy_tx_top|form_ppdu:u_form_ppdu|i_fifo[1747]                                                                                                                       ;
; 17:1               ; 2 bits    ; 22 LEs        ; 20 LEs               ; 2 LEs                  ; Yes        ; |css_phy_tx_top_wrapper|css_phy_tx_top:u_css_phy_tx_top|form_ppdu:u_form_ppdu|q_fifo[1746]                                                                                                                       ;
; 17:1               ; 2 bits    ; 22 LEs        ; 20 LEs               ; 2 LEs                  ; Yes        ; |css_phy_tx_top_wrapper|css_phy_tx_top:u_css_phy_tx_top|form_ppdu:u_form_ppdu|q_fifo[1745]                                                                                                                       ;
; 17:1               ; 2 bits    ; 22 LEs        ; 20 LEs               ; 2 LEs                  ; Yes        ; |css_phy_tx_top_wrapper|css_phy_tx_top:u_css_phy_tx_top|form_ppdu:u_form_ppdu|q_fifo[1744]                                                                                                                       ;
; 17:1               ; 2 bits    ; 22 LEs        ; 20 LEs               ; 2 LEs                  ; Yes        ; |css_phy_tx_top_wrapper|css_phy_tx_top:u_css_phy_tx_top|form_ppdu:u_form_ppdu|q_fifo[1743]                                                                                                                       ;
; 17:1               ; 2 bits    ; 22 LEs        ; 20 LEs               ; 2 LEs                  ; Yes        ; |css_phy_tx_top_wrapper|css_phy_tx_top:u_css_phy_tx_top|form_ppdu:u_form_ppdu|q_fifo[1742]                                                                                                                       ;
; 17:1               ; 2 bits    ; 22 LEs        ; 20 LEs               ; 2 LEs                  ; Yes        ; |css_phy_tx_top_wrapper|css_phy_tx_top:u_css_phy_tx_top|form_ppdu:u_form_ppdu|q_fifo[1741]                                                                                                                       ;
; 17:1               ; 2 bits    ; 22 LEs        ; 20 LEs               ; 2 LEs                  ; Yes        ; |css_phy_tx_top_wrapper|css_phy_tx_top:u_css_phy_tx_top|form_ppdu:u_form_ppdu|q_fifo[1740]                                                                                                                       ;
; 17:1               ; 2 bits    ; 22 LEs        ; 20 LEs               ; 2 LEs                  ; Yes        ; |css_phy_tx_top_wrapper|css_phy_tx_top:u_css_phy_tx_top|form_ppdu:u_form_ppdu|i_fifo[1739]                                                                                                                       ;
; 17:1               ; 2 bits    ; 22 LEs        ; 20 LEs               ; 2 LEs                  ; Yes        ; |css_phy_tx_top_wrapper|css_phy_tx_top:u_css_phy_tx_top|form_ppdu:u_form_ppdu|i_fifo[1738]                                                                                                                       ;
; 17:1               ; 2 bits    ; 22 LEs        ; 20 LEs               ; 2 LEs                  ; Yes        ; |css_phy_tx_top_wrapper|css_phy_tx_top:u_css_phy_tx_top|form_ppdu:u_form_ppdu|q_fifo[1737]                                                                                                                       ;
; 17:1               ; 2 bits    ; 22 LEs        ; 20 LEs               ; 2 LEs                  ; Yes        ; |css_phy_tx_top_wrapper|css_phy_tx_top:u_css_phy_tx_top|form_ppdu:u_form_ppdu|i_fifo[1736]                                                                                                                       ;
; 17:1               ; 2 bits    ; 22 LEs        ; 20 LEs               ; 2 LEs                  ; Yes        ; |css_phy_tx_top_wrapper|css_phy_tx_top:u_css_phy_tx_top|form_ppdu:u_form_ppdu|q_fifo[1735]                                                                                                                       ;
; 17:1               ; 2 bits    ; 22 LEs        ; 20 LEs               ; 2 LEs                  ; Yes        ; |css_phy_tx_top_wrapper|css_phy_tx_top:u_css_phy_tx_top|form_ppdu:u_form_ppdu|i_fifo[1734]                                                                                                                       ;
; 17:1               ; 2 bits    ; 22 LEs        ; 20 LEs               ; 2 LEs                  ; Yes        ; |css_phy_tx_top_wrapper|css_phy_tx_top:u_css_phy_tx_top|form_ppdu:u_form_ppdu|q_fifo[1733]                                                                                                                       ;
; 17:1               ; 2 bits    ; 22 LEs        ; 20 LEs               ; 2 LEs                  ; Yes        ; |css_phy_tx_top_wrapper|css_phy_tx_top:u_css_phy_tx_top|form_ppdu:u_form_ppdu|q_fifo[1732]                                                                                                                       ;
; 17:1               ; 2 bits    ; 22 LEs        ; 20 LEs               ; 2 LEs                  ; Yes        ; |css_phy_tx_top_wrapper|css_phy_tx_top:u_css_phy_tx_top|form_ppdu:u_form_ppdu|q_fifo[1731]                                                                                                                       ;
; 17:1               ; 2 bits    ; 22 LEs        ; 20 LEs               ; 2 LEs                  ; Yes        ; |css_phy_tx_top_wrapper|css_phy_tx_top:u_css_phy_tx_top|form_ppdu:u_form_ppdu|i_fifo[1730]                                                                                                                       ;
; 17:1               ; 2 bits    ; 22 LEs        ; 20 LEs               ; 2 LEs                  ; Yes        ; |css_phy_tx_top_wrapper|css_phy_tx_top:u_css_phy_tx_top|form_ppdu:u_form_ppdu|i_fifo[1729]                                                                                                                       ;
; 17:1               ; 2 bits    ; 22 LEs        ; 20 LEs               ; 2 LEs                  ; Yes        ; |css_phy_tx_top_wrapper|css_phy_tx_top:u_css_phy_tx_top|form_ppdu:u_form_ppdu|i_fifo[1728]                                                                                                                       ;
; 17:1               ; 2 bits    ; 22 LEs        ; 20 LEs               ; 2 LEs                  ; Yes        ; |css_phy_tx_top_wrapper|css_phy_tx_top:u_css_phy_tx_top|form_ppdu:u_form_ppdu|i_fifo[1727]                                                                                                                       ;
; 17:1               ; 2 bits    ; 22 LEs        ; 20 LEs               ; 2 LEs                  ; Yes        ; |css_phy_tx_top_wrapper|css_phy_tx_top:u_css_phy_tx_top|form_ppdu:u_form_ppdu|i_fifo[1726]                                                                                                                       ;
; 17:1               ; 2 bits    ; 22 LEs        ; 20 LEs               ; 2 LEs                  ; Yes        ; |css_phy_tx_top_wrapper|css_phy_tx_top:u_css_phy_tx_top|form_ppdu:u_form_ppdu|q_fifo[1725]                                                                                                                       ;
; 17:1               ; 2 bits    ; 22 LEs        ; 20 LEs               ; 2 LEs                  ; Yes        ; |css_phy_tx_top_wrapper|css_phy_tx_top:u_css_phy_tx_top|form_ppdu:u_form_ppdu|q_fifo[1724]                                                                                                                       ;
; 17:1               ; 2 bits    ; 22 LEs        ; 20 LEs               ; 2 LEs                  ; Yes        ; |css_phy_tx_top_wrapper|css_phy_tx_top:u_css_phy_tx_top|form_ppdu:u_form_ppdu|q_fifo[1723]                                                                                                                       ;
; 17:1               ; 2 bits    ; 22 LEs        ; 20 LEs               ; 2 LEs                  ; Yes        ; |css_phy_tx_top_wrapper|css_phy_tx_top:u_css_phy_tx_top|form_ppdu:u_form_ppdu|q_fifo[1722]                                                                                                                       ;
; 17:1               ; 2 bits    ; 22 LEs        ; 20 LEs               ; 2 LEs                  ; Yes        ; |css_phy_tx_top_wrapper|css_phy_tx_top:u_css_phy_tx_top|form_ppdu:u_form_ppdu|q_fifo[1721]                                                                                                                       ;
; 17:1               ; 2 bits    ; 22 LEs        ; 20 LEs               ; 2 LEs                  ; Yes        ; |css_phy_tx_top_wrapper|css_phy_tx_top:u_css_phy_tx_top|form_ppdu:u_form_ppdu|q_fifo[1720]                                                                                                                       ;
; 17:1               ; 2 bits    ; 22 LEs        ; 20 LEs               ; 2 LEs                  ; Yes        ; |css_phy_tx_top_wrapper|css_phy_tx_top:u_css_phy_tx_top|form_ppdu:u_form_ppdu|q_fifo[1719]                                                                                                                       ;
; 17:1               ; 2 bits    ; 22 LEs        ; 20 LEs               ; 2 LEs                  ; Yes        ; |css_phy_tx_top_wrapper|css_phy_tx_top:u_css_phy_tx_top|form_ppdu:u_form_ppdu|i_fifo[1718]                                                                                                                       ;
; 17:1               ; 2 bits    ; 22 LEs        ; 20 LEs               ; 2 LEs                  ; Yes        ; |css_phy_tx_top_wrapper|css_phy_tx_top:u_css_phy_tx_top|form_ppdu:u_form_ppdu|i_fifo[1717]                                                                                                                       ;
; 17:1               ; 2 bits    ; 22 LEs        ; 20 LEs               ; 2 LEs                  ; Yes        ; |css_phy_tx_top_wrapper|css_phy_tx_top:u_css_phy_tx_top|form_ppdu:u_form_ppdu|i_fifo[1716]                                                                                                                       ;
; 17:1               ; 2 bits    ; 22 LEs        ; 20 LEs               ; 2 LEs                  ; Yes        ; |css_phy_tx_top_wrapper|css_phy_tx_top:u_css_phy_tx_top|form_ppdu:u_form_ppdu|i_fifo[1715]                                                                                                                       ;
; 17:1               ; 2 bits    ; 22 LEs        ; 20 LEs               ; 2 LEs                  ; Yes        ; |css_phy_tx_top_wrapper|css_phy_tx_top:u_css_phy_tx_top|form_ppdu:u_form_ppdu|i_fifo[1714]                                                                                                                       ;
; 17:1               ; 2 bits    ; 22 LEs        ; 20 LEs               ; 2 LEs                  ; Yes        ; |css_phy_tx_top_wrapper|css_phy_tx_top:u_css_phy_tx_top|form_ppdu:u_form_ppdu|i_fifo[1713]                                                                                                                       ;
; 17:1               ; 2 bits    ; 22 LEs        ; 20 LEs               ; 2 LEs                  ; Yes        ; |css_phy_tx_top_wrapper|css_phy_tx_top:u_css_phy_tx_top|form_ppdu:u_form_ppdu|i_fifo[1712]                                                                                                                       ;
; 17:1               ; 2 bits    ; 22 LEs        ; 20 LEs               ; 2 LEs                  ; Yes        ; |css_phy_tx_top_wrapper|css_phy_tx_top:u_css_phy_tx_top|form_ppdu:u_form_ppdu|q_fifo[1711]                                                                                                                       ;
; 17:1               ; 2 bits    ; 22 LEs        ; 20 LEs               ; 2 LEs                  ; Yes        ; |css_phy_tx_top_wrapper|css_phy_tx_top:u_css_phy_tx_top|form_ppdu:u_form_ppdu|i_fifo[1710]                                                                                                                       ;
; 17:1               ; 2 bits    ; 22 LEs        ; 20 LEs               ; 2 LEs                  ; Yes        ; |css_phy_tx_top_wrapper|css_phy_tx_top:u_css_phy_tx_top|form_ppdu:u_form_ppdu|i_fifo[1709]                                                                                                                       ;
; 17:1               ; 2 bits    ; 22 LEs        ; 20 LEs               ; 2 LEs                  ; Yes        ; |css_phy_tx_top_wrapper|css_phy_tx_top:u_css_phy_tx_top|form_ppdu:u_form_ppdu|i_fifo[1708]                                                                                                                       ;
; 17:1               ; 2 bits    ; 22 LEs        ; 20 LEs               ; 2 LEs                  ; Yes        ; |css_phy_tx_top_wrapper|css_phy_tx_top:u_css_phy_tx_top|form_ppdu:u_form_ppdu|i_fifo[1707]                                                                                                                       ;
; 17:1               ; 2 bits    ; 22 LEs        ; 20 LEs               ; 2 LEs                  ; Yes        ; |css_phy_tx_top_wrapper|css_phy_tx_top:u_css_phy_tx_top|form_ppdu:u_form_ppdu|i_fifo[1706]                                                                                                                       ;
; 17:1               ; 2 bits    ; 22 LEs        ; 20 LEs               ; 2 LEs                  ; Yes        ; |css_phy_tx_top_wrapper|css_phy_tx_top:u_css_phy_tx_top|form_ppdu:u_form_ppdu|q_fifo[1705]                                                                                                                       ;
; 17:1               ; 2 bits    ; 22 LEs        ; 20 LEs               ; 2 LEs                  ; Yes        ; |css_phy_tx_top_wrapper|css_phy_tx_top:u_css_phy_tx_top|form_ppdu:u_form_ppdu|i_fifo[1704]                                                                                                                       ;
; 17:1               ; 2 bits    ; 22 LEs        ; 20 LEs               ; 2 LEs                  ; Yes        ; |css_phy_tx_top_wrapper|css_phy_tx_top:u_css_phy_tx_top|form_ppdu:u_form_ppdu|i_fifo[1703]                                                                                                                       ;
; 17:1               ; 2 bits    ; 22 LEs        ; 20 LEs               ; 2 LEs                  ; Yes        ; |css_phy_tx_top_wrapper|css_phy_tx_top:u_css_phy_tx_top|form_ppdu:u_form_ppdu|q_fifo[1702]                                                                                                                       ;
; 17:1               ; 2 bits    ; 22 LEs        ; 20 LEs               ; 2 LEs                  ; Yes        ; |css_phy_tx_top_wrapper|css_phy_tx_top:u_css_phy_tx_top|form_ppdu:u_form_ppdu|i_fifo[1701]                                                                                                                       ;
; 17:1               ; 2 bits    ; 22 LEs        ; 20 LEs               ; 2 LEs                  ; Yes        ; |css_phy_tx_top_wrapper|css_phy_tx_top:u_css_phy_tx_top|form_ppdu:u_form_ppdu|q_fifo[1700]                                                                                                                       ;
; 17:1               ; 2 bits    ; 22 LEs        ; 20 LEs               ; 2 LEs                  ; Yes        ; |css_phy_tx_top_wrapper|css_phy_tx_top:u_css_phy_tx_top|form_ppdu:u_form_ppdu|q_fifo[1699]                                                                                                                       ;
; 17:1               ; 2 bits    ; 22 LEs        ; 20 LEs               ; 2 LEs                  ; Yes        ; |css_phy_tx_top_wrapper|css_phy_tx_top:u_css_phy_tx_top|form_ppdu:u_form_ppdu|q_fifo[1698]                                                                                                                       ;
; 17:1               ; 2 bits    ; 22 LEs        ; 20 LEs               ; 2 LEs                  ; Yes        ; |css_phy_tx_top_wrapper|css_phy_tx_top:u_css_phy_tx_top|form_ppdu:u_form_ppdu|i_fifo[1697]                                                                                                                       ;
; 17:1               ; 2 bits    ; 22 LEs        ; 20 LEs               ; 2 LEs                  ; Yes        ; |css_phy_tx_top_wrapper|css_phy_tx_top:u_css_phy_tx_top|form_ppdu:u_form_ppdu|q_fifo[1696]                                                                                                                       ;
; 17:1               ; 2 bits    ; 22 LEs        ; 20 LEs               ; 2 LEs                  ; Yes        ; |css_phy_tx_top_wrapper|css_phy_tx_top:u_css_phy_tx_top|form_ppdu:u_form_ppdu|q_fifo[1695]                                                                                                                       ;
; 17:1               ; 2 bits    ; 22 LEs        ; 20 LEs               ; 2 LEs                  ; Yes        ; |css_phy_tx_top_wrapper|css_phy_tx_top:u_css_phy_tx_top|form_ppdu:u_form_ppdu|q_fifo[1694]                                                                                                                       ;
; 17:1               ; 2 bits    ; 22 LEs        ; 20 LEs               ; 2 LEs                  ; Yes        ; |css_phy_tx_top_wrapper|css_phy_tx_top:u_css_phy_tx_top|form_ppdu:u_form_ppdu|i_fifo[1693]                                                                                                                       ;
; 17:1               ; 2 bits    ; 22 LEs        ; 20 LEs               ; 2 LEs                  ; Yes        ; |css_phy_tx_top_wrapper|css_phy_tx_top:u_css_phy_tx_top|form_ppdu:u_form_ppdu|q_fifo[1692]                                                                                                                       ;
; 17:1               ; 2 bits    ; 22 LEs        ; 20 LEs               ; 2 LEs                  ; Yes        ; |css_phy_tx_top_wrapper|css_phy_tx_top:u_css_phy_tx_top|form_ppdu:u_form_ppdu|i_fifo[1691]                                                                                                                       ;
; 17:1               ; 2 bits    ; 22 LEs        ; 20 LEs               ; 2 LEs                  ; Yes        ; |css_phy_tx_top_wrapper|css_phy_tx_top:u_css_phy_tx_top|form_ppdu:u_form_ppdu|i_fifo[1690]                                                                                                                       ;
; 17:1               ; 2 bits    ; 22 LEs        ; 20 LEs               ; 2 LEs                  ; Yes        ; |css_phy_tx_top_wrapper|css_phy_tx_top:u_css_phy_tx_top|form_ppdu:u_form_ppdu|i_fifo[1689]                                                                                                                       ;
; 17:1               ; 2 bits    ; 22 LEs        ; 20 LEs               ; 2 LEs                  ; Yes        ; |css_phy_tx_top_wrapper|css_phy_tx_top:u_css_phy_tx_top|form_ppdu:u_form_ppdu|i_fifo[1688]                                                                                                                       ;
; 17:1               ; 2 bits    ; 22 LEs        ; 20 LEs               ; 2 LEs                  ; Yes        ; |css_phy_tx_top_wrapper|css_phy_tx_top:u_css_phy_tx_top|form_ppdu:u_form_ppdu|i_fifo[1687]                                                                                                                       ;
; 17:1               ; 2 bits    ; 22 LEs        ; 20 LEs               ; 2 LEs                  ; Yes        ; |css_phy_tx_top_wrapper|css_phy_tx_top:u_css_phy_tx_top|form_ppdu:u_form_ppdu|i_fifo[1686]                                                                                                                       ;
; 17:1               ; 2 bits    ; 22 LEs        ; 20 LEs               ; 2 LEs                  ; Yes        ; |css_phy_tx_top_wrapper|css_phy_tx_top:u_css_phy_tx_top|form_ppdu:u_form_ppdu|i_fifo[1685]                                                                                                                       ;
; 17:1               ; 2 bits    ; 22 LEs        ; 20 LEs               ; 2 LEs                  ; Yes        ; |css_phy_tx_top_wrapper|css_phy_tx_top:u_css_phy_tx_top|form_ppdu:u_form_ppdu|i_fifo[1684]                                                                                                                       ;
; 17:1               ; 2 bits    ; 22 LEs        ; 20 LEs               ; 2 LEs                  ; Yes        ; |css_phy_tx_top_wrapper|css_phy_tx_top:u_css_phy_tx_top|form_ppdu:u_form_ppdu|i_fifo[1683]                                                                                                                       ;
; 17:1               ; 2 bits    ; 22 LEs        ; 20 LEs               ; 2 LEs                  ; Yes        ; |css_phy_tx_top_wrapper|css_phy_tx_top:u_css_phy_tx_top|form_ppdu:u_form_ppdu|i_fifo[1682]                                                                                                                       ;
; 17:1               ; 2 bits    ; 22 LEs        ; 20 LEs               ; 2 LEs                  ; Yes        ; |css_phy_tx_top_wrapper|css_phy_tx_top:u_css_phy_tx_top|form_ppdu:u_form_ppdu|q_fifo[1681]                                                                                                                       ;
; 17:1               ; 2 bits    ; 22 LEs        ; 20 LEs               ; 2 LEs                  ; Yes        ; |css_phy_tx_top_wrapper|css_phy_tx_top:u_css_phy_tx_top|form_ppdu:u_form_ppdu|q_fifo[1680]                                                                                                                       ;
; 17:1               ; 2 bits    ; 22 LEs        ; 20 LEs               ; 2 LEs                  ; Yes        ; |css_phy_tx_top_wrapper|css_phy_tx_top:u_css_phy_tx_top|form_ppdu:u_form_ppdu|q_fifo[1679]                                                                                                                       ;
; 17:1               ; 2 bits    ; 22 LEs        ; 20 LEs               ; 2 LEs                  ; Yes        ; |css_phy_tx_top_wrapper|css_phy_tx_top:u_css_phy_tx_top|form_ppdu:u_form_ppdu|q_fifo[1678]                                                                                                                       ;
; 17:1               ; 2 bits    ; 22 LEs        ; 20 LEs               ; 2 LEs                  ; Yes        ; |css_phy_tx_top_wrapper|css_phy_tx_top:u_css_phy_tx_top|form_ppdu:u_form_ppdu|i_fifo[1677]                                                                                                                       ;
; 17:1               ; 2 bits    ; 22 LEs        ; 20 LEs               ; 2 LEs                  ; Yes        ; |css_phy_tx_top_wrapper|css_phy_tx_top:u_css_phy_tx_top|form_ppdu:u_form_ppdu|q_fifo[1676]                                                                                                                       ;
; 17:1               ; 2 bits    ; 22 LEs        ; 20 LEs               ; 2 LEs                  ; Yes        ; |css_phy_tx_top_wrapper|css_phy_tx_top:u_css_phy_tx_top|form_ppdu:u_form_ppdu|i_fifo[1675]                                                                                                                       ;
; 17:1               ; 2 bits    ; 22 LEs        ; 20 LEs               ; 2 LEs                  ; Yes        ; |css_phy_tx_top_wrapper|css_phy_tx_top:u_css_phy_tx_top|form_ppdu:u_form_ppdu|i_fifo[1674]                                                                                                                       ;
; 17:1               ; 2 bits    ; 22 LEs        ; 20 LEs               ; 2 LEs                  ; Yes        ; |css_phy_tx_top_wrapper|css_phy_tx_top:u_css_phy_tx_top|form_ppdu:u_form_ppdu|q_fifo[1673]                                                                                                                       ;
; 17:1               ; 2 bits    ; 22 LEs        ; 20 LEs               ; 2 LEs                  ; Yes        ; |css_phy_tx_top_wrapper|css_phy_tx_top:u_css_phy_tx_top|form_ppdu:u_form_ppdu|i_fifo[1672]                                                                                                                       ;
; 17:1               ; 2 bits    ; 22 LEs        ; 20 LEs               ; 2 LEs                  ; Yes        ; |css_phy_tx_top_wrapper|css_phy_tx_top:u_css_phy_tx_top|form_ppdu:u_form_ppdu|i_fifo[1671]                                                                                                                       ;
; 17:1               ; 2 bits    ; 22 LEs        ; 20 LEs               ; 2 LEs                  ; Yes        ; |css_phy_tx_top_wrapper|css_phy_tx_top:u_css_phy_tx_top|form_ppdu:u_form_ppdu|i_fifo[1670]                                                                                                                       ;
; 17:1               ; 2 bits    ; 22 LEs        ; 20 LEs               ; 2 LEs                  ; Yes        ; |css_phy_tx_top_wrapper|css_phy_tx_top:u_css_phy_tx_top|form_ppdu:u_form_ppdu|q_fifo[1669]                                                                                                                       ;
; 17:1               ; 2 bits    ; 22 LEs        ; 20 LEs               ; 2 LEs                  ; Yes        ; |css_phy_tx_top_wrapper|css_phy_tx_top:u_css_phy_tx_top|form_ppdu:u_form_ppdu|q_fifo[1668]                                                                                                                       ;
; 17:1               ; 2 bits    ; 22 LEs        ; 20 LEs               ; 2 LEs                  ; Yes        ; |css_phy_tx_top_wrapper|css_phy_tx_top:u_css_phy_tx_top|form_ppdu:u_form_ppdu|q_fifo[1667]                                                                                                                       ;
; 17:1               ; 2 bits    ; 22 LEs        ; 20 LEs               ; 2 LEs                  ; Yes        ; |css_phy_tx_top_wrapper|css_phy_tx_top:u_css_phy_tx_top|form_ppdu:u_form_ppdu|q_fifo[1666]                                                                                                                       ;
; 17:1               ; 2 bits    ; 22 LEs        ; 20 LEs               ; 2 LEs                  ; Yes        ; |css_phy_tx_top_wrapper|css_phy_tx_top:u_css_phy_tx_top|form_ppdu:u_form_ppdu|q_fifo[1665]                                                                                                                       ;
; 17:1               ; 2 bits    ; 22 LEs        ; 20 LEs               ; 2 LEs                  ; Yes        ; |css_phy_tx_top_wrapper|css_phy_tx_top:u_css_phy_tx_top|form_ppdu:u_form_ppdu|i_fifo[1664]                                                                                                                       ;
; 17:1               ; 2 bits    ; 22 LEs        ; 20 LEs               ; 2 LEs                  ; Yes        ; |css_phy_tx_top_wrapper|css_phy_tx_top:u_css_phy_tx_top|form_ppdu:u_form_ppdu|q_fifo[1663]                                                                                                                       ;
; 17:1               ; 2 bits    ; 22 LEs        ; 20 LEs               ; 2 LEs                  ; Yes        ; |css_phy_tx_top_wrapper|css_phy_tx_top:u_css_phy_tx_top|form_ppdu:u_form_ppdu|q_fifo[1662]                                                                                                                       ;
; 17:1               ; 2 bits    ; 22 LEs        ; 20 LEs               ; 2 LEs                  ; Yes        ; |css_phy_tx_top_wrapper|css_phy_tx_top:u_css_phy_tx_top|form_ppdu:u_form_ppdu|q_fifo[1661]                                                                                                                       ;
; 17:1               ; 2 bits    ; 22 LEs        ; 20 LEs               ; 2 LEs                  ; Yes        ; |css_phy_tx_top_wrapper|css_phy_tx_top:u_css_phy_tx_top|form_ppdu:u_form_ppdu|q_fifo[1660]                                                                                                                       ;
; 17:1               ; 2 bits    ; 22 LEs        ; 20 LEs               ; 2 LEs                  ; Yes        ; |css_phy_tx_top_wrapper|css_phy_tx_top:u_css_phy_tx_top|form_ppdu:u_form_ppdu|q_fifo[1659]                                                                                                                       ;
; 17:1               ; 2 bits    ; 22 LEs        ; 20 LEs               ; 2 LEs                  ; Yes        ; |css_phy_tx_top_wrapper|css_phy_tx_top:u_css_phy_tx_top|form_ppdu:u_form_ppdu|i_fifo[1658]                                                                                                                       ;
; 17:1               ; 2 bits    ; 22 LEs        ; 20 LEs               ; 2 LEs                  ; Yes        ; |css_phy_tx_top_wrapper|css_phy_tx_top:u_css_phy_tx_top|form_ppdu:u_form_ppdu|q_fifo[1657]                                                                                                                       ;
; 17:1               ; 2 bits    ; 22 LEs        ; 20 LEs               ; 2 LEs                  ; Yes        ; |css_phy_tx_top_wrapper|css_phy_tx_top:u_css_phy_tx_top|form_ppdu:u_form_ppdu|q_fifo[1656]                                                                                                                       ;
; 17:1               ; 2 bits    ; 22 LEs        ; 20 LEs               ; 2 LEs                  ; Yes        ; |css_phy_tx_top_wrapper|css_phy_tx_top:u_css_phy_tx_top|form_ppdu:u_form_ppdu|q_fifo[1655]                                                                                                                       ;
; 17:1               ; 2 bits    ; 22 LEs        ; 20 LEs               ; 2 LEs                  ; Yes        ; |css_phy_tx_top_wrapper|css_phy_tx_top:u_css_phy_tx_top|form_ppdu:u_form_ppdu|q_fifo[1654]                                                                                                                       ;
; 17:1               ; 2 bits    ; 22 LEs        ; 20 LEs               ; 2 LEs                  ; Yes        ; |css_phy_tx_top_wrapper|css_phy_tx_top:u_css_phy_tx_top|form_ppdu:u_form_ppdu|q_fifo[1653]                                                                                                                       ;
; 17:1               ; 2 bits    ; 22 LEs        ; 20 LEs               ; 2 LEs                  ; Yes        ; |css_phy_tx_top_wrapper|css_phy_tx_top:u_css_phy_tx_top|form_ppdu:u_form_ppdu|q_fifo[1652]                                                                                                                       ;
; 17:1               ; 2 bits    ; 22 LEs        ; 20 LEs               ; 2 LEs                  ; Yes        ; |css_phy_tx_top_wrapper|css_phy_tx_top:u_css_phy_tx_top|form_ppdu:u_form_ppdu|q_fifo[1651]                                                                                                                       ;
; 17:1               ; 2 bits    ; 22 LEs        ; 20 LEs               ; 2 LEs                  ; Yes        ; |css_phy_tx_top_wrapper|css_phy_tx_top:u_css_phy_tx_top|form_ppdu:u_form_ppdu|q_fifo[1650]                                                                                                                       ;
; 17:1               ; 2 bits    ; 22 LEs        ; 20 LEs               ; 2 LEs                  ; Yes        ; |css_phy_tx_top_wrapper|css_phy_tx_top:u_css_phy_tx_top|form_ppdu:u_form_ppdu|q_fifo[1649]                                                                                                                       ;
; 17:1               ; 2 bits    ; 22 LEs        ; 20 LEs               ; 2 LEs                  ; Yes        ; |css_phy_tx_top_wrapper|css_phy_tx_top:u_css_phy_tx_top|form_ppdu:u_form_ppdu|q_fifo[1648]                                                                                                                       ;
; 17:1               ; 2 bits    ; 22 LEs        ; 20 LEs               ; 2 LEs                  ; Yes        ; |css_phy_tx_top_wrapper|css_phy_tx_top:u_css_phy_tx_top|form_ppdu:u_form_ppdu|q_fifo[1647]                                                                                                                       ;
; 17:1               ; 2 bits    ; 22 LEs        ; 20 LEs               ; 2 LEs                  ; Yes        ; |css_phy_tx_top_wrapper|css_phy_tx_top:u_css_phy_tx_top|form_ppdu:u_form_ppdu|q_fifo[1646]                                                                                                                       ;
; 17:1               ; 2 bits    ; 22 LEs        ; 20 LEs               ; 2 LEs                  ; Yes        ; |css_phy_tx_top_wrapper|css_phy_tx_top:u_css_phy_tx_top|form_ppdu:u_form_ppdu|q_fifo[1645]                                                                                                                       ;
; 17:1               ; 2 bits    ; 22 LEs        ; 20 LEs               ; 2 LEs                  ; Yes        ; |css_phy_tx_top_wrapper|css_phy_tx_top:u_css_phy_tx_top|form_ppdu:u_form_ppdu|q_fifo[1644]                                                                                                                       ;
; 17:1               ; 2 bits    ; 22 LEs        ; 20 LEs               ; 2 LEs                  ; Yes        ; |css_phy_tx_top_wrapper|css_phy_tx_top:u_css_phy_tx_top|form_ppdu:u_form_ppdu|i_fifo[1643]                                                                                                                       ;
; 17:1               ; 2 bits    ; 22 LEs        ; 20 LEs               ; 2 LEs                  ; Yes        ; |css_phy_tx_top_wrapper|css_phy_tx_top:u_css_phy_tx_top|form_ppdu:u_form_ppdu|q_fifo[1642]                                                                                                                       ;
; 17:1               ; 2 bits    ; 22 LEs        ; 20 LEs               ; 2 LEs                  ; Yes        ; |css_phy_tx_top_wrapper|css_phy_tx_top:u_css_phy_tx_top|form_ppdu:u_form_ppdu|q_fifo[1641]                                                                                                                       ;
; 17:1               ; 2 bits    ; 22 LEs        ; 20 LEs               ; 2 LEs                  ; Yes        ; |css_phy_tx_top_wrapper|css_phy_tx_top:u_css_phy_tx_top|form_ppdu:u_form_ppdu|q_fifo[1640]                                                                                                                       ;
; 17:1               ; 2 bits    ; 22 LEs        ; 20 LEs               ; 2 LEs                  ; Yes        ; |css_phy_tx_top_wrapper|css_phy_tx_top:u_css_phy_tx_top|form_ppdu:u_form_ppdu|q_fifo[1639]                                                                                                                       ;
; 17:1               ; 2 bits    ; 22 LEs        ; 20 LEs               ; 2 LEs                  ; Yes        ; |css_phy_tx_top_wrapper|css_phy_tx_top:u_css_phy_tx_top|form_ppdu:u_form_ppdu|q_fifo[1638]                                                                                                                       ;
; 17:1               ; 2 bits    ; 22 LEs        ; 20 LEs               ; 2 LEs                  ; Yes        ; |css_phy_tx_top_wrapper|css_phy_tx_top:u_css_phy_tx_top|form_ppdu:u_form_ppdu|q_fifo[1637]                                                                                                                       ;
; 17:1               ; 2 bits    ; 22 LEs        ; 20 LEs               ; 2 LEs                  ; Yes        ; |css_phy_tx_top_wrapper|css_phy_tx_top:u_css_phy_tx_top|form_ppdu:u_form_ppdu|q_fifo[1636]                                                                                                                       ;
; 17:1               ; 2 bits    ; 22 LEs        ; 20 LEs               ; 2 LEs                  ; Yes        ; |css_phy_tx_top_wrapper|css_phy_tx_top:u_css_phy_tx_top|form_ppdu:u_form_ppdu|q_fifo[1635]                                                                                                                       ;
; 17:1               ; 2 bits    ; 22 LEs        ; 20 LEs               ; 2 LEs                  ; Yes        ; |css_phy_tx_top_wrapper|css_phy_tx_top:u_css_phy_tx_top|form_ppdu:u_form_ppdu|q_fifo[1634]                                                                                                                       ;
; 17:1               ; 2 bits    ; 22 LEs        ; 20 LEs               ; 2 LEs                  ; Yes        ; |css_phy_tx_top_wrapper|css_phy_tx_top:u_css_phy_tx_top|form_ppdu:u_form_ppdu|i_fifo[1633]                                                                                                                       ;
; 17:1               ; 2 bits    ; 22 LEs        ; 20 LEs               ; 2 LEs                  ; Yes        ; |css_phy_tx_top_wrapper|css_phy_tx_top:u_css_phy_tx_top|form_ppdu:u_form_ppdu|i_fifo[1632]                                                                                                                       ;
; 17:1               ; 2 bits    ; 22 LEs        ; 20 LEs               ; 2 LEs                  ; Yes        ; |css_phy_tx_top_wrapper|css_phy_tx_top:u_css_phy_tx_top|form_ppdu:u_form_ppdu|i_fifo[1631]                                                                                                                       ;
; 17:1               ; 2 bits    ; 22 LEs        ; 20 LEs               ; 2 LEs                  ; Yes        ; |css_phy_tx_top_wrapper|css_phy_tx_top:u_css_phy_tx_top|form_ppdu:u_form_ppdu|i_fifo[1630]                                                                                                                       ;
; 17:1               ; 2 bits    ; 22 LEs        ; 20 LEs               ; 2 LEs                  ; Yes        ; |css_phy_tx_top_wrapper|css_phy_tx_top:u_css_phy_tx_top|form_ppdu:u_form_ppdu|q_fifo[1629]                                                                                                                       ;
; 17:1               ; 2 bits    ; 22 LEs        ; 20 LEs               ; 2 LEs                  ; Yes        ; |css_phy_tx_top_wrapper|css_phy_tx_top:u_css_phy_tx_top|form_ppdu:u_form_ppdu|q_fifo[1628]                                                                                                                       ;
; 17:1               ; 2 bits    ; 22 LEs        ; 20 LEs               ; 2 LEs                  ; Yes        ; |css_phy_tx_top_wrapper|css_phy_tx_top:u_css_phy_tx_top|form_ppdu:u_form_ppdu|q_fifo[1627]                                                                                                                       ;
; 17:1               ; 2 bits    ; 22 LEs        ; 20 LEs               ; 2 LEs                  ; Yes        ; |css_phy_tx_top_wrapper|css_phy_tx_top:u_css_phy_tx_top|form_ppdu:u_form_ppdu|q_fifo[1626]                                                                                                                       ;
; 17:1               ; 2 bits    ; 22 LEs        ; 20 LEs               ; 2 LEs                  ; Yes        ; |css_phy_tx_top_wrapper|css_phy_tx_top:u_css_phy_tx_top|form_ppdu:u_form_ppdu|q_fifo[1625]                                                                                                                       ;
; 17:1               ; 2 bits    ; 22 LEs        ; 20 LEs               ; 2 LEs                  ; Yes        ; |css_phy_tx_top_wrapper|css_phy_tx_top:u_css_phy_tx_top|form_ppdu:u_form_ppdu|q_fifo[1624]                                                                                                                       ;
; 17:1               ; 2 bits    ; 22 LEs        ; 20 LEs               ; 2 LEs                  ; Yes        ; |css_phy_tx_top_wrapper|css_phy_tx_top:u_css_phy_tx_top|form_ppdu:u_form_ppdu|q_fifo[1623]                                                                                                                       ;
; 17:1               ; 2 bits    ; 22 LEs        ; 20 LEs               ; 2 LEs                  ; Yes        ; |css_phy_tx_top_wrapper|css_phy_tx_top:u_css_phy_tx_top|form_ppdu:u_form_ppdu|i_fifo[1622]                                                                                                                       ;
; 17:1               ; 2 bits    ; 22 LEs        ; 20 LEs               ; 2 LEs                  ; Yes        ; |css_phy_tx_top_wrapper|css_phy_tx_top:u_css_phy_tx_top|form_ppdu:u_form_ppdu|i_fifo[1621]                                                                                                                       ;
; 17:1               ; 2 bits    ; 22 LEs        ; 20 LEs               ; 2 LEs                  ; Yes        ; |css_phy_tx_top_wrapper|css_phy_tx_top:u_css_phy_tx_top|form_ppdu:u_form_ppdu|i_fifo[1620]                                                                                                                       ;
; 17:1               ; 2 bits    ; 22 LEs        ; 20 LEs               ; 2 LEs                  ; Yes        ; |css_phy_tx_top_wrapper|css_phy_tx_top:u_css_phy_tx_top|form_ppdu:u_form_ppdu|q_fifo[1619]                                                                                                                       ;
; 17:1               ; 2 bits    ; 22 LEs        ; 20 LEs               ; 2 LEs                  ; Yes        ; |css_phy_tx_top_wrapper|css_phy_tx_top:u_css_phy_tx_top|form_ppdu:u_form_ppdu|i_fifo[1618]                                                                                                                       ;
; 17:1               ; 2 bits    ; 22 LEs        ; 20 LEs               ; 2 LEs                  ; Yes        ; |css_phy_tx_top_wrapper|css_phy_tx_top:u_css_phy_tx_top|form_ppdu:u_form_ppdu|i_fifo[1617]                                                                                                                       ;
; 17:1               ; 2 bits    ; 22 LEs        ; 20 LEs               ; 2 LEs                  ; Yes        ; |css_phy_tx_top_wrapper|css_phy_tx_top:u_css_phy_tx_top|form_ppdu:u_form_ppdu|i_fifo[1616]                                                                                                                       ;
; 17:1               ; 2 bits    ; 22 LEs        ; 20 LEs               ; 2 LEs                  ; Yes        ; |css_phy_tx_top_wrapper|css_phy_tx_top:u_css_phy_tx_top|form_ppdu:u_form_ppdu|i_fifo[1615]                                                                                                                       ;
; 17:1               ; 2 bits    ; 22 LEs        ; 20 LEs               ; 2 LEs                  ; Yes        ; |css_phy_tx_top_wrapper|css_phy_tx_top:u_css_phy_tx_top|form_ppdu:u_form_ppdu|i_fifo[1614]                                                                                                                       ;
; 17:1               ; 2 bits    ; 22 LEs        ; 20 LEs               ; 2 LEs                  ; Yes        ; |css_phy_tx_top_wrapper|css_phy_tx_top:u_css_phy_tx_top|form_ppdu:u_form_ppdu|q_fifo[1613]                                                                                                                       ;
; 17:1               ; 2 bits    ; 22 LEs        ; 20 LEs               ; 2 LEs                  ; Yes        ; |css_phy_tx_top_wrapper|css_phy_tx_top:u_css_phy_tx_top|form_ppdu:u_form_ppdu|q_fifo[1612]                                                                                                                       ;
; 17:1               ; 2 bits    ; 22 LEs        ; 20 LEs               ; 2 LEs                  ; Yes        ; |css_phy_tx_top_wrapper|css_phy_tx_top:u_css_phy_tx_top|form_ppdu:u_form_ppdu|q_fifo[1611]                                                                                                                       ;
; 17:1               ; 2 bits    ; 22 LEs        ; 20 LEs               ; 2 LEs                  ; Yes        ; |css_phy_tx_top_wrapper|css_phy_tx_top:u_css_phy_tx_top|form_ppdu:u_form_ppdu|q_fifo[1610]                                                                                                                       ;
; 17:1               ; 2 bits    ; 22 LEs        ; 20 LEs               ; 2 LEs                  ; Yes        ; |css_phy_tx_top_wrapper|css_phy_tx_top:u_css_phy_tx_top|form_ppdu:u_form_ppdu|q_fifo[1609]                                                                                                                       ;
; 17:1               ; 2 bits    ; 22 LEs        ; 20 LEs               ; 2 LEs                  ; Yes        ; |css_phy_tx_top_wrapper|css_phy_tx_top:u_css_phy_tx_top|form_ppdu:u_form_ppdu|q_fifo[1608]                                                                                                                       ;
; 17:1               ; 2 bits    ; 22 LEs        ; 20 LEs               ; 2 LEs                  ; Yes        ; |css_phy_tx_top_wrapper|css_phy_tx_top:u_css_phy_tx_top|form_ppdu:u_form_ppdu|q_fifo[1607]                                                                                                                       ;
; 17:1               ; 2 bits    ; 22 LEs        ; 20 LEs               ; 2 LEs                  ; Yes        ; |css_phy_tx_top_wrapper|css_phy_tx_top:u_css_phy_tx_top|form_ppdu:u_form_ppdu|q_fifo[1606]                                                                                                                       ;
; 17:1               ; 2 bits    ; 22 LEs        ; 20 LEs               ; 2 LEs                  ; Yes        ; |css_phy_tx_top_wrapper|css_phy_tx_top:u_css_phy_tx_top|form_ppdu:u_form_ppdu|q_fifo[1605]                                                                                                                       ;
; 17:1               ; 2 bits    ; 22 LEs        ; 20 LEs               ; 2 LEs                  ; Yes        ; |css_phy_tx_top_wrapper|css_phy_tx_top:u_css_phy_tx_top|form_ppdu:u_form_ppdu|i_fifo[1604]                                                                                                                       ;
; 17:1               ; 2 bits    ; 22 LEs        ; 20 LEs               ; 2 LEs                  ; Yes        ; |css_phy_tx_top_wrapper|css_phy_tx_top:u_css_phy_tx_top|form_ppdu:u_form_ppdu|i_fifo[1603]                                                                                                                       ;
; 17:1               ; 2 bits    ; 22 LEs        ; 20 LEs               ; 2 LEs                  ; Yes        ; |css_phy_tx_top_wrapper|css_phy_tx_top:u_css_phy_tx_top|form_ppdu:u_form_ppdu|i_fifo[1602]                                                                                                                       ;
; 17:1               ; 2 bits    ; 22 LEs        ; 20 LEs               ; 2 LEs                  ; Yes        ; |css_phy_tx_top_wrapper|css_phy_tx_top:u_css_phy_tx_top|form_ppdu:u_form_ppdu|i_fifo[1601]                                                                                                                       ;
; 17:1               ; 2 bits    ; 22 LEs        ; 20 LEs               ; 2 LEs                  ; Yes        ; |css_phy_tx_top_wrapper|css_phy_tx_top:u_css_phy_tx_top|form_ppdu:u_form_ppdu|i_fifo[1600]                                                                                                                       ;
; 17:1               ; 2 bits    ; 22 LEs        ; 20 LEs               ; 2 LEs                  ; Yes        ; |css_phy_tx_top_wrapper|css_phy_tx_top:u_css_phy_tx_top|form_ppdu:u_form_ppdu|q_fifo[1599]                                                                                                                       ;
; 17:1               ; 2 bits    ; 22 LEs        ; 20 LEs               ; 2 LEs                  ; Yes        ; |css_phy_tx_top_wrapper|css_phy_tx_top:u_css_phy_tx_top|form_ppdu:u_form_ppdu|i_fifo[1598]                                                                                                                       ;
; 17:1               ; 2 bits    ; 22 LEs        ; 20 LEs               ; 2 LEs                  ; Yes        ; |css_phy_tx_top_wrapper|css_phy_tx_top:u_css_phy_tx_top|form_ppdu:u_form_ppdu|i_fifo[1597]                                                                                                                       ;
; 17:1               ; 2 bits    ; 22 LEs        ; 20 LEs               ; 2 LEs                  ; Yes        ; |css_phy_tx_top_wrapper|css_phy_tx_top:u_css_phy_tx_top|form_ppdu:u_form_ppdu|i_fifo[1596]                                                                                                                       ;
; 17:1               ; 2 bits    ; 22 LEs        ; 20 LEs               ; 2 LEs                  ; Yes        ; |css_phy_tx_top_wrapper|css_phy_tx_top:u_css_phy_tx_top|form_ppdu:u_form_ppdu|q_fifo[1595]                                                                                                                       ;
; 17:1               ; 2 bits    ; 22 LEs        ; 20 LEs               ; 2 LEs                  ; Yes        ; |css_phy_tx_top_wrapper|css_phy_tx_top:u_css_phy_tx_top|form_ppdu:u_form_ppdu|i_fifo[1594]                                                                                                                       ;
; 17:1               ; 2 bits    ; 22 LEs        ; 20 LEs               ; 2 LEs                  ; Yes        ; |css_phy_tx_top_wrapper|css_phy_tx_top:u_css_phy_tx_top|form_ppdu:u_form_ppdu|i_fifo[1593]                                                                                                                       ;
; 17:1               ; 2 bits    ; 22 LEs        ; 20 LEs               ; 2 LEs                  ; Yes        ; |css_phy_tx_top_wrapper|css_phy_tx_top:u_css_phy_tx_top|form_ppdu:u_form_ppdu|i_fifo[1592]                                                                                                                       ;
; 17:1               ; 2 bits    ; 22 LEs        ; 20 LEs               ; 2 LEs                  ; Yes        ; |css_phy_tx_top_wrapper|css_phy_tx_top:u_css_phy_tx_top|form_ppdu:u_form_ppdu|i_fifo[1591]                                                                                                                       ;
; 17:1               ; 2 bits    ; 22 LEs        ; 20 LEs               ; 2 LEs                  ; Yes        ; |css_phy_tx_top_wrapper|css_phy_tx_top:u_css_phy_tx_top|form_ppdu:u_form_ppdu|i_fifo[1590]                                                                                                                       ;
; 17:1               ; 2 bits    ; 22 LEs        ; 20 LEs               ; 2 LEs                  ; Yes        ; |css_phy_tx_top_wrapper|css_phy_tx_top:u_css_phy_tx_top|form_ppdu:u_form_ppdu|i_fifo[1589]                                                                                                                       ;
; 17:1               ; 2 bits    ; 22 LEs        ; 20 LEs               ; 2 LEs                  ; Yes        ; |css_phy_tx_top_wrapper|css_phy_tx_top:u_css_phy_tx_top|form_ppdu:u_form_ppdu|q_fifo[1588]                                                                                                                       ;
; 17:1               ; 2 bits    ; 22 LEs        ; 20 LEs               ; 2 LEs                  ; Yes        ; |css_phy_tx_top_wrapper|css_phy_tx_top:u_css_phy_tx_top|form_ppdu:u_form_ppdu|q_fifo[1587]                                                                                                                       ;
; 17:1               ; 2 bits    ; 22 LEs        ; 20 LEs               ; 2 LEs                  ; Yes        ; |css_phy_tx_top_wrapper|css_phy_tx_top:u_css_phy_tx_top|form_ppdu:u_form_ppdu|q_fifo[1586]                                                                                                                       ;
; 17:1               ; 2 bits    ; 22 LEs        ; 20 LEs               ; 2 LEs                  ; Yes        ; |css_phy_tx_top_wrapper|css_phy_tx_top:u_css_phy_tx_top|form_ppdu:u_form_ppdu|q_fifo[1585]                                                                                                                       ;
; 17:1               ; 2 bits    ; 22 LEs        ; 20 LEs               ; 2 LEs                  ; Yes        ; |css_phy_tx_top_wrapper|css_phy_tx_top:u_css_phy_tx_top|form_ppdu:u_form_ppdu|i_fifo[1584]                                                                                                                       ;
; 17:1               ; 2 bits    ; 22 LEs        ; 20 LEs               ; 2 LEs                  ; Yes        ; |css_phy_tx_top_wrapper|css_phy_tx_top:u_css_phy_tx_top|form_ppdu:u_form_ppdu|q_fifo[1583]                                                                                                                       ;
; 17:1               ; 2 bits    ; 22 LEs        ; 20 LEs               ; 2 LEs                  ; Yes        ; |css_phy_tx_top_wrapper|css_phy_tx_top:u_css_phy_tx_top|form_ppdu:u_form_ppdu|q_fifo[1582]                                                                                                                       ;
; 17:1               ; 2 bits    ; 22 LEs        ; 20 LEs               ; 2 LEs                  ; Yes        ; |css_phy_tx_top_wrapper|css_phy_tx_top:u_css_phy_tx_top|form_ppdu:u_form_ppdu|q_fifo[1581]                                                                                                                       ;
; 17:1               ; 2 bits    ; 22 LEs        ; 20 LEs               ; 2 LEs                  ; Yes        ; |css_phy_tx_top_wrapper|css_phy_tx_top:u_css_phy_tx_top|form_ppdu:u_form_ppdu|q_fifo[1580]                                                                                                                       ;
; 17:1               ; 2 bits    ; 22 LEs        ; 20 LEs               ; 2 LEs                  ; Yes        ; |css_phy_tx_top_wrapper|css_phy_tx_top:u_css_phy_tx_top|form_ppdu:u_form_ppdu|q_fifo[1579]                                                                                                                       ;
; 17:1               ; 2 bits    ; 22 LEs        ; 20 LEs               ; 2 LEs                  ; Yes        ; |css_phy_tx_top_wrapper|css_phy_tx_top:u_css_phy_tx_top|form_ppdu:u_form_ppdu|q_fifo[1578]                                                                                                                       ;
; 17:1               ; 2 bits    ; 22 LEs        ; 20 LEs               ; 2 LEs                  ; Yes        ; |css_phy_tx_top_wrapper|css_phy_tx_top:u_css_phy_tx_top|form_ppdu:u_form_ppdu|q_fifo[1577]                                                                                                                       ;
; 17:1               ; 2 bits    ; 22 LEs        ; 20 LEs               ; 2 LEs                  ; Yes        ; |css_phy_tx_top_wrapper|css_phy_tx_top:u_css_phy_tx_top|form_ppdu:u_form_ppdu|q_fifo[1576]                                                                                                                       ;
; 17:1               ; 2 bits    ; 22 LEs        ; 20 LEs               ; 2 LEs                  ; Yes        ; |css_phy_tx_top_wrapper|css_phy_tx_top:u_css_phy_tx_top|form_ppdu:u_form_ppdu|q_fifo[1575]                                                                                                                       ;
; 17:1               ; 2 bits    ; 22 LEs        ; 20 LEs               ; 2 LEs                  ; Yes        ; |css_phy_tx_top_wrapper|css_phy_tx_top:u_css_phy_tx_top|form_ppdu:u_form_ppdu|q_fifo[1574]                                                                                                                       ;
; 17:1               ; 2 bits    ; 22 LEs        ; 20 LEs               ; 2 LEs                  ; Yes        ; |css_phy_tx_top_wrapper|css_phy_tx_top:u_css_phy_tx_top|form_ppdu:u_form_ppdu|q_fifo[1573]                                                                                                                       ;
; 17:1               ; 2 bits    ; 22 LEs        ; 20 LEs               ; 2 LEs                  ; Yes        ; |css_phy_tx_top_wrapper|css_phy_tx_top:u_css_phy_tx_top|form_ppdu:u_form_ppdu|i_fifo[1572]                                                                                                                       ;
; 17:1               ; 2 bits    ; 22 LEs        ; 20 LEs               ; 2 LEs                  ; Yes        ; |css_phy_tx_top_wrapper|css_phy_tx_top:u_css_phy_tx_top|form_ppdu:u_form_ppdu|q_fifo[1571]                                                                                                                       ;
; 17:1               ; 2 bits    ; 22 LEs        ; 20 LEs               ; 2 LEs                  ; Yes        ; |css_phy_tx_top_wrapper|css_phy_tx_top:u_css_phy_tx_top|form_ppdu:u_form_ppdu|q_fifo[1570]                                                                                                                       ;
; 17:1               ; 2 bits    ; 22 LEs        ; 20 LEs               ; 2 LEs                  ; Yes        ; |css_phy_tx_top_wrapper|css_phy_tx_top:u_css_phy_tx_top|form_ppdu:u_form_ppdu|i_fifo[1569]                                                                                                                       ;
; 17:1               ; 2 bits    ; 22 LEs        ; 20 LEs               ; 2 LEs                  ; Yes        ; |css_phy_tx_top_wrapper|css_phy_tx_top:u_css_phy_tx_top|form_ppdu:u_form_ppdu|q_fifo[1568]                                                                                                                       ;
; 17:1               ; 2 bits    ; 22 LEs        ; 20 LEs               ; 2 LEs                  ; Yes        ; |css_phy_tx_top_wrapper|css_phy_tx_top:u_css_phy_tx_top|form_ppdu:u_form_ppdu|q_fifo[1567]                                                                                                                       ;
; 17:1               ; 2 bits    ; 22 LEs        ; 20 LEs               ; 2 LEs                  ; Yes        ; |css_phy_tx_top_wrapper|css_phy_tx_top:u_css_phy_tx_top|form_ppdu:u_form_ppdu|q_fifo[1566]                                                                                                                       ;
; 17:1               ; 2 bits    ; 22 LEs        ; 20 LEs               ; 2 LEs                  ; Yes        ; |css_phy_tx_top_wrapper|css_phy_tx_top:u_css_phy_tx_top|form_ppdu:u_form_ppdu|q_fifo[1565]                                                                                                                       ;
; 17:1               ; 2 bits    ; 22 LEs        ; 20 LEs               ; 2 LEs                  ; Yes        ; |css_phy_tx_top_wrapper|css_phy_tx_top:u_css_phy_tx_top|form_ppdu:u_form_ppdu|i_fifo[1564]                                                                                                                       ;
; 17:1               ; 2 bits    ; 22 LEs        ; 20 LEs               ; 2 LEs                  ; Yes        ; |css_phy_tx_top_wrapper|css_phy_tx_top:u_css_phy_tx_top|form_ppdu:u_form_ppdu|i_fifo[1563]                                                                                                                       ;
; 17:1               ; 2 bits    ; 22 LEs        ; 20 LEs               ; 2 LEs                  ; Yes        ; |css_phy_tx_top_wrapper|css_phy_tx_top:u_css_phy_tx_top|form_ppdu:u_form_ppdu|q_fifo[1562]                                                                                                                       ;
; 17:1               ; 2 bits    ; 22 LEs        ; 20 LEs               ; 2 LEs                  ; Yes        ; |css_phy_tx_top_wrapper|css_phy_tx_top:u_css_phy_tx_top|form_ppdu:u_form_ppdu|q_fifo[1561]                                                                                                                       ;
; 17:1               ; 2 bits    ; 22 LEs        ; 20 LEs               ; 2 LEs                  ; Yes        ; |css_phy_tx_top_wrapper|css_phy_tx_top:u_css_phy_tx_top|form_ppdu:u_form_ppdu|i_fifo[1560]                                                                                                                       ;
; 17:1               ; 2 bits    ; 22 LEs        ; 20 LEs               ; 2 LEs                  ; Yes        ; |css_phy_tx_top_wrapper|css_phy_tx_top:u_css_phy_tx_top|form_ppdu:u_form_ppdu|i_fifo[1559]                                                                                                                       ;
; 17:1               ; 2 bits    ; 22 LEs        ; 20 LEs               ; 2 LEs                  ; Yes        ; |css_phy_tx_top_wrapper|css_phy_tx_top:u_css_phy_tx_top|form_ppdu:u_form_ppdu|q_fifo[1558]                                                                                                                       ;
; 17:1               ; 2 bits    ; 22 LEs        ; 20 LEs               ; 2 LEs                  ; Yes        ; |css_phy_tx_top_wrapper|css_phy_tx_top:u_css_phy_tx_top|form_ppdu:u_form_ppdu|q_fifo[1557]                                                                                                                       ;
; 17:1               ; 2 bits    ; 22 LEs        ; 20 LEs               ; 2 LEs                  ; Yes        ; |css_phy_tx_top_wrapper|css_phy_tx_top:u_css_phy_tx_top|form_ppdu:u_form_ppdu|q_fifo[1556]                                                                                                                       ;
; 17:1               ; 2 bits    ; 22 LEs        ; 20 LEs               ; 2 LEs                  ; Yes        ; |css_phy_tx_top_wrapper|css_phy_tx_top:u_css_phy_tx_top|form_ppdu:u_form_ppdu|q_fifo[1555]                                                                                                                       ;
; 17:1               ; 2 bits    ; 22 LEs        ; 20 LEs               ; 2 LEs                  ; Yes        ; |css_phy_tx_top_wrapper|css_phy_tx_top:u_css_phy_tx_top|form_ppdu:u_form_ppdu|i_fifo[1554]                                                                                                                       ;
; 17:1               ; 2 bits    ; 22 LEs        ; 20 LEs               ; 2 LEs                  ; Yes        ; |css_phy_tx_top_wrapper|css_phy_tx_top:u_css_phy_tx_top|form_ppdu:u_form_ppdu|i_fifo[1553]                                                                                                                       ;
; 17:1               ; 2 bits    ; 22 LEs        ; 20 LEs               ; 2 LEs                  ; Yes        ; |css_phy_tx_top_wrapper|css_phy_tx_top:u_css_phy_tx_top|form_ppdu:u_form_ppdu|i_fifo[1552]                                                                                                                       ;
; 17:1               ; 2 bits    ; 22 LEs        ; 20 LEs               ; 2 LEs                  ; Yes        ; |css_phy_tx_top_wrapper|css_phy_tx_top:u_css_phy_tx_top|form_ppdu:u_form_ppdu|i_fifo[1551]                                                                                                                       ;
; 17:1               ; 2 bits    ; 22 LEs        ; 20 LEs               ; 2 LEs                  ; Yes        ; |css_phy_tx_top_wrapper|css_phy_tx_top:u_css_phy_tx_top|form_ppdu:u_form_ppdu|i_fifo[1550]                                                                                                                       ;
; 17:1               ; 2 bits    ; 22 LEs        ; 20 LEs               ; 2 LEs                  ; Yes        ; |css_phy_tx_top_wrapper|css_phy_tx_top:u_css_phy_tx_top|form_ppdu:u_form_ppdu|i_fifo[1549]                                                                                                                       ;
; 17:1               ; 2 bits    ; 22 LEs        ; 20 LEs               ; 2 LEs                  ; Yes        ; |css_phy_tx_top_wrapper|css_phy_tx_top:u_css_phy_tx_top|form_ppdu:u_form_ppdu|i_fifo[1548]                                                                                                                       ;
; 17:1               ; 2 bits    ; 22 LEs        ; 20 LEs               ; 2 LEs                  ; Yes        ; |css_phy_tx_top_wrapper|css_phy_tx_top:u_css_phy_tx_top|form_ppdu:u_form_ppdu|q_fifo[1547]                                                                                                                       ;
; 17:1               ; 2 bits    ; 22 LEs        ; 20 LEs               ; 2 LEs                  ; Yes        ; |css_phy_tx_top_wrapper|css_phy_tx_top:u_css_phy_tx_top|form_ppdu:u_form_ppdu|q_fifo[1546]                                                                                                                       ;
; 17:1               ; 2 bits    ; 22 LEs        ; 20 LEs               ; 2 LEs                  ; Yes        ; |css_phy_tx_top_wrapper|css_phy_tx_top:u_css_phy_tx_top|form_ppdu:u_form_ppdu|q_fifo[1545]                                                                                                                       ;
; 17:1               ; 2 bits    ; 22 LEs        ; 20 LEs               ; 2 LEs                  ; Yes        ; |css_phy_tx_top_wrapper|css_phy_tx_top:u_css_phy_tx_top|form_ppdu:u_form_ppdu|q_fifo[1544]                                                                                                                       ;
; 17:1               ; 2 bits    ; 22 LEs        ; 20 LEs               ; 2 LEs                  ; Yes        ; |css_phy_tx_top_wrapper|css_phy_tx_top:u_css_phy_tx_top|form_ppdu:u_form_ppdu|q_fifo[1543]                                                                                                                       ;
; 17:1               ; 2 bits    ; 22 LEs        ; 20 LEs               ; 2 LEs                  ; Yes        ; |css_phy_tx_top_wrapper|css_phy_tx_top:u_css_phy_tx_top|form_ppdu:u_form_ppdu|q_fifo[1542]                                                                                                                       ;
; 17:1               ; 2 bits    ; 22 LEs        ; 20 LEs               ; 2 LEs                  ; Yes        ; |css_phy_tx_top_wrapper|css_phy_tx_top:u_css_phy_tx_top|form_ppdu:u_form_ppdu|q_fifo[1541]                                                                                                                       ;
; 17:1               ; 2 bits    ; 22 LEs        ; 20 LEs               ; 2 LEs                  ; Yes        ; |css_phy_tx_top_wrapper|css_phy_tx_top:u_css_phy_tx_top|form_ppdu:u_form_ppdu|i_fifo[1540]                                                                                                                       ;
; 17:1               ; 2 bits    ; 22 LEs        ; 20 LEs               ; 2 LEs                  ; Yes        ; |css_phy_tx_top_wrapper|css_phy_tx_top:u_css_phy_tx_top|form_ppdu:u_form_ppdu|i_fifo[1539]                                                                                                                       ;
; 17:1               ; 2 bits    ; 22 LEs        ; 20 LEs               ; 2 LEs                  ; Yes        ; |css_phy_tx_top_wrapper|css_phy_tx_top:u_css_phy_tx_top|form_ppdu:u_form_ppdu|i_fifo[1538]                                                                                                                       ;
; 17:1               ; 2 bits    ; 22 LEs        ; 20 LEs               ; 2 LEs                  ; Yes        ; |css_phy_tx_top_wrapper|css_phy_tx_top:u_css_phy_tx_top|form_ppdu:u_form_ppdu|q_fifo[1537]                                                                                                                       ;
; 17:1               ; 2 bits    ; 22 LEs        ; 20 LEs               ; 2 LEs                  ; Yes        ; |css_phy_tx_top_wrapper|css_phy_tx_top:u_css_phy_tx_top|form_ppdu:u_form_ppdu|q_fifo[1536]                                                                                                                       ;
; 17:1               ; 2 bits    ; 22 LEs        ; 20 LEs               ; 2 LEs                  ; Yes        ; |css_phy_tx_top_wrapper|css_phy_tx_top:u_css_phy_tx_top|form_ppdu:u_form_ppdu|q_fifo[1535]                                                                                                                       ;
; 17:1               ; 2 bits    ; 22 LEs        ; 20 LEs               ; 2 LEs                  ; Yes        ; |css_phy_tx_top_wrapper|css_phy_tx_top:u_css_phy_tx_top|form_ppdu:u_form_ppdu|i_fifo[1534]                                                                                                                       ;
; 17:1               ; 2 bits    ; 22 LEs        ; 20 LEs               ; 2 LEs                  ; Yes        ; |css_phy_tx_top_wrapper|css_phy_tx_top:u_css_phy_tx_top|form_ppdu:u_form_ppdu|i_fifo[1533]                                                                                                                       ;
; 17:1               ; 2 bits    ; 22 LEs        ; 20 LEs               ; 2 LEs                  ; Yes        ; |css_phy_tx_top_wrapper|css_phy_tx_top:u_css_phy_tx_top|form_ppdu:u_form_ppdu|i_fifo[1532]                                                                                                                       ;
; 17:1               ; 2 bits    ; 22 LEs        ; 20 LEs               ; 2 LEs                  ; Yes        ; |css_phy_tx_top_wrapper|css_phy_tx_top:u_css_phy_tx_top|form_ppdu:u_form_ppdu|i_fifo[1531]                                                                                                                       ;
; 17:1               ; 2 bits    ; 22 LEs        ; 20 LEs               ; 2 LEs                  ; Yes        ; |css_phy_tx_top_wrapper|css_phy_tx_top:u_css_phy_tx_top|form_ppdu:u_form_ppdu|i_fifo[1530]                                                                                                                       ;
; 17:1               ; 2 bits    ; 22 LEs        ; 20 LEs               ; 2 LEs                  ; Yes        ; |css_phy_tx_top_wrapper|css_phy_tx_top:u_css_phy_tx_top|form_ppdu:u_form_ppdu|q_fifo[1529]                                                                                                                       ;
; 17:1               ; 2 bits    ; 22 LEs        ; 20 LEs               ; 2 LEs                  ; Yes        ; |css_phy_tx_top_wrapper|css_phy_tx_top:u_css_phy_tx_top|form_ppdu:u_form_ppdu|q_fifo[1528]                                                                                                                       ;
; 17:1               ; 2 bits    ; 22 LEs        ; 20 LEs               ; 2 LEs                  ; Yes        ; |css_phy_tx_top_wrapper|css_phy_tx_top:u_css_phy_tx_top|form_ppdu:u_form_ppdu|q_fifo[1527]                                                                                                                       ;
; 17:1               ; 2 bits    ; 22 LEs        ; 20 LEs               ; 2 LEs                  ; Yes        ; |css_phy_tx_top_wrapper|css_phy_tx_top:u_css_phy_tx_top|form_ppdu:u_form_ppdu|q_fifo[1526]                                                                                                                       ;
; 17:1               ; 2 bits    ; 22 LEs        ; 20 LEs               ; 2 LEs                  ; Yes        ; |css_phy_tx_top_wrapper|css_phy_tx_top:u_css_phy_tx_top|form_ppdu:u_form_ppdu|q_fifo[1525]                                                                                                                       ;
; 17:1               ; 2 bits    ; 22 LEs        ; 20 LEs               ; 2 LEs                  ; Yes        ; |css_phy_tx_top_wrapper|css_phy_tx_top:u_css_phy_tx_top|form_ppdu:u_form_ppdu|q_fifo[1524]                                                                                                                       ;
; 17:1               ; 2 bits    ; 22 LEs        ; 20 LEs               ; 2 LEs                  ; Yes        ; |css_phy_tx_top_wrapper|css_phy_tx_top:u_css_phy_tx_top|form_ppdu:u_form_ppdu|q_fifo[1523]                                                                                                                       ;
; 17:1               ; 2 bits    ; 22 LEs        ; 20 LEs               ; 2 LEs                  ; Yes        ; |css_phy_tx_top_wrapper|css_phy_tx_top:u_css_phy_tx_top|form_ppdu:u_form_ppdu|q_fifo[1522]                                                                                                                       ;
; 17:1               ; 2 bits    ; 22 LEs        ; 20 LEs               ; 2 LEs                  ; Yes        ; |css_phy_tx_top_wrapper|css_phy_tx_top:u_css_phy_tx_top|form_ppdu:u_form_ppdu|q_fifo[1521]                                                                                                                       ;
; 17:1               ; 2 bits    ; 22 LEs        ; 20 LEs               ; 2 LEs                  ; Yes        ; |css_phy_tx_top_wrapper|css_phy_tx_top:u_css_phy_tx_top|form_ppdu:u_form_ppdu|q_fifo[1520]                                                                                                                       ;
; 17:1               ; 2 bits    ; 22 LEs        ; 20 LEs               ; 2 LEs                  ; Yes        ; |css_phy_tx_top_wrapper|css_phy_tx_top:u_css_phy_tx_top|form_ppdu:u_form_ppdu|q_fifo[1519]                                                                                                                       ;
; 17:1               ; 2 bits    ; 22 LEs        ; 20 LEs               ; 2 LEs                  ; Yes        ; |css_phy_tx_top_wrapper|css_phy_tx_top:u_css_phy_tx_top|form_ppdu:u_form_ppdu|q_fifo[1518]                                                                                                                       ;
; 17:1               ; 2 bits    ; 22 LEs        ; 20 LEs               ; 2 LEs                  ; Yes        ; |css_phy_tx_top_wrapper|css_phy_tx_top:u_css_phy_tx_top|form_ppdu:u_form_ppdu|q_fifo[1517]                                                                                                                       ;
; 17:1               ; 2 bits    ; 22 LEs        ; 20 LEs               ; 2 LEs                  ; Yes        ; |css_phy_tx_top_wrapper|css_phy_tx_top:u_css_phy_tx_top|form_ppdu:u_form_ppdu|q_fifo[1516]                                                                                                                       ;
; 17:1               ; 2 bits    ; 22 LEs        ; 20 LEs               ; 2 LEs                  ; Yes        ; |css_phy_tx_top_wrapper|css_phy_tx_top:u_css_phy_tx_top|form_ppdu:u_form_ppdu|q_fifo[1515]                                                                                                                       ;
; 17:1               ; 2 bits    ; 22 LEs        ; 20 LEs               ; 2 LEs                  ; Yes        ; |css_phy_tx_top_wrapper|css_phy_tx_top:u_css_phy_tx_top|form_ppdu:u_form_ppdu|q_fifo[1514]                                                                                                                       ;
; 17:1               ; 2 bits    ; 22 LEs        ; 20 LEs               ; 2 LEs                  ; Yes        ; |css_phy_tx_top_wrapper|css_phy_tx_top:u_css_phy_tx_top|form_ppdu:u_form_ppdu|q_fifo[1513]                                                                                                                       ;
; 17:1               ; 2 bits    ; 22 LEs        ; 20 LEs               ; 2 LEs                  ; Yes        ; |css_phy_tx_top_wrapper|css_phy_tx_top:u_css_phy_tx_top|form_ppdu:u_form_ppdu|q_fifo[1512]                                                                                                                       ;
; 17:1               ; 2 bits    ; 22 LEs        ; 20 LEs               ; 2 LEs                  ; Yes        ; |css_phy_tx_top_wrapper|css_phy_tx_top:u_css_phy_tx_top|form_ppdu:u_form_ppdu|q_fifo[1511]                                                                                                                       ;
; 17:1               ; 2 bits    ; 22 LEs        ; 20 LEs               ; 2 LEs                  ; Yes        ; |css_phy_tx_top_wrapper|css_phy_tx_top:u_css_phy_tx_top|form_ppdu:u_form_ppdu|q_fifo[1510]                                                                                                                       ;
; 17:1               ; 2 bits    ; 22 LEs        ; 20 LEs               ; 2 LEs                  ; Yes        ; |css_phy_tx_top_wrapper|css_phy_tx_top:u_css_phy_tx_top|form_ppdu:u_form_ppdu|q_fifo[1509]                                                                                                                       ;
; 17:1               ; 2 bits    ; 22 LEs        ; 20 LEs               ; 2 LEs                  ; Yes        ; |css_phy_tx_top_wrapper|css_phy_tx_top:u_css_phy_tx_top|form_ppdu:u_form_ppdu|q_fifo[1508]                                                                                                                       ;
; 17:1               ; 2 bits    ; 22 LEs        ; 20 LEs               ; 2 LEs                  ; Yes        ; |css_phy_tx_top_wrapper|css_phy_tx_top:u_css_phy_tx_top|form_ppdu:u_form_ppdu|q_fifo[1507]                                                                                                                       ;
; 17:1               ; 2 bits    ; 22 LEs        ; 20 LEs               ; 2 LEs                  ; Yes        ; |css_phy_tx_top_wrapper|css_phy_tx_top:u_css_phy_tx_top|form_ppdu:u_form_ppdu|q_fifo[1506]                                                                                                                       ;
; 17:1               ; 2 bits    ; 22 LEs        ; 20 LEs               ; 2 LEs                  ; Yes        ; |css_phy_tx_top_wrapper|css_phy_tx_top:u_css_phy_tx_top|form_ppdu:u_form_ppdu|q_fifo[1505]                                                                                                                       ;
; 17:1               ; 2 bits    ; 22 LEs        ; 20 LEs               ; 2 LEs                  ; Yes        ; |css_phy_tx_top_wrapper|css_phy_tx_top:u_css_phy_tx_top|form_ppdu:u_form_ppdu|q_fifo[1504]                                                                                                                       ;
; 17:1               ; 2 bits    ; 22 LEs        ; 20 LEs               ; 2 LEs                  ; Yes        ; |css_phy_tx_top_wrapper|css_phy_tx_top:u_css_phy_tx_top|form_ppdu:u_form_ppdu|q_fifo[1503]                                                                                                                       ;
; 17:1               ; 2 bits    ; 22 LEs        ; 20 LEs               ; 2 LEs                  ; Yes        ; |css_phy_tx_top_wrapper|css_phy_tx_top:u_css_phy_tx_top|form_ppdu:u_form_ppdu|i_fifo[1502]                                                                                                                       ;
; 17:1               ; 2 bits    ; 22 LEs        ; 20 LEs               ; 2 LEs                  ; Yes        ; |css_phy_tx_top_wrapper|css_phy_tx_top:u_css_phy_tx_top|form_ppdu:u_form_ppdu|i_fifo[1501]                                                                                                                       ;
; 17:1               ; 2 bits    ; 22 LEs        ; 20 LEs               ; 2 LEs                  ; Yes        ; |css_phy_tx_top_wrapper|css_phy_tx_top:u_css_phy_tx_top|form_ppdu:u_form_ppdu|q_fifo[1500]                                                                                                                       ;
; 17:1               ; 2 bits    ; 22 LEs        ; 20 LEs               ; 2 LEs                  ; Yes        ; |css_phy_tx_top_wrapper|css_phy_tx_top:u_css_phy_tx_top|form_ppdu:u_form_ppdu|i_fifo[1499]                                                                                                                       ;
; 17:1               ; 2 bits    ; 22 LEs        ; 20 LEs               ; 2 LEs                  ; Yes        ; |css_phy_tx_top_wrapper|css_phy_tx_top:u_css_phy_tx_top|form_ppdu:u_form_ppdu|i_fifo[1498]                                                                                                                       ;
; 17:1               ; 2 bits    ; 22 LEs        ; 20 LEs               ; 2 LEs                  ; Yes        ; |css_phy_tx_top_wrapper|css_phy_tx_top:u_css_phy_tx_top|form_ppdu:u_form_ppdu|i_fifo[1497]                                                                                                                       ;
; 17:1               ; 2 bits    ; 22 LEs        ; 20 LEs               ; 2 LEs                  ; Yes        ; |css_phy_tx_top_wrapper|css_phy_tx_top:u_css_phy_tx_top|form_ppdu:u_form_ppdu|i_fifo[1496]                                                                                                                       ;
; 17:1               ; 2 bits    ; 22 LEs        ; 20 LEs               ; 2 LEs                  ; Yes        ; |css_phy_tx_top_wrapper|css_phy_tx_top:u_css_phy_tx_top|form_ppdu:u_form_ppdu|i_fifo[1495]                                                                                                                       ;
; 17:1               ; 2 bits    ; 22 LEs        ; 20 LEs               ; 2 LEs                  ; Yes        ; |css_phy_tx_top_wrapper|css_phy_tx_top:u_css_phy_tx_top|form_ppdu:u_form_ppdu|i_fifo[1494]                                                                                                                       ;
; 17:1               ; 2 bits    ; 22 LEs        ; 20 LEs               ; 2 LEs                  ; Yes        ; |css_phy_tx_top_wrapper|css_phy_tx_top:u_css_phy_tx_top|form_ppdu:u_form_ppdu|q_fifo[1493]                                                                                                                       ;
; 17:1               ; 2 bits    ; 22 LEs        ; 20 LEs               ; 2 LEs                  ; Yes        ; |css_phy_tx_top_wrapper|css_phy_tx_top:u_css_phy_tx_top|form_ppdu:u_form_ppdu|q_fifo[1492]                                                                                                                       ;
; 17:1               ; 2 bits    ; 22 LEs        ; 20 LEs               ; 2 LEs                  ; Yes        ; |css_phy_tx_top_wrapper|css_phy_tx_top:u_css_phy_tx_top|form_ppdu:u_form_ppdu|q_fifo[1491]                                                                                                                       ;
; 17:1               ; 2 bits    ; 22 LEs        ; 20 LEs               ; 2 LEs                  ; Yes        ; |css_phy_tx_top_wrapper|css_phy_tx_top:u_css_phy_tx_top|form_ppdu:u_form_ppdu|q_fifo[1490]                                                                                                                       ;
; 17:1               ; 2 bits    ; 22 LEs        ; 20 LEs               ; 2 LEs                  ; Yes        ; |css_phy_tx_top_wrapper|css_phy_tx_top:u_css_phy_tx_top|form_ppdu:u_form_ppdu|q_fifo[1489]                                                                                                                       ;
; 17:1               ; 2 bits    ; 22 LEs        ; 20 LEs               ; 2 LEs                  ; Yes        ; |css_phy_tx_top_wrapper|css_phy_tx_top:u_css_phy_tx_top|form_ppdu:u_form_ppdu|q_fifo[1488]                                                                                                                       ;
; 17:1               ; 2 bits    ; 22 LEs        ; 20 LEs               ; 2 LEs                  ; Yes        ; |css_phy_tx_top_wrapper|css_phy_tx_top:u_css_phy_tx_top|form_ppdu:u_form_ppdu|q_fifo[1487]                                                                                                                       ;
; 17:1               ; 2 bits    ; 22 LEs        ; 20 LEs               ; 2 LEs                  ; Yes        ; |css_phy_tx_top_wrapper|css_phy_tx_top:u_css_phy_tx_top|form_ppdu:u_form_ppdu|q_fifo[1486]                                                                                                                       ;
; 17:1               ; 2 bits    ; 22 LEs        ; 20 LEs               ; 2 LEs                  ; Yes        ; |css_phy_tx_top_wrapper|css_phy_tx_top:u_css_phy_tx_top|form_ppdu:u_form_ppdu|q_fifo[1485]                                                                                                                       ;
; 17:1               ; 2 bits    ; 22 LEs        ; 20 LEs               ; 2 LEs                  ; Yes        ; |css_phy_tx_top_wrapper|css_phy_tx_top:u_css_phy_tx_top|form_ppdu:u_form_ppdu|q_fifo[1484]                                                                                                                       ;
; 17:1               ; 2 bits    ; 22 LEs        ; 20 LEs               ; 2 LEs                  ; Yes        ; |css_phy_tx_top_wrapper|css_phy_tx_top:u_css_phy_tx_top|form_ppdu:u_form_ppdu|q_fifo[1483]                                                                                                                       ;
; 17:1               ; 2 bits    ; 22 LEs        ; 20 LEs               ; 2 LEs                  ; Yes        ; |css_phy_tx_top_wrapper|css_phy_tx_top:u_css_phy_tx_top|form_ppdu:u_form_ppdu|q_fifo[1482]                                                                                                                       ;
; 17:1               ; 2 bits    ; 22 LEs        ; 20 LEs               ; 2 LEs                  ; Yes        ; |css_phy_tx_top_wrapper|css_phy_tx_top:u_css_phy_tx_top|form_ppdu:u_form_ppdu|q_fifo[1481]                                                                                                                       ;
; 17:1               ; 2 bits    ; 22 LEs        ; 20 LEs               ; 2 LEs                  ; Yes        ; |css_phy_tx_top_wrapper|css_phy_tx_top:u_css_phy_tx_top|form_ppdu:u_form_ppdu|q_fifo[1480]                                                                                                                       ;
; 17:1               ; 2 bits    ; 22 LEs        ; 20 LEs               ; 2 LEs                  ; Yes        ; |css_phy_tx_top_wrapper|css_phy_tx_top:u_css_phy_tx_top|form_ppdu:u_form_ppdu|q_fifo[1479]                                                                                                                       ;
; 17:1               ; 2 bits    ; 22 LEs        ; 20 LEs               ; 2 LEs                  ; Yes        ; |css_phy_tx_top_wrapper|css_phy_tx_top:u_css_phy_tx_top|form_ppdu:u_form_ppdu|q_fifo[1478]                                                                                                                       ;
; 17:1               ; 2 bits    ; 22 LEs        ; 20 LEs               ; 2 LEs                  ; Yes        ; |css_phy_tx_top_wrapper|css_phy_tx_top:u_css_phy_tx_top|form_ppdu:u_form_ppdu|q_fifo[1477]                                                                                                                       ;
; 17:1               ; 2 bits    ; 22 LEs        ; 20 LEs               ; 2 LEs                  ; Yes        ; |css_phy_tx_top_wrapper|css_phy_tx_top:u_css_phy_tx_top|form_ppdu:u_form_ppdu|i_fifo[1476]                                                                                                                       ;
; 17:1               ; 2 bits    ; 22 LEs        ; 20 LEs               ; 2 LEs                  ; Yes        ; |css_phy_tx_top_wrapper|css_phy_tx_top:u_css_phy_tx_top|form_ppdu:u_form_ppdu|i_fifo[1475]                                                                                                                       ;
; 17:1               ; 2 bits    ; 22 LEs        ; 20 LEs               ; 2 LEs                  ; Yes        ; |css_phy_tx_top_wrapper|css_phy_tx_top:u_css_phy_tx_top|form_ppdu:u_form_ppdu|i_fifo[1474]                                                                                                                       ;
; 17:1               ; 2 bits    ; 22 LEs        ; 20 LEs               ; 2 LEs                  ; Yes        ; |css_phy_tx_top_wrapper|css_phy_tx_top:u_css_phy_tx_top|form_ppdu:u_form_ppdu|i_fifo[1473]                                                                                                                       ;
; 17:1               ; 2 bits    ; 22 LEs        ; 20 LEs               ; 2 LEs                  ; Yes        ; |css_phy_tx_top_wrapper|css_phy_tx_top:u_css_phy_tx_top|form_ppdu:u_form_ppdu|i_fifo[1472]                                                                                                                       ;
; 17:1               ; 2 bits    ; 22 LEs        ; 20 LEs               ; 2 LEs                  ; Yes        ; |css_phy_tx_top_wrapper|css_phy_tx_top:u_css_phy_tx_top|form_ppdu:u_form_ppdu|q_fifo[1471]                                                                                                                       ;
; 17:1               ; 2 bits    ; 22 LEs        ; 20 LEs               ; 2 LEs                  ; Yes        ; |css_phy_tx_top_wrapper|css_phy_tx_top:u_css_phy_tx_top|form_ppdu:u_form_ppdu|i_fifo[1470]                                                                                                                       ;
; 17:1               ; 2 bits    ; 22 LEs        ; 20 LEs               ; 2 LEs                  ; Yes        ; |css_phy_tx_top_wrapper|css_phy_tx_top:u_css_phy_tx_top|form_ppdu:u_form_ppdu|i_fifo[1469]                                                                                                                       ;
; 17:1               ; 2 bits    ; 22 LEs        ; 20 LEs               ; 2 LEs                  ; Yes        ; |css_phy_tx_top_wrapper|css_phy_tx_top:u_css_phy_tx_top|form_ppdu:u_form_ppdu|i_fifo[1468]                                                                                                                       ;
; 17:1               ; 2 bits    ; 22 LEs        ; 20 LEs               ; 2 LEs                  ; Yes        ; |css_phy_tx_top_wrapper|css_phy_tx_top:u_css_phy_tx_top|form_ppdu:u_form_ppdu|q_fifo[1467]                                                                                                                       ;
; 17:1               ; 2 bits    ; 22 LEs        ; 20 LEs               ; 2 LEs                  ; Yes        ; |css_phy_tx_top_wrapper|css_phy_tx_top:u_css_phy_tx_top|form_ppdu:u_form_ppdu|q_fifo[1466]                                                                                                                       ;
; 17:1               ; 2 bits    ; 22 LEs        ; 20 LEs               ; 2 LEs                  ; Yes        ; |css_phy_tx_top_wrapper|css_phy_tx_top:u_css_phy_tx_top|form_ppdu:u_form_ppdu|q_fifo[1465]                                                                                                                       ;
; 17:1               ; 2 bits    ; 22 LEs        ; 20 LEs               ; 2 LEs                  ; Yes        ; |css_phy_tx_top_wrapper|css_phy_tx_top:u_css_phy_tx_top|form_ppdu:u_form_ppdu|q_fifo[1464]                                                                                                                       ;
; 17:1               ; 2 bits    ; 22 LEs        ; 20 LEs               ; 2 LEs                  ; Yes        ; |css_phy_tx_top_wrapper|css_phy_tx_top:u_css_phy_tx_top|form_ppdu:u_form_ppdu|q_fifo[1463]                                                                                                                       ;
; 17:1               ; 2 bits    ; 22 LEs        ; 20 LEs               ; 2 LEs                  ; Yes        ; |css_phy_tx_top_wrapper|css_phy_tx_top:u_css_phy_tx_top|form_ppdu:u_form_ppdu|q_fifo[1462]                                                                                                                       ;
; 17:1               ; 2 bits    ; 22 LEs        ; 20 LEs               ; 2 LEs                  ; Yes        ; |css_phy_tx_top_wrapper|css_phy_tx_top:u_css_phy_tx_top|form_ppdu:u_form_ppdu|i_fifo[1461]                                                                                                                       ;
; 17:1               ; 2 bits    ; 22 LEs        ; 20 LEs               ; 2 LEs                  ; Yes        ; |css_phy_tx_top_wrapper|css_phy_tx_top:u_css_phy_tx_top|form_ppdu:u_form_ppdu|i_fifo[1460]                                                                                                                       ;
; 17:1               ; 2 bits    ; 22 LEs        ; 20 LEs               ; 2 LEs                  ; Yes        ; |css_phy_tx_top_wrapper|css_phy_tx_top:u_css_phy_tx_top|form_ppdu:u_form_ppdu|i_fifo[1459]                                                                                                                       ;
; 17:1               ; 2 bits    ; 22 LEs        ; 20 LEs               ; 2 LEs                  ; Yes        ; |css_phy_tx_top_wrapper|css_phy_tx_top:u_css_phy_tx_top|form_ppdu:u_form_ppdu|i_fifo[1458]                                                                                                                       ;
; 17:1               ; 2 bits    ; 22 LEs        ; 20 LEs               ; 2 LEs                  ; Yes        ; |css_phy_tx_top_wrapper|css_phy_tx_top:u_css_phy_tx_top|form_ppdu:u_form_ppdu|i_fifo[1457]                                                                                                                       ;
; 17:1               ; 2 bits    ; 22 LEs        ; 20 LEs               ; 2 LEs                  ; Yes        ; |css_phy_tx_top_wrapper|css_phy_tx_top:u_css_phy_tx_top|form_ppdu:u_form_ppdu|i_fifo[1456]                                                                                                                       ;
; 17:1               ; 2 bits    ; 22 LEs        ; 20 LEs               ; 2 LEs                  ; Yes        ; |css_phy_tx_top_wrapper|css_phy_tx_top:u_css_phy_tx_top|form_ppdu:u_form_ppdu|i_fifo[1455]                                                                                                                       ;
; 17:1               ; 2 bits    ; 22 LEs        ; 20 LEs               ; 2 LEs                  ; Yes        ; |css_phy_tx_top_wrapper|css_phy_tx_top:u_css_phy_tx_top|form_ppdu:u_form_ppdu|i_fifo[1454]                                                                                                                       ;
; 17:1               ; 2 bits    ; 22 LEs        ; 20 LEs               ; 2 LEs                  ; Yes        ; |css_phy_tx_top_wrapper|css_phy_tx_top:u_css_phy_tx_top|form_ppdu:u_form_ppdu|i_fifo[1453]                                                                                                                       ;
; 17:1               ; 2 bits    ; 22 LEs        ; 20 LEs               ; 2 LEs                  ; Yes        ; |css_phy_tx_top_wrapper|css_phy_tx_top:u_css_phy_tx_top|form_ppdu:u_form_ppdu|q_fifo[1452]                                                                                                                       ;
; 17:1               ; 2 bits    ; 22 LEs        ; 20 LEs               ; 2 LEs                  ; Yes        ; |css_phy_tx_top_wrapper|css_phy_tx_top:u_css_phy_tx_top|form_ppdu:u_form_ppdu|q_fifo[1451]                                                                                                                       ;
; 17:1               ; 2 bits    ; 22 LEs        ; 20 LEs               ; 2 LEs                  ; Yes        ; |css_phy_tx_top_wrapper|css_phy_tx_top:u_css_phy_tx_top|form_ppdu:u_form_ppdu|q_fifo[1450]                                                                                                                       ;
; 17:1               ; 2 bits    ; 22 LEs        ; 20 LEs               ; 2 LEs                  ; Yes        ; |css_phy_tx_top_wrapper|css_phy_tx_top:u_css_phy_tx_top|form_ppdu:u_form_ppdu|q_fifo[1449]                                                                                                                       ;
; 17:1               ; 2 bits    ; 22 LEs        ; 20 LEs               ; 2 LEs                  ; Yes        ; |css_phy_tx_top_wrapper|css_phy_tx_top:u_css_phy_tx_top|form_ppdu:u_form_ppdu|q_fifo[1448]                                                                                                                       ;
; 17:1               ; 2 bits    ; 22 LEs        ; 20 LEs               ; 2 LEs                  ; Yes        ; |css_phy_tx_top_wrapper|css_phy_tx_top:u_css_phy_tx_top|form_ppdu:u_form_ppdu|q_fifo[1447]                                                                                                                       ;
; 17:1               ; 2 bits    ; 22 LEs        ; 20 LEs               ; 2 LEs                  ; Yes        ; |css_phy_tx_top_wrapper|css_phy_tx_top:u_css_phy_tx_top|form_ppdu:u_form_ppdu|q_fifo[1446]                                                                                                                       ;
; 17:1               ; 2 bits    ; 22 LEs        ; 20 LEs               ; 2 LEs                  ; Yes        ; |css_phy_tx_top_wrapper|css_phy_tx_top:u_css_phy_tx_top|form_ppdu:u_form_ppdu|i_fifo[1445]                                                                                                                       ;
; 17:1               ; 2 bits    ; 22 LEs        ; 20 LEs               ; 2 LEs                  ; Yes        ; |css_phy_tx_top_wrapper|css_phy_tx_top:u_css_phy_tx_top|form_ppdu:u_form_ppdu|q_fifo[1444]                                                                                                                       ;
; 17:1               ; 2 bits    ; 22 LEs        ; 20 LEs               ; 2 LEs                  ; Yes        ; |css_phy_tx_top_wrapper|css_phy_tx_top:u_css_phy_tx_top|form_ppdu:u_form_ppdu|i_fifo[1443]                                                                                                                       ;
; 17:1               ; 2 bits    ; 22 LEs        ; 20 LEs               ; 2 LEs                  ; Yes        ; |css_phy_tx_top_wrapper|css_phy_tx_top:u_css_phy_tx_top|form_ppdu:u_form_ppdu|q_fifo[1442]                                                                                                                       ;
; 17:1               ; 2 bits    ; 22 LEs        ; 20 LEs               ; 2 LEs                  ; Yes        ; |css_phy_tx_top_wrapper|css_phy_tx_top:u_css_phy_tx_top|form_ppdu:u_form_ppdu|i_fifo[1441]                                                                                                                       ;
; 17:1               ; 2 bits    ; 22 LEs        ; 20 LEs               ; 2 LEs                  ; Yes        ; |css_phy_tx_top_wrapper|css_phy_tx_top:u_css_phy_tx_top|form_ppdu:u_form_ppdu|i_fifo[1440]                                                                                                                       ;
; 17:1               ; 2 bits    ; 22 LEs        ; 20 LEs               ; 2 LEs                  ; Yes        ; |css_phy_tx_top_wrapper|css_phy_tx_top:u_css_phy_tx_top|form_ppdu:u_form_ppdu|q_fifo[1439]                                                                                                                       ;
; 17:1               ; 2 bits    ; 22 LEs        ; 20 LEs               ; 2 LEs                  ; Yes        ; |css_phy_tx_top_wrapper|css_phy_tx_top:u_css_phy_tx_top|form_ppdu:u_form_ppdu|i_fifo[1438]                                                                                                                       ;
; 17:1               ; 2 bits    ; 22 LEs        ; 20 LEs               ; 2 LEs                  ; Yes        ; |css_phy_tx_top_wrapper|css_phy_tx_top:u_css_phy_tx_top|form_ppdu:u_form_ppdu|i_fifo[1437]                                                                                                                       ;
; 17:1               ; 2 bits    ; 22 LEs        ; 20 LEs               ; 2 LEs                  ; Yes        ; |css_phy_tx_top_wrapper|css_phy_tx_top:u_css_phy_tx_top|form_ppdu:u_form_ppdu|i_fifo[1436]                                                                                                                       ;
; 17:1               ; 2 bits    ; 22 LEs        ; 20 LEs               ; 2 LEs                  ; Yes        ; |css_phy_tx_top_wrapper|css_phy_tx_top:u_css_phy_tx_top|form_ppdu:u_form_ppdu|i_fifo[1435]                                                                                                                       ;
; 17:1               ; 2 bits    ; 22 LEs        ; 20 LEs               ; 2 LEs                  ; Yes        ; |css_phy_tx_top_wrapper|css_phy_tx_top:u_css_phy_tx_top|form_ppdu:u_form_ppdu|i_fifo[1434]                                                                                                                       ;
; 17:1               ; 2 bits    ; 22 LEs        ; 20 LEs               ; 2 LEs                  ; Yes        ; |css_phy_tx_top_wrapper|css_phy_tx_top:u_css_phy_tx_top|form_ppdu:u_form_ppdu|q_fifo[1433]                                                                                                                       ;
; 17:1               ; 2 bits    ; 22 LEs        ; 20 LEs               ; 2 LEs                  ; Yes        ; |css_phy_tx_top_wrapper|css_phy_tx_top:u_css_phy_tx_top|form_ppdu:u_form_ppdu|q_fifo[1432]                                                                                                                       ;
; 17:1               ; 2 bits    ; 22 LEs        ; 20 LEs               ; 2 LEs                  ; Yes        ; |css_phy_tx_top_wrapper|css_phy_tx_top:u_css_phy_tx_top|form_ppdu:u_form_ppdu|i_fifo[1431]                                                                                                                       ;
; 17:1               ; 2 bits    ; 22 LEs        ; 20 LEs               ; 2 LEs                  ; Yes        ; |css_phy_tx_top_wrapper|css_phy_tx_top:u_css_phy_tx_top|form_ppdu:u_form_ppdu|i_fifo[1430]                                                                                                                       ;
; 17:1               ; 2 bits    ; 22 LEs        ; 20 LEs               ; 2 LEs                  ; Yes        ; |css_phy_tx_top_wrapper|css_phy_tx_top:u_css_phy_tx_top|form_ppdu:u_form_ppdu|i_fifo[1429]                                                                                                                       ;
; 17:1               ; 2 bits    ; 22 LEs        ; 20 LEs               ; 2 LEs                  ; Yes        ; |css_phy_tx_top_wrapper|css_phy_tx_top:u_css_phy_tx_top|form_ppdu:u_form_ppdu|q_fifo[1428]                                                                                                                       ;
; 17:1               ; 2 bits    ; 22 LEs        ; 20 LEs               ; 2 LEs                  ; Yes        ; |css_phy_tx_top_wrapper|css_phy_tx_top:u_css_phy_tx_top|form_ppdu:u_form_ppdu|i_fifo[1427]                                                                                                                       ;
; 17:1               ; 2 bits    ; 22 LEs        ; 20 LEs               ; 2 LEs                  ; Yes        ; |css_phy_tx_top_wrapper|css_phy_tx_top:u_css_phy_tx_top|form_ppdu:u_form_ppdu|i_fifo[1426]                                                                                                                       ;
; 17:1               ; 2 bits    ; 22 LEs        ; 20 LEs               ; 2 LEs                  ; Yes        ; |css_phy_tx_top_wrapper|css_phy_tx_top:u_css_phy_tx_top|form_ppdu:u_form_ppdu|q_fifo[1425]                                                                                                                       ;
; 17:1               ; 2 bits    ; 22 LEs        ; 20 LEs               ; 2 LEs                  ; Yes        ; |css_phy_tx_top_wrapper|css_phy_tx_top:u_css_phy_tx_top|form_ppdu:u_form_ppdu|q_fifo[1424]                                                                                                                       ;
; 17:1               ; 2 bits    ; 22 LEs        ; 20 LEs               ; 2 LEs                  ; Yes        ; |css_phy_tx_top_wrapper|css_phy_tx_top:u_css_phy_tx_top|form_ppdu:u_form_ppdu|q_fifo[1423]                                                                                                                       ;
; 17:1               ; 2 bits    ; 22 LEs        ; 20 LEs               ; 2 LEs                  ; Yes        ; |css_phy_tx_top_wrapper|css_phy_tx_top:u_css_phy_tx_top|form_ppdu:u_form_ppdu|q_fifo[1422]                                                                                                                       ;
; 17:1               ; 2 bits    ; 22 LEs        ; 20 LEs               ; 2 LEs                  ; Yes        ; |css_phy_tx_top_wrapper|css_phy_tx_top:u_css_phy_tx_top|form_ppdu:u_form_ppdu|q_fifo[1421]                                                                                                                       ;
; 17:1               ; 2 bits    ; 22 LEs        ; 20 LEs               ; 2 LEs                  ; Yes        ; |css_phy_tx_top_wrapper|css_phy_tx_top:u_css_phy_tx_top|form_ppdu:u_form_ppdu|q_fifo[1420]                                                                                                                       ;
; 17:1               ; 2 bits    ; 22 LEs        ; 20 LEs               ; 2 LEs                  ; Yes        ; |css_phy_tx_top_wrapper|css_phy_tx_top:u_css_phy_tx_top|form_ppdu:u_form_ppdu|q_fifo[1419]                                                                                                                       ;
; 17:1               ; 2 bits    ; 22 LEs        ; 20 LEs               ; 2 LEs                  ; Yes        ; |css_phy_tx_top_wrapper|css_phy_tx_top:u_css_phy_tx_top|form_ppdu:u_form_ppdu|q_fifo[1418]                                                                                                                       ;
; 17:1               ; 2 bits    ; 22 LEs        ; 20 LEs               ; 2 LEs                  ; Yes        ; |css_phy_tx_top_wrapper|css_phy_tx_top:u_css_phy_tx_top|form_ppdu:u_form_ppdu|q_fifo[1417]                                                                                                                       ;
; 17:1               ; 2 bits    ; 22 LEs        ; 20 LEs               ; 2 LEs                  ; Yes        ; |css_phy_tx_top_wrapper|css_phy_tx_top:u_css_phy_tx_top|form_ppdu:u_form_ppdu|q_fifo[1416]                                                                                                                       ;
; 17:1               ; 2 bits    ; 22 LEs        ; 20 LEs               ; 2 LEs                  ; Yes        ; |css_phy_tx_top_wrapper|css_phy_tx_top:u_css_phy_tx_top|form_ppdu:u_form_ppdu|q_fifo[1415]                                                                                                                       ;
; 17:1               ; 2 bits    ; 22 LEs        ; 20 LEs               ; 2 LEs                  ; Yes        ; |css_phy_tx_top_wrapper|css_phy_tx_top:u_css_phy_tx_top|form_ppdu:u_form_ppdu|q_fifo[1414]                                                                                                                       ;
; 17:1               ; 2 bits    ; 22 LEs        ; 20 LEs               ; 2 LEs                  ; Yes        ; |css_phy_tx_top_wrapper|css_phy_tx_top:u_css_phy_tx_top|form_ppdu:u_form_ppdu|q_fifo[1413]                                                                                                                       ;
; 17:1               ; 2 bits    ; 22 LEs        ; 20 LEs               ; 2 LEs                  ; Yes        ; |css_phy_tx_top_wrapper|css_phy_tx_top:u_css_phy_tx_top|form_ppdu:u_form_ppdu|q_fifo[1412]                                                                                                                       ;
; 17:1               ; 2 bits    ; 22 LEs        ; 20 LEs               ; 2 LEs                  ; Yes        ; |css_phy_tx_top_wrapper|css_phy_tx_top:u_css_phy_tx_top|form_ppdu:u_form_ppdu|q_fifo[1411]                                                                                                                       ;
; 17:1               ; 2 bits    ; 22 LEs        ; 20 LEs               ; 2 LEs                  ; Yes        ; |css_phy_tx_top_wrapper|css_phy_tx_top:u_css_phy_tx_top|form_ppdu:u_form_ppdu|i_fifo[1410]                                                                                                                       ;
; 17:1               ; 2 bits    ; 22 LEs        ; 20 LEs               ; 2 LEs                  ; Yes        ; |css_phy_tx_top_wrapper|css_phy_tx_top:u_css_phy_tx_top|form_ppdu:u_form_ppdu|i_fifo[1409]                                                                                                                       ;
; 17:1               ; 2 bits    ; 22 LEs        ; 20 LEs               ; 2 LEs                  ; Yes        ; |css_phy_tx_top_wrapper|css_phy_tx_top:u_css_phy_tx_top|form_ppdu:u_form_ppdu|i_fifo[1408]                                                                                                                       ;
; 17:1               ; 2 bits    ; 22 LEs        ; 20 LEs               ; 2 LEs                  ; Yes        ; |css_phy_tx_top_wrapper|css_phy_tx_top:u_css_phy_tx_top|form_ppdu:u_form_ppdu|q_fifo[1407]                                                                                                                       ;
; 17:1               ; 2 bits    ; 22 LEs        ; 20 LEs               ; 2 LEs                  ; Yes        ; |css_phy_tx_top_wrapper|css_phy_tx_top:u_css_phy_tx_top|form_ppdu:u_form_ppdu|q_fifo[1406]                                                                                                                       ;
; 17:1               ; 2 bits    ; 22 LEs        ; 20 LEs               ; 2 LEs                  ; Yes        ; |css_phy_tx_top_wrapper|css_phy_tx_top:u_css_phy_tx_top|form_ppdu:u_form_ppdu|q_fifo[1405]                                                                                                                       ;
; 17:1               ; 2 bits    ; 22 LEs        ; 20 LEs               ; 2 LEs                  ; Yes        ; |css_phy_tx_top_wrapper|css_phy_tx_top:u_css_phy_tx_top|form_ppdu:u_form_ppdu|q_fifo[1404]                                                                                                                       ;
; 17:1               ; 2 bits    ; 22 LEs        ; 20 LEs               ; 2 LEs                  ; Yes        ; |css_phy_tx_top_wrapper|css_phy_tx_top:u_css_phy_tx_top|form_ppdu:u_form_ppdu|q_fifo[1403]                                                                                                                       ;
; 17:1               ; 2 bits    ; 22 LEs        ; 20 LEs               ; 2 LEs                  ; Yes        ; |css_phy_tx_top_wrapper|css_phy_tx_top:u_css_phy_tx_top|form_ppdu:u_form_ppdu|q_fifo[1402]                                                                                                                       ;
; 17:1               ; 2 bits    ; 22 LEs        ; 20 LEs               ; 2 LEs                  ; Yes        ; |css_phy_tx_top_wrapper|css_phy_tx_top:u_css_phy_tx_top|form_ppdu:u_form_ppdu|q_fifo[1401]                                                                                                                       ;
; 17:1               ; 2 bits    ; 22 LEs        ; 20 LEs               ; 2 LEs                  ; Yes        ; |css_phy_tx_top_wrapper|css_phy_tx_top:u_css_phy_tx_top|form_ppdu:u_form_ppdu|q_fifo[1400]                                                                                                                       ;
; 17:1               ; 2 bits    ; 22 LEs        ; 20 LEs               ; 2 LEs                  ; Yes        ; |css_phy_tx_top_wrapper|css_phy_tx_top:u_css_phy_tx_top|form_ppdu:u_form_ppdu|q_fifo[1399]                                                                                                                       ;
; 17:1               ; 2 bits    ; 22 LEs        ; 20 LEs               ; 2 LEs                  ; Yes        ; |css_phy_tx_top_wrapper|css_phy_tx_top:u_css_phy_tx_top|form_ppdu:u_form_ppdu|q_fifo[1398]                                                                                                                       ;
; 17:1               ; 2 bits    ; 22 LEs        ; 20 LEs               ; 2 LEs                  ; Yes        ; |css_phy_tx_top_wrapper|css_phy_tx_top:u_css_phy_tx_top|form_ppdu:u_form_ppdu|q_fifo[1397]                                                                                                                       ;
; 17:1               ; 2 bits    ; 22 LEs        ; 20 LEs               ; 2 LEs                  ; Yes        ; |css_phy_tx_top_wrapper|css_phy_tx_top:u_css_phy_tx_top|form_ppdu:u_form_ppdu|q_fifo[1396]                                                                                                                       ;
; 17:1               ; 2 bits    ; 22 LEs        ; 20 LEs               ; 2 LEs                  ; Yes        ; |css_phy_tx_top_wrapper|css_phy_tx_top:u_css_phy_tx_top|form_ppdu:u_form_ppdu|q_fifo[1395]                                                                                                                       ;
; 17:1               ; 2 bits    ; 22 LEs        ; 20 LEs               ; 2 LEs                  ; Yes        ; |css_phy_tx_top_wrapper|css_phy_tx_top:u_css_phy_tx_top|form_ppdu:u_form_ppdu|q_fifo[1394]                                                                                                                       ;
; 17:1               ; 2 bits    ; 22 LEs        ; 20 LEs               ; 2 LEs                  ; Yes        ; |css_phy_tx_top_wrapper|css_phy_tx_top:u_css_phy_tx_top|form_ppdu:u_form_ppdu|q_fifo[1393]                                                                                                                       ;
; 17:1               ; 2 bits    ; 22 LEs        ; 20 LEs               ; 2 LEs                  ; Yes        ; |css_phy_tx_top_wrapper|css_phy_tx_top:u_css_phy_tx_top|form_ppdu:u_form_ppdu|q_fifo[1392]                                                                                                                       ;
; 17:1               ; 2 bits    ; 22 LEs        ; 20 LEs               ; 2 LEs                  ; Yes        ; |css_phy_tx_top_wrapper|css_phy_tx_top:u_css_phy_tx_top|form_ppdu:u_form_ppdu|q_fifo[1391]                                                                                                                       ;
; 17:1               ; 2 bits    ; 22 LEs        ; 20 LEs               ; 2 LEs                  ; Yes        ; |css_phy_tx_top_wrapper|css_phy_tx_top:u_css_phy_tx_top|form_ppdu:u_form_ppdu|q_fifo[1390]                                                                                                                       ;
; 17:1               ; 2 bits    ; 22 LEs        ; 20 LEs               ; 2 LEs                  ; Yes        ; |css_phy_tx_top_wrapper|css_phy_tx_top:u_css_phy_tx_top|form_ppdu:u_form_ppdu|q_fifo[1389]                                                                                                                       ;
; 17:1               ; 2 bits    ; 22 LEs        ; 20 LEs               ; 2 LEs                  ; Yes        ; |css_phy_tx_top_wrapper|css_phy_tx_top:u_css_phy_tx_top|form_ppdu:u_form_ppdu|q_fifo[1388]                                                                                                                       ;
; 17:1               ; 2 bits    ; 22 LEs        ; 20 LEs               ; 2 LEs                  ; Yes        ; |css_phy_tx_top_wrapper|css_phy_tx_top:u_css_phy_tx_top|form_ppdu:u_form_ppdu|q_fifo[1387]                                                                                                                       ;
; 17:1               ; 2 bits    ; 22 LEs        ; 20 LEs               ; 2 LEs                  ; Yes        ; |css_phy_tx_top_wrapper|css_phy_tx_top:u_css_phy_tx_top|form_ppdu:u_form_ppdu|q_fifo[1386]                                                                                                                       ;
; 17:1               ; 2 bits    ; 22 LEs        ; 20 LEs               ; 2 LEs                  ; Yes        ; |css_phy_tx_top_wrapper|css_phy_tx_top:u_css_phy_tx_top|form_ppdu:u_form_ppdu|q_fifo[1385]                                                                                                                       ;
; 17:1               ; 2 bits    ; 22 LEs        ; 20 LEs               ; 2 LEs                  ; Yes        ; |css_phy_tx_top_wrapper|css_phy_tx_top:u_css_phy_tx_top|form_ppdu:u_form_ppdu|q_fifo[1384]                                                                                                                       ;
; 17:1               ; 2 bits    ; 22 LEs        ; 20 LEs               ; 2 LEs                  ; Yes        ; |css_phy_tx_top_wrapper|css_phy_tx_top:u_css_phy_tx_top|form_ppdu:u_form_ppdu|q_fifo[1383]                                                                                                                       ;
; 17:1               ; 2 bits    ; 22 LEs        ; 20 LEs               ; 2 LEs                  ; Yes        ; |css_phy_tx_top_wrapper|css_phy_tx_top:u_css_phy_tx_top|form_ppdu:u_form_ppdu|q_fifo[1382]                                                                                                                       ;
; 17:1               ; 2 bits    ; 22 LEs        ; 20 LEs               ; 2 LEs                  ; Yes        ; |css_phy_tx_top_wrapper|css_phy_tx_top:u_css_phy_tx_top|form_ppdu:u_form_ppdu|q_fifo[1381]                                                                                                                       ;
; 17:1               ; 2 bits    ; 22 LEs        ; 20 LEs               ; 2 LEs                  ; Yes        ; |css_phy_tx_top_wrapper|css_phy_tx_top:u_css_phy_tx_top|form_ppdu:u_form_ppdu|q_fifo[1380]                                                                                                                       ;
; 17:1               ; 2 bits    ; 22 LEs        ; 20 LEs               ; 2 LEs                  ; Yes        ; |css_phy_tx_top_wrapper|css_phy_tx_top:u_css_phy_tx_top|form_ppdu:u_form_ppdu|q_fifo[1379]                                                                                                                       ;
; 17:1               ; 2 bits    ; 22 LEs        ; 20 LEs               ; 2 LEs                  ; Yes        ; |css_phy_tx_top_wrapper|css_phy_tx_top:u_css_phy_tx_top|form_ppdu:u_form_ppdu|q_fifo[1378]                                                                                                                       ;
; 17:1               ; 2 bits    ; 22 LEs        ; 20 LEs               ; 2 LEs                  ; Yes        ; |css_phy_tx_top_wrapper|css_phy_tx_top:u_css_phy_tx_top|form_ppdu:u_form_ppdu|q_fifo[1377]                                                                                                                       ;
; 17:1               ; 2 bits    ; 22 LEs        ; 20 LEs               ; 2 LEs                  ; Yes        ; |css_phy_tx_top_wrapper|css_phy_tx_top:u_css_phy_tx_top|form_ppdu:u_form_ppdu|q_fifo[1376]                                                                                                                       ;
; 17:1               ; 2 bits    ; 22 LEs        ; 20 LEs               ; 2 LEs                  ; Yes        ; |css_phy_tx_top_wrapper|css_phy_tx_top:u_css_phy_tx_top|form_ppdu:u_form_ppdu|q_fifo[1375]                                                                                                                       ;
; 17:1               ; 2 bits    ; 22 LEs        ; 20 LEs               ; 2 LEs                  ; Yes        ; |css_phy_tx_top_wrapper|css_phy_tx_top:u_css_phy_tx_top|form_ppdu:u_form_ppdu|q_fifo[1374]                                                                                                                       ;
; 17:1               ; 2 bits    ; 22 LEs        ; 20 LEs               ; 2 LEs                  ; Yes        ; |css_phy_tx_top_wrapper|css_phy_tx_top:u_css_phy_tx_top|form_ppdu:u_form_ppdu|q_fifo[1373]                                                                                                                       ;
; 17:1               ; 2 bits    ; 22 LEs        ; 20 LEs               ; 2 LEs                  ; Yes        ; |css_phy_tx_top_wrapper|css_phy_tx_top:u_css_phy_tx_top|form_ppdu:u_form_ppdu|q_fifo[1372]                                                                                                                       ;
; 17:1               ; 2 bits    ; 22 LEs        ; 20 LEs               ; 2 LEs                  ; Yes        ; |css_phy_tx_top_wrapper|css_phy_tx_top:u_css_phy_tx_top|form_ppdu:u_form_ppdu|q_fifo[1371]                                                                                                                       ;
; 17:1               ; 2 bits    ; 22 LEs        ; 20 LEs               ; 2 LEs                  ; Yes        ; |css_phy_tx_top_wrapper|css_phy_tx_top:u_css_phy_tx_top|form_ppdu:u_form_ppdu|q_fifo[1370]                                                                                                                       ;
; 17:1               ; 2 bits    ; 22 LEs        ; 20 LEs               ; 2 LEs                  ; Yes        ; |css_phy_tx_top_wrapper|css_phy_tx_top:u_css_phy_tx_top|form_ppdu:u_form_ppdu|q_fifo[1369]                                                                                                                       ;
; 17:1               ; 2 bits    ; 22 LEs        ; 20 LEs               ; 2 LEs                  ; Yes        ; |css_phy_tx_top_wrapper|css_phy_tx_top:u_css_phy_tx_top|form_ppdu:u_form_ppdu|q_fifo[1368]                                                                                                                       ;
; 17:1               ; 2 bits    ; 22 LEs        ; 20 LEs               ; 2 LEs                  ; Yes        ; |css_phy_tx_top_wrapper|css_phy_tx_top:u_css_phy_tx_top|form_ppdu:u_form_ppdu|q_fifo[1367]                                                                                                                       ;
; 17:1               ; 2 bits    ; 22 LEs        ; 20 LEs               ; 2 LEs                  ; Yes        ; |css_phy_tx_top_wrapper|css_phy_tx_top:u_css_phy_tx_top|form_ppdu:u_form_ppdu|q_fifo[1366]                                                                                                                       ;
; 17:1               ; 2 bits    ; 22 LEs        ; 20 LEs               ; 2 LEs                  ; Yes        ; |css_phy_tx_top_wrapper|css_phy_tx_top:u_css_phy_tx_top|form_ppdu:u_form_ppdu|q_fifo[1365]                                                                                                                       ;
; 17:1               ; 2 bits    ; 22 LEs        ; 20 LEs               ; 2 LEs                  ; Yes        ; |css_phy_tx_top_wrapper|css_phy_tx_top:u_css_phy_tx_top|form_ppdu:u_form_ppdu|q_fifo[1364]                                                                                                                       ;
; 17:1               ; 2 bits    ; 22 LEs        ; 20 LEs               ; 2 LEs                  ; Yes        ; |css_phy_tx_top_wrapper|css_phy_tx_top:u_css_phy_tx_top|form_ppdu:u_form_ppdu|q_fifo[1363]                                                                                                                       ;
; 17:1               ; 2 bits    ; 22 LEs        ; 20 LEs               ; 2 LEs                  ; Yes        ; |css_phy_tx_top_wrapper|css_phy_tx_top:u_css_phy_tx_top|form_ppdu:u_form_ppdu|q_fifo[1362]                                                                                                                       ;
; 17:1               ; 2 bits    ; 22 LEs        ; 20 LEs               ; 2 LEs                  ; Yes        ; |css_phy_tx_top_wrapper|css_phy_tx_top:u_css_phy_tx_top|form_ppdu:u_form_ppdu|q_fifo[1361]                                                                                                                       ;
; 17:1               ; 2 bits    ; 22 LEs        ; 20 LEs               ; 2 LEs                  ; Yes        ; |css_phy_tx_top_wrapper|css_phy_tx_top:u_css_phy_tx_top|form_ppdu:u_form_ppdu|q_fifo[1360]                                                                                                                       ;
; 17:1               ; 2 bits    ; 22 LEs        ; 20 LEs               ; 2 LEs                  ; Yes        ; |css_phy_tx_top_wrapper|css_phy_tx_top:u_css_phy_tx_top|form_ppdu:u_form_ppdu|q_fifo[1359]                                                                                                                       ;
; 17:1               ; 2 bits    ; 22 LEs        ; 20 LEs               ; 2 LEs                  ; Yes        ; |css_phy_tx_top_wrapper|css_phy_tx_top:u_css_phy_tx_top|form_ppdu:u_form_ppdu|q_fifo[1358]                                                                                                                       ;
; 17:1               ; 2 bits    ; 22 LEs        ; 20 LEs               ; 2 LEs                  ; Yes        ; |css_phy_tx_top_wrapper|css_phy_tx_top:u_css_phy_tx_top|form_ppdu:u_form_ppdu|q_fifo[1357]                                                                                                                       ;
; 17:1               ; 2 bits    ; 22 LEs        ; 20 LEs               ; 2 LEs                  ; Yes        ; |css_phy_tx_top_wrapper|css_phy_tx_top:u_css_phy_tx_top|form_ppdu:u_form_ppdu|q_fifo[1356]                                                                                                                       ;
; 17:1               ; 2 bits    ; 22 LEs        ; 20 LEs               ; 2 LEs                  ; Yes        ; |css_phy_tx_top_wrapper|css_phy_tx_top:u_css_phy_tx_top|form_ppdu:u_form_ppdu|q_fifo[1355]                                                                                                                       ;
; 17:1               ; 2 bits    ; 22 LEs        ; 20 LEs               ; 2 LEs                  ; Yes        ; |css_phy_tx_top_wrapper|css_phy_tx_top:u_css_phy_tx_top|form_ppdu:u_form_ppdu|q_fifo[1354]                                                                                                                       ;
; 17:1               ; 2 bits    ; 22 LEs        ; 20 LEs               ; 2 LEs                  ; Yes        ; |css_phy_tx_top_wrapper|css_phy_tx_top:u_css_phy_tx_top|form_ppdu:u_form_ppdu|q_fifo[1353]                                                                                                                       ;
; 17:1               ; 2 bits    ; 22 LEs        ; 20 LEs               ; 2 LEs                  ; Yes        ; |css_phy_tx_top_wrapper|css_phy_tx_top:u_css_phy_tx_top|form_ppdu:u_form_ppdu|i_fifo[1352]                                                                                                                       ;
; 17:1               ; 2 bits    ; 22 LEs        ; 20 LEs               ; 2 LEs                  ; Yes        ; |css_phy_tx_top_wrapper|css_phy_tx_top:u_css_phy_tx_top|form_ppdu:u_form_ppdu|i_fifo[1351]                                                                                                                       ;
; 17:1               ; 2 bits    ; 22 LEs        ; 20 LEs               ; 2 LEs                  ; Yes        ; |css_phy_tx_top_wrapper|css_phy_tx_top:u_css_phy_tx_top|form_ppdu:u_form_ppdu|i_fifo[1350]                                                                                                                       ;
; 17:1               ; 2 bits    ; 22 LEs        ; 20 LEs               ; 2 LEs                  ; Yes        ; |css_phy_tx_top_wrapper|css_phy_tx_top:u_css_phy_tx_top|form_ppdu:u_form_ppdu|i_fifo[1349]                                                                                                                       ;
; 17:1               ; 2 bits    ; 22 LEs        ; 20 LEs               ; 2 LEs                  ; Yes        ; |css_phy_tx_top_wrapper|css_phy_tx_top:u_css_phy_tx_top|form_ppdu:u_form_ppdu|i_fifo[1348]                                                                                                                       ;
; 17:1               ; 2 bits    ; 22 LEs        ; 20 LEs               ; 2 LEs                  ; Yes        ; |css_phy_tx_top_wrapper|css_phy_tx_top:u_css_phy_tx_top|form_ppdu:u_form_ppdu|i_fifo[1347]                                                                                                                       ;
; 17:1               ; 2 bits    ; 22 LEs        ; 20 LEs               ; 2 LEs                  ; Yes        ; |css_phy_tx_top_wrapper|css_phy_tx_top:u_css_phy_tx_top|form_ppdu:u_form_ppdu|q_fifo[1346]                                                                                                                       ;
; 17:1               ; 2 bits    ; 22 LEs        ; 20 LEs               ; 2 LEs                  ; Yes        ; |css_phy_tx_top_wrapper|css_phy_tx_top:u_css_phy_tx_top|form_ppdu:u_form_ppdu|q_fifo[1345]                                                                                                                       ;
; 17:1               ; 2 bits    ; 22 LEs        ; 20 LEs               ; 2 LEs                  ; Yes        ; |css_phy_tx_top_wrapper|css_phy_tx_top:u_css_phy_tx_top|form_ppdu:u_form_ppdu|i_fifo[1344]                                                                                                                       ;
; 17:1               ; 2 bits    ; 22 LEs        ; 20 LEs               ; 2 LEs                  ; Yes        ; |css_phy_tx_top_wrapper|css_phy_tx_top:u_css_phy_tx_top|form_ppdu:u_form_ppdu|q_fifo[1343]                                                                                                                       ;
; 17:1               ; 2 bits    ; 22 LEs        ; 20 LEs               ; 2 LEs                  ; Yes        ; |css_phy_tx_top_wrapper|css_phy_tx_top:u_css_phy_tx_top|form_ppdu:u_form_ppdu|q_fifo[1342]                                                                                                                       ;
; 17:1               ; 2 bits    ; 22 LEs        ; 20 LEs               ; 2 LEs                  ; Yes        ; |css_phy_tx_top_wrapper|css_phy_tx_top:u_css_phy_tx_top|form_ppdu:u_form_ppdu|q_fifo[1341]                                                                                                                       ;
; 17:1               ; 2 bits    ; 22 LEs        ; 20 LEs               ; 2 LEs                  ; Yes        ; |css_phy_tx_top_wrapper|css_phy_tx_top:u_css_phy_tx_top|form_ppdu:u_form_ppdu|q_fifo[1340]                                                                                                                       ;
; 17:1               ; 2 bits    ; 22 LEs        ; 20 LEs               ; 2 LEs                  ; Yes        ; |css_phy_tx_top_wrapper|css_phy_tx_top:u_css_phy_tx_top|form_ppdu:u_form_ppdu|q_fifo[1339]                                                                                                                       ;
; 17:1               ; 2 bits    ; 22 LEs        ; 20 LEs               ; 2 LEs                  ; Yes        ; |css_phy_tx_top_wrapper|css_phy_tx_top:u_css_phy_tx_top|form_ppdu:u_form_ppdu|q_fifo[1338]                                                                                                                       ;
; 17:1               ; 2 bits    ; 22 LEs        ; 20 LEs               ; 2 LEs                  ; Yes        ; |css_phy_tx_top_wrapper|css_phy_tx_top:u_css_phy_tx_top|form_ppdu:u_form_ppdu|q_fifo[1337]                                                                                                                       ;
; 17:1               ; 2 bits    ; 22 LEs        ; 20 LEs               ; 2 LEs                  ; Yes        ; |css_phy_tx_top_wrapper|css_phy_tx_top:u_css_phy_tx_top|form_ppdu:u_form_ppdu|q_fifo[1336]                                                                                                                       ;
; 17:1               ; 2 bits    ; 22 LEs        ; 20 LEs               ; 2 LEs                  ; Yes        ; |css_phy_tx_top_wrapper|css_phy_tx_top:u_css_phy_tx_top|form_ppdu:u_form_ppdu|i_fifo[1335]                                                                                                                       ;
; 17:1               ; 2 bits    ; 22 LEs        ; 20 LEs               ; 2 LEs                  ; Yes        ; |css_phy_tx_top_wrapper|css_phy_tx_top:u_css_phy_tx_top|form_ppdu:u_form_ppdu|i_fifo[1334]                                                                                                                       ;
; 17:1               ; 2 bits    ; 22 LEs        ; 20 LEs               ; 2 LEs                  ; Yes        ; |css_phy_tx_top_wrapper|css_phy_tx_top:u_css_phy_tx_top|form_ppdu:u_form_ppdu|q_fifo[1333]                                                                                                                       ;
; 17:1               ; 2 bits    ; 22 LEs        ; 20 LEs               ; 2 LEs                  ; Yes        ; |css_phy_tx_top_wrapper|css_phy_tx_top:u_css_phy_tx_top|form_ppdu:u_form_ppdu|q_fifo[1332]                                                                                                                       ;
; 17:1               ; 2 bits    ; 22 LEs        ; 20 LEs               ; 2 LEs                  ; Yes        ; |css_phy_tx_top_wrapper|css_phy_tx_top:u_css_phy_tx_top|form_ppdu:u_form_ppdu|q_fifo[1331]                                                                                                                       ;
; 17:1               ; 2 bits    ; 22 LEs        ; 20 LEs               ; 2 LEs                  ; Yes        ; |css_phy_tx_top_wrapper|css_phy_tx_top:u_css_phy_tx_top|form_ppdu:u_form_ppdu|q_fifo[1330]                                                                                                                       ;
; 17:1               ; 2 bits    ; 22 LEs        ; 20 LEs               ; 2 LEs                  ; Yes        ; |css_phy_tx_top_wrapper|css_phy_tx_top:u_css_phy_tx_top|form_ppdu:u_form_ppdu|q_fifo[1329]                                                                                                                       ;
; 17:1               ; 2 bits    ; 22 LEs        ; 20 LEs               ; 2 LEs                  ; Yes        ; |css_phy_tx_top_wrapper|css_phy_tx_top:u_css_phy_tx_top|form_ppdu:u_form_ppdu|q_fifo[1328]                                                                                                                       ;
; 17:1               ; 2 bits    ; 22 LEs        ; 20 LEs               ; 2 LEs                  ; Yes        ; |css_phy_tx_top_wrapper|css_phy_tx_top:u_css_phy_tx_top|form_ppdu:u_form_ppdu|q_fifo[1327]                                                                                                                       ;
; 17:1               ; 2 bits    ; 22 LEs        ; 20 LEs               ; 2 LEs                  ; Yes        ; |css_phy_tx_top_wrapper|css_phy_tx_top:u_css_phy_tx_top|form_ppdu:u_form_ppdu|q_fifo[1326]                                                                                                                       ;
; 17:1               ; 2 bits    ; 22 LEs        ; 20 LEs               ; 2 LEs                  ; Yes        ; |css_phy_tx_top_wrapper|css_phy_tx_top:u_css_phy_tx_top|form_ppdu:u_form_ppdu|q_fifo[1325]                                                                                                                       ;
; 17:1               ; 2 bits    ; 22 LEs        ; 20 LEs               ; 2 LEs                  ; Yes        ; |css_phy_tx_top_wrapper|css_phy_tx_top:u_css_phy_tx_top|form_ppdu:u_form_ppdu|q_fifo[1324]                                                                                                                       ;
; 17:1               ; 2 bits    ; 22 LEs        ; 20 LEs               ; 2 LEs                  ; Yes        ; |css_phy_tx_top_wrapper|css_phy_tx_top:u_css_phy_tx_top|form_ppdu:u_form_ppdu|q_fifo[1323]                                                                                                                       ;
; 17:1               ; 2 bits    ; 22 LEs        ; 20 LEs               ; 2 LEs                  ; Yes        ; |css_phy_tx_top_wrapper|css_phy_tx_top:u_css_phy_tx_top|form_ppdu:u_form_ppdu|q_fifo[1322]                                                                                                                       ;
; 17:1               ; 2 bits    ; 22 LEs        ; 20 LEs               ; 2 LEs                  ; Yes        ; |css_phy_tx_top_wrapper|css_phy_tx_top:u_css_phy_tx_top|form_ppdu:u_form_ppdu|q_fifo[1321]                                                                                                                       ;
; 17:1               ; 2 bits    ; 22 LEs        ; 20 LEs               ; 2 LEs                  ; Yes        ; |css_phy_tx_top_wrapper|css_phy_tx_top:u_css_phy_tx_top|form_ppdu:u_form_ppdu|q_fifo[1320]                                                                                                                       ;
; 17:1               ; 2 bits    ; 22 LEs        ; 20 LEs               ; 2 LEs                  ; Yes        ; |css_phy_tx_top_wrapper|css_phy_tx_top:u_css_phy_tx_top|form_ppdu:u_form_ppdu|q_fifo[1319]                                                                                                                       ;
; 17:1               ; 2 bits    ; 22 LEs        ; 20 LEs               ; 2 LEs                  ; Yes        ; |css_phy_tx_top_wrapper|css_phy_tx_top:u_css_phy_tx_top|form_ppdu:u_form_ppdu|q_fifo[1318]                                                                                                                       ;
; 17:1               ; 2 bits    ; 22 LEs        ; 20 LEs               ; 2 LEs                  ; Yes        ; |css_phy_tx_top_wrapper|css_phy_tx_top:u_css_phy_tx_top|form_ppdu:u_form_ppdu|q_fifo[1317]                                                                                                                       ;
; 17:1               ; 2 bits    ; 22 LEs        ; 20 LEs               ; 2 LEs                  ; Yes        ; |css_phy_tx_top_wrapper|css_phy_tx_top:u_css_phy_tx_top|form_ppdu:u_form_ppdu|q_fifo[1316]                                                                                                                       ;
; 17:1               ; 2 bits    ; 22 LEs        ; 20 LEs               ; 2 LEs                  ; Yes        ; |css_phy_tx_top_wrapper|css_phy_tx_top:u_css_phy_tx_top|form_ppdu:u_form_ppdu|q_fifo[1315]                                                                                                                       ;
; 17:1               ; 2 bits    ; 22 LEs        ; 20 LEs               ; 2 LEs                  ; Yes        ; |css_phy_tx_top_wrapper|css_phy_tx_top:u_css_phy_tx_top|form_ppdu:u_form_ppdu|q_fifo[1314]                                                                                                                       ;
; 17:1               ; 2 bits    ; 22 LEs        ; 20 LEs               ; 2 LEs                  ; Yes        ; |css_phy_tx_top_wrapper|css_phy_tx_top:u_css_phy_tx_top|form_ppdu:u_form_ppdu|q_fifo[1313]                                                                                                                       ;
; 17:1               ; 2 bits    ; 22 LEs        ; 20 LEs               ; 2 LEs                  ; Yes        ; |css_phy_tx_top_wrapper|css_phy_tx_top:u_css_phy_tx_top|form_ppdu:u_form_ppdu|q_fifo[1312]                                                                                                                       ;
; 17:1               ; 2 bits    ; 22 LEs        ; 20 LEs               ; 2 LEs                  ; Yes        ; |css_phy_tx_top_wrapper|css_phy_tx_top:u_css_phy_tx_top|form_ppdu:u_form_ppdu|i_fifo[1311]                                                                                                                       ;
; 17:1               ; 2 bits    ; 22 LEs        ; 20 LEs               ; 2 LEs                  ; Yes        ; |css_phy_tx_top_wrapper|css_phy_tx_top:u_css_phy_tx_top|form_ppdu:u_form_ppdu|i_fifo[1310]                                                                                                                       ;
; 17:1               ; 2 bits    ; 22 LEs        ; 20 LEs               ; 2 LEs                  ; Yes        ; |css_phy_tx_top_wrapper|css_phy_tx_top:u_css_phy_tx_top|form_ppdu:u_form_ppdu|i_fifo[1309]                                                                                                                       ;
; 17:1               ; 2 bits    ; 22 LEs        ; 20 LEs               ; 2 LEs                  ; Yes        ; |css_phy_tx_top_wrapper|css_phy_tx_top:u_css_phy_tx_top|form_ppdu:u_form_ppdu|i_fifo[1308]                                                                                                                       ;
; 17:1               ; 2 bits    ; 22 LEs        ; 20 LEs               ; 2 LEs                  ; Yes        ; |css_phy_tx_top_wrapper|css_phy_tx_top:u_css_phy_tx_top|form_ppdu:u_form_ppdu|i_fifo[1307]                                                                                                                       ;
; 17:1               ; 2 bits    ; 22 LEs        ; 20 LEs               ; 2 LEs                  ; Yes        ; |css_phy_tx_top_wrapper|css_phy_tx_top:u_css_phy_tx_top|form_ppdu:u_form_ppdu|i_fifo[1306]                                                                                                                       ;
; 17:1               ; 2 bits    ; 22 LEs        ; 20 LEs               ; 2 LEs                  ; Yes        ; |css_phy_tx_top_wrapper|css_phy_tx_top:u_css_phy_tx_top|form_ppdu:u_form_ppdu|q_fifo[1305]                                                                                                                       ;
; 17:1               ; 2 bits    ; 22 LEs        ; 20 LEs               ; 2 LEs                  ; Yes        ; |css_phy_tx_top_wrapper|css_phy_tx_top:u_css_phy_tx_top|form_ppdu:u_form_ppdu|q_fifo[1304]                                                                                                                       ;
; 17:1               ; 2 bits    ; 22 LEs        ; 20 LEs               ; 2 LEs                  ; Yes        ; |css_phy_tx_top_wrapper|css_phy_tx_top:u_css_phy_tx_top|form_ppdu:u_form_ppdu|q_fifo[1303]                                                                                                                       ;
; 17:1               ; 2 bits    ; 22 LEs        ; 20 LEs               ; 2 LEs                  ; Yes        ; |css_phy_tx_top_wrapper|css_phy_tx_top:u_css_phy_tx_top|form_ppdu:u_form_ppdu|i_fifo[1302]                                                                                                                       ;
; 17:1               ; 2 bits    ; 22 LEs        ; 20 LEs               ; 2 LEs                  ; Yes        ; |css_phy_tx_top_wrapper|css_phy_tx_top:u_css_phy_tx_top|form_ppdu:u_form_ppdu|i_fifo[1301]                                                                                                                       ;
; 17:1               ; 2 bits    ; 22 LEs        ; 20 LEs               ; 2 LEs                  ; Yes        ; |css_phy_tx_top_wrapper|css_phy_tx_top:u_css_phy_tx_top|form_ppdu:u_form_ppdu|i_fifo[1300]                                                                                                                       ;
; 17:1               ; 2 bits    ; 22 LEs        ; 20 LEs               ; 2 LEs                  ; Yes        ; |css_phy_tx_top_wrapper|css_phy_tx_top:u_css_phy_tx_top|form_ppdu:u_form_ppdu|i_fifo[1299]                                                                                                                       ;
; 17:1               ; 2 bits    ; 22 LEs        ; 20 LEs               ; 2 LEs                  ; Yes        ; |css_phy_tx_top_wrapper|css_phy_tx_top:u_css_phy_tx_top|form_ppdu:u_form_ppdu|i_fifo[1298]                                                                                                                       ;
; 17:1               ; 2 bits    ; 22 LEs        ; 20 LEs               ; 2 LEs                  ; Yes        ; |css_phy_tx_top_wrapper|css_phy_tx_top:u_css_phy_tx_top|form_ppdu:u_form_ppdu|i_fifo[1297]                                                                                                                       ;
; 17:1               ; 2 bits    ; 22 LEs        ; 20 LEs               ; 2 LEs                  ; Yes        ; |css_phy_tx_top_wrapper|css_phy_tx_top:u_css_phy_tx_top|form_ppdu:u_form_ppdu|i_fifo[1296]                                                                                                                       ;
; 17:1               ; 2 bits    ; 22 LEs        ; 20 LEs               ; 2 LEs                  ; Yes        ; |css_phy_tx_top_wrapper|css_phy_tx_top:u_css_phy_tx_top|form_ppdu:u_form_ppdu|i_fifo[1295]                                                                                                                       ;
; 17:1               ; 2 bits    ; 22 LEs        ; 20 LEs               ; 2 LEs                  ; Yes        ; |css_phy_tx_top_wrapper|css_phy_tx_top:u_css_phy_tx_top|form_ppdu:u_form_ppdu|i_fifo[1294]                                                                                                                       ;
; 17:1               ; 2 bits    ; 22 LEs        ; 20 LEs               ; 2 LEs                  ; Yes        ; |css_phy_tx_top_wrapper|css_phy_tx_top:u_css_phy_tx_top|form_ppdu:u_form_ppdu|i_fifo[1293]                                                                                                                       ;
; 17:1               ; 2 bits    ; 22 LEs        ; 20 LEs               ; 2 LEs                  ; Yes        ; |css_phy_tx_top_wrapper|css_phy_tx_top:u_css_phy_tx_top|form_ppdu:u_form_ppdu|i_fifo[1292]                                                                                                                       ;
; 17:1               ; 2 bits    ; 22 LEs        ; 20 LEs               ; 2 LEs                  ; Yes        ; |css_phy_tx_top_wrapper|css_phy_tx_top:u_css_phy_tx_top|form_ppdu:u_form_ppdu|q_fifo[1291]                                                                                                                       ;
; 17:1               ; 2 bits    ; 22 LEs        ; 20 LEs               ; 2 LEs                  ; Yes        ; |css_phy_tx_top_wrapper|css_phy_tx_top:u_css_phy_tx_top|form_ppdu:u_form_ppdu|q_fifo[1290]                                                                                                                       ;
; 17:1               ; 2 bits    ; 22 LEs        ; 20 LEs               ; 2 LEs                  ; Yes        ; |css_phy_tx_top_wrapper|css_phy_tx_top:u_css_phy_tx_top|form_ppdu:u_form_ppdu|q_fifo[1289]                                                                                                                       ;
; 17:1               ; 2 bits    ; 22 LEs        ; 20 LEs               ; 2 LEs                  ; Yes        ; |css_phy_tx_top_wrapper|css_phy_tx_top:u_css_phy_tx_top|form_ppdu:u_form_ppdu|q_fifo[1288]                                                                                                                       ;
; 17:1               ; 2 bits    ; 22 LEs        ; 20 LEs               ; 2 LEs                  ; Yes        ; |css_phy_tx_top_wrapper|css_phy_tx_top:u_css_phy_tx_top|form_ppdu:u_form_ppdu|q_fifo[1287]                                                                                                                       ;
; 17:1               ; 2 bits    ; 22 LEs        ; 20 LEs               ; 2 LEs                  ; Yes        ; |css_phy_tx_top_wrapper|css_phy_tx_top:u_css_phy_tx_top|form_ppdu:u_form_ppdu|q_fifo[1286]                                                                                                                       ;
; 17:1               ; 2 bits    ; 22 LEs        ; 20 LEs               ; 2 LEs                  ; Yes        ; |css_phy_tx_top_wrapper|css_phy_tx_top:u_css_phy_tx_top|form_ppdu:u_form_ppdu|q_fifo[1285]                                                                                                                       ;
; 17:1               ; 2 bits    ; 22 LEs        ; 20 LEs               ; 2 LEs                  ; Yes        ; |css_phy_tx_top_wrapper|css_phy_tx_top:u_css_phy_tx_top|form_ppdu:u_form_ppdu|q_fifo[1284]                                                                                                                       ;
; 17:1               ; 2 bits    ; 22 LEs        ; 20 LEs               ; 2 LEs                  ; Yes        ; |css_phy_tx_top_wrapper|css_phy_tx_top:u_css_phy_tx_top|form_ppdu:u_form_ppdu|q_fifo[1283]                                                                                                                       ;
; 17:1               ; 2 bits    ; 22 LEs        ; 20 LEs               ; 2 LEs                  ; Yes        ; |css_phy_tx_top_wrapper|css_phy_tx_top:u_css_phy_tx_top|form_ppdu:u_form_ppdu|q_fifo[1282]                                                                                                                       ;
; 17:1               ; 2 bits    ; 22 LEs        ; 20 LEs               ; 2 LEs                  ; Yes        ; |css_phy_tx_top_wrapper|css_phy_tx_top:u_css_phy_tx_top|form_ppdu:u_form_ppdu|q_fifo[1281]                                                                                                                       ;
; 17:1               ; 2 bits    ; 22 LEs        ; 20 LEs               ; 2 LEs                  ; Yes        ; |css_phy_tx_top_wrapper|css_phy_tx_top:u_css_phy_tx_top|form_ppdu:u_form_ppdu|q_fifo[1280]                                                                                                                       ;
; 17:1               ; 2 bits    ; 22 LEs        ; 20 LEs               ; 2 LEs                  ; Yes        ; |css_phy_tx_top_wrapper|css_phy_tx_top:u_css_phy_tx_top|form_ppdu:u_form_ppdu|q_fifo[1279]                                                                                                                       ;
; 17:1               ; 2 bits    ; 22 LEs        ; 20 LEs               ; 2 LEs                  ; Yes        ; |css_phy_tx_top_wrapper|css_phy_tx_top:u_css_phy_tx_top|form_ppdu:u_form_ppdu|q_fifo[1278]                                                                                                                       ;
; 17:1               ; 2 bits    ; 22 LEs        ; 20 LEs               ; 2 LEs                  ; Yes        ; |css_phy_tx_top_wrapper|css_phy_tx_top:u_css_phy_tx_top|form_ppdu:u_form_ppdu|q_fifo[1277]                                                                                                                       ;
; 17:1               ; 2 bits    ; 22 LEs        ; 20 LEs               ; 2 LEs                  ; Yes        ; |css_phy_tx_top_wrapper|css_phy_tx_top:u_css_phy_tx_top|form_ppdu:u_form_ppdu|q_fifo[1276]                                                                                                                       ;
; 17:1               ; 2 bits    ; 22 LEs        ; 20 LEs               ; 2 LEs                  ; Yes        ; |css_phy_tx_top_wrapper|css_phy_tx_top:u_css_phy_tx_top|form_ppdu:u_form_ppdu|q_fifo[1275]                                                                                                                       ;
; 17:1               ; 2 bits    ; 22 LEs        ; 20 LEs               ; 2 LEs                  ; Yes        ; |css_phy_tx_top_wrapper|css_phy_tx_top:u_css_phy_tx_top|form_ppdu:u_form_ppdu|q_fifo[1274]                                                                                                                       ;
; 17:1               ; 2 bits    ; 22 LEs        ; 20 LEs               ; 2 LEs                  ; Yes        ; |css_phy_tx_top_wrapper|css_phy_tx_top:u_css_phy_tx_top|form_ppdu:u_form_ppdu|q_fifo[1273]                                                                                                                       ;
; 17:1               ; 2 bits    ; 22 LEs        ; 20 LEs               ; 2 LEs                  ; Yes        ; |css_phy_tx_top_wrapper|css_phy_tx_top:u_css_phy_tx_top|form_ppdu:u_form_ppdu|q_fifo[1272]                                                                                                                       ;
; 17:1               ; 2 bits    ; 22 LEs        ; 20 LEs               ; 2 LEs                  ; Yes        ; |css_phy_tx_top_wrapper|css_phy_tx_top:u_css_phy_tx_top|form_ppdu:u_form_ppdu|q_fifo[1271]                                                                                                                       ;
; 17:1               ; 2 bits    ; 22 LEs        ; 20 LEs               ; 2 LEs                  ; Yes        ; |css_phy_tx_top_wrapper|css_phy_tx_top:u_css_phy_tx_top|form_ppdu:u_form_ppdu|q_fifo[1270]                                                                                                                       ;
; 17:1               ; 2 bits    ; 22 LEs        ; 20 LEs               ; 2 LEs                  ; Yes        ; |css_phy_tx_top_wrapper|css_phy_tx_top:u_css_phy_tx_top|form_ppdu:u_form_ppdu|q_fifo[1269]                                                                                                                       ;
; 17:1               ; 2 bits    ; 22 LEs        ; 20 LEs               ; 2 LEs                  ; Yes        ; |css_phy_tx_top_wrapper|css_phy_tx_top:u_css_phy_tx_top|form_ppdu:u_form_ppdu|q_fifo[1268]                                                                                                                       ;
; 17:1               ; 2 bits    ; 22 LEs        ; 20 LEs               ; 2 LEs                  ; Yes        ; |css_phy_tx_top_wrapper|css_phy_tx_top:u_css_phy_tx_top|form_ppdu:u_form_ppdu|q_fifo[1267]                                                                                                                       ;
; 17:1               ; 2 bits    ; 22 LEs        ; 20 LEs               ; 2 LEs                  ; Yes        ; |css_phy_tx_top_wrapper|css_phy_tx_top:u_css_phy_tx_top|form_ppdu:u_form_ppdu|q_fifo[1266]                                                                                                                       ;
; 17:1               ; 2 bits    ; 22 LEs        ; 20 LEs               ; 2 LEs                  ; Yes        ; |css_phy_tx_top_wrapper|css_phy_tx_top:u_css_phy_tx_top|form_ppdu:u_form_ppdu|q_fifo[1265]                                                                                                                       ;
; 17:1               ; 2 bits    ; 22 LEs        ; 20 LEs               ; 2 LEs                  ; Yes        ; |css_phy_tx_top_wrapper|css_phy_tx_top:u_css_phy_tx_top|form_ppdu:u_form_ppdu|q_fifo[1264]                                                                                                                       ;
; 17:1               ; 2 bits    ; 22 LEs        ; 20 LEs               ; 2 LEs                  ; Yes        ; |css_phy_tx_top_wrapper|css_phy_tx_top:u_css_phy_tx_top|form_ppdu:u_form_ppdu|q_fifo[1263]                                                                                                                       ;
; 17:1               ; 2 bits    ; 22 LEs        ; 20 LEs               ; 2 LEs                  ; Yes        ; |css_phy_tx_top_wrapper|css_phy_tx_top:u_css_phy_tx_top|form_ppdu:u_form_ppdu|i_fifo[1262]                                                                                                                       ;
; 17:1               ; 2 bits    ; 22 LEs        ; 20 LEs               ; 2 LEs                  ; Yes        ; |css_phy_tx_top_wrapper|css_phy_tx_top:u_css_phy_tx_top|form_ppdu:u_form_ppdu|i_fifo[1261]                                                                                                                       ;
; 17:1               ; 2 bits    ; 22 LEs        ; 20 LEs               ; 2 LEs                  ; Yes        ; |css_phy_tx_top_wrapper|css_phy_tx_top:u_css_phy_tx_top|form_ppdu:u_form_ppdu|i_fifo[1260]                                                                                                                       ;
; 17:1               ; 2 bits    ; 22 LEs        ; 20 LEs               ; 2 LEs                  ; Yes        ; |css_phy_tx_top_wrapper|css_phy_tx_top:u_css_phy_tx_top|form_ppdu:u_form_ppdu|i_fifo[1259]                                                                                                                       ;
; 17:1               ; 2 bits    ; 22 LEs        ; 20 LEs               ; 2 LEs                  ; Yes        ; |css_phy_tx_top_wrapper|css_phy_tx_top:u_css_phy_tx_top|form_ppdu:u_form_ppdu|i_fifo[1258]                                                                                                                       ;
; 17:1               ; 2 bits    ; 22 LEs        ; 20 LEs               ; 2 LEs                  ; Yes        ; |css_phy_tx_top_wrapper|css_phy_tx_top:u_css_phy_tx_top|form_ppdu:u_form_ppdu|q_fifo[1257]                                                                                                                       ;
; 17:1               ; 2 bits    ; 22 LEs        ; 20 LEs               ; 2 LEs                  ; Yes        ; |css_phy_tx_top_wrapper|css_phy_tx_top:u_css_phy_tx_top|form_ppdu:u_form_ppdu|i_fifo[1256]                                                                                                                       ;
; 17:1               ; 2 bits    ; 22 LEs        ; 20 LEs               ; 2 LEs                  ; Yes        ; |css_phy_tx_top_wrapper|css_phy_tx_top:u_css_phy_tx_top|form_ppdu:u_form_ppdu|i_fifo[1255]                                                                                                                       ;
; 17:1               ; 2 bits    ; 22 LEs        ; 20 LEs               ; 2 LEs                  ; Yes        ; |css_phy_tx_top_wrapper|css_phy_tx_top:u_css_phy_tx_top|form_ppdu:u_form_ppdu|i_fifo[1254]                                                                                                                       ;
; 17:1               ; 2 bits    ; 22 LEs        ; 20 LEs               ; 2 LEs                  ; Yes        ; |css_phy_tx_top_wrapper|css_phy_tx_top:u_css_phy_tx_top|form_ppdu:u_form_ppdu|q_fifo[1253]                                                                                                                       ;
; 17:1               ; 2 bits    ; 22 LEs        ; 20 LEs               ; 2 LEs                  ; Yes        ; |css_phy_tx_top_wrapper|css_phy_tx_top:u_css_phy_tx_top|form_ppdu:u_form_ppdu|q_fifo[1252]                                                                                                                       ;
; 17:1               ; 2 bits    ; 22 LEs        ; 20 LEs               ; 2 LEs                  ; Yes        ; |css_phy_tx_top_wrapper|css_phy_tx_top:u_css_phy_tx_top|form_ppdu:u_form_ppdu|q_fifo[1251]                                                                                                                       ;
; 17:1               ; 2 bits    ; 22 LEs        ; 20 LEs               ; 2 LEs                  ; Yes        ; |css_phy_tx_top_wrapper|css_phy_tx_top:u_css_phy_tx_top|form_ppdu:u_form_ppdu|q_fifo[1250]                                                                                                                       ;
; 17:1               ; 2 bits    ; 22 LEs        ; 20 LEs               ; 2 LEs                  ; Yes        ; |css_phy_tx_top_wrapper|css_phy_tx_top:u_css_phy_tx_top|form_ppdu:u_form_ppdu|q_fifo[1249]                                                                                                                       ;
; 17:1               ; 2 bits    ; 22 LEs        ; 20 LEs               ; 2 LEs                  ; Yes        ; |css_phy_tx_top_wrapper|css_phy_tx_top:u_css_phy_tx_top|form_ppdu:u_form_ppdu|q_fifo[1248]                                                                                                                       ;
; 17:1               ; 2 bits    ; 22 LEs        ; 20 LEs               ; 2 LEs                  ; Yes        ; |css_phy_tx_top_wrapper|css_phy_tx_top:u_css_phy_tx_top|form_ppdu:u_form_ppdu|q_fifo[1247]                                                                                                                       ;
; 17:1               ; 2 bits    ; 22 LEs        ; 20 LEs               ; 2 LEs                  ; Yes        ; |css_phy_tx_top_wrapper|css_phy_tx_top:u_css_phy_tx_top|form_ppdu:u_form_ppdu|q_fifo[1246]                                                                                                                       ;
; 17:1               ; 2 bits    ; 22 LEs        ; 20 LEs               ; 2 LEs                  ; Yes        ; |css_phy_tx_top_wrapper|css_phy_tx_top:u_css_phy_tx_top|form_ppdu:u_form_ppdu|q_fifo[1245]                                                                                                                       ;
; 17:1               ; 2 bits    ; 22 LEs        ; 20 LEs               ; 2 LEs                  ; Yes        ; |css_phy_tx_top_wrapper|css_phy_tx_top:u_css_phy_tx_top|form_ppdu:u_form_ppdu|q_fifo[1244]                                                                                                                       ;
; 17:1               ; 2 bits    ; 22 LEs        ; 20 LEs               ; 2 LEs                  ; Yes        ; |css_phy_tx_top_wrapper|css_phy_tx_top:u_css_phy_tx_top|form_ppdu:u_form_ppdu|q_fifo[1243]                                                                                                                       ;
; 17:1               ; 2 bits    ; 22 LEs        ; 20 LEs               ; 2 LEs                  ; Yes        ; |css_phy_tx_top_wrapper|css_phy_tx_top:u_css_phy_tx_top|form_ppdu:u_form_ppdu|i_fifo[1242]                                                                                                                       ;
; 17:1               ; 2 bits    ; 22 LEs        ; 20 LEs               ; 2 LEs                  ; Yes        ; |css_phy_tx_top_wrapper|css_phy_tx_top:u_css_phy_tx_top|form_ppdu:u_form_ppdu|i_fifo[1241]                                                                                                                       ;
; 17:1               ; 2 bits    ; 22 LEs        ; 20 LEs               ; 2 LEs                  ; Yes        ; |css_phy_tx_top_wrapper|css_phy_tx_top:u_css_phy_tx_top|form_ppdu:u_form_ppdu|i_fifo[1240]                                                                                                                       ;
; 17:1               ; 2 bits    ; 22 LEs        ; 20 LEs               ; 2 LEs                  ; Yes        ; |css_phy_tx_top_wrapper|css_phy_tx_top:u_css_phy_tx_top|form_ppdu:u_form_ppdu|i_fifo[1239]                                                                                                                       ;
; 17:1               ; 2 bits    ; 22 LEs        ; 20 LEs               ; 2 LEs                  ; Yes        ; |css_phy_tx_top_wrapper|css_phy_tx_top:u_css_phy_tx_top|form_ppdu:u_form_ppdu|i_fifo[1238]                                                                                                                       ;
; 17:1               ; 2 bits    ; 22 LEs        ; 20 LEs               ; 2 LEs                  ; Yes        ; |css_phy_tx_top_wrapper|css_phy_tx_top:u_css_phy_tx_top|form_ppdu:u_form_ppdu|q_fifo[1237]                                                                                                                       ;
; 17:1               ; 2 bits    ; 22 LEs        ; 20 LEs               ; 2 LEs                  ; Yes        ; |css_phy_tx_top_wrapper|css_phy_tx_top:u_css_phy_tx_top|form_ppdu:u_form_ppdu|i_fifo[1236]                                                                                                                       ;
; 17:1               ; 2 bits    ; 22 LEs        ; 20 LEs               ; 2 LEs                  ; Yes        ; |css_phy_tx_top_wrapper|css_phy_tx_top:u_css_phy_tx_top|form_ppdu:u_form_ppdu|q_fifo[1235]                                                                                                                       ;
; 17:1               ; 2 bits    ; 22 LEs        ; 20 LEs               ; 2 LEs                  ; Yes        ; |css_phy_tx_top_wrapper|css_phy_tx_top:u_css_phy_tx_top|form_ppdu:u_form_ppdu|q_fifo[1234]                                                                                                                       ;
; 17:1               ; 2 bits    ; 22 LEs        ; 20 LEs               ; 2 LEs                  ; Yes        ; |css_phy_tx_top_wrapper|css_phy_tx_top:u_css_phy_tx_top|form_ppdu:u_form_ppdu|q_fifo[1233]                                                                                                                       ;
; 17:1               ; 2 bits    ; 22 LEs        ; 20 LEs               ; 2 LEs                  ; Yes        ; |css_phy_tx_top_wrapper|css_phy_tx_top:u_css_phy_tx_top|form_ppdu:u_form_ppdu|q_fifo[1232]                                                                                                                       ;
; 17:1               ; 2 bits    ; 22 LEs        ; 20 LEs               ; 2 LEs                  ; Yes        ; |css_phy_tx_top_wrapper|css_phy_tx_top:u_css_phy_tx_top|form_ppdu:u_form_ppdu|q_fifo[1231]                                                                                                                       ;
; 17:1               ; 2 bits    ; 22 LEs        ; 20 LEs               ; 2 LEs                  ; Yes        ; |css_phy_tx_top_wrapper|css_phy_tx_top:u_css_phy_tx_top|form_ppdu:u_form_ppdu|q_fifo[1230]                                                                                                                       ;
; 17:1               ; 2 bits    ; 22 LEs        ; 20 LEs               ; 2 LEs                  ; Yes        ; |css_phy_tx_top_wrapper|css_phy_tx_top:u_css_phy_tx_top|form_ppdu:u_form_ppdu|q_fifo[1229]                                                                                                                       ;
; 17:1               ; 2 bits    ; 22 LEs        ; 20 LEs               ; 2 LEs                  ; Yes        ; |css_phy_tx_top_wrapper|css_phy_tx_top:u_css_phy_tx_top|form_ppdu:u_form_ppdu|i_fifo[1228]                                                                                                                       ;
; 17:1               ; 2 bits    ; 22 LEs        ; 20 LEs               ; 2 LEs                  ; Yes        ; |css_phy_tx_top_wrapper|css_phy_tx_top:u_css_phy_tx_top|form_ppdu:u_form_ppdu|i_fifo[1227]                                                                                                                       ;
; 17:1               ; 2 bits    ; 22 LEs        ; 20 LEs               ; 2 LEs                  ; Yes        ; |css_phy_tx_top_wrapper|css_phy_tx_top:u_css_phy_tx_top|form_ppdu:u_form_ppdu|i_fifo[1226]                                                                                                                       ;
; 17:1               ; 2 bits    ; 22 LEs        ; 20 LEs               ; 2 LEs                  ; Yes        ; |css_phy_tx_top_wrapper|css_phy_tx_top:u_css_phy_tx_top|form_ppdu:u_form_ppdu|i_fifo[1225]                                                                                                                       ;
; 17:1               ; 2 bits    ; 22 LEs        ; 20 LEs               ; 2 LEs                  ; Yes        ; |css_phy_tx_top_wrapper|css_phy_tx_top:u_css_phy_tx_top|form_ppdu:u_form_ppdu|i_fifo[1224]                                                                                                                       ;
; 17:1               ; 2 bits    ; 22 LEs        ; 20 LEs               ; 2 LEs                  ; Yes        ; |css_phy_tx_top_wrapper|css_phy_tx_top:u_css_phy_tx_top|form_ppdu:u_form_ppdu|q_fifo[1223]                                                                                                                       ;
; 17:1               ; 2 bits    ; 22 LEs        ; 20 LEs               ; 2 LEs                  ; Yes        ; |css_phy_tx_top_wrapper|css_phy_tx_top:u_css_phy_tx_top|form_ppdu:u_form_ppdu|i_fifo[1222]                                                                                                                       ;
; 17:1               ; 2 bits    ; 22 LEs        ; 20 LEs               ; 2 LEs                  ; Yes        ; |css_phy_tx_top_wrapper|css_phy_tx_top:u_css_phy_tx_top|form_ppdu:u_form_ppdu|i_fifo[1221]                                                                                                                       ;
; 17:1               ; 2 bits    ; 22 LEs        ; 20 LEs               ; 2 LEs                  ; Yes        ; |css_phy_tx_top_wrapper|css_phy_tx_top:u_css_phy_tx_top|form_ppdu:u_form_ppdu|i_fifo[1220]                                                                                                                       ;
; 17:1               ; 2 bits    ; 22 LEs        ; 20 LEs               ; 2 LEs                  ; Yes        ; |css_phy_tx_top_wrapper|css_phy_tx_top:u_css_phy_tx_top|form_ppdu:u_form_ppdu|q_fifo[1219]                                                                                                                       ;
; 17:1               ; 2 bits    ; 22 LEs        ; 20 LEs               ; 2 LEs                  ; Yes        ; |css_phy_tx_top_wrapper|css_phy_tx_top:u_css_phy_tx_top|form_ppdu:u_form_ppdu|i_fifo[1218]                                                                                                                       ;
; 17:1               ; 2 bits    ; 22 LEs        ; 20 LEs               ; 2 LEs                  ; Yes        ; |css_phy_tx_top_wrapper|css_phy_tx_top:u_css_phy_tx_top|form_ppdu:u_form_ppdu|i_fifo[1217]                                                                                                                       ;
; 17:1               ; 2 bits    ; 22 LEs        ; 20 LEs               ; 2 LEs                  ; Yes        ; |css_phy_tx_top_wrapper|css_phy_tx_top:u_css_phy_tx_top|form_ppdu:u_form_ppdu|i_fifo[1216]                                                                                                                       ;
; 17:1               ; 2 bits    ; 22 LEs        ; 20 LEs               ; 2 LEs                  ; Yes        ; |css_phy_tx_top_wrapper|css_phy_tx_top:u_css_phy_tx_top|form_ppdu:u_form_ppdu|i_fifo[1215]                                                                                                                       ;
; 17:1               ; 2 bits    ; 22 LEs        ; 20 LEs               ; 2 LEs                  ; Yes        ; |css_phy_tx_top_wrapper|css_phy_tx_top:u_css_phy_tx_top|form_ppdu:u_form_ppdu|i_fifo[1214]                                                                                                                       ;
; 17:1               ; 2 bits    ; 22 LEs        ; 20 LEs               ; 2 LEs                  ; Yes        ; |css_phy_tx_top_wrapper|css_phy_tx_top:u_css_phy_tx_top|form_ppdu:u_form_ppdu|i_fifo[1213]                                                                                                                       ;
; 17:1               ; 2 bits    ; 22 LEs        ; 20 LEs               ; 2 LEs                  ; Yes        ; |css_phy_tx_top_wrapper|css_phy_tx_top:u_css_phy_tx_top|form_ppdu:u_form_ppdu|i_fifo[1212]                                                                                                                       ;
; 17:1               ; 2 bits    ; 22 LEs        ; 20 LEs               ; 2 LEs                  ; Yes        ; |css_phy_tx_top_wrapper|css_phy_tx_top:u_css_phy_tx_top|form_ppdu:u_form_ppdu|i_fifo[1211]                                                                                                                       ;
; 17:1               ; 2 bits    ; 22 LEs        ; 20 LEs               ; 2 LEs                  ; Yes        ; |css_phy_tx_top_wrapper|css_phy_tx_top:u_css_phy_tx_top|form_ppdu:u_form_ppdu|i_fifo[1210]                                                                                                                       ;
; 17:1               ; 2 bits    ; 22 LEs        ; 20 LEs               ; 2 LEs                  ; Yes        ; |css_phy_tx_top_wrapper|css_phy_tx_top:u_css_phy_tx_top|form_ppdu:u_form_ppdu|i_fifo[1209]                                                                                                                       ;
; 17:1               ; 2 bits    ; 22 LEs        ; 20 LEs               ; 2 LEs                  ; Yes        ; |css_phy_tx_top_wrapper|css_phy_tx_top:u_css_phy_tx_top|form_ppdu:u_form_ppdu|i_fifo[1208]                                                                                                                       ;
; 17:1               ; 2 bits    ; 22 LEs        ; 20 LEs               ; 2 LEs                  ; Yes        ; |css_phy_tx_top_wrapper|css_phy_tx_top:u_css_phy_tx_top|form_ppdu:u_form_ppdu|i_fifo[1207]                                                                                                                       ;
; 17:1               ; 2 bits    ; 22 LEs        ; 20 LEs               ; 2 LEs                  ; Yes        ; |css_phy_tx_top_wrapper|css_phy_tx_top:u_css_phy_tx_top|form_ppdu:u_form_ppdu|q_fifo[1206]                                                                                                                       ;
; 17:1               ; 2 bits    ; 22 LEs        ; 20 LEs               ; 2 LEs                  ; Yes        ; |css_phy_tx_top_wrapper|css_phy_tx_top:u_css_phy_tx_top|form_ppdu:u_form_ppdu|q_fifo[1205]                                                                                                                       ;
; 17:1               ; 2 bits    ; 22 LEs        ; 20 LEs               ; 2 LEs                  ; Yes        ; |css_phy_tx_top_wrapper|css_phy_tx_top:u_css_phy_tx_top|form_ppdu:u_form_ppdu|q_fifo[1204]                                                                                                                       ;
; 17:1               ; 2 bits    ; 22 LEs        ; 20 LEs               ; 2 LEs                  ; Yes        ; |css_phy_tx_top_wrapper|css_phy_tx_top:u_css_phy_tx_top|form_ppdu:u_form_ppdu|q_fifo[1203]                                                                                                                       ;
; 17:1               ; 2 bits    ; 22 LEs        ; 20 LEs               ; 2 LEs                  ; Yes        ; |css_phy_tx_top_wrapper|css_phy_tx_top:u_css_phy_tx_top|form_ppdu:u_form_ppdu|i_fifo[1202]                                                                                                                       ;
; 17:1               ; 2 bits    ; 22 LEs        ; 20 LEs               ; 2 LEs                  ; Yes        ; |css_phy_tx_top_wrapper|css_phy_tx_top:u_css_phy_tx_top|form_ppdu:u_form_ppdu|i_fifo[1201]                                                                                                                       ;
; 17:1               ; 2 bits    ; 22 LEs        ; 20 LEs               ; 2 LEs                  ; Yes        ; |css_phy_tx_top_wrapper|css_phy_tx_top:u_css_phy_tx_top|form_ppdu:u_form_ppdu|q_fifo[1200]                                                                                                                       ;
; 17:1               ; 2 bits    ; 22 LEs        ; 20 LEs               ; 2 LEs                  ; Yes        ; |css_phy_tx_top_wrapper|css_phy_tx_top:u_css_phy_tx_top|form_ppdu:u_form_ppdu|q_fifo[1199]                                                                                                                       ;
; 17:1               ; 2 bits    ; 22 LEs        ; 20 LEs               ; 2 LEs                  ; Yes        ; |css_phy_tx_top_wrapper|css_phy_tx_top:u_css_phy_tx_top|form_ppdu:u_form_ppdu|q_fifo[1198]                                                                                                                       ;
; 17:1               ; 2 bits    ; 22 LEs        ; 20 LEs               ; 2 LEs                  ; Yes        ; |css_phy_tx_top_wrapper|css_phy_tx_top:u_css_phy_tx_top|form_ppdu:u_form_ppdu|i_fifo[1197]                                                                                                                       ;
; 17:1               ; 2 bits    ; 22 LEs        ; 20 LEs               ; 2 LEs                  ; Yes        ; |css_phy_tx_top_wrapper|css_phy_tx_top:u_css_phy_tx_top|form_ppdu:u_form_ppdu|i_fifo[1196]                                                                                                                       ;
; 17:1               ; 2 bits    ; 22 LEs        ; 20 LEs               ; 2 LEs                  ; Yes        ; |css_phy_tx_top_wrapper|css_phy_tx_top:u_css_phy_tx_top|form_ppdu:u_form_ppdu|q_fifo[1195]                                                                                                                       ;
; 17:1               ; 2 bits    ; 22 LEs        ; 20 LEs               ; 2 LEs                  ; Yes        ; |css_phy_tx_top_wrapper|css_phy_tx_top:u_css_phy_tx_top|form_ppdu:u_form_ppdu|i_fifo[1194]                                                                                                                       ;
; 17:1               ; 2 bits    ; 22 LEs        ; 20 LEs               ; 2 LEs                  ; Yes        ; |css_phy_tx_top_wrapper|css_phy_tx_top:u_css_phy_tx_top|form_ppdu:u_form_ppdu|i_fifo[1193]                                                                                                                       ;
; 17:1               ; 2 bits    ; 22 LEs        ; 20 LEs               ; 2 LEs                  ; Yes        ; |css_phy_tx_top_wrapper|css_phy_tx_top:u_css_phy_tx_top|form_ppdu:u_form_ppdu|i_fifo[1192]                                                                                                                       ;
; 17:1               ; 2 bits    ; 22 LEs        ; 20 LEs               ; 2 LEs                  ; Yes        ; |css_phy_tx_top_wrapper|css_phy_tx_top:u_css_phy_tx_top|form_ppdu:u_form_ppdu|i_fifo[1191]                                                                                                                       ;
; 17:1               ; 2 bits    ; 22 LEs        ; 20 LEs               ; 2 LEs                  ; Yes        ; |css_phy_tx_top_wrapper|css_phy_tx_top:u_css_phy_tx_top|form_ppdu:u_form_ppdu|i_fifo[1190]                                                                                                                       ;
; 17:1               ; 2 bits    ; 22 LEs        ; 20 LEs               ; 2 LEs                  ; Yes        ; |css_phy_tx_top_wrapper|css_phy_tx_top:u_css_phy_tx_top|form_ppdu:u_form_ppdu|i_fifo[1189]                                                                                                                       ;
; 17:1               ; 2 bits    ; 22 LEs        ; 20 LEs               ; 2 LEs                  ; Yes        ; |css_phy_tx_top_wrapper|css_phy_tx_top:u_css_phy_tx_top|form_ppdu:u_form_ppdu|i_fifo[1188]                                                                                                                       ;
; 17:1               ; 2 bits    ; 22 LEs        ; 20 LEs               ; 2 LEs                  ; Yes        ; |css_phy_tx_top_wrapper|css_phy_tx_top:u_css_phy_tx_top|form_ppdu:u_form_ppdu|i_fifo[1187]                                                                                                                       ;
; 17:1               ; 2 bits    ; 22 LEs        ; 20 LEs               ; 2 LEs                  ; Yes        ; |css_phy_tx_top_wrapper|css_phy_tx_top:u_css_phy_tx_top|form_ppdu:u_form_ppdu|i_fifo[1186]                                                                                                                       ;
; 17:1               ; 2 bits    ; 22 LEs        ; 20 LEs               ; 2 LEs                  ; Yes        ; |css_phy_tx_top_wrapper|css_phy_tx_top:u_css_phy_tx_top|form_ppdu:u_form_ppdu|i_fifo[1185]                                                                                                                       ;
; 17:1               ; 2 bits    ; 22 LEs        ; 20 LEs               ; 2 LEs                  ; Yes        ; |css_phy_tx_top_wrapper|css_phy_tx_top:u_css_phy_tx_top|form_ppdu:u_form_ppdu|q_fifo[1184]                                                                                                                       ;
; 17:1               ; 2 bits    ; 22 LEs        ; 20 LEs               ; 2 LEs                  ; Yes        ; |css_phy_tx_top_wrapper|css_phy_tx_top:u_css_phy_tx_top|form_ppdu:u_form_ppdu|i_fifo[1183]                                                                                                                       ;
; 17:1               ; 2 bits    ; 22 LEs        ; 20 LEs               ; 2 LEs                  ; Yes        ; |css_phy_tx_top_wrapper|css_phy_tx_top:u_css_phy_tx_top|form_ppdu:u_form_ppdu|i_fifo[1182]                                                                                                                       ;
; 17:1               ; 2 bits    ; 22 LEs        ; 20 LEs               ; 2 LEs                  ; Yes        ; |css_phy_tx_top_wrapper|css_phy_tx_top:u_css_phy_tx_top|form_ppdu:u_form_ppdu|q_fifo[1181]                                                                                                                       ;
; 17:1               ; 2 bits    ; 22 LEs        ; 20 LEs               ; 2 LEs                  ; Yes        ; |css_phy_tx_top_wrapper|css_phy_tx_top:u_css_phy_tx_top|form_ppdu:u_form_ppdu|q_fifo[1180]                                                                                                                       ;
; 17:1               ; 2 bits    ; 22 LEs        ; 20 LEs               ; 2 LEs                  ; Yes        ; |css_phy_tx_top_wrapper|css_phy_tx_top:u_css_phy_tx_top|form_ppdu:u_form_ppdu|i_fifo[1179]                                                                                                                       ;
; 17:1               ; 2 bits    ; 22 LEs        ; 20 LEs               ; 2 LEs                  ; Yes        ; |css_phy_tx_top_wrapper|css_phy_tx_top:u_css_phy_tx_top|form_ppdu:u_form_ppdu|q_fifo[1178]                                                                                                                       ;
; 17:1               ; 2 bits    ; 22 LEs        ; 20 LEs               ; 2 LEs                  ; Yes        ; |css_phy_tx_top_wrapper|css_phy_tx_top:u_css_phy_tx_top|form_ppdu:u_form_ppdu|q_fifo[1177]                                                                                                                       ;
; 17:1               ; 2 bits    ; 22 LEs        ; 20 LEs               ; 2 LEs                  ; Yes        ; |css_phy_tx_top_wrapper|css_phy_tx_top:u_css_phy_tx_top|form_ppdu:u_form_ppdu|i_fifo[1176]                                                                                                                       ;
; 17:1               ; 2 bits    ; 22 LEs        ; 20 LEs               ; 2 LEs                  ; Yes        ; |css_phy_tx_top_wrapper|css_phy_tx_top:u_css_phy_tx_top|form_ppdu:u_form_ppdu|q_fifo[1175]                                                                                                                       ;
; 17:1               ; 2 bits    ; 22 LEs        ; 20 LEs               ; 2 LEs                  ; Yes        ; |css_phy_tx_top_wrapper|css_phy_tx_top:u_css_phy_tx_top|form_ppdu:u_form_ppdu|q_fifo[1174]                                                                                                                       ;
; 17:1               ; 2 bits    ; 22 LEs        ; 20 LEs               ; 2 LEs                  ; Yes        ; |css_phy_tx_top_wrapper|css_phy_tx_top:u_css_phy_tx_top|form_ppdu:u_form_ppdu|q_fifo[1173]                                                                                                                       ;
; 17:1               ; 2 bits    ; 22 LEs        ; 20 LEs               ; 2 LEs                  ; Yes        ; |css_phy_tx_top_wrapper|css_phy_tx_top:u_css_phy_tx_top|form_ppdu:u_form_ppdu|q_fifo[1172]                                                                                                                       ;
; 17:1               ; 2 bits    ; 22 LEs        ; 20 LEs               ; 2 LEs                  ; Yes        ; |css_phy_tx_top_wrapper|css_phy_tx_top:u_css_phy_tx_top|form_ppdu:u_form_ppdu|i_fifo[1171]                                                                                                                       ;
; 17:1               ; 2 bits    ; 22 LEs        ; 20 LEs               ; 2 LEs                  ; Yes        ; |css_phy_tx_top_wrapper|css_phy_tx_top:u_css_phy_tx_top|form_ppdu:u_form_ppdu|i_fifo[1170]                                                                                                                       ;
; 17:1               ; 2 bits    ; 22 LEs        ; 20 LEs               ; 2 LEs                  ; Yes        ; |css_phy_tx_top_wrapper|css_phy_tx_top:u_css_phy_tx_top|form_ppdu:u_form_ppdu|i_fifo[1169]                                                                                                                       ;
; 17:1               ; 2 bits    ; 22 LEs        ; 20 LEs               ; 2 LEs                  ; Yes        ; |css_phy_tx_top_wrapper|css_phy_tx_top:u_css_phy_tx_top|form_ppdu:u_form_ppdu|i_fifo[1168]                                                                                                                       ;
; 17:1               ; 2 bits    ; 22 LEs        ; 20 LEs               ; 2 LEs                  ; Yes        ; |css_phy_tx_top_wrapper|css_phy_tx_top:u_css_phy_tx_top|form_ppdu:u_form_ppdu|i_fifo[1167]                                                                                                                       ;
; 17:1               ; 2 bits    ; 22 LEs        ; 20 LEs               ; 2 LEs                  ; Yes        ; |css_phy_tx_top_wrapper|css_phy_tx_top:u_css_phy_tx_top|form_ppdu:u_form_ppdu|i_fifo[1166]                                                                                                                       ;
; 17:1               ; 2 bits    ; 22 LEs        ; 20 LEs               ; 2 LEs                  ; Yes        ; |css_phy_tx_top_wrapper|css_phy_tx_top:u_css_phy_tx_top|form_ppdu:u_form_ppdu|q_fifo[1165]                                                                                                                       ;
; 17:1               ; 2 bits    ; 22 LEs        ; 20 LEs               ; 2 LEs                  ; Yes        ; |css_phy_tx_top_wrapper|css_phy_tx_top:u_css_phy_tx_top|form_ppdu:u_form_ppdu|q_fifo[1164]                                                                                                                       ;
; 17:1               ; 2 bits    ; 22 LEs        ; 20 LEs               ; 2 LEs                  ; Yes        ; |css_phy_tx_top_wrapper|css_phy_tx_top:u_css_phy_tx_top|form_ppdu:u_form_ppdu|q_fifo[1163]                                                                                                                       ;
; 17:1               ; 2 bits    ; 22 LEs        ; 20 LEs               ; 2 LEs                  ; Yes        ; |css_phy_tx_top_wrapper|css_phy_tx_top:u_css_phy_tx_top|form_ppdu:u_form_ppdu|q_fifo[1162]                                                                                                                       ;
; 17:1               ; 2 bits    ; 22 LEs        ; 20 LEs               ; 2 LEs                  ; Yes        ; |css_phy_tx_top_wrapper|css_phy_tx_top:u_css_phy_tx_top|form_ppdu:u_form_ppdu|i_fifo[1161]                                                                                                                       ;
; 17:1               ; 2 bits    ; 22 LEs        ; 20 LEs               ; 2 LEs                  ; Yes        ; |css_phy_tx_top_wrapper|css_phy_tx_top:u_css_phy_tx_top|form_ppdu:u_form_ppdu|q_fifo[1160]                                                                                                                       ;
; 17:1               ; 2 bits    ; 22 LEs        ; 20 LEs               ; 2 LEs                  ; Yes        ; |css_phy_tx_top_wrapper|css_phy_tx_top:u_css_phy_tx_top|form_ppdu:u_form_ppdu|q_fifo[1159]                                                                                                                       ;
; 17:1               ; 2 bits    ; 22 LEs        ; 20 LEs               ; 2 LEs                  ; Yes        ; |css_phy_tx_top_wrapper|css_phy_tx_top:u_css_phy_tx_top|form_ppdu:u_form_ppdu|q_fifo[1158]                                                                                                                       ;
; 17:1               ; 2 bits    ; 22 LEs        ; 20 LEs               ; 2 LEs                  ; Yes        ; |css_phy_tx_top_wrapper|css_phy_tx_top:u_css_phy_tx_top|form_ppdu:u_form_ppdu|q_fifo[1157]                                                                                                                       ;
; 17:1               ; 2 bits    ; 22 LEs        ; 20 LEs               ; 2 LEs                  ; Yes        ; |css_phy_tx_top_wrapper|css_phy_tx_top:u_css_phy_tx_top|form_ppdu:u_form_ppdu|q_fifo[1156]                                                                                                                       ;
; 17:1               ; 2 bits    ; 22 LEs        ; 20 LEs               ; 2 LEs                  ; Yes        ; |css_phy_tx_top_wrapper|css_phy_tx_top:u_css_phy_tx_top|form_ppdu:u_form_ppdu|q_fifo[1155]                                                                                                                       ;
; 17:1               ; 2 bits    ; 22 LEs        ; 20 LEs               ; 2 LEs                  ; Yes        ; |css_phy_tx_top_wrapper|css_phy_tx_top:u_css_phy_tx_top|form_ppdu:u_form_ppdu|q_fifo[1154]                                                                                                                       ;
; 17:1               ; 2 bits    ; 22 LEs        ; 20 LEs               ; 2 LEs                  ; Yes        ; |css_phy_tx_top_wrapper|css_phy_tx_top:u_css_phy_tx_top|form_ppdu:u_form_ppdu|q_fifo[1153]                                                                                                                       ;
; 17:1               ; 2 bits    ; 22 LEs        ; 20 LEs               ; 2 LEs                  ; Yes        ; |css_phy_tx_top_wrapper|css_phy_tx_top:u_css_phy_tx_top|form_ppdu:u_form_ppdu|i_fifo[1152]                                                                                                                       ;
; 17:1               ; 2 bits    ; 22 LEs        ; 20 LEs               ; 2 LEs                  ; Yes        ; |css_phy_tx_top_wrapper|css_phy_tx_top:u_css_phy_tx_top|form_ppdu:u_form_ppdu|i_fifo[1151]                                                                                                                       ;
; 17:1               ; 2 bits    ; 22 LEs        ; 20 LEs               ; 2 LEs                  ; Yes        ; |css_phy_tx_top_wrapper|css_phy_tx_top:u_css_phy_tx_top|form_ppdu:u_form_ppdu|i_fifo[1150]                                                                                                                       ;
; 17:1               ; 2 bits    ; 22 LEs        ; 20 LEs               ; 2 LEs                  ; Yes        ; |css_phy_tx_top_wrapper|css_phy_tx_top:u_css_phy_tx_top|form_ppdu:u_form_ppdu|q_fifo[1149]                                                                                                                       ;
; 17:1               ; 2 bits    ; 22 LEs        ; 20 LEs               ; 2 LEs                  ; Yes        ; |css_phy_tx_top_wrapper|css_phy_tx_top:u_css_phy_tx_top|form_ppdu:u_form_ppdu|q_fifo[1148]                                                                                                                       ;
; 17:1               ; 2 bits    ; 22 LEs        ; 20 LEs               ; 2 LEs                  ; Yes        ; |css_phy_tx_top_wrapper|css_phy_tx_top:u_css_phy_tx_top|form_ppdu:u_form_ppdu|q_fifo[1147]                                                                                                                       ;
; 17:1               ; 2 bits    ; 22 LEs        ; 20 LEs               ; 2 LEs                  ; Yes        ; |css_phy_tx_top_wrapper|css_phy_tx_top:u_css_phy_tx_top|form_ppdu:u_form_ppdu|i_fifo[1146]                                                                                                                       ;
; 17:1               ; 2 bits    ; 22 LEs        ; 20 LEs               ; 2 LEs                  ; Yes        ; |css_phy_tx_top_wrapper|css_phy_tx_top:u_css_phy_tx_top|form_ppdu:u_form_ppdu|q_fifo[1145]                                                                                                                       ;
; 17:1               ; 2 bits    ; 22 LEs        ; 20 LEs               ; 2 LEs                  ; Yes        ; |css_phy_tx_top_wrapper|css_phy_tx_top:u_css_phy_tx_top|form_ppdu:u_form_ppdu|i_fifo[1144]                                                                                                                       ;
; 17:1               ; 2 bits    ; 22 LEs        ; 20 LEs               ; 2 LEs                  ; Yes        ; |css_phy_tx_top_wrapper|css_phy_tx_top:u_css_phy_tx_top|form_ppdu:u_form_ppdu|q_fifo[1143]                                                                                                                       ;
; 17:1               ; 2 bits    ; 22 LEs        ; 20 LEs               ; 2 LEs                  ; Yes        ; |css_phy_tx_top_wrapper|css_phy_tx_top:u_css_phy_tx_top|form_ppdu:u_form_ppdu|i_fifo[1142]                                                                                                                       ;
; 17:1               ; 2 bits    ; 22 LEs        ; 20 LEs               ; 2 LEs                  ; Yes        ; |css_phy_tx_top_wrapper|css_phy_tx_top:u_css_phy_tx_top|form_ppdu:u_form_ppdu|i_fifo[1141]                                                                                                                       ;
; 17:1               ; 2 bits    ; 22 LEs        ; 20 LEs               ; 2 LEs                  ; Yes        ; |css_phy_tx_top_wrapper|css_phy_tx_top:u_css_phy_tx_top|form_ppdu:u_form_ppdu|i_fifo[1140]                                                                                                                       ;
; 17:1               ; 2 bits    ; 22 LEs        ; 20 LEs               ; 2 LEs                  ; Yes        ; |css_phy_tx_top_wrapper|css_phy_tx_top:u_css_phy_tx_top|form_ppdu:u_form_ppdu|q_fifo[1139]                                                                                                                       ;
; 17:1               ; 2 bits    ; 22 LEs        ; 20 LEs               ; 2 LEs                  ; Yes        ; |css_phy_tx_top_wrapper|css_phy_tx_top:u_css_phy_tx_top|form_ppdu:u_form_ppdu|q_fifo[1138]                                                                                                                       ;
; 17:1               ; 2 bits    ; 22 LEs        ; 20 LEs               ; 2 LEs                  ; Yes        ; |css_phy_tx_top_wrapper|css_phy_tx_top:u_css_phy_tx_top|form_ppdu:u_form_ppdu|q_fifo[1137]                                                                                                                       ;
; 17:1               ; 2 bits    ; 22 LEs        ; 20 LEs               ; 2 LEs                  ; Yes        ; |css_phy_tx_top_wrapper|css_phy_tx_top:u_css_phy_tx_top|form_ppdu:u_form_ppdu|q_fifo[1136]                                                                                                                       ;
; 17:1               ; 2 bits    ; 22 LEs        ; 20 LEs               ; 2 LEs                  ; Yes        ; |css_phy_tx_top_wrapper|css_phy_tx_top:u_css_phy_tx_top|form_ppdu:u_form_ppdu|q_fifo[1135]                                                                                                                       ;
; 17:1               ; 2 bits    ; 22 LEs        ; 20 LEs               ; 2 LEs                  ; Yes        ; |css_phy_tx_top_wrapper|css_phy_tx_top:u_css_phy_tx_top|form_ppdu:u_form_ppdu|q_fifo[1134]                                                                                                                       ;
; 17:1               ; 2 bits    ; 22 LEs        ; 20 LEs               ; 2 LEs                  ; Yes        ; |css_phy_tx_top_wrapper|css_phy_tx_top:u_css_phy_tx_top|form_ppdu:u_form_ppdu|q_fifo[1133]                                                                                                                       ;
; 17:1               ; 2 bits    ; 22 LEs        ; 20 LEs               ; 2 LEs                  ; Yes        ; |css_phy_tx_top_wrapper|css_phy_tx_top:u_css_phy_tx_top|form_ppdu:u_form_ppdu|q_fifo[1132]                                                                                                                       ;
; 17:1               ; 2 bits    ; 22 LEs        ; 20 LEs               ; 2 LEs                  ; Yes        ; |css_phy_tx_top_wrapper|css_phy_tx_top:u_css_phy_tx_top|form_ppdu:u_form_ppdu|q_fifo[1131]                                                                                                                       ;
; 17:1               ; 2 bits    ; 22 LEs        ; 20 LEs               ; 2 LEs                  ; Yes        ; |css_phy_tx_top_wrapper|css_phy_tx_top:u_css_phy_tx_top|form_ppdu:u_form_ppdu|q_fifo[1130]                                                                                                                       ;
; 17:1               ; 2 bits    ; 22 LEs        ; 20 LEs               ; 2 LEs                  ; Yes        ; |css_phy_tx_top_wrapper|css_phy_tx_top:u_css_phy_tx_top|form_ppdu:u_form_ppdu|q_fifo[1129]                                                                                                                       ;
; 17:1               ; 2 bits    ; 22 LEs        ; 20 LEs               ; 2 LEs                  ; Yes        ; |css_phy_tx_top_wrapper|css_phy_tx_top:u_css_phy_tx_top|form_ppdu:u_form_ppdu|q_fifo[1128]                                                                                                                       ;
; 17:1               ; 2 bits    ; 22 LEs        ; 20 LEs               ; 2 LEs                  ; Yes        ; |css_phy_tx_top_wrapper|css_phy_tx_top:u_css_phy_tx_top|form_ppdu:u_form_ppdu|i_fifo[1127]                                                                                                                       ;
; 17:1               ; 2 bits    ; 22 LEs        ; 20 LEs               ; 2 LEs                  ; Yes        ; |css_phy_tx_top_wrapper|css_phy_tx_top:u_css_phy_tx_top|form_ppdu:u_form_ppdu|i_fifo[1126]                                                                                                                       ;
; 17:1               ; 2 bits    ; 22 LEs        ; 20 LEs               ; 2 LEs                  ; Yes        ; |css_phy_tx_top_wrapper|css_phy_tx_top:u_css_phy_tx_top|form_ppdu:u_form_ppdu|q_fifo[1125]                                                                                                                       ;
; 17:1               ; 2 bits    ; 22 LEs        ; 20 LEs               ; 2 LEs                  ; Yes        ; |css_phy_tx_top_wrapper|css_phy_tx_top:u_css_phy_tx_top|form_ppdu:u_form_ppdu|q_fifo[1124]                                                                                                                       ;
; 17:1               ; 2 bits    ; 22 LEs        ; 20 LEs               ; 2 LEs                  ; Yes        ; |css_phy_tx_top_wrapper|css_phy_tx_top:u_css_phy_tx_top|form_ppdu:u_form_ppdu|q_fifo[1123]                                                                                                                       ;
; 17:1               ; 2 bits    ; 22 LEs        ; 20 LEs               ; 2 LEs                  ; Yes        ; |css_phy_tx_top_wrapper|css_phy_tx_top:u_css_phy_tx_top|form_ppdu:u_form_ppdu|q_fifo[1122]                                                                                                                       ;
; 17:1               ; 2 bits    ; 22 LEs        ; 20 LEs               ; 2 LEs                  ; Yes        ; |css_phy_tx_top_wrapper|css_phy_tx_top:u_css_phy_tx_top|form_ppdu:u_form_ppdu|q_fifo[1121]                                                                                                                       ;
; 17:1               ; 2 bits    ; 22 LEs        ; 20 LEs               ; 2 LEs                  ; Yes        ; |css_phy_tx_top_wrapper|css_phy_tx_top:u_css_phy_tx_top|form_ppdu:u_form_ppdu|q_fifo[1120]                                                                                                                       ;
; 17:1               ; 2 bits    ; 22 LEs        ; 20 LEs               ; 2 LEs                  ; Yes        ; |css_phy_tx_top_wrapper|css_phy_tx_top:u_css_phy_tx_top|form_ppdu:u_form_ppdu|q_fifo[1119]                                                                                                                       ;
; 17:1               ; 2 bits    ; 22 LEs        ; 20 LEs               ; 2 LEs                  ; Yes        ; |css_phy_tx_top_wrapper|css_phy_tx_top:u_css_phy_tx_top|form_ppdu:u_form_ppdu|q_fifo[1118]                                                                                                                       ;
; 17:1               ; 2 bits    ; 22 LEs        ; 20 LEs               ; 2 LEs                  ; Yes        ; |css_phy_tx_top_wrapper|css_phy_tx_top:u_css_phy_tx_top|form_ppdu:u_form_ppdu|q_fifo[1117]                                                                                                                       ;
; 17:1               ; 2 bits    ; 22 LEs        ; 20 LEs               ; 2 LEs                  ; Yes        ; |css_phy_tx_top_wrapper|css_phy_tx_top:u_css_phy_tx_top|form_ppdu:u_form_ppdu|q_fifo[1116]                                                                                                                       ;
; 17:1               ; 2 bits    ; 22 LEs        ; 20 LEs               ; 2 LEs                  ; Yes        ; |css_phy_tx_top_wrapper|css_phy_tx_top:u_css_phy_tx_top|form_ppdu:u_form_ppdu|q_fifo[1115]                                                                                                                       ;
; 17:1               ; 2 bits    ; 22 LEs        ; 20 LEs               ; 2 LEs                  ; Yes        ; |css_phy_tx_top_wrapper|css_phy_tx_top:u_css_phy_tx_top|form_ppdu:u_form_ppdu|q_fifo[1114]                                                                                                                       ;
; 17:1               ; 2 bits    ; 22 LEs        ; 20 LEs               ; 2 LEs                  ; Yes        ; |css_phy_tx_top_wrapper|css_phy_tx_top:u_css_phy_tx_top|form_ppdu:u_form_ppdu|q_fifo[1113]                                                                                                                       ;
; 17:1               ; 2 bits    ; 22 LEs        ; 20 LEs               ; 2 LEs                  ; Yes        ; |css_phy_tx_top_wrapper|css_phy_tx_top:u_css_phy_tx_top|form_ppdu:u_form_ppdu|q_fifo[1112]                                                                                                                       ;
; 17:1               ; 2 bits    ; 22 LEs        ; 20 LEs               ; 2 LEs                  ; Yes        ; |css_phy_tx_top_wrapper|css_phy_tx_top:u_css_phy_tx_top|form_ppdu:u_form_ppdu|q_fifo[1111]                                                                                                                       ;
; 17:1               ; 2 bits    ; 22 LEs        ; 20 LEs               ; 2 LEs                  ; Yes        ; |css_phy_tx_top_wrapper|css_phy_tx_top:u_css_phy_tx_top|form_ppdu:u_form_ppdu|q_fifo[1110]                                                                                                                       ;
; 17:1               ; 2 bits    ; 22 LEs        ; 20 LEs               ; 2 LEs                  ; Yes        ; |css_phy_tx_top_wrapper|css_phy_tx_top:u_css_phy_tx_top|form_ppdu:u_form_ppdu|q_fifo[1109]                                                                                                                       ;
; 17:1               ; 2 bits    ; 22 LEs        ; 20 LEs               ; 2 LEs                  ; Yes        ; |css_phy_tx_top_wrapper|css_phy_tx_top:u_css_phy_tx_top|form_ppdu:u_form_ppdu|q_fifo[1108]                                                                                                                       ;
; 17:1               ; 2 bits    ; 22 LEs        ; 20 LEs               ; 2 LEs                  ; Yes        ; |css_phy_tx_top_wrapper|css_phy_tx_top:u_css_phy_tx_top|form_ppdu:u_form_ppdu|q_fifo[1107]                                                                                                                       ;
; 17:1               ; 2 bits    ; 22 LEs        ; 20 LEs               ; 2 LEs                  ; Yes        ; |css_phy_tx_top_wrapper|css_phy_tx_top:u_css_phy_tx_top|form_ppdu:u_form_ppdu|q_fifo[1106]                                                                                                                       ;
; 17:1               ; 2 bits    ; 22 LEs        ; 20 LEs               ; 2 LEs                  ; Yes        ; |css_phy_tx_top_wrapper|css_phy_tx_top:u_css_phy_tx_top|form_ppdu:u_form_ppdu|q_fifo[1105]                                                                                                                       ;
; 17:1               ; 2 bits    ; 22 LEs        ; 20 LEs               ; 2 LEs                  ; Yes        ; |css_phy_tx_top_wrapper|css_phy_tx_top:u_css_phy_tx_top|form_ppdu:u_form_ppdu|i_fifo[1104]                                                                                                                       ;
; 17:1               ; 2 bits    ; 22 LEs        ; 20 LEs               ; 2 LEs                  ; Yes        ; |css_phy_tx_top_wrapper|css_phy_tx_top:u_css_phy_tx_top|form_ppdu:u_form_ppdu|i_fifo[1103]                                                                                                                       ;
; 17:1               ; 2 bits    ; 22 LEs        ; 20 LEs               ; 2 LEs                  ; Yes        ; |css_phy_tx_top_wrapper|css_phy_tx_top:u_css_phy_tx_top|form_ppdu:u_form_ppdu|i_fifo[1102]                                                                                                                       ;
; 17:1               ; 2 bits    ; 22 LEs        ; 20 LEs               ; 2 LEs                  ; Yes        ; |css_phy_tx_top_wrapper|css_phy_tx_top:u_css_phy_tx_top|form_ppdu:u_form_ppdu|q_fifo[1101]                                                                                                                       ;
; 17:1               ; 2 bits    ; 22 LEs        ; 20 LEs               ; 2 LEs                  ; Yes        ; |css_phy_tx_top_wrapper|css_phy_tx_top:u_css_phy_tx_top|form_ppdu:u_form_ppdu|q_fifo[1100]                                                                                                                       ;
; 17:1               ; 2 bits    ; 22 LEs        ; 20 LEs               ; 2 LEs                  ; Yes        ; |css_phy_tx_top_wrapper|css_phy_tx_top:u_css_phy_tx_top|form_ppdu:u_form_ppdu|q_fifo[1099]                                                                                                                       ;
; 17:1               ; 2 bits    ; 22 LEs        ; 20 LEs               ; 2 LEs                  ; Yes        ; |css_phy_tx_top_wrapper|css_phy_tx_top:u_css_phy_tx_top|form_ppdu:u_form_ppdu|q_fifo[1098]                                                                                                                       ;
; 17:1               ; 2 bits    ; 22 LEs        ; 20 LEs               ; 2 LEs                  ; Yes        ; |css_phy_tx_top_wrapper|css_phy_tx_top:u_css_phy_tx_top|form_ppdu:u_form_ppdu|q_fifo[1097]                                                                                                                       ;
; 17:1               ; 2 bits    ; 22 LEs        ; 20 LEs               ; 2 LEs                  ; Yes        ; |css_phy_tx_top_wrapper|css_phy_tx_top:u_css_phy_tx_top|form_ppdu:u_form_ppdu|q_fifo[1096]                                                                                                                       ;
; 17:1               ; 2 bits    ; 22 LEs        ; 20 LEs               ; 2 LEs                  ; Yes        ; |css_phy_tx_top_wrapper|css_phy_tx_top:u_css_phy_tx_top|form_ppdu:u_form_ppdu|q_fifo[1095]                                                                                                                       ;
; 17:1               ; 2 bits    ; 22 LEs        ; 20 LEs               ; 2 LEs                  ; Yes        ; |css_phy_tx_top_wrapper|css_phy_tx_top:u_css_phy_tx_top|form_ppdu:u_form_ppdu|q_fifo[1094]                                                                                                                       ;
; 17:1               ; 2 bits    ; 22 LEs        ; 20 LEs               ; 2 LEs                  ; Yes        ; |css_phy_tx_top_wrapper|css_phy_tx_top:u_css_phy_tx_top|form_ppdu:u_form_ppdu|q_fifo[1093]                                                                                                                       ;
; 17:1               ; 2 bits    ; 22 LEs        ; 20 LEs               ; 2 LEs                  ; Yes        ; |css_phy_tx_top_wrapper|css_phy_tx_top:u_css_phy_tx_top|form_ppdu:u_form_ppdu|q_fifo[1092]                                                                                                                       ;
; 17:1               ; 2 bits    ; 22 LEs        ; 20 LEs               ; 2 LEs                  ; Yes        ; |css_phy_tx_top_wrapper|css_phy_tx_top:u_css_phy_tx_top|form_ppdu:u_form_ppdu|q_fifo[1091]                                                                                                                       ;
; 17:1               ; 2 bits    ; 22 LEs        ; 20 LEs               ; 2 LEs                  ; Yes        ; |css_phy_tx_top_wrapper|css_phy_tx_top:u_css_phy_tx_top|form_ppdu:u_form_ppdu|q_fifo[1090]                                                                                                                       ;
; 17:1               ; 2 bits    ; 22 LEs        ; 20 LEs               ; 2 LEs                  ; Yes        ; |css_phy_tx_top_wrapper|css_phy_tx_top:u_css_phy_tx_top|form_ppdu:u_form_ppdu|q_fifo[1089]                                                                                                                       ;
; 17:1               ; 2 bits    ; 22 LEs        ; 20 LEs               ; 2 LEs                  ; Yes        ; |css_phy_tx_top_wrapper|css_phy_tx_top:u_css_phy_tx_top|form_ppdu:u_form_ppdu|q_fifo[1088]                                                                                                                       ;
; 17:1               ; 2 bits    ; 22 LEs        ; 20 LEs               ; 2 LEs                  ; Yes        ; |css_phy_tx_top_wrapper|css_phy_tx_top:u_css_phy_tx_top|form_ppdu:u_form_ppdu|q_fifo[1087]                                                                                                                       ;
; 17:1               ; 2 bits    ; 22 LEs        ; 20 LEs               ; 2 LEs                  ; Yes        ; |css_phy_tx_top_wrapper|css_phy_tx_top:u_css_phy_tx_top|form_ppdu:u_form_ppdu|q_fifo[1086]                                                                                                                       ;
; 17:1               ; 2 bits    ; 22 LEs        ; 20 LEs               ; 2 LEs                  ; Yes        ; |css_phy_tx_top_wrapper|css_phy_tx_top:u_css_phy_tx_top|form_ppdu:u_form_ppdu|q_fifo[1085]                                                                                                                       ;
; 17:1               ; 2 bits    ; 22 LEs        ; 20 LEs               ; 2 LEs                  ; Yes        ; |css_phy_tx_top_wrapper|css_phy_tx_top:u_css_phy_tx_top|form_ppdu:u_form_ppdu|q_fifo[1084]                                                                                                                       ;
; 17:1               ; 2 bits    ; 22 LEs        ; 20 LEs               ; 2 LEs                  ; Yes        ; |css_phy_tx_top_wrapper|css_phy_tx_top:u_css_phy_tx_top|form_ppdu:u_form_ppdu|q_fifo[1083]                                                                                                                       ;
; 17:1               ; 2 bits    ; 22 LEs        ; 20 LEs               ; 2 LEs                  ; Yes        ; |css_phy_tx_top_wrapper|css_phy_tx_top:u_css_phy_tx_top|form_ppdu:u_form_ppdu|q_fifo[1082]                                                                                                                       ;
; 17:1               ; 2 bits    ; 22 LEs        ; 20 LEs               ; 2 LEs                  ; Yes        ; |css_phy_tx_top_wrapper|css_phy_tx_top:u_css_phy_tx_top|form_ppdu:u_form_ppdu|q_fifo[1081]                                                                                                                       ;
; 17:1               ; 2 bits    ; 22 LEs        ; 20 LEs               ; 2 LEs                  ; Yes        ; |css_phy_tx_top_wrapper|css_phy_tx_top:u_css_phy_tx_top|form_ppdu:u_form_ppdu|q_fifo[1080]                                                                                                                       ;
; 17:1               ; 2 bits    ; 22 LEs        ; 20 LEs               ; 2 LEs                  ; Yes        ; |css_phy_tx_top_wrapper|css_phy_tx_top:u_css_phy_tx_top|form_ppdu:u_form_ppdu|q_fifo[1079]                                                                                                                       ;
; 17:1               ; 2 bits    ; 22 LEs        ; 20 LEs               ; 2 LEs                  ; Yes        ; |css_phy_tx_top_wrapper|css_phy_tx_top:u_css_phy_tx_top|form_ppdu:u_form_ppdu|q_fifo[1078]                                                                                                                       ;
; 17:1               ; 2 bits    ; 22 LEs        ; 20 LEs               ; 2 LEs                  ; Yes        ; |css_phy_tx_top_wrapper|css_phy_tx_top:u_css_phy_tx_top|form_ppdu:u_form_ppdu|q_fifo[1077]                                                                                                                       ;
; 17:1               ; 2 bits    ; 22 LEs        ; 20 LEs               ; 2 LEs                  ; Yes        ; |css_phy_tx_top_wrapper|css_phy_tx_top:u_css_phy_tx_top|form_ppdu:u_form_ppdu|q_fifo[1076]                                                                                                                       ;
; 17:1               ; 2 bits    ; 22 LEs        ; 20 LEs               ; 2 LEs                  ; Yes        ; |css_phy_tx_top_wrapper|css_phy_tx_top:u_css_phy_tx_top|form_ppdu:u_form_ppdu|q_fifo[1075]                                                                                                                       ;
; 17:1               ; 2 bits    ; 22 LEs        ; 20 LEs               ; 2 LEs                  ; Yes        ; |css_phy_tx_top_wrapper|css_phy_tx_top:u_css_phy_tx_top|form_ppdu:u_form_ppdu|i_fifo[1074]                                                                                                                       ;
; 17:1               ; 2 bits    ; 22 LEs        ; 20 LEs               ; 2 LEs                  ; Yes        ; |css_phy_tx_top_wrapper|css_phy_tx_top:u_css_phy_tx_top|form_ppdu:u_form_ppdu|i_fifo[1073]                                                                                                                       ;
; 17:1               ; 2 bits    ; 22 LEs        ; 20 LEs               ; 2 LEs                  ; Yes        ; |css_phy_tx_top_wrapper|css_phy_tx_top:u_css_phy_tx_top|form_ppdu:u_form_ppdu|q_fifo[1072]                                                                                                                       ;
; 17:1               ; 2 bits    ; 22 LEs        ; 20 LEs               ; 2 LEs                  ; Yes        ; |css_phy_tx_top_wrapper|css_phy_tx_top:u_css_phy_tx_top|form_ppdu:u_form_ppdu|q_fifo[1071]                                                                                                                       ;
; 17:1               ; 2 bits    ; 22 LEs        ; 20 LEs               ; 2 LEs                  ; Yes        ; |css_phy_tx_top_wrapper|css_phy_tx_top:u_css_phy_tx_top|form_ppdu:u_form_ppdu|q_fifo[1070]                                                                                                                       ;
; 17:1               ; 2 bits    ; 22 LEs        ; 20 LEs               ; 2 LEs                  ; Yes        ; |css_phy_tx_top_wrapper|css_phy_tx_top:u_css_phy_tx_top|form_ppdu:u_form_ppdu|q_fifo[1069]                                                                                                                       ;
; 17:1               ; 2 bits    ; 22 LEs        ; 20 LEs               ; 2 LEs                  ; Yes        ; |css_phy_tx_top_wrapper|css_phy_tx_top:u_css_phy_tx_top|form_ppdu:u_form_ppdu|q_fifo[1068]                                                                                                                       ;
; 17:1               ; 2 bits    ; 22 LEs        ; 20 LEs               ; 2 LEs                  ; Yes        ; |css_phy_tx_top_wrapper|css_phy_tx_top:u_css_phy_tx_top|form_ppdu:u_form_ppdu|q_fifo[1067]                                                                                                                       ;
; 17:1               ; 2 bits    ; 22 LEs        ; 20 LEs               ; 2 LEs                  ; Yes        ; |css_phy_tx_top_wrapper|css_phy_tx_top:u_css_phy_tx_top|form_ppdu:u_form_ppdu|q_fifo[1066]                                                                                                                       ;
; 17:1               ; 2 bits    ; 22 LEs        ; 20 LEs               ; 2 LEs                  ; Yes        ; |css_phy_tx_top_wrapper|css_phy_tx_top:u_css_phy_tx_top|form_ppdu:u_form_ppdu|q_fifo[1065]                                                                                                                       ;
; 17:1               ; 2 bits    ; 22 LEs        ; 20 LEs               ; 2 LEs                  ; Yes        ; |css_phy_tx_top_wrapper|css_phy_tx_top:u_css_phy_tx_top|form_ppdu:u_form_ppdu|q_fifo[1064]                                                                                                                       ;
; 17:1               ; 2 bits    ; 22 LEs        ; 20 LEs               ; 2 LEs                  ; Yes        ; |css_phy_tx_top_wrapper|css_phy_tx_top:u_css_phy_tx_top|form_ppdu:u_form_ppdu|q_fifo[1063]                                                                                                                       ;
; 17:1               ; 2 bits    ; 22 LEs        ; 20 LEs               ; 2 LEs                  ; Yes        ; |css_phy_tx_top_wrapper|css_phy_tx_top:u_css_phy_tx_top|form_ppdu:u_form_ppdu|q_fifo[1062]                                                                                                                       ;
; 17:1               ; 2 bits    ; 22 LEs        ; 20 LEs               ; 2 LEs                  ; Yes        ; |css_phy_tx_top_wrapper|css_phy_tx_top:u_css_phy_tx_top|form_ppdu:u_form_ppdu|q_fifo[1061]                                                                                                                       ;
; 17:1               ; 2 bits    ; 22 LEs        ; 20 LEs               ; 2 LEs                  ; Yes        ; |css_phy_tx_top_wrapper|css_phy_tx_top:u_css_phy_tx_top|form_ppdu:u_form_ppdu|q_fifo[1060]                                                                                                                       ;
; 17:1               ; 2 bits    ; 22 LEs        ; 20 LEs               ; 2 LEs                  ; Yes        ; |css_phy_tx_top_wrapper|css_phy_tx_top:u_css_phy_tx_top|form_ppdu:u_form_ppdu|q_fifo[1059]                                                                                                                       ;
; 17:1               ; 2 bits    ; 22 LEs        ; 20 LEs               ; 2 LEs                  ; Yes        ; |css_phy_tx_top_wrapper|css_phy_tx_top:u_css_phy_tx_top|form_ppdu:u_form_ppdu|q_fifo[1058]                                                                                                                       ;
; 17:1               ; 2 bits    ; 22 LEs        ; 20 LEs               ; 2 LEs                  ; Yes        ; |css_phy_tx_top_wrapper|css_phy_tx_top:u_css_phy_tx_top|form_ppdu:u_form_ppdu|q_fifo[1057]                                                                                                                       ;
; 17:1               ; 2 bits    ; 22 LEs        ; 20 LEs               ; 2 LEs                  ; Yes        ; |css_phy_tx_top_wrapper|css_phy_tx_top:u_css_phy_tx_top|form_ppdu:u_form_ppdu|q_fifo[1056]                                                                                                                       ;
; 17:1               ; 2 bits    ; 22 LEs        ; 20 LEs               ; 2 LEs                  ; Yes        ; |css_phy_tx_top_wrapper|css_phy_tx_top:u_css_phy_tx_top|form_ppdu:u_form_ppdu|q_fifo[1055]                                                                                                                       ;
; 17:1               ; 2 bits    ; 22 LEs        ; 20 LEs               ; 2 LEs                  ; Yes        ; |css_phy_tx_top_wrapper|css_phy_tx_top:u_css_phy_tx_top|form_ppdu:u_form_ppdu|q_fifo[1054]                                                                                                                       ;
; 17:1               ; 2 bits    ; 22 LEs        ; 20 LEs               ; 2 LEs                  ; Yes        ; |css_phy_tx_top_wrapper|css_phy_tx_top:u_css_phy_tx_top|form_ppdu:u_form_ppdu|q_fifo[1053]                                                                                                                       ;
; 17:1               ; 2 bits    ; 22 LEs        ; 20 LEs               ; 2 LEs                  ; Yes        ; |css_phy_tx_top_wrapper|css_phy_tx_top:u_css_phy_tx_top|form_ppdu:u_form_ppdu|q_fifo[1052]                                                                                                                       ;
; 17:1               ; 2 bits    ; 22 LEs        ; 20 LEs               ; 2 LEs                  ; Yes        ; |css_phy_tx_top_wrapper|css_phy_tx_top:u_css_phy_tx_top|form_ppdu:u_form_ppdu|q_fifo[1051]                                                                                                                       ;
; 17:1               ; 2 bits    ; 22 LEs        ; 20 LEs               ; 2 LEs                  ; Yes        ; |css_phy_tx_top_wrapper|css_phy_tx_top:u_css_phy_tx_top|form_ppdu:u_form_ppdu|q_fifo[1050]                                                                                                                       ;
; 17:1               ; 2 bits    ; 22 LEs        ; 20 LEs               ; 2 LEs                  ; Yes        ; |css_phy_tx_top_wrapper|css_phy_tx_top:u_css_phy_tx_top|form_ppdu:u_form_ppdu|q_fifo[1049]                                                                                                                       ;
; 17:1               ; 2 bits    ; 22 LEs        ; 20 LEs               ; 2 LEs                  ; Yes        ; |css_phy_tx_top_wrapper|css_phy_tx_top:u_css_phy_tx_top|form_ppdu:u_form_ppdu|q_fifo[1048]                                                                                                                       ;
; 17:1               ; 2 bits    ; 22 LEs        ; 20 LEs               ; 2 LEs                  ; Yes        ; |css_phy_tx_top_wrapper|css_phy_tx_top:u_css_phy_tx_top|form_ppdu:u_form_ppdu|q_fifo[1047]                                                                                                                       ;
; 17:1               ; 2 bits    ; 22 LEs        ; 20 LEs               ; 2 LEs                  ; Yes        ; |css_phy_tx_top_wrapper|css_phy_tx_top:u_css_phy_tx_top|form_ppdu:u_form_ppdu|q_fifo[1046]                                                                                                                       ;
; 17:1               ; 2 bits    ; 22 LEs        ; 20 LEs               ; 2 LEs                  ; Yes        ; |css_phy_tx_top_wrapper|css_phy_tx_top:u_css_phy_tx_top|form_ppdu:u_form_ppdu|q_fifo[1045]                                                                                                                       ;
; 17:1               ; 2 bits    ; 22 LEs        ; 20 LEs               ; 2 LEs                  ; Yes        ; |css_phy_tx_top_wrapper|css_phy_tx_top:u_css_phy_tx_top|form_ppdu:u_form_ppdu|q_fifo[1044]                                                                                                                       ;
; 17:1               ; 2 bits    ; 22 LEs        ; 20 LEs               ; 2 LEs                  ; Yes        ; |css_phy_tx_top_wrapper|css_phy_tx_top:u_css_phy_tx_top|form_ppdu:u_form_ppdu|q_fifo[1043]                                                                                                                       ;
; 17:1               ; 2 bits    ; 22 LEs        ; 20 LEs               ; 2 LEs                  ; Yes        ; |css_phy_tx_top_wrapper|css_phy_tx_top:u_css_phy_tx_top|form_ppdu:u_form_ppdu|q_fifo[1042]                                                                                                                       ;
; 17:1               ; 2 bits    ; 22 LEs        ; 20 LEs               ; 2 LEs                  ; Yes        ; |css_phy_tx_top_wrapper|css_phy_tx_top:u_css_phy_tx_top|form_ppdu:u_form_ppdu|q_fifo[1041]                                                                                                                       ;
; 17:1               ; 2 bits    ; 22 LEs        ; 20 LEs               ; 2 LEs                  ; Yes        ; |css_phy_tx_top_wrapper|css_phy_tx_top:u_css_phy_tx_top|form_ppdu:u_form_ppdu|q_fifo[1040]                                                                                                                       ;
; 17:1               ; 2 bits    ; 22 LEs        ; 20 LEs               ; 2 LEs                  ; Yes        ; |css_phy_tx_top_wrapper|css_phy_tx_top:u_css_phy_tx_top|form_ppdu:u_form_ppdu|q_fifo[1039]                                                                                                                       ;
; 17:1               ; 2 bits    ; 22 LEs        ; 20 LEs               ; 2 LEs                  ; Yes        ; |css_phy_tx_top_wrapper|css_phy_tx_top:u_css_phy_tx_top|form_ppdu:u_form_ppdu|q_fifo[1038]                                                                                                                       ;
; 17:1               ; 2 bits    ; 22 LEs        ; 20 LEs               ; 2 LEs                  ; Yes        ; |css_phy_tx_top_wrapper|css_phy_tx_top:u_css_phy_tx_top|form_ppdu:u_form_ppdu|q_fifo[1037]                                                                                                                       ;
; 17:1               ; 2 bits    ; 22 LEs        ; 20 LEs               ; 2 LEs                  ; Yes        ; |css_phy_tx_top_wrapper|css_phy_tx_top:u_css_phy_tx_top|form_ppdu:u_form_ppdu|q_fifo[1036]                                                                                                                       ;
; 17:1               ; 2 bits    ; 22 LEs        ; 20 LEs               ; 2 LEs                  ; Yes        ; |css_phy_tx_top_wrapper|css_phy_tx_top:u_css_phy_tx_top|form_ppdu:u_form_ppdu|q_fifo[1035]                                                                                                                       ;
; 17:1               ; 2 bits    ; 22 LEs        ; 20 LEs               ; 2 LEs                  ; Yes        ; |css_phy_tx_top_wrapper|css_phy_tx_top:u_css_phy_tx_top|form_ppdu:u_form_ppdu|q_fifo[1034]                                                                                                                       ;
; 17:1               ; 2 bits    ; 22 LEs        ; 20 LEs               ; 2 LEs                  ; Yes        ; |css_phy_tx_top_wrapper|css_phy_tx_top:u_css_phy_tx_top|form_ppdu:u_form_ppdu|q_fifo[1033]                                                                                                                       ;
; 17:1               ; 2 bits    ; 22 LEs        ; 20 LEs               ; 2 LEs                  ; Yes        ; |css_phy_tx_top_wrapper|css_phy_tx_top:u_css_phy_tx_top|form_ppdu:u_form_ppdu|q_fifo[1032]                                                                                                                       ;
; 17:1               ; 2 bits    ; 22 LEs        ; 20 LEs               ; 2 LEs                  ; Yes        ; |css_phy_tx_top_wrapper|css_phy_tx_top:u_css_phy_tx_top|form_ppdu:u_form_ppdu|q_fifo[1031]                                                                                                                       ;
; 17:1               ; 2 bits    ; 22 LEs        ; 20 LEs               ; 2 LEs                  ; Yes        ; |css_phy_tx_top_wrapper|css_phy_tx_top:u_css_phy_tx_top|form_ppdu:u_form_ppdu|i_fifo[1030]                                                                                                                       ;
; 17:1               ; 2 bits    ; 22 LEs        ; 20 LEs               ; 2 LEs                  ; Yes        ; |css_phy_tx_top_wrapper|css_phy_tx_top:u_css_phy_tx_top|form_ppdu:u_form_ppdu|q_fifo[1029]                                                                                                                       ;
; 17:1               ; 2 bits    ; 22 LEs        ; 20 LEs               ; 2 LEs                  ; Yes        ; |css_phy_tx_top_wrapper|css_phy_tx_top:u_css_phy_tx_top|form_ppdu:u_form_ppdu|i_fifo[1028]                                                                                                                       ;
; 17:1               ; 2 bits    ; 22 LEs        ; 20 LEs               ; 2 LEs                  ; Yes        ; |css_phy_tx_top_wrapper|css_phy_tx_top:u_css_phy_tx_top|form_ppdu:u_form_ppdu|i_fifo[1027]                                                                                                                       ;
; 17:1               ; 2 bits    ; 22 LEs        ; 20 LEs               ; 2 LEs                  ; Yes        ; |css_phy_tx_top_wrapper|css_phy_tx_top:u_css_phy_tx_top|form_ppdu:u_form_ppdu|i_fifo[1026]                                                                                                                       ;
; 17:1               ; 2 bits    ; 22 LEs        ; 20 LEs               ; 2 LEs                  ; Yes        ; |css_phy_tx_top_wrapper|css_phy_tx_top:u_css_phy_tx_top|form_ppdu:u_form_ppdu|i_fifo[1025]                                                                                                                       ;
; 17:1               ; 2 bits    ; 22 LEs        ; 20 LEs               ; 2 LEs                  ; Yes        ; |css_phy_tx_top_wrapper|css_phy_tx_top:u_css_phy_tx_top|form_ppdu:u_form_ppdu|q_fifo[1024]                                                                                                                       ;
; 17:1               ; 2 bits    ; 22 LEs        ; 20 LEs               ; 2 LEs                  ; Yes        ; |css_phy_tx_top_wrapper|css_phy_tx_top:u_css_phy_tx_top|form_ppdu:u_form_ppdu|q_fifo[1023]                                                                                                                       ;
; 17:1               ; 2 bits    ; 22 LEs        ; 20 LEs               ; 2 LEs                  ; Yes        ; |css_phy_tx_top_wrapper|css_phy_tx_top:u_css_phy_tx_top|form_ppdu:u_form_ppdu|q_fifo[1022]                                                                                                                       ;
; 17:1               ; 2 bits    ; 22 LEs        ; 20 LEs               ; 2 LEs                  ; Yes        ; |css_phy_tx_top_wrapper|css_phy_tx_top:u_css_phy_tx_top|form_ppdu:u_form_ppdu|q_fifo[1021]                                                                                                                       ;
; 17:1               ; 2 bits    ; 22 LEs        ; 20 LEs               ; 2 LEs                  ; Yes        ; |css_phy_tx_top_wrapper|css_phy_tx_top:u_css_phy_tx_top|form_ppdu:u_form_ppdu|q_fifo[1020]                                                                                                                       ;
; 17:1               ; 2 bits    ; 22 LEs        ; 20 LEs               ; 2 LEs                  ; Yes        ; |css_phy_tx_top_wrapper|css_phy_tx_top:u_css_phy_tx_top|form_ppdu:u_form_ppdu|q_fifo[1019]                                                                                                                       ;
; 17:1               ; 2 bits    ; 22 LEs        ; 20 LEs               ; 2 LEs                  ; Yes        ; |css_phy_tx_top_wrapper|css_phy_tx_top:u_css_phy_tx_top|form_ppdu:u_form_ppdu|q_fifo[1018]                                                                                                                       ;
; 17:1               ; 2 bits    ; 22 LEs        ; 20 LEs               ; 2 LEs                  ; Yes        ; |css_phy_tx_top_wrapper|css_phy_tx_top:u_css_phy_tx_top|form_ppdu:u_form_ppdu|q_fifo[1017]                                                                                                                       ;
; 17:1               ; 2 bits    ; 22 LEs        ; 20 LEs               ; 2 LEs                  ; Yes        ; |css_phy_tx_top_wrapper|css_phy_tx_top:u_css_phy_tx_top|form_ppdu:u_form_ppdu|q_fifo[1016]                                                                                                                       ;
; 17:1               ; 2 bits    ; 22 LEs        ; 20 LEs               ; 2 LEs                  ; Yes        ; |css_phy_tx_top_wrapper|css_phy_tx_top:u_css_phy_tx_top|form_ppdu:u_form_ppdu|q_fifo[1015]                                                                                                                       ;
; 17:1               ; 2 bits    ; 22 LEs        ; 20 LEs               ; 2 LEs                  ; Yes        ; |css_phy_tx_top_wrapper|css_phy_tx_top:u_css_phy_tx_top|form_ppdu:u_form_ppdu|q_fifo[1014]                                                                                                                       ;
; 17:1               ; 2 bits    ; 22 LEs        ; 20 LEs               ; 2 LEs                  ; Yes        ; |css_phy_tx_top_wrapper|css_phy_tx_top:u_css_phy_tx_top|form_ppdu:u_form_ppdu|q_fifo[1013]                                                                                                                       ;
; 17:1               ; 2 bits    ; 22 LEs        ; 20 LEs               ; 2 LEs                  ; Yes        ; |css_phy_tx_top_wrapper|css_phy_tx_top:u_css_phy_tx_top|form_ppdu:u_form_ppdu|q_fifo[1012]                                                                                                                       ;
; 17:1               ; 2 bits    ; 22 LEs        ; 20 LEs               ; 2 LEs                  ; Yes        ; |css_phy_tx_top_wrapper|css_phy_tx_top:u_css_phy_tx_top|form_ppdu:u_form_ppdu|q_fifo[1011]                                                                                                                       ;
; 17:1               ; 2 bits    ; 22 LEs        ; 20 LEs               ; 2 LEs                  ; Yes        ; |css_phy_tx_top_wrapper|css_phy_tx_top:u_css_phy_tx_top|form_ppdu:u_form_ppdu|q_fifo[1010]                                                                                                                       ;
; 17:1               ; 2 bits    ; 22 LEs        ; 20 LEs               ; 2 LEs                  ; Yes        ; |css_phy_tx_top_wrapper|css_phy_tx_top:u_css_phy_tx_top|form_ppdu:u_form_ppdu|q_fifo[1009]                                                                                                                       ;
; 17:1               ; 2 bits    ; 22 LEs        ; 20 LEs               ; 2 LEs                  ; Yes        ; |css_phy_tx_top_wrapper|css_phy_tx_top:u_css_phy_tx_top|form_ppdu:u_form_ppdu|q_fifo[1008]                                                                                                                       ;
; 17:1               ; 2 bits    ; 22 LEs        ; 20 LEs               ; 2 LEs                  ; Yes        ; |css_phy_tx_top_wrapper|css_phy_tx_top:u_css_phy_tx_top|form_ppdu:u_form_ppdu|i_fifo[1007]                                                                                                                       ;
; 17:1               ; 2 bits    ; 22 LEs        ; 20 LEs               ; 2 LEs                  ; Yes        ; |css_phy_tx_top_wrapper|css_phy_tx_top:u_css_phy_tx_top|form_ppdu:u_form_ppdu|q_fifo[1006]                                                                                                                       ;
; 17:1               ; 2 bits    ; 22 LEs        ; 20 LEs               ; 2 LEs                  ; Yes        ; |css_phy_tx_top_wrapper|css_phy_tx_top:u_css_phy_tx_top|form_ppdu:u_form_ppdu|q_fifo[1005]                                                                                                                       ;
; 17:1               ; 2 bits    ; 22 LEs        ; 20 LEs               ; 2 LEs                  ; Yes        ; |css_phy_tx_top_wrapper|css_phy_tx_top:u_css_phy_tx_top|form_ppdu:u_form_ppdu|q_fifo[1004]                                                                                                                       ;
; 17:1               ; 2 bits    ; 22 LEs        ; 20 LEs               ; 2 LEs                  ; Yes        ; |css_phy_tx_top_wrapper|css_phy_tx_top:u_css_phy_tx_top|form_ppdu:u_form_ppdu|q_fifo[1003]                                                                                                                       ;
; 17:1               ; 2 bits    ; 22 LEs        ; 20 LEs               ; 2 LEs                  ; Yes        ; |css_phy_tx_top_wrapper|css_phy_tx_top:u_css_phy_tx_top|form_ppdu:u_form_ppdu|i_fifo[1002]                                                                                                                       ;
; 17:1               ; 2 bits    ; 22 LEs        ; 20 LEs               ; 2 LEs                  ; Yes        ; |css_phy_tx_top_wrapper|css_phy_tx_top:u_css_phy_tx_top|form_ppdu:u_form_ppdu|q_fifo[1001]                                                                                                                       ;
; 17:1               ; 2 bits    ; 22 LEs        ; 20 LEs               ; 2 LEs                  ; Yes        ; |css_phy_tx_top_wrapper|css_phy_tx_top:u_css_phy_tx_top|form_ppdu:u_form_ppdu|q_fifo[1000]                                                                                                                       ;
; 17:1               ; 2 bits    ; 22 LEs        ; 20 LEs               ; 2 LEs                  ; Yes        ; |css_phy_tx_top_wrapper|css_phy_tx_top:u_css_phy_tx_top|form_ppdu:u_form_ppdu|q_fifo[999]                                                                                                                        ;
; 17:1               ; 2 bits    ; 22 LEs        ; 20 LEs               ; 2 LEs                  ; Yes        ; |css_phy_tx_top_wrapper|css_phy_tx_top:u_css_phy_tx_top|form_ppdu:u_form_ppdu|q_fifo[998]                                                                                                                        ;
; 17:1               ; 2 bits    ; 22 LEs        ; 20 LEs               ; 2 LEs                  ; Yes        ; |css_phy_tx_top_wrapper|css_phy_tx_top:u_css_phy_tx_top|form_ppdu:u_form_ppdu|q_fifo[997]                                                                                                                        ;
; 17:1               ; 2 bits    ; 22 LEs        ; 20 LEs               ; 2 LEs                  ; Yes        ; |css_phy_tx_top_wrapper|css_phy_tx_top:u_css_phy_tx_top|form_ppdu:u_form_ppdu|q_fifo[996]                                                                                                                        ;
; 17:1               ; 2 bits    ; 22 LEs        ; 20 LEs               ; 2 LEs                  ; Yes        ; |css_phy_tx_top_wrapper|css_phy_tx_top:u_css_phy_tx_top|form_ppdu:u_form_ppdu|q_fifo[995]                                                                                                                        ;
; 17:1               ; 2 bits    ; 22 LEs        ; 20 LEs               ; 2 LEs                  ; Yes        ; |css_phy_tx_top_wrapper|css_phy_tx_top:u_css_phy_tx_top|form_ppdu:u_form_ppdu|q_fifo[994]                                                                                                                        ;
; 17:1               ; 2 bits    ; 22 LEs        ; 20 LEs               ; 2 LEs                  ; Yes        ; |css_phy_tx_top_wrapper|css_phy_tx_top:u_css_phy_tx_top|form_ppdu:u_form_ppdu|q_fifo[993]                                                                                                                        ;
; 17:1               ; 2 bits    ; 22 LEs        ; 20 LEs               ; 2 LEs                  ; Yes        ; |css_phy_tx_top_wrapper|css_phy_tx_top:u_css_phy_tx_top|form_ppdu:u_form_ppdu|q_fifo[992]                                                                                                                        ;
; 17:1               ; 2 bits    ; 22 LEs        ; 20 LEs               ; 2 LEs                  ; Yes        ; |css_phy_tx_top_wrapper|css_phy_tx_top:u_css_phy_tx_top|form_ppdu:u_form_ppdu|q_fifo[991]                                                                                                                        ;
; 17:1               ; 2 bits    ; 22 LEs        ; 20 LEs               ; 2 LEs                  ; Yes        ; |css_phy_tx_top_wrapper|css_phy_tx_top:u_css_phy_tx_top|form_ppdu:u_form_ppdu|q_fifo[990]                                                                                                                        ;
; 17:1               ; 2 bits    ; 22 LEs        ; 20 LEs               ; 2 LEs                  ; Yes        ; |css_phy_tx_top_wrapper|css_phy_tx_top:u_css_phy_tx_top|form_ppdu:u_form_ppdu|q_fifo[989]                                                                                                                        ;
; 17:1               ; 2 bits    ; 22 LEs        ; 20 LEs               ; 2 LEs                  ; Yes        ; |css_phy_tx_top_wrapper|css_phy_tx_top:u_css_phy_tx_top|form_ppdu:u_form_ppdu|q_fifo[988]                                                                                                                        ;
; 17:1               ; 2 bits    ; 22 LEs        ; 20 LEs               ; 2 LEs                  ; Yes        ; |css_phy_tx_top_wrapper|css_phy_tx_top:u_css_phy_tx_top|form_ppdu:u_form_ppdu|q_fifo[987]                                                                                                                        ;
; 17:1               ; 2 bits    ; 22 LEs        ; 20 LEs               ; 2 LEs                  ; Yes        ; |css_phy_tx_top_wrapper|css_phy_tx_top:u_css_phy_tx_top|form_ppdu:u_form_ppdu|q_fifo[986]                                                                                                                        ;
; 17:1               ; 2 bits    ; 22 LEs        ; 20 LEs               ; 2 LEs                  ; Yes        ; |css_phy_tx_top_wrapper|css_phy_tx_top:u_css_phy_tx_top|form_ppdu:u_form_ppdu|q_fifo[985]                                                                                                                        ;
; 17:1               ; 2 bits    ; 22 LEs        ; 20 LEs               ; 2 LEs                  ; Yes        ; |css_phy_tx_top_wrapper|css_phy_tx_top:u_css_phy_tx_top|form_ppdu:u_form_ppdu|q_fifo[984]                                                                                                                        ;
; 17:1               ; 2 bits    ; 22 LEs        ; 20 LEs               ; 2 LEs                  ; Yes        ; |css_phy_tx_top_wrapper|css_phy_tx_top:u_css_phy_tx_top|form_ppdu:u_form_ppdu|q_fifo[983]                                                                                                                        ;
; 17:1               ; 2 bits    ; 22 LEs        ; 20 LEs               ; 2 LEs                  ; Yes        ; |css_phy_tx_top_wrapper|css_phy_tx_top:u_css_phy_tx_top|form_ppdu:u_form_ppdu|q_fifo[982]                                                                                                                        ;
; 17:1               ; 2 bits    ; 22 LEs        ; 20 LEs               ; 2 LEs                  ; Yes        ; |css_phy_tx_top_wrapper|css_phy_tx_top:u_css_phy_tx_top|form_ppdu:u_form_ppdu|q_fifo[981]                                                                                                                        ;
; 17:1               ; 2 bits    ; 22 LEs        ; 20 LEs               ; 2 LEs                  ; Yes        ; |css_phy_tx_top_wrapper|css_phy_tx_top:u_css_phy_tx_top|form_ppdu:u_form_ppdu|q_fifo[980]                                                                                                                        ;
; 17:1               ; 2 bits    ; 22 LEs        ; 20 LEs               ; 2 LEs                  ; Yes        ; |css_phy_tx_top_wrapper|css_phy_tx_top:u_css_phy_tx_top|form_ppdu:u_form_ppdu|q_fifo[979]                                                                                                                        ;
; 17:1               ; 2 bits    ; 22 LEs        ; 20 LEs               ; 2 LEs                  ; Yes        ; |css_phy_tx_top_wrapper|css_phy_tx_top:u_css_phy_tx_top|form_ppdu:u_form_ppdu|q_fifo[978]                                                                                                                        ;
; 17:1               ; 2 bits    ; 22 LEs        ; 20 LEs               ; 2 LEs                  ; Yes        ; |css_phy_tx_top_wrapper|css_phy_tx_top:u_css_phy_tx_top|form_ppdu:u_form_ppdu|q_fifo[977]                                                                                                                        ;
; 17:1               ; 2 bits    ; 22 LEs        ; 20 LEs               ; 2 LEs                  ; Yes        ; |css_phy_tx_top_wrapper|css_phy_tx_top:u_css_phy_tx_top|form_ppdu:u_form_ppdu|q_fifo[976]                                                                                                                        ;
; 17:1               ; 2 bits    ; 22 LEs        ; 20 LEs               ; 2 LEs                  ; Yes        ; |css_phy_tx_top_wrapper|css_phy_tx_top:u_css_phy_tx_top|form_ppdu:u_form_ppdu|q_fifo[975]                                                                                                                        ;
; 17:1               ; 2 bits    ; 22 LEs        ; 20 LEs               ; 2 LEs                  ; Yes        ; |css_phy_tx_top_wrapper|css_phy_tx_top:u_css_phy_tx_top|form_ppdu:u_form_ppdu|q_fifo[974]                                                                                                                        ;
; 17:1               ; 2 bits    ; 22 LEs        ; 20 LEs               ; 2 LEs                  ; Yes        ; |css_phy_tx_top_wrapper|css_phy_tx_top:u_css_phy_tx_top|form_ppdu:u_form_ppdu|q_fifo[973]                                                                                                                        ;
; 17:1               ; 2 bits    ; 22 LEs        ; 20 LEs               ; 2 LEs                  ; Yes        ; |css_phy_tx_top_wrapper|css_phy_tx_top:u_css_phy_tx_top|form_ppdu:u_form_ppdu|q_fifo[972]                                                                                                                        ;
; 17:1               ; 2 bits    ; 22 LEs        ; 20 LEs               ; 2 LEs                  ; Yes        ; |css_phy_tx_top_wrapper|css_phy_tx_top:u_css_phy_tx_top|form_ppdu:u_form_ppdu|q_fifo[971]                                                                                                                        ;
; 17:1               ; 2 bits    ; 22 LEs        ; 20 LEs               ; 2 LEs                  ; Yes        ; |css_phy_tx_top_wrapper|css_phy_tx_top:u_css_phy_tx_top|form_ppdu:u_form_ppdu|q_fifo[970]                                                                                                                        ;
; 17:1               ; 2 bits    ; 22 LEs        ; 20 LEs               ; 2 LEs                  ; Yes        ; |css_phy_tx_top_wrapper|css_phy_tx_top:u_css_phy_tx_top|form_ppdu:u_form_ppdu|i_fifo[969]                                                                                                                        ;
; 17:1               ; 2 bits    ; 22 LEs        ; 20 LEs               ; 2 LEs                  ; Yes        ; |css_phy_tx_top_wrapper|css_phy_tx_top:u_css_phy_tx_top|form_ppdu:u_form_ppdu|i_fifo[968]                                                                                                                        ;
; 17:1               ; 2 bits    ; 22 LEs        ; 20 LEs               ; 2 LEs                  ; Yes        ; |css_phy_tx_top_wrapper|css_phy_tx_top:u_css_phy_tx_top|form_ppdu:u_form_ppdu|q_fifo[967]                                                                                                                        ;
; 17:1               ; 2 bits    ; 22 LEs        ; 20 LEs               ; 2 LEs                  ; Yes        ; |css_phy_tx_top_wrapper|css_phy_tx_top:u_css_phy_tx_top|form_ppdu:u_form_ppdu|q_fifo[966]                                                                                                                        ;
; 17:1               ; 2 bits    ; 22 LEs        ; 20 LEs               ; 2 LEs                  ; Yes        ; |css_phy_tx_top_wrapper|css_phy_tx_top:u_css_phy_tx_top|form_ppdu:u_form_ppdu|i_fifo[965]                                                                                                                        ;
; 17:1               ; 2 bits    ; 22 LEs        ; 20 LEs               ; 2 LEs                  ; Yes        ; |css_phy_tx_top_wrapper|css_phy_tx_top:u_css_phy_tx_top|form_ppdu:u_form_ppdu|i_fifo[964]                                                                                                                        ;
; 17:1               ; 2 bits    ; 22 LEs        ; 20 LEs               ; 2 LEs                  ; Yes        ; |css_phy_tx_top_wrapper|css_phy_tx_top:u_css_phy_tx_top|form_ppdu:u_form_ppdu|i_fifo[963]                                                                                                                        ;
; 17:1               ; 2 bits    ; 22 LEs        ; 20 LEs               ; 2 LEs                  ; Yes        ; |css_phy_tx_top_wrapper|css_phy_tx_top:u_css_phy_tx_top|form_ppdu:u_form_ppdu|i_fifo[962]                                                                                                                        ;
; 17:1               ; 2 bits    ; 22 LEs        ; 20 LEs               ; 2 LEs                  ; Yes        ; |css_phy_tx_top_wrapper|css_phy_tx_top:u_css_phy_tx_top|form_ppdu:u_form_ppdu|i_fifo[961]                                                                                                                        ;
; 17:1               ; 2 bits    ; 22 LEs        ; 20 LEs               ; 2 LEs                  ; Yes        ; |css_phy_tx_top_wrapper|css_phy_tx_top:u_css_phy_tx_top|form_ppdu:u_form_ppdu|i_fifo[960]                                                                                                                        ;
; 17:1               ; 2 bits    ; 22 LEs        ; 20 LEs               ; 2 LEs                  ; Yes        ; |css_phy_tx_top_wrapper|css_phy_tx_top:u_css_phy_tx_top|form_ppdu:u_form_ppdu|i_fifo[959]                                                                                                                        ;
; 17:1               ; 2 bits    ; 22 LEs        ; 20 LEs               ; 2 LEs                  ; Yes        ; |css_phy_tx_top_wrapper|css_phy_tx_top:u_css_phy_tx_top|form_ppdu:u_form_ppdu|i_fifo[958]                                                                                                                        ;
; 17:1               ; 2 bits    ; 22 LEs        ; 20 LEs               ; 2 LEs                  ; Yes        ; |css_phy_tx_top_wrapper|css_phy_tx_top:u_css_phy_tx_top|form_ppdu:u_form_ppdu|i_fifo[957]                                                                                                                        ;
; 17:1               ; 2 bits    ; 22 LEs        ; 20 LEs               ; 2 LEs                  ; Yes        ; |css_phy_tx_top_wrapper|css_phy_tx_top:u_css_phy_tx_top|form_ppdu:u_form_ppdu|q_fifo[956]                                                                                                                        ;
; 17:1               ; 2 bits    ; 22 LEs        ; 20 LEs               ; 2 LEs                  ; Yes        ; |css_phy_tx_top_wrapper|css_phy_tx_top:u_css_phy_tx_top|form_ppdu:u_form_ppdu|q_fifo[955]                                                                                                                        ;
; 17:1               ; 2 bits    ; 22 LEs        ; 20 LEs               ; 2 LEs                  ; Yes        ; |css_phy_tx_top_wrapper|css_phy_tx_top:u_css_phy_tx_top|form_ppdu:u_form_ppdu|i_fifo[954]                                                                                                                        ;
; 17:1               ; 2 bits    ; 22 LEs        ; 20 LEs               ; 2 LEs                  ; Yes        ; |css_phy_tx_top_wrapper|css_phy_tx_top:u_css_phy_tx_top|form_ppdu:u_form_ppdu|i_fifo[953]                                                                                                                        ;
; 17:1               ; 2 bits    ; 22 LEs        ; 20 LEs               ; 2 LEs                  ; Yes        ; |css_phy_tx_top_wrapper|css_phy_tx_top:u_css_phy_tx_top|form_ppdu:u_form_ppdu|i_fifo[952]                                                                                                                        ;
; 17:1               ; 2 bits    ; 22 LEs        ; 20 LEs               ; 2 LEs                  ; Yes        ; |css_phy_tx_top_wrapper|css_phy_tx_top:u_css_phy_tx_top|form_ppdu:u_form_ppdu|q_fifo[951]                                                                                                                        ;
; 17:1               ; 2 bits    ; 22 LEs        ; 20 LEs               ; 2 LEs                  ; Yes        ; |css_phy_tx_top_wrapper|css_phy_tx_top:u_css_phy_tx_top|form_ppdu:u_form_ppdu|i_fifo[950]                                                                                                                        ;
; 17:1               ; 2 bits    ; 22 LEs        ; 20 LEs               ; 2 LEs                  ; Yes        ; |css_phy_tx_top_wrapper|css_phy_tx_top:u_css_phy_tx_top|form_ppdu:u_form_ppdu|q_fifo[949]                                                                                                                        ;
; 17:1               ; 2 bits    ; 22 LEs        ; 20 LEs               ; 2 LEs                  ; Yes        ; |css_phy_tx_top_wrapper|css_phy_tx_top:u_css_phy_tx_top|form_ppdu:u_form_ppdu|i_fifo[948]                                                                                                                        ;
; 17:1               ; 2 bits    ; 22 LEs        ; 20 LEs               ; 2 LEs                  ; Yes        ; |css_phy_tx_top_wrapper|css_phy_tx_top:u_css_phy_tx_top|form_ppdu:u_form_ppdu|q_fifo[947]                                                                                                                        ;
; 17:1               ; 2 bits    ; 22 LEs        ; 20 LEs               ; 2 LEs                  ; Yes        ; |css_phy_tx_top_wrapper|css_phy_tx_top:u_css_phy_tx_top|form_ppdu:u_form_ppdu|i_fifo[946]                                                                                                                        ;
; 17:1               ; 2 bits    ; 22 LEs        ; 20 LEs               ; 2 LEs                  ; Yes        ; |css_phy_tx_top_wrapper|css_phy_tx_top:u_css_phy_tx_top|form_ppdu:u_form_ppdu|i_fifo[945]                                                                                                                        ;
; 17:1               ; 2 bits    ; 22 LEs        ; 20 LEs               ; 2 LEs                  ; Yes        ; |css_phy_tx_top_wrapper|css_phy_tx_top:u_css_phy_tx_top|form_ppdu:u_form_ppdu|i_fifo[944]                                                                                                                        ;
; 17:1               ; 2 bits    ; 22 LEs        ; 20 LEs               ; 2 LEs                  ; Yes        ; |css_phy_tx_top_wrapper|css_phy_tx_top:u_css_phy_tx_top|form_ppdu:u_form_ppdu|i_fifo[943]                                                                                                                        ;
; 17:1               ; 2 bits    ; 22 LEs        ; 20 LEs               ; 2 LEs                  ; Yes        ; |css_phy_tx_top_wrapper|css_phy_tx_top:u_css_phy_tx_top|form_ppdu:u_form_ppdu|i_fifo[942]                                                                                                                        ;
; 17:1               ; 2 bits    ; 22 LEs        ; 20 LEs               ; 2 LEs                  ; Yes        ; |css_phy_tx_top_wrapper|css_phy_tx_top:u_css_phy_tx_top|form_ppdu:u_form_ppdu|i_fifo[941]                                                                                                                        ;
; 17:1               ; 2 bits    ; 22 LEs        ; 20 LEs               ; 2 LEs                  ; Yes        ; |css_phy_tx_top_wrapper|css_phy_tx_top:u_css_phy_tx_top|form_ppdu:u_form_ppdu|i_fifo[940]                                                                                                                        ;
; 17:1               ; 2 bits    ; 22 LEs        ; 20 LEs               ; 2 LEs                  ; Yes        ; |css_phy_tx_top_wrapper|css_phy_tx_top:u_css_phy_tx_top|form_ppdu:u_form_ppdu|i_fifo[939]                                                                                                                        ;
; 17:1               ; 2 bits    ; 22 LEs        ; 20 LEs               ; 2 LEs                  ; Yes        ; |css_phy_tx_top_wrapper|css_phy_tx_top:u_css_phy_tx_top|form_ppdu:u_form_ppdu|q_fifo[938]                                                                                                                        ;
; 17:1               ; 2 bits    ; 22 LEs        ; 20 LEs               ; 2 LEs                  ; Yes        ; |css_phy_tx_top_wrapper|css_phy_tx_top:u_css_phy_tx_top|form_ppdu:u_form_ppdu|q_fifo[937]                                                                                                                        ;
; 17:1               ; 2 bits    ; 22 LEs        ; 20 LEs               ; 2 LEs                  ; Yes        ; |css_phy_tx_top_wrapper|css_phy_tx_top:u_css_phy_tx_top|form_ppdu:u_form_ppdu|q_fifo[936]                                                                                                                        ;
; 17:1               ; 2 bits    ; 22 LEs        ; 20 LEs               ; 2 LEs                  ; Yes        ; |css_phy_tx_top_wrapper|css_phy_tx_top:u_css_phy_tx_top|form_ppdu:u_form_ppdu|q_fifo[935]                                                                                                                        ;
; 17:1               ; 2 bits    ; 22 LEs        ; 20 LEs               ; 2 LEs                  ; Yes        ; |css_phy_tx_top_wrapper|css_phy_tx_top:u_css_phy_tx_top|form_ppdu:u_form_ppdu|q_fifo[934]                                                                                                                        ;
; 17:1               ; 2 bits    ; 22 LEs        ; 20 LEs               ; 2 LEs                  ; Yes        ; |css_phy_tx_top_wrapper|css_phy_tx_top:u_css_phy_tx_top|form_ppdu:u_form_ppdu|i_fifo[933]                                                                                                                        ;
; 17:1               ; 2 bits    ; 22 LEs        ; 20 LEs               ; 2 LEs                  ; Yes        ; |css_phy_tx_top_wrapper|css_phy_tx_top:u_css_phy_tx_top|form_ppdu:u_form_ppdu|q_fifo[932]                                                                                                                        ;
; 17:1               ; 2 bits    ; 22 LEs        ; 20 LEs               ; 2 LEs                  ; Yes        ; |css_phy_tx_top_wrapper|css_phy_tx_top:u_css_phy_tx_top|form_ppdu:u_form_ppdu|i_fifo[931]                                                                                                                        ;
; 17:1               ; 2 bits    ; 22 LEs        ; 20 LEs               ; 2 LEs                  ; Yes        ; |css_phy_tx_top_wrapper|css_phy_tx_top:u_css_phy_tx_top|form_ppdu:u_form_ppdu|i_fifo[930]                                                                                                                        ;
; 17:1               ; 2 bits    ; 22 LEs        ; 20 LEs               ; 2 LEs                  ; Yes        ; |css_phy_tx_top_wrapper|css_phy_tx_top:u_css_phy_tx_top|form_ppdu:u_form_ppdu|i_fifo[929]                                                                                                                        ;
; 17:1               ; 2 bits    ; 22 LEs        ; 20 LEs               ; 2 LEs                  ; Yes        ; |css_phy_tx_top_wrapper|css_phy_tx_top:u_css_phy_tx_top|form_ppdu:u_form_ppdu|q_fifo[928]                                                                                                                        ;
; 17:1               ; 2 bits    ; 22 LEs        ; 20 LEs               ; 2 LEs                  ; Yes        ; |css_phy_tx_top_wrapper|css_phy_tx_top:u_css_phy_tx_top|form_ppdu:u_form_ppdu|q_fifo[927]                                                                                                                        ;
; 17:1               ; 2 bits    ; 22 LEs        ; 20 LEs               ; 2 LEs                  ; Yes        ; |css_phy_tx_top_wrapper|css_phy_tx_top:u_css_phy_tx_top|form_ppdu:u_form_ppdu|q_fifo[926]                                                                                                                        ;
; 17:1               ; 2 bits    ; 22 LEs        ; 20 LEs               ; 2 LEs                  ; Yes        ; |css_phy_tx_top_wrapper|css_phy_tx_top:u_css_phy_tx_top|form_ppdu:u_form_ppdu|q_fifo[925]                                                                                                                        ;
; 17:1               ; 2 bits    ; 22 LEs        ; 20 LEs               ; 2 LEs                  ; Yes        ; |css_phy_tx_top_wrapper|css_phy_tx_top:u_css_phy_tx_top|form_ppdu:u_form_ppdu|q_fifo[924]                                                                                                                        ;
; 17:1               ; 2 bits    ; 22 LEs        ; 20 LEs               ; 2 LEs                  ; Yes        ; |css_phy_tx_top_wrapper|css_phy_tx_top:u_css_phy_tx_top|form_ppdu:u_form_ppdu|q_fifo[923]                                                                                                                        ;
; 17:1               ; 2 bits    ; 22 LEs        ; 20 LEs               ; 2 LEs                  ; Yes        ; |css_phy_tx_top_wrapper|css_phy_tx_top:u_css_phy_tx_top|form_ppdu:u_form_ppdu|i_fifo[922]                                                                                                                        ;
; 17:1               ; 2 bits    ; 22 LEs        ; 20 LEs               ; 2 LEs                  ; Yes        ; |css_phy_tx_top_wrapper|css_phy_tx_top:u_css_phy_tx_top|form_ppdu:u_form_ppdu|i_fifo[921]                                                                                                                        ;
; 17:1               ; 2 bits    ; 22 LEs        ; 20 LEs               ; 2 LEs                  ; Yes        ; |css_phy_tx_top_wrapper|css_phy_tx_top:u_css_phy_tx_top|form_ppdu:u_form_ppdu|i_fifo[920]                                                                                                                        ;
; 17:1               ; 2 bits    ; 22 LEs        ; 20 LEs               ; 2 LEs                  ; Yes        ; |css_phy_tx_top_wrapper|css_phy_tx_top:u_css_phy_tx_top|form_ppdu:u_form_ppdu|i_fifo[919]                                                                                                                        ;
; 17:1               ; 2 bits    ; 22 LEs        ; 20 LEs               ; 2 LEs                  ; Yes        ; |css_phy_tx_top_wrapper|css_phy_tx_top:u_css_phy_tx_top|form_ppdu:u_form_ppdu|q_fifo[918]                                                                                                                        ;
; 17:1               ; 2 bits    ; 22 LEs        ; 20 LEs               ; 2 LEs                  ; Yes        ; |css_phy_tx_top_wrapper|css_phy_tx_top:u_css_phy_tx_top|form_ppdu:u_form_ppdu|q_fifo[917]                                                                                                                        ;
; 17:1               ; 2 bits    ; 22 LEs        ; 20 LEs               ; 2 LEs                  ; Yes        ; |css_phy_tx_top_wrapper|css_phy_tx_top:u_css_phy_tx_top|form_ppdu:u_form_ppdu|q_fifo[916]                                                                                                                        ;
; 17:1               ; 2 bits    ; 22 LEs        ; 20 LEs               ; 2 LEs                  ; Yes        ; |css_phy_tx_top_wrapper|css_phy_tx_top:u_css_phy_tx_top|form_ppdu:u_form_ppdu|q_fifo[915]                                                                                                                        ;
; 17:1               ; 2 bits    ; 22 LEs        ; 20 LEs               ; 2 LEs                  ; Yes        ; |css_phy_tx_top_wrapper|css_phy_tx_top:u_css_phy_tx_top|form_ppdu:u_form_ppdu|q_fifo[914]                                                                                                                        ;
; 17:1               ; 2 bits    ; 22 LEs        ; 20 LEs               ; 2 LEs                  ; Yes        ; |css_phy_tx_top_wrapper|css_phy_tx_top:u_css_phy_tx_top|form_ppdu:u_form_ppdu|q_fifo[913]                                                                                                                        ;
; 17:1               ; 2 bits    ; 22 LEs        ; 20 LEs               ; 2 LEs                  ; Yes        ; |css_phy_tx_top_wrapper|css_phy_tx_top:u_css_phy_tx_top|form_ppdu:u_form_ppdu|q_fifo[912]                                                                                                                        ;
; 17:1               ; 2 bits    ; 22 LEs        ; 20 LEs               ; 2 LEs                  ; Yes        ; |css_phy_tx_top_wrapper|css_phy_tx_top:u_css_phy_tx_top|form_ppdu:u_form_ppdu|q_fifo[911]                                                                                                                        ;
; 17:1               ; 2 bits    ; 22 LEs        ; 20 LEs               ; 2 LEs                  ; Yes        ; |css_phy_tx_top_wrapper|css_phy_tx_top:u_css_phy_tx_top|form_ppdu:u_form_ppdu|q_fifo[910]                                                                                                                        ;
; 17:1               ; 2 bits    ; 22 LEs        ; 20 LEs               ; 2 LEs                  ; Yes        ; |css_phy_tx_top_wrapper|css_phy_tx_top:u_css_phy_tx_top|form_ppdu:u_form_ppdu|q_fifo[909]                                                                                                                        ;
; 17:1               ; 2 bits    ; 22 LEs        ; 20 LEs               ; 2 LEs                  ; Yes        ; |css_phy_tx_top_wrapper|css_phy_tx_top:u_css_phy_tx_top|form_ppdu:u_form_ppdu|q_fifo[908]                                                                                                                        ;
; 17:1               ; 2 bits    ; 22 LEs        ; 20 LEs               ; 2 LEs                  ; Yes        ; |css_phy_tx_top_wrapper|css_phy_tx_top:u_css_phy_tx_top|form_ppdu:u_form_ppdu|q_fifo[907]                                                                                                                        ;
; 17:1               ; 2 bits    ; 22 LEs        ; 20 LEs               ; 2 LEs                  ; Yes        ; |css_phy_tx_top_wrapper|css_phy_tx_top:u_css_phy_tx_top|form_ppdu:u_form_ppdu|i_fifo[906]                                                                                                                        ;
; 17:1               ; 2 bits    ; 22 LEs        ; 20 LEs               ; 2 LEs                  ; Yes        ; |css_phy_tx_top_wrapper|css_phy_tx_top:u_css_phy_tx_top|form_ppdu:u_form_ppdu|i_fifo[905]                                                                                                                        ;
; 17:1               ; 2 bits    ; 22 LEs        ; 20 LEs               ; 2 LEs                  ; Yes        ; |css_phy_tx_top_wrapper|css_phy_tx_top:u_css_phy_tx_top|form_ppdu:u_form_ppdu|i_fifo[904]                                                                                                                        ;
; 17:1               ; 2 bits    ; 22 LEs        ; 20 LEs               ; 2 LEs                  ; Yes        ; |css_phy_tx_top_wrapper|css_phy_tx_top:u_css_phy_tx_top|form_ppdu:u_form_ppdu|i_fifo[903]                                                                                                                        ;
; 17:1               ; 2 bits    ; 22 LEs        ; 20 LEs               ; 2 LEs                  ; Yes        ; |css_phy_tx_top_wrapper|css_phy_tx_top:u_css_phy_tx_top|form_ppdu:u_form_ppdu|i_fifo[902]                                                                                                                        ;
; 17:1               ; 2 bits    ; 22 LEs        ; 20 LEs               ; 2 LEs                  ; Yes        ; |css_phy_tx_top_wrapper|css_phy_tx_top:u_css_phy_tx_top|form_ppdu:u_form_ppdu|i_fifo[901]                                                                                                                        ;
; 17:1               ; 2 bits    ; 22 LEs        ; 20 LEs               ; 2 LEs                  ; Yes        ; |css_phy_tx_top_wrapper|css_phy_tx_top:u_css_phy_tx_top|form_ppdu:u_form_ppdu|i_fifo[900]                                                                                                                        ;
; 17:1               ; 2 bits    ; 22 LEs        ; 20 LEs               ; 2 LEs                  ; Yes        ; |css_phy_tx_top_wrapper|css_phy_tx_top:u_css_phy_tx_top|form_ppdu:u_form_ppdu|i_fifo[899]                                                                                                                        ;
; 17:1               ; 2 bits    ; 22 LEs        ; 20 LEs               ; 2 LEs                  ; Yes        ; |css_phy_tx_top_wrapper|css_phy_tx_top:u_css_phy_tx_top|form_ppdu:u_form_ppdu|i_fifo[898]                                                                                                                        ;
; 17:1               ; 2 bits    ; 22 LEs        ; 20 LEs               ; 2 LEs                  ; Yes        ; |css_phy_tx_top_wrapper|css_phy_tx_top:u_css_phy_tx_top|form_ppdu:u_form_ppdu|q_fifo[897]                                                                                                                        ;
; 17:1               ; 2 bits    ; 22 LEs        ; 20 LEs               ; 2 LEs                  ; Yes        ; |css_phy_tx_top_wrapper|css_phy_tx_top:u_css_phy_tx_top|form_ppdu:u_form_ppdu|q_fifo[896]                                                                                                                        ;
; 17:1               ; 2 bits    ; 22 LEs        ; 20 LEs               ; 2 LEs                  ; Yes        ; |css_phy_tx_top_wrapper|css_phy_tx_top:u_css_phy_tx_top|form_ppdu:u_form_ppdu|q_fifo[895]                                                                                                                        ;
; 17:1               ; 2 bits    ; 22 LEs        ; 20 LEs               ; 2 LEs                  ; Yes        ; |css_phy_tx_top_wrapper|css_phy_tx_top:u_css_phy_tx_top|form_ppdu:u_form_ppdu|q_fifo[894]                                                                                                                        ;
; 17:1               ; 2 bits    ; 22 LEs        ; 20 LEs               ; 2 LEs                  ; Yes        ; |css_phy_tx_top_wrapper|css_phy_tx_top:u_css_phy_tx_top|form_ppdu:u_form_ppdu|i_fifo[893]                                                                                                                        ;
; 17:1               ; 2 bits    ; 22 LEs        ; 20 LEs               ; 2 LEs                  ; Yes        ; |css_phy_tx_top_wrapper|css_phy_tx_top:u_css_phy_tx_top|form_ppdu:u_form_ppdu|q_fifo[892]                                                                                                                        ;
; 17:1               ; 2 bits    ; 22 LEs        ; 20 LEs               ; 2 LEs                  ; Yes        ; |css_phy_tx_top_wrapper|css_phy_tx_top:u_css_phy_tx_top|form_ppdu:u_form_ppdu|i_fifo[891]                                                                                                                        ;
; 17:1               ; 2 bits    ; 22 LEs        ; 20 LEs               ; 2 LEs                  ; Yes        ; |css_phy_tx_top_wrapper|css_phy_tx_top:u_css_phy_tx_top|form_ppdu:u_form_ppdu|i_fifo[890]                                                                                                                        ;
; 17:1               ; 2 bits    ; 22 LEs        ; 20 LEs               ; 2 LEs                  ; Yes        ; |css_phy_tx_top_wrapper|css_phy_tx_top:u_css_phy_tx_top|form_ppdu:u_form_ppdu|i_fifo[889]                                                                                                                        ;
; 17:1               ; 2 bits    ; 22 LEs        ; 20 LEs               ; 2 LEs                  ; Yes        ; |css_phy_tx_top_wrapper|css_phy_tx_top:u_css_phy_tx_top|form_ppdu:u_form_ppdu|i_fifo[888]                                                                                                                        ;
; 17:1               ; 2 bits    ; 22 LEs        ; 20 LEs               ; 2 LEs                  ; Yes        ; |css_phy_tx_top_wrapper|css_phy_tx_top:u_css_phy_tx_top|form_ppdu:u_form_ppdu|i_fifo[887]                                                                                                                        ;
; 17:1               ; 2 bits    ; 22 LEs        ; 20 LEs               ; 2 LEs                  ; Yes        ; |css_phy_tx_top_wrapper|css_phy_tx_top:u_css_phy_tx_top|form_ppdu:u_form_ppdu|q_fifo[886]                                                                                                                        ;
; 17:1               ; 2 bits    ; 22 LEs        ; 20 LEs               ; 2 LEs                  ; Yes        ; |css_phy_tx_top_wrapper|css_phy_tx_top:u_css_phy_tx_top|form_ppdu:u_form_ppdu|i_fifo[885]                                                                                                                        ;
; 17:1               ; 2 bits    ; 22 LEs        ; 20 LEs               ; 2 LEs                  ; Yes        ; |css_phy_tx_top_wrapper|css_phy_tx_top:u_css_phy_tx_top|form_ppdu:u_form_ppdu|q_fifo[884]                                                                                                                        ;
; 17:1               ; 2 bits    ; 22 LEs        ; 20 LEs               ; 2 LEs                  ; Yes        ; |css_phy_tx_top_wrapper|css_phy_tx_top:u_css_phy_tx_top|form_ppdu:u_form_ppdu|q_fifo[883]                                                                                                                        ;
; 17:1               ; 2 bits    ; 22 LEs        ; 20 LEs               ; 2 LEs                  ; Yes        ; |css_phy_tx_top_wrapper|css_phy_tx_top:u_css_phy_tx_top|form_ppdu:u_form_ppdu|q_fifo[882]                                                                                                                        ;
; 17:1               ; 2 bits    ; 22 LEs        ; 20 LEs               ; 2 LEs                  ; Yes        ; |css_phy_tx_top_wrapper|css_phy_tx_top:u_css_phy_tx_top|form_ppdu:u_form_ppdu|i_fifo[881]                                                                                                                        ;
; 17:1               ; 2 bits    ; 22 LEs        ; 20 LEs               ; 2 LEs                  ; Yes        ; |css_phy_tx_top_wrapper|css_phy_tx_top:u_css_phy_tx_top|form_ppdu:u_form_ppdu|q_fifo[880]                                                                                                                        ;
; 17:1               ; 2 bits    ; 22 LEs        ; 20 LEs               ; 2 LEs                  ; Yes        ; |css_phy_tx_top_wrapper|css_phy_tx_top:u_css_phy_tx_top|form_ppdu:u_form_ppdu|q_fifo[879]                                                                                                                        ;
; 17:1               ; 2 bits    ; 22 LEs        ; 20 LEs               ; 2 LEs                  ; Yes        ; |css_phy_tx_top_wrapper|css_phy_tx_top:u_css_phy_tx_top|form_ppdu:u_form_ppdu|i_fifo[878]                                                                                                                        ;
; 17:1               ; 2 bits    ; 22 LEs        ; 20 LEs               ; 2 LEs                  ; Yes        ; |css_phy_tx_top_wrapper|css_phy_tx_top:u_css_phy_tx_top|form_ppdu:u_form_ppdu|i_fifo[877]                                                                                                                        ;
; 17:1               ; 2 bits    ; 22 LEs        ; 20 LEs               ; 2 LEs                  ; Yes        ; |css_phy_tx_top_wrapper|css_phy_tx_top:u_css_phy_tx_top|form_ppdu:u_form_ppdu|q_fifo[876]                                                                                                                        ;
; 17:1               ; 2 bits    ; 22 LEs        ; 20 LEs               ; 2 LEs                  ; Yes        ; |css_phy_tx_top_wrapper|css_phy_tx_top:u_css_phy_tx_top|form_ppdu:u_form_ppdu|q_fifo[875]                                                                                                                        ;
; 17:1               ; 2 bits    ; 22 LEs        ; 20 LEs               ; 2 LEs                  ; Yes        ; |css_phy_tx_top_wrapper|css_phy_tx_top:u_css_phy_tx_top|form_ppdu:u_form_ppdu|q_fifo[874]                                                                                                                        ;
; 17:1               ; 2 bits    ; 22 LEs        ; 20 LEs               ; 2 LEs                  ; Yes        ; |css_phy_tx_top_wrapper|css_phy_tx_top:u_css_phy_tx_top|form_ppdu:u_form_ppdu|q_fifo[873]                                                                                                                        ;
; 17:1               ; 2 bits    ; 22 LEs        ; 20 LEs               ; 2 LEs                  ; Yes        ; |css_phy_tx_top_wrapper|css_phy_tx_top:u_css_phy_tx_top|form_ppdu:u_form_ppdu|q_fifo[872]                                                                                                                        ;
; 17:1               ; 2 bits    ; 22 LEs        ; 20 LEs               ; 2 LEs                  ; Yes        ; |css_phy_tx_top_wrapper|css_phy_tx_top:u_css_phy_tx_top|form_ppdu:u_form_ppdu|q_fifo[871]                                                                                                                        ;
; 17:1               ; 2 bits    ; 22 LEs        ; 20 LEs               ; 2 LEs                  ; Yes        ; |css_phy_tx_top_wrapper|css_phy_tx_top:u_css_phy_tx_top|form_ppdu:u_form_ppdu|i_fifo[870]                                                                                                                        ;
; 17:1               ; 2 bits    ; 22 LEs        ; 20 LEs               ; 2 LEs                  ; Yes        ; |css_phy_tx_top_wrapper|css_phy_tx_top:u_css_phy_tx_top|form_ppdu:u_form_ppdu|i_fifo[869]                                                                                                                        ;
; 17:1               ; 2 bits    ; 22 LEs        ; 20 LEs               ; 2 LEs                  ; Yes        ; |css_phy_tx_top_wrapper|css_phy_tx_top:u_css_phy_tx_top|form_ppdu:u_form_ppdu|q_fifo[868]                                                                                                                        ;
; 17:1               ; 2 bits    ; 22 LEs        ; 20 LEs               ; 2 LEs                  ; Yes        ; |css_phy_tx_top_wrapper|css_phy_tx_top:u_css_phy_tx_top|form_ppdu:u_form_ppdu|q_fifo[867]                                                                                                                        ;
; 17:1               ; 2 bits    ; 22 LEs        ; 20 LEs               ; 2 LEs                  ; Yes        ; |css_phy_tx_top_wrapper|css_phy_tx_top:u_css_phy_tx_top|form_ppdu:u_form_ppdu|q_fifo[866]                                                                                                                        ;
; 17:1               ; 2 bits    ; 22 LEs        ; 20 LEs               ; 2 LEs                  ; Yes        ; |css_phy_tx_top_wrapper|css_phy_tx_top:u_css_phy_tx_top|form_ppdu:u_form_ppdu|q_fifo[865]                                                                                                                        ;
; 17:1               ; 2 bits    ; 22 LEs        ; 20 LEs               ; 2 LEs                  ; Yes        ; |css_phy_tx_top_wrapper|css_phy_tx_top:u_css_phy_tx_top|form_ppdu:u_form_ppdu|i_fifo[864]                                                                                                                        ;
; 17:1               ; 2 bits    ; 22 LEs        ; 20 LEs               ; 2 LEs                  ; Yes        ; |css_phy_tx_top_wrapper|css_phy_tx_top:u_css_phy_tx_top|form_ppdu:u_form_ppdu|q_fifo[863]                                                                                                                        ;
; 17:1               ; 2 bits    ; 22 LEs        ; 20 LEs               ; 2 LEs                  ; Yes        ; |css_phy_tx_top_wrapper|css_phy_tx_top:u_css_phy_tx_top|form_ppdu:u_form_ppdu|q_fifo[862]                                                                                                                        ;
; 17:1               ; 2 bits    ; 22 LEs        ; 20 LEs               ; 2 LEs                  ; Yes        ; |css_phy_tx_top_wrapper|css_phy_tx_top:u_css_phy_tx_top|form_ppdu:u_form_ppdu|i_fifo[861]                                                                                                                        ;
; 17:1               ; 2 bits    ; 22 LEs        ; 20 LEs               ; 2 LEs                  ; Yes        ; |css_phy_tx_top_wrapper|css_phy_tx_top:u_css_phy_tx_top|form_ppdu:u_form_ppdu|q_fifo[860]                                                                                                                        ;
; 17:1               ; 2 bits    ; 22 LEs        ; 20 LEs               ; 2 LEs                  ; Yes        ; |css_phy_tx_top_wrapper|css_phy_tx_top:u_css_phy_tx_top|form_ppdu:u_form_ppdu|i_fifo[859]                                                                                                                        ;
; 17:1               ; 2 bits    ; 22 LEs        ; 20 LEs               ; 2 LEs                  ; Yes        ; |css_phy_tx_top_wrapper|css_phy_tx_top:u_css_phy_tx_top|form_ppdu:u_form_ppdu|i_fifo[858]                                                                                                                        ;
; 17:1               ; 2 bits    ; 22 LEs        ; 20 LEs               ; 2 LEs                  ; Yes        ; |css_phy_tx_top_wrapper|css_phy_tx_top:u_css_phy_tx_top|form_ppdu:u_form_ppdu|i_fifo[857]                                                                                                                        ;
; 17:1               ; 2 bits    ; 22 LEs        ; 20 LEs               ; 2 LEs                  ; Yes        ; |css_phy_tx_top_wrapper|css_phy_tx_top:u_css_phy_tx_top|form_ppdu:u_form_ppdu|i_fifo[856]                                                                                                                        ;
; 17:1               ; 2 bits    ; 22 LEs        ; 20 LEs               ; 2 LEs                  ; Yes        ; |css_phy_tx_top_wrapper|css_phy_tx_top:u_css_phy_tx_top|form_ppdu:u_form_ppdu|q_fifo[855]                                                                                                                        ;
; 17:1               ; 2 bits    ; 22 LEs        ; 20 LEs               ; 2 LEs                  ; Yes        ; |css_phy_tx_top_wrapper|css_phy_tx_top:u_css_phy_tx_top|form_ppdu:u_form_ppdu|q_fifo[854]                                                                                                                        ;
; 17:1               ; 2 bits    ; 22 LEs        ; 20 LEs               ; 2 LEs                  ; Yes        ; |css_phy_tx_top_wrapper|css_phy_tx_top:u_css_phy_tx_top|form_ppdu:u_form_ppdu|q_fifo[853]                                                                                                                        ;
; 17:1               ; 2 bits    ; 22 LEs        ; 20 LEs               ; 2 LEs                  ; Yes        ; |css_phy_tx_top_wrapper|css_phy_tx_top:u_css_phy_tx_top|form_ppdu:u_form_ppdu|i_fifo[852]                                                                                                                        ;
; 17:1               ; 2 bits    ; 22 LEs        ; 20 LEs               ; 2 LEs                  ; Yes        ; |css_phy_tx_top_wrapper|css_phy_tx_top:u_css_phy_tx_top|form_ppdu:u_form_ppdu|i_fifo[851]                                                                                                                        ;
; 17:1               ; 2 bits    ; 22 LEs        ; 20 LEs               ; 2 LEs                  ; Yes        ; |css_phy_tx_top_wrapper|css_phy_tx_top:u_css_phy_tx_top|form_ppdu:u_form_ppdu|i_fifo[850]                                                                                                                        ;
; 17:1               ; 2 bits    ; 22 LEs        ; 20 LEs               ; 2 LEs                  ; Yes        ; |css_phy_tx_top_wrapper|css_phy_tx_top:u_css_phy_tx_top|form_ppdu:u_form_ppdu|i_fifo[849]                                                                                                                        ;
; 17:1               ; 2 bits    ; 22 LEs        ; 20 LEs               ; 2 LEs                  ; Yes        ; |css_phy_tx_top_wrapper|css_phy_tx_top:u_css_phy_tx_top|form_ppdu:u_form_ppdu|i_fifo[848]                                                                                                                        ;
; 17:1               ; 2 bits    ; 22 LEs        ; 20 LEs               ; 2 LEs                  ; Yes        ; |css_phy_tx_top_wrapper|css_phy_tx_top:u_css_phy_tx_top|form_ppdu:u_form_ppdu|i_fifo[847]                                                                                                                        ;
; 17:1               ; 2 bits    ; 22 LEs        ; 20 LEs               ; 2 LEs                  ; Yes        ; |css_phy_tx_top_wrapper|css_phy_tx_top:u_css_phy_tx_top|form_ppdu:u_form_ppdu|q_fifo[846]                                                                                                                        ;
; 17:1               ; 2 bits    ; 22 LEs        ; 20 LEs               ; 2 LEs                  ; Yes        ; |css_phy_tx_top_wrapper|css_phy_tx_top:u_css_phy_tx_top|form_ppdu:u_form_ppdu|q_fifo[845]                                                                                                                        ;
; 17:1               ; 2 bits    ; 22 LEs        ; 20 LEs               ; 2 LEs                  ; Yes        ; |css_phy_tx_top_wrapper|css_phy_tx_top:u_css_phy_tx_top|form_ppdu:u_form_ppdu|i_fifo[844]                                                                                                                        ;
; 17:1               ; 2 bits    ; 22 LEs        ; 20 LEs               ; 2 LEs                  ; Yes        ; |css_phy_tx_top_wrapper|css_phy_tx_top:u_css_phy_tx_top|form_ppdu:u_form_ppdu|q_fifo[843]                                                                                                                        ;
; 17:1               ; 2 bits    ; 22 LEs        ; 20 LEs               ; 2 LEs                  ; Yes        ; |css_phy_tx_top_wrapper|css_phy_tx_top:u_css_phy_tx_top|form_ppdu:u_form_ppdu|i_fifo[842]                                                                                                                        ;
; 17:1               ; 2 bits    ; 22 LEs        ; 20 LEs               ; 2 LEs                  ; Yes        ; |css_phy_tx_top_wrapper|css_phy_tx_top:u_css_phy_tx_top|form_ppdu:u_form_ppdu|i_fifo[841]                                                                                                                        ;
; 17:1               ; 2 bits    ; 22 LEs        ; 20 LEs               ; 2 LEs                  ; Yes        ; |css_phy_tx_top_wrapper|css_phy_tx_top:u_css_phy_tx_top|form_ppdu:u_form_ppdu|i_fifo[840]                                                                                                                        ;
; 17:1               ; 2 bits    ; 22 LEs        ; 20 LEs               ; 2 LEs                  ; Yes        ; |css_phy_tx_top_wrapper|css_phy_tx_top:u_css_phy_tx_top|form_ppdu:u_form_ppdu|i_fifo[839]                                                                                                                        ;
; 17:1               ; 2 bits    ; 22 LEs        ; 20 LEs               ; 2 LEs                  ; Yes        ; |css_phy_tx_top_wrapper|css_phy_tx_top:u_css_phy_tx_top|form_ppdu:u_form_ppdu|i_fifo[838]                                                                                                                        ;
; 17:1               ; 2 bits    ; 22 LEs        ; 20 LEs               ; 2 LEs                  ; Yes        ; |css_phy_tx_top_wrapper|css_phy_tx_top:u_css_phy_tx_top|form_ppdu:u_form_ppdu|i_fifo[837]                                                                                                                        ;
; 17:1               ; 2 bits    ; 22 LEs        ; 20 LEs               ; 2 LEs                  ; Yes        ; |css_phy_tx_top_wrapper|css_phy_tx_top:u_css_phy_tx_top|form_ppdu:u_form_ppdu|i_fifo[836]                                                                                                                        ;
; 17:1               ; 2 bits    ; 22 LEs        ; 20 LEs               ; 2 LEs                  ; Yes        ; |css_phy_tx_top_wrapper|css_phy_tx_top:u_css_phy_tx_top|form_ppdu:u_form_ppdu|q_fifo[835]                                                                                                                        ;
; 17:1               ; 2 bits    ; 22 LEs        ; 20 LEs               ; 2 LEs                  ; Yes        ; |css_phy_tx_top_wrapper|css_phy_tx_top:u_css_phy_tx_top|form_ppdu:u_form_ppdu|q_fifo[834]                                                                                                                        ;
; 17:1               ; 2 bits    ; 22 LEs        ; 20 LEs               ; 2 LEs                  ; Yes        ; |css_phy_tx_top_wrapper|css_phy_tx_top:u_css_phy_tx_top|form_ppdu:u_form_ppdu|i_fifo[833]                                                                                                                        ;
; 17:1               ; 2 bits    ; 22 LEs        ; 20 LEs               ; 2 LEs                  ; Yes        ; |css_phy_tx_top_wrapper|css_phy_tx_top:u_css_phy_tx_top|form_ppdu:u_form_ppdu|i_fifo[832]                                                                                                                        ;
; 17:1               ; 2 bits    ; 22 LEs        ; 20 LEs               ; 2 LEs                  ; Yes        ; |css_phy_tx_top_wrapper|css_phy_tx_top:u_css_phy_tx_top|form_ppdu:u_form_ppdu|i_fifo[831]                                                                                                                        ;
; 17:1               ; 2 bits    ; 22 LEs        ; 20 LEs               ; 2 LEs                  ; Yes        ; |css_phy_tx_top_wrapper|css_phy_tx_top:u_css_phy_tx_top|form_ppdu:u_form_ppdu|i_fifo[830]                                                                                                                        ;
; 17:1               ; 2 bits    ; 22 LEs        ; 20 LEs               ; 2 LEs                  ; Yes        ; |css_phy_tx_top_wrapper|css_phy_tx_top:u_css_phy_tx_top|form_ppdu:u_form_ppdu|i_fifo[829]                                                                                                                        ;
; 17:1               ; 2 bits    ; 22 LEs        ; 20 LEs               ; 2 LEs                  ; Yes        ; |css_phy_tx_top_wrapper|css_phy_tx_top:u_css_phy_tx_top|form_ppdu:u_form_ppdu|q_fifo[828]                                                                                                                        ;
; 17:1               ; 2 bits    ; 22 LEs        ; 20 LEs               ; 2 LEs                  ; Yes        ; |css_phy_tx_top_wrapper|css_phy_tx_top:u_css_phy_tx_top|form_ppdu:u_form_ppdu|i_fifo[827]                                                                                                                        ;
; 17:1               ; 2 bits    ; 22 LEs        ; 20 LEs               ; 2 LEs                  ; Yes        ; |css_phy_tx_top_wrapper|css_phy_tx_top:u_css_phy_tx_top|form_ppdu:u_form_ppdu|i_fifo[826]                                                                                                                        ;
; 17:1               ; 2 bits    ; 22 LEs        ; 20 LEs               ; 2 LEs                  ; Yes        ; |css_phy_tx_top_wrapper|css_phy_tx_top:u_css_phy_tx_top|form_ppdu:u_form_ppdu|q_fifo[825]                                                                                                                        ;
; 17:1               ; 2 bits    ; 22 LEs        ; 20 LEs               ; 2 LEs                  ; Yes        ; |css_phy_tx_top_wrapper|css_phy_tx_top:u_css_phy_tx_top|form_ppdu:u_form_ppdu|i_fifo[824]                                                                                                                        ;
; 17:1               ; 2 bits    ; 22 LEs        ; 20 LEs               ; 2 LEs                  ; Yes        ; |css_phy_tx_top_wrapper|css_phy_tx_top:u_css_phy_tx_top|form_ppdu:u_form_ppdu|q_fifo[823]                                                                                                                        ;
; 17:1               ; 2 bits    ; 22 LEs        ; 20 LEs               ; 2 LEs                  ; Yes        ; |css_phy_tx_top_wrapper|css_phy_tx_top:u_css_phy_tx_top|form_ppdu:u_form_ppdu|q_fifo[822]                                                                                                                        ;
; 17:1               ; 2 bits    ; 22 LEs        ; 20 LEs               ; 2 LEs                  ; Yes        ; |css_phy_tx_top_wrapper|css_phy_tx_top:u_css_phy_tx_top|form_ppdu:u_form_ppdu|q_fifo[821]                                                                                                                        ;
; 17:1               ; 2 bits    ; 22 LEs        ; 20 LEs               ; 2 LEs                  ; Yes        ; |css_phy_tx_top_wrapper|css_phy_tx_top:u_css_phy_tx_top|form_ppdu:u_form_ppdu|q_fifo[820]                                                                                                                        ;
; 17:1               ; 2 bits    ; 22 LEs        ; 20 LEs               ; 2 LEs                  ; Yes        ; |css_phy_tx_top_wrapper|css_phy_tx_top:u_css_phy_tx_top|form_ppdu:u_form_ppdu|q_fifo[819]                                                                                                                        ;
; 17:1               ; 2 bits    ; 22 LEs        ; 20 LEs               ; 2 LEs                  ; Yes        ; |css_phy_tx_top_wrapper|css_phy_tx_top:u_css_phy_tx_top|form_ppdu:u_form_ppdu|q_fifo[818]                                                                                                                        ;
; 17:1               ; 2 bits    ; 22 LEs        ; 20 LEs               ; 2 LEs                  ; Yes        ; |css_phy_tx_top_wrapper|css_phy_tx_top:u_css_phy_tx_top|form_ppdu:u_form_ppdu|q_fifo[817]                                                                                                                        ;
; 17:1               ; 2 bits    ; 22 LEs        ; 20 LEs               ; 2 LEs                  ; Yes        ; |css_phy_tx_top_wrapper|css_phy_tx_top:u_css_phy_tx_top|form_ppdu:u_form_ppdu|q_fifo[816]                                                                                                                        ;
; 17:1               ; 2 bits    ; 22 LEs        ; 20 LEs               ; 2 LEs                  ; Yes        ; |css_phy_tx_top_wrapper|css_phy_tx_top:u_css_phy_tx_top|form_ppdu:u_form_ppdu|q_fifo[815]                                                                                                                        ;
; 17:1               ; 2 bits    ; 22 LEs        ; 20 LEs               ; 2 LEs                  ; Yes        ; |css_phy_tx_top_wrapper|css_phy_tx_top:u_css_phy_tx_top|form_ppdu:u_form_ppdu|q_fifo[814]                                                                                                                        ;
; 17:1               ; 2 bits    ; 22 LEs        ; 20 LEs               ; 2 LEs                  ; Yes        ; |css_phy_tx_top_wrapper|css_phy_tx_top:u_css_phy_tx_top|form_ppdu:u_form_ppdu|q_fifo[813]                                                                                                                        ;
; 17:1               ; 2 bits    ; 22 LEs        ; 20 LEs               ; 2 LEs                  ; Yes        ; |css_phy_tx_top_wrapper|css_phy_tx_top:u_css_phy_tx_top|form_ppdu:u_form_ppdu|q_fifo[812]                                                                                                                        ;
; 17:1               ; 2 bits    ; 22 LEs        ; 20 LEs               ; 2 LEs                  ; Yes        ; |css_phy_tx_top_wrapper|css_phy_tx_top:u_css_phy_tx_top|form_ppdu:u_form_ppdu|q_fifo[811]                                                                                                                        ;
; 17:1               ; 2 bits    ; 22 LEs        ; 20 LEs               ; 2 LEs                  ; Yes        ; |css_phy_tx_top_wrapper|css_phy_tx_top:u_css_phy_tx_top|form_ppdu:u_form_ppdu|q_fifo[810]                                                                                                                        ;
; 17:1               ; 2 bits    ; 22 LEs        ; 20 LEs               ; 2 LEs                  ; Yes        ; |css_phy_tx_top_wrapper|css_phy_tx_top:u_css_phy_tx_top|form_ppdu:u_form_ppdu|q_fifo[809]                                                                                                                        ;
; 17:1               ; 2 bits    ; 22 LEs        ; 20 LEs               ; 2 LEs                  ; Yes        ; |css_phy_tx_top_wrapper|css_phy_tx_top:u_css_phy_tx_top|form_ppdu:u_form_ppdu|q_fifo[808]                                                                                                                        ;
; 17:1               ; 2 bits    ; 22 LEs        ; 20 LEs               ; 2 LEs                  ; Yes        ; |css_phy_tx_top_wrapper|css_phy_tx_top:u_css_phy_tx_top|form_ppdu:u_form_ppdu|q_fifo[807]                                                                                                                        ;
; 17:1               ; 2 bits    ; 22 LEs        ; 20 LEs               ; 2 LEs                  ; Yes        ; |css_phy_tx_top_wrapper|css_phy_tx_top:u_css_phy_tx_top|form_ppdu:u_form_ppdu|q_fifo[806]                                                                                                                        ;
; 17:1               ; 2 bits    ; 22 LEs        ; 20 LEs               ; 2 LEs                  ; Yes        ; |css_phy_tx_top_wrapper|css_phy_tx_top:u_css_phy_tx_top|form_ppdu:u_form_ppdu|q_fifo[805]                                                                                                                        ;
; 17:1               ; 2 bits    ; 22 LEs        ; 20 LEs               ; 2 LEs                  ; Yes        ; |css_phy_tx_top_wrapper|css_phy_tx_top:u_css_phy_tx_top|form_ppdu:u_form_ppdu|q_fifo[804]                                                                                                                        ;
; 17:1               ; 2 bits    ; 22 LEs        ; 20 LEs               ; 2 LEs                  ; Yes        ; |css_phy_tx_top_wrapper|css_phy_tx_top:u_css_phy_tx_top|form_ppdu:u_form_ppdu|q_fifo[803]                                                                                                                        ;
; 17:1               ; 2 bits    ; 22 LEs        ; 20 LEs               ; 2 LEs                  ; Yes        ; |css_phy_tx_top_wrapper|css_phy_tx_top:u_css_phy_tx_top|form_ppdu:u_form_ppdu|q_fifo[802]                                                                                                                        ;
; 17:1               ; 2 bits    ; 22 LEs        ; 20 LEs               ; 2 LEs                  ; Yes        ; |css_phy_tx_top_wrapper|css_phy_tx_top:u_css_phy_tx_top|form_ppdu:u_form_ppdu|q_fifo[801]                                                                                                                        ;
; 17:1               ; 2 bits    ; 22 LEs        ; 20 LEs               ; 2 LEs                  ; Yes        ; |css_phy_tx_top_wrapper|css_phy_tx_top:u_css_phy_tx_top|form_ppdu:u_form_ppdu|q_fifo[800]                                                                                                                        ;
; 17:1               ; 2 bits    ; 22 LEs        ; 20 LEs               ; 2 LEs                  ; Yes        ; |css_phy_tx_top_wrapper|css_phy_tx_top:u_css_phy_tx_top|form_ppdu:u_form_ppdu|i_fifo[799]                                                                                                                        ;
; 17:1               ; 2 bits    ; 22 LEs        ; 20 LEs               ; 2 LEs                  ; Yes        ; |css_phy_tx_top_wrapper|css_phy_tx_top:u_css_phy_tx_top|form_ppdu:u_form_ppdu|i_fifo[798]                                                                                                                        ;
; 17:1               ; 2 bits    ; 22 LEs        ; 20 LEs               ; 2 LEs                  ; Yes        ; |css_phy_tx_top_wrapper|css_phy_tx_top:u_css_phy_tx_top|form_ppdu:u_form_ppdu|i_fifo[797]                                                                                                                        ;
; 17:1               ; 2 bits    ; 22 LEs        ; 20 LEs               ; 2 LEs                  ; Yes        ; |css_phy_tx_top_wrapper|css_phy_tx_top:u_css_phy_tx_top|form_ppdu:u_form_ppdu|i_fifo[796]                                                                                                                        ;
; 17:1               ; 2 bits    ; 22 LEs        ; 20 LEs               ; 2 LEs                  ; Yes        ; |css_phy_tx_top_wrapper|css_phy_tx_top:u_css_phy_tx_top|form_ppdu:u_form_ppdu|q_fifo[795]                                                                                                                        ;
; 17:1               ; 2 bits    ; 22 LEs        ; 20 LEs               ; 2 LEs                  ; Yes        ; |css_phy_tx_top_wrapper|css_phy_tx_top:u_css_phy_tx_top|form_ppdu:u_form_ppdu|q_fifo[794]                                                                                                                        ;
; 17:1               ; 2 bits    ; 22 LEs        ; 20 LEs               ; 2 LEs                  ; Yes        ; |css_phy_tx_top_wrapper|css_phy_tx_top:u_css_phy_tx_top|form_ppdu:u_form_ppdu|q_fifo[793]                                                                                                                        ;
; 17:1               ; 2 bits    ; 22 LEs        ; 20 LEs               ; 2 LEs                  ; Yes        ; |css_phy_tx_top_wrapper|css_phy_tx_top:u_css_phy_tx_top|form_ppdu:u_form_ppdu|q_fifo[792]                                                                                                                        ;
; 17:1               ; 2 bits    ; 22 LEs        ; 20 LEs               ; 2 LEs                  ; Yes        ; |css_phy_tx_top_wrapper|css_phy_tx_top:u_css_phy_tx_top|form_ppdu:u_form_ppdu|q_fifo[791]                                                                                                                        ;
; 17:1               ; 2 bits    ; 22 LEs        ; 20 LEs               ; 2 LEs                  ; Yes        ; |css_phy_tx_top_wrapper|css_phy_tx_top:u_css_phy_tx_top|form_ppdu:u_form_ppdu|q_fifo[790]                                                                                                                        ;
; 17:1               ; 2 bits    ; 22 LEs        ; 20 LEs               ; 2 LEs                  ; Yes        ; |css_phy_tx_top_wrapper|css_phy_tx_top:u_css_phy_tx_top|form_ppdu:u_form_ppdu|q_fifo[789]                                                                                                                        ;
; 17:1               ; 2 bits    ; 22 LEs        ; 20 LEs               ; 2 LEs                  ; Yes        ; |css_phy_tx_top_wrapper|css_phy_tx_top:u_css_phy_tx_top|form_ppdu:u_form_ppdu|q_fifo[788]                                                                                                                        ;
; 17:1               ; 2 bits    ; 22 LEs        ; 20 LEs               ; 2 LEs                  ; Yes        ; |css_phy_tx_top_wrapper|css_phy_tx_top:u_css_phy_tx_top|form_ppdu:u_form_ppdu|q_fifo[787]                                                                                                                        ;
; 17:1               ; 2 bits    ; 22 LEs        ; 20 LEs               ; 2 LEs                  ; Yes        ; |css_phy_tx_top_wrapper|css_phy_tx_top:u_css_phy_tx_top|form_ppdu:u_form_ppdu|q_fifo[786]                                                                                                                        ;
; 17:1               ; 2 bits    ; 22 LEs        ; 20 LEs               ; 2 LEs                  ; Yes        ; |css_phy_tx_top_wrapper|css_phy_tx_top:u_css_phy_tx_top|form_ppdu:u_form_ppdu|q_fifo[785]                                                                                                                        ;
; 17:1               ; 2 bits    ; 22 LEs        ; 20 LEs               ; 2 LEs                  ; Yes        ; |css_phy_tx_top_wrapper|css_phy_tx_top:u_css_phy_tx_top|form_ppdu:u_form_ppdu|q_fifo[784]                                                                                                                        ;
; 17:1               ; 2 bits    ; 22 LEs        ; 20 LEs               ; 2 LEs                  ; Yes        ; |css_phy_tx_top_wrapper|css_phy_tx_top:u_css_phy_tx_top|form_ppdu:u_form_ppdu|q_fifo[783]                                                                                                                        ;
; 17:1               ; 2 bits    ; 22 LEs        ; 20 LEs               ; 2 LEs                  ; Yes        ; |css_phy_tx_top_wrapper|css_phy_tx_top:u_css_phy_tx_top|form_ppdu:u_form_ppdu|q_fifo[782]                                                                                                                        ;
; 17:1               ; 2 bits    ; 22 LEs        ; 20 LEs               ; 2 LEs                  ; Yes        ; |css_phy_tx_top_wrapper|css_phy_tx_top:u_css_phy_tx_top|form_ppdu:u_form_ppdu|q_fifo[781]                                                                                                                        ;
; 17:1               ; 2 bits    ; 22 LEs        ; 20 LEs               ; 2 LEs                  ; Yes        ; |css_phy_tx_top_wrapper|css_phy_tx_top:u_css_phy_tx_top|form_ppdu:u_form_ppdu|q_fifo[780]                                                                                                                        ;
; 17:1               ; 2 bits    ; 22 LEs        ; 20 LEs               ; 2 LEs                  ; Yes        ; |css_phy_tx_top_wrapper|css_phy_tx_top:u_css_phy_tx_top|form_ppdu:u_form_ppdu|q_fifo[779]                                                                                                                        ;
; 17:1               ; 2 bits    ; 22 LEs        ; 20 LEs               ; 2 LEs                  ; Yes        ; |css_phy_tx_top_wrapper|css_phy_tx_top:u_css_phy_tx_top|form_ppdu:u_form_ppdu|q_fifo[778]                                                                                                                        ;
; 17:1               ; 2 bits    ; 22 LEs        ; 20 LEs               ; 2 LEs                  ; Yes        ; |css_phy_tx_top_wrapper|css_phy_tx_top:u_css_phy_tx_top|form_ppdu:u_form_ppdu|q_fifo[777]                                                                                                                        ;
; 17:1               ; 2 bits    ; 22 LEs        ; 20 LEs               ; 2 LEs                  ; Yes        ; |css_phy_tx_top_wrapper|css_phy_tx_top:u_css_phy_tx_top|form_ppdu:u_form_ppdu|q_fifo[776]                                                                                                                        ;
; 17:1               ; 2 bits    ; 22 LEs        ; 20 LEs               ; 2 LEs                  ; Yes        ; |css_phy_tx_top_wrapper|css_phy_tx_top:u_css_phy_tx_top|form_ppdu:u_form_ppdu|q_fifo[775]                                                                                                                        ;
; 17:1               ; 2 bits    ; 22 LEs        ; 20 LEs               ; 2 LEs                  ; Yes        ; |css_phy_tx_top_wrapper|css_phy_tx_top:u_css_phy_tx_top|form_ppdu:u_form_ppdu|q_fifo[774]                                                                                                                        ;
; 17:1               ; 2 bits    ; 22 LEs        ; 20 LEs               ; 2 LEs                  ; Yes        ; |css_phy_tx_top_wrapper|css_phy_tx_top:u_css_phy_tx_top|form_ppdu:u_form_ppdu|q_fifo[773]                                                                                                                        ;
; 17:1               ; 2 bits    ; 22 LEs        ; 20 LEs               ; 2 LEs                  ; Yes        ; |css_phy_tx_top_wrapper|css_phy_tx_top:u_css_phy_tx_top|form_ppdu:u_form_ppdu|q_fifo[772]                                                                                                                        ;
; 17:1               ; 2 bits    ; 22 LEs        ; 20 LEs               ; 2 LEs                  ; Yes        ; |css_phy_tx_top_wrapper|css_phy_tx_top:u_css_phy_tx_top|form_ppdu:u_form_ppdu|q_fifo[771]                                                                                                                        ;
; 17:1               ; 2 bits    ; 22 LEs        ; 20 LEs               ; 2 LEs                  ; Yes        ; |css_phy_tx_top_wrapper|css_phy_tx_top:u_css_phy_tx_top|form_ppdu:u_form_ppdu|q_fifo[770]                                                                                                                        ;
; 17:1               ; 2 bits    ; 22 LEs        ; 20 LEs               ; 2 LEs                  ; Yes        ; |css_phy_tx_top_wrapper|css_phy_tx_top:u_css_phy_tx_top|form_ppdu:u_form_ppdu|q_fifo[769]                                                                                                                        ;
; 17:1               ; 2 bits    ; 22 LEs        ; 20 LEs               ; 2 LEs                  ; Yes        ; |css_phy_tx_top_wrapper|css_phy_tx_top:u_css_phy_tx_top|form_ppdu:u_form_ppdu|q_fifo[768]                                                                                                                        ;
; 17:1               ; 2 bits    ; 22 LEs        ; 20 LEs               ; 2 LEs                  ; Yes        ; |css_phy_tx_top_wrapper|css_phy_tx_top:u_css_phy_tx_top|form_ppdu:u_form_ppdu|q_fifo[767]                                                                                                                        ;
; 17:1               ; 2 bits    ; 22 LEs        ; 20 LEs               ; 2 LEs                  ; Yes        ; |css_phy_tx_top_wrapper|css_phy_tx_top:u_css_phy_tx_top|form_ppdu:u_form_ppdu|q_fifo[766]                                                                                                                        ;
; 17:1               ; 2 bits    ; 22 LEs        ; 20 LEs               ; 2 LEs                  ; Yes        ; |css_phy_tx_top_wrapper|css_phy_tx_top:u_css_phy_tx_top|form_ppdu:u_form_ppdu|q_fifo[765]                                                                                                                        ;
; 17:1               ; 2 bits    ; 22 LEs        ; 20 LEs               ; 2 LEs                  ; Yes        ; |css_phy_tx_top_wrapper|css_phy_tx_top:u_css_phy_tx_top|form_ppdu:u_form_ppdu|q_fifo[764]                                                                                                                        ;
; 17:1               ; 2 bits    ; 22 LEs        ; 20 LEs               ; 2 LEs                  ; Yes        ; |css_phy_tx_top_wrapper|css_phy_tx_top:u_css_phy_tx_top|form_ppdu:u_form_ppdu|q_fifo[763]                                                                                                                        ;
; 17:1               ; 2 bits    ; 22 LEs        ; 20 LEs               ; 2 LEs                  ; Yes        ; |css_phy_tx_top_wrapper|css_phy_tx_top:u_css_phy_tx_top|form_ppdu:u_form_ppdu|q_fifo[762]                                                                                                                        ;
; 17:1               ; 2 bits    ; 22 LEs        ; 20 LEs               ; 2 LEs                  ; Yes        ; |css_phy_tx_top_wrapper|css_phy_tx_top:u_css_phy_tx_top|form_ppdu:u_form_ppdu|q_fifo[761]                                                                                                                        ;
; 17:1               ; 2 bits    ; 22 LEs        ; 20 LEs               ; 2 LEs                  ; Yes        ; |css_phy_tx_top_wrapper|css_phy_tx_top:u_css_phy_tx_top|form_ppdu:u_form_ppdu|q_fifo[760]                                                                                                                        ;
; 17:1               ; 2 bits    ; 22 LEs        ; 20 LEs               ; 2 LEs                  ; Yes        ; |css_phy_tx_top_wrapper|css_phy_tx_top:u_css_phy_tx_top|form_ppdu:u_form_ppdu|q_fifo[759]                                                                                                                        ;
; 17:1               ; 2 bits    ; 22 LEs        ; 20 LEs               ; 2 LEs                  ; Yes        ; |css_phy_tx_top_wrapper|css_phy_tx_top:u_css_phy_tx_top|form_ppdu:u_form_ppdu|q_fifo[758]                                                                                                                        ;
; 17:1               ; 2 bits    ; 22 LEs        ; 20 LEs               ; 2 LEs                  ; Yes        ; |css_phy_tx_top_wrapper|css_phy_tx_top:u_css_phy_tx_top|form_ppdu:u_form_ppdu|q_fifo[757]                                                                                                                        ;
; 17:1               ; 2 bits    ; 22 LEs        ; 20 LEs               ; 2 LEs                  ; Yes        ; |css_phy_tx_top_wrapper|css_phy_tx_top:u_css_phy_tx_top|form_ppdu:u_form_ppdu|q_fifo[756]                                                                                                                        ;
; 17:1               ; 2 bits    ; 22 LEs        ; 20 LEs               ; 2 LEs                  ; Yes        ; |css_phy_tx_top_wrapper|css_phy_tx_top:u_css_phy_tx_top|form_ppdu:u_form_ppdu|q_fifo[755]                                                                                                                        ;
; 17:1               ; 2 bits    ; 22 LEs        ; 20 LEs               ; 2 LEs                  ; Yes        ; |css_phy_tx_top_wrapper|css_phy_tx_top:u_css_phy_tx_top|form_ppdu:u_form_ppdu|q_fifo[754]                                                                                                                        ;
; 17:1               ; 2 bits    ; 22 LEs        ; 20 LEs               ; 2 LEs                  ; Yes        ; |css_phy_tx_top_wrapper|css_phy_tx_top:u_css_phy_tx_top|form_ppdu:u_form_ppdu|q_fifo[753]                                                                                                                        ;
; 17:1               ; 2 bits    ; 22 LEs        ; 20 LEs               ; 2 LEs                  ; Yes        ; |css_phy_tx_top_wrapper|css_phy_tx_top:u_css_phy_tx_top|form_ppdu:u_form_ppdu|q_fifo[752]                                                                                                                        ;
; 17:1               ; 2 bits    ; 22 LEs        ; 20 LEs               ; 2 LEs                  ; Yes        ; |css_phy_tx_top_wrapper|css_phy_tx_top:u_css_phy_tx_top|form_ppdu:u_form_ppdu|q_fifo[751]                                                                                                                        ;
; 17:1               ; 2 bits    ; 22 LEs        ; 20 LEs               ; 2 LEs                  ; Yes        ; |css_phy_tx_top_wrapper|css_phy_tx_top:u_css_phy_tx_top|form_ppdu:u_form_ppdu|q_fifo[750]                                                                                                                        ;
; 17:1               ; 2 bits    ; 22 LEs        ; 20 LEs               ; 2 LEs                  ; Yes        ; |css_phy_tx_top_wrapper|css_phy_tx_top:u_css_phy_tx_top|form_ppdu:u_form_ppdu|q_fifo[749]                                                                                                                        ;
; 17:1               ; 2 bits    ; 22 LEs        ; 20 LEs               ; 2 LEs                  ; Yes        ; |css_phy_tx_top_wrapper|css_phy_tx_top:u_css_phy_tx_top|form_ppdu:u_form_ppdu|q_fifo[748]                                                                                                                        ;
; 17:1               ; 2 bits    ; 22 LEs        ; 20 LEs               ; 2 LEs                  ; Yes        ; |css_phy_tx_top_wrapper|css_phy_tx_top:u_css_phy_tx_top|form_ppdu:u_form_ppdu|q_fifo[747]                                                                                                                        ;
; 17:1               ; 2 bits    ; 22 LEs        ; 20 LEs               ; 2 LEs                  ; Yes        ; |css_phy_tx_top_wrapper|css_phy_tx_top:u_css_phy_tx_top|form_ppdu:u_form_ppdu|q_fifo[746]                                                                                                                        ;
; 17:1               ; 2 bits    ; 22 LEs        ; 20 LEs               ; 2 LEs                  ; Yes        ; |css_phy_tx_top_wrapper|css_phy_tx_top:u_css_phy_tx_top|form_ppdu:u_form_ppdu|q_fifo[745]                                                                                                                        ;
; 17:1               ; 2 bits    ; 22 LEs        ; 20 LEs               ; 2 LEs                  ; Yes        ; |css_phy_tx_top_wrapper|css_phy_tx_top:u_css_phy_tx_top|form_ppdu:u_form_ppdu|q_fifo[744]                                                                                                                        ;
; 17:1               ; 2 bits    ; 22 LEs        ; 20 LEs               ; 2 LEs                  ; Yes        ; |css_phy_tx_top_wrapper|css_phy_tx_top:u_css_phy_tx_top|form_ppdu:u_form_ppdu|q_fifo[743]                                                                                                                        ;
; 17:1               ; 2 bits    ; 22 LEs        ; 20 LEs               ; 2 LEs                  ; Yes        ; |css_phy_tx_top_wrapper|css_phy_tx_top:u_css_phy_tx_top|form_ppdu:u_form_ppdu|q_fifo[742]                                                                                                                        ;
; 17:1               ; 2 bits    ; 22 LEs        ; 20 LEs               ; 2 LEs                  ; Yes        ; |css_phy_tx_top_wrapper|css_phy_tx_top:u_css_phy_tx_top|form_ppdu:u_form_ppdu|q_fifo[741]                                                                                                                        ;
; 17:1               ; 2 bits    ; 22 LEs        ; 20 LEs               ; 2 LEs                  ; Yes        ; |css_phy_tx_top_wrapper|css_phy_tx_top:u_css_phy_tx_top|form_ppdu:u_form_ppdu|q_fifo[740]                                                                                                                        ;
; 17:1               ; 2 bits    ; 22 LEs        ; 20 LEs               ; 2 LEs                  ; Yes        ; |css_phy_tx_top_wrapper|css_phy_tx_top:u_css_phy_tx_top|form_ppdu:u_form_ppdu|q_fifo[739]                                                                                                                        ;
; 17:1               ; 2 bits    ; 22 LEs        ; 20 LEs               ; 2 LEs                  ; Yes        ; |css_phy_tx_top_wrapper|css_phy_tx_top:u_css_phy_tx_top|form_ppdu:u_form_ppdu|q_fifo[738]                                                                                                                        ;
; 17:1               ; 2 bits    ; 22 LEs        ; 20 LEs               ; 2 LEs                  ; Yes        ; |css_phy_tx_top_wrapper|css_phy_tx_top:u_css_phy_tx_top|form_ppdu:u_form_ppdu|q_fifo[737]                                                                                                                        ;
; 17:1               ; 2 bits    ; 22 LEs        ; 20 LEs               ; 2 LEs                  ; Yes        ; |css_phy_tx_top_wrapper|css_phy_tx_top:u_css_phy_tx_top|form_ppdu:u_form_ppdu|q_fifo[736]                                                                                                                        ;
; 17:1               ; 2 bits    ; 22 LEs        ; 20 LEs               ; 2 LEs                  ; Yes        ; |css_phy_tx_top_wrapper|css_phy_tx_top:u_css_phy_tx_top|form_ppdu:u_form_ppdu|q_fifo[735]                                                                                                                        ;
; 17:1               ; 2 bits    ; 22 LEs        ; 20 LEs               ; 2 LEs                  ; Yes        ; |css_phy_tx_top_wrapper|css_phy_tx_top:u_css_phy_tx_top|form_ppdu:u_form_ppdu|q_fifo[734]                                                                                                                        ;
; 17:1               ; 2 bits    ; 22 LEs        ; 20 LEs               ; 2 LEs                  ; Yes        ; |css_phy_tx_top_wrapper|css_phy_tx_top:u_css_phy_tx_top|form_ppdu:u_form_ppdu|q_fifo[733]                                                                                                                        ;
; 17:1               ; 2 bits    ; 22 LEs        ; 20 LEs               ; 2 LEs                  ; Yes        ; |css_phy_tx_top_wrapper|css_phy_tx_top:u_css_phy_tx_top|form_ppdu:u_form_ppdu|q_fifo[732]                                                                                                                        ;
; 17:1               ; 2 bits    ; 22 LEs        ; 20 LEs               ; 2 LEs                  ; Yes        ; |css_phy_tx_top_wrapper|css_phy_tx_top:u_css_phy_tx_top|form_ppdu:u_form_ppdu|q_fifo[731]                                                                                                                        ;
; 17:1               ; 2 bits    ; 22 LEs        ; 20 LEs               ; 2 LEs                  ; Yes        ; |css_phy_tx_top_wrapper|css_phy_tx_top:u_css_phy_tx_top|form_ppdu:u_form_ppdu|q_fifo[730]                                                                                                                        ;
; 17:1               ; 2 bits    ; 22 LEs        ; 20 LEs               ; 2 LEs                  ; Yes        ; |css_phy_tx_top_wrapper|css_phy_tx_top:u_css_phy_tx_top|form_ppdu:u_form_ppdu|q_fifo[729]                                                                                                                        ;
; 17:1               ; 2 bits    ; 22 LEs        ; 20 LEs               ; 2 LEs                  ; Yes        ; |css_phy_tx_top_wrapper|css_phy_tx_top:u_css_phy_tx_top|form_ppdu:u_form_ppdu|q_fifo[728]                                                                                                                        ;
; 17:1               ; 2 bits    ; 22 LEs        ; 20 LEs               ; 2 LEs                  ; Yes        ; |css_phy_tx_top_wrapper|css_phy_tx_top:u_css_phy_tx_top|form_ppdu:u_form_ppdu|q_fifo[727]                                                                                                                        ;
; 17:1               ; 2 bits    ; 22 LEs        ; 20 LEs               ; 2 LEs                  ; Yes        ; |css_phy_tx_top_wrapper|css_phy_tx_top:u_css_phy_tx_top|form_ppdu:u_form_ppdu|q_fifo[726]                                                                                                                        ;
; 17:1               ; 2 bits    ; 22 LEs        ; 20 LEs               ; 2 LEs                  ; Yes        ; |css_phy_tx_top_wrapper|css_phy_tx_top:u_css_phy_tx_top|form_ppdu:u_form_ppdu|q_fifo[725]                                                                                                                        ;
; 17:1               ; 2 bits    ; 22 LEs        ; 20 LEs               ; 2 LEs                  ; Yes        ; |css_phy_tx_top_wrapper|css_phy_tx_top:u_css_phy_tx_top|form_ppdu:u_form_ppdu|i_fifo[724]                                                                                                                        ;
; 17:1               ; 2 bits    ; 22 LEs        ; 20 LEs               ; 2 LEs                  ; Yes        ; |css_phy_tx_top_wrapper|css_phy_tx_top:u_css_phy_tx_top|form_ppdu:u_form_ppdu|i_fifo[723]                                                                                                                        ;
; 17:1               ; 2 bits    ; 22 LEs        ; 20 LEs               ; 2 LEs                  ; Yes        ; |css_phy_tx_top_wrapper|css_phy_tx_top:u_css_phy_tx_top|form_ppdu:u_form_ppdu|i_fifo[722]                                                                                                                        ;
; 17:1               ; 2 bits    ; 22 LEs        ; 20 LEs               ; 2 LEs                  ; Yes        ; |css_phy_tx_top_wrapper|css_phy_tx_top:u_css_phy_tx_top|form_ppdu:u_form_ppdu|i_fifo[721]                                                                                                                        ;
; 17:1               ; 2 bits    ; 22 LEs        ; 20 LEs               ; 2 LEs                  ; Yes        ; |css_phy_tx_top_wrapper|css_phy_tx_top:u_css_phy_tx_top|form_ppdu:u_form_ppdu|i_fifo[720]                                                                                                                        ;
; 17:1               ; 2 bits    ; 22 LEs        ; 20 LEs               ; 2 LEs                  ; Yes        ; |css_phy_tx_top_wrapper|css_phy_tx_top:u_css_phy_tx_top|form_ppdu:u_form_ppdu|i_fifo[719]                                                                                                                        ;
; 17:1               ; 2 bits    ; 22 LEs        ; 20 LEs               ; 2 LEs                  ; Yes        ; |css_phy_tx_top_wrapper|css_phy_tx_top:u_css_phy_tx_top|form_ppdu:u_form_ppdu|i_fifo[718]                                                                                                                        ;
; 17:1               ; 2 bits    ; 22 LEs        ; 20 LEs               ; 2 LEs                  ; Yes        ; |css_phy_tx_top_wrapper|css_phy_tx_top:u_css_phy_tx_top|form_ppdu:u_form_ppdu|i_fifo[717]                                                                                                                        ;
; 17:1               ; 2 bits    ; 22 LEs        ; 20 LEs               ; 2 LEs                  ; Yes        ; |css_phy_tx_top_wrapper|css_phy_tx_top:u_css_phy_tx_top|form_ppdu:u_form_ppdu|i_fifo[716]                                                                                                                        ;
; 17:1               ; 2 bits    ; 22 LEs        ; 20 LEs               ; 2 LEs                  ; Yes        ; |css_phy_tx_top_wrapper|css_phy_tx_top:u_css_phy_tx_top|form_ppdu:u_form_ppdu|i_fifo[715]                                                                                                                        ;
; 17:1               ; 2 bits    ; 22 LEs        ; 20 LEs               ; 2 LEs                  ; Yes        ; |css_phy_tx_top_wrapper|css_phy_tx_top:u_css_phy_tx_top|form_ppdu:u_form_ppdu|i_fifo[714]                                                                                                                        ;
; 17:1               ; 2 bits    ; 22 LEs        ; 20 LEs               ; 2 LEs                  ; Yes        ; |css_phy_tx_top_wrapper|css_phy_tx_top:u_css_phy_tx_top|form_ppdu:u_form_ppdu|i_fifo[713]                                                                                                                        ;
; 17:1               ; 2 bits    ; 22 LEs        ; 20 LEs               ; 2 LEs                  ; Yes        ; |css_phy_tx_top_wrapper|css_phy_tx_top:u_css_phy_tx_top|form_ppdu:u_form_ppdu|i_fifo[712]                                                                                                                        ;
; 17:1               ; 2 bits    ; 22 LEs        ; 20 LEs               ; 2 LEs                  ; Yes        ; |css_phy_tx_top_wrapper|css_phy_tx_top:u_css_phy_tx_top|form_ppdu:u_form_ppdu|i_fifo[711]                                                                                                                        ;
; 17:1               ; 2 bits    ; 22 LEs        ; 20 LEs               ; 2 LEs                  ; Yes        ; |css_phy_tx_top_wrapper|css_phy_tx_top:u_css_phy_tx_top|form_ppdu:u_form_ppdu|i_fifo[710]                                                                                                                        ;
; 17:1               ; 2 bits    ; 22 LEs        ; 20 LEs               ; 2 LEs                  ; Yes        ; |css_phy_tx_top_wrapper|css_phy_tx_top:u_css_phy_tx_top|form_ppdu:u_form_ppdu|q_fifo[709]                                                                                                                        ;
; 17:1               ; 2 bits    ; 22 LEs        ; 20 LEs               ; 2 LEs                  ; Yes        ; |css_phy_tx_top_wrapper|css_phy_tx_top:u_css_phy_tx_top|form_ppdu:u_form_ppdu|q_fifo[708]                                                                                                                        ;
; 17:1               ; 2 bits    ; 22 LEs        ; 20 LEs               ; 2 LEs                  ; Yes        ; |css_phy_tx_top_wrapper|css_phy_tx_top:u_css_phy_tx_top|form_ppdu:u_form_ppdu|i_fifo[707]                                                                                                                        ;
; 17:1               ; 2 bits    ; 22 LEs        ; 20 LEs               ; 2 LEs                  ; Yes        ; |css_phy_tx_top_wrapper|css_phy_tx_top:u_css_phy_tx_top|form_ppdu:u_form_ppdu|i_fifo[706]                                                                                                                        ;
; 17:1               ; 2 bits    ; 22 LEs        ; 20 LEs               ; 2 LEs                  ; Yes        ; |css_phy_tx_top_wrapper|css_phy_tx_top:u_css_phy_tx_top|form_ppdu:u_form_ppdu|i_fifo[705]                                                                                                                        ;
; 17:1               ; 2 bits    ; 22 LEs        ; 20 LEs               ; 2 LEs                  ; Yes        ; |css_phy_tx_top_wrapper|css_phy_tx_top:u_css_phy_tx_top|form_ppdu:u_form_ppdu|i_fifo[704]                                                                                                                        ;
; 17:1               ; 2 bits    ; 22 LEs        ; 20 LEs               ; 2 LEs                  ; Yes        ; |css_phy_tx_top_wrapper|css_phy_tx_top:u_css_phy_tx_top|form_ppdu:u_form_ppdu|q_fifo[703]                                                                                                                        ;
; 17:1               ; 2 bits    ; 22 LEs        ; 20 LEs               ; 2 LEs                  ; Yes        ; |css_phy_tx_top_wrapper|css_phy_tx_top:u_css_phy_tx_top|form_ppdu:u_form_ppdu|q_fifo[702]                                                                                                                        ;
; 17:1               ; 2 bits    ; 22 LEs        ; 20 LEs               ; 2 LEs                  ; Yes        ; |css_phy_tx_top_wrapper|css_phy_tx_top:u_css_phy_tx_top|form_ppdu:u_form_ppdu|q_fifo[701]                                                                                                                        ;
; 17:1               ; 2 bits    ; 22 LEs        ; 20 LEs               ; 2 LEs                  ; Yes        ; |css_phy_tx_top_wrapper|css_phy_tx_top:u_css_phy_tx_top|form_ppdu:u_form_ppdu|q_fifo[700]                                                                                                                        ;
; 17:1               ; 2 bits    ; 22 LEs        ; 20 LEs               ; 2 LEs                  ; Yes        ; |css_phy_tx_top_wrapper|css_phy_tx_top:u_css_phy_tx_top|form_ppdu:u_form_ppdu|q_fifo[699]                                                                                                                        ;
; 17:1               ; 2 bits    ; 22 LEs        ; 20 LEs               ; 2 LEs                  ; Yes        ; |css_phy_tx_top_wrapper|css_phy_tx_top:u_css_phy_tx_top|form_ppdu:u_form_ppdu|q_fifo[698]                                                                                                                        ;
; 17:1               ; 2 bits    ; 22 LEs        ; 20 LEs               ; 2 LEs                  ; Yes        ; |css_phy_tx_top_wrapper|css_phy_tx_top:u_css_phy_tx_top|form_ppdu:u_form_ppdu|q_fifo[697]                                                                                                                        ;
; 17:1               ; 2 bits    ; 22 LEs        ; 20 LEs               ; 2 LEs                  ; Yes        ; |css_phy_tx_top_wrapper|css_phy_tx_top:u_css_phy_tx_top|form_ppdu:u_form_ppdu|q_fifo[696]                                                                                                                        ;
; 17:1               ; 2 bits    ; 22 LEs        ; 20 LEs               ; 2 LEs                  ; Yes        ; |css_phy_tx_top_wrapper|css_phy_tx_top:u_css_phy_tx_top|form_ppdu:u_form_ppdu|i_fifo[695]                                                                                                                        ;
; 17:1               ; 2 bits    ; 22 LEs        ; 20 LEs               ; 2 LEs                  ; Yes        ; |css_phy_tx_top_wrapper|css_phy_tx_top:u_css_phy_tx_top|form_ppdu:u_form_ppdu|q_fifo[694]                                                                                                                        ;
; 17:1               ; 2 bits    ; 22 LEs        ; 20 LEs               ; 2 LEs                  ; Yes        ; |css_phy_tx_top_wrapper|css_phy_tx_top:u_css_phy_tx_top|form_ppdu:u_form_ppdu|q_fifo[693]                                                                                                                        ;
; 17:1               ; 2 bits    ; 22 LEs        ; 20 LEs               ; 2 LEs                  ; Yes        ; |css_phy_tx_top_wrapper|css_phy_tx_top:u_css_phy_tx_top|form_ppdu:u_form_ppdu|i_fifo[692]                                                                                                                        ;
; 17:1               ; 2 bits    ; 22 LEs        ; 20 LEs               ; 2 LEs                  ; Yes        ; |css_phy_tx_top_wrapper|css_phy_tx_top:u_css_phy_tx_top|form_ppdu:u_form_ppdu|i_fifo[691]                                                                                                                        ;
; 17:1               ; 2 bits    ; 22 LEs        ; 20 LEs               ; 2 LEs                  ; Yes        ; |css_phy_tx_top_wrapper|css_phy_tx_top:u_css_phy_tx_top|form_ppdu:u_form_ppdu|i_fifo[690]                                                                                                                        ;
; 17:1               ; 2 bits    ; 22 LEs        ; 20 LEs               ; 2 LEs                  ; Yes        ; |css_phy_tx_top_wrapper|css_phy_tx_top:u_css_phy_tx_top|form_ppdu:u_form_ppdu|i_fifo[689]                                                                                                                        ;
; 17:1               ; 2 bits    ; 22 LEs        ; 20 LEs               ; 2 LEs                  ; Yes        ; |css_phy_tx_top_wrapper|css_phy_tx_top:u_css_phy_tx_top|form_ppdu:u_form_ppdu|i_fifo[688]                                                                                                                        ;
; 17:1               ; 2 bits    ; 22 LEs        ; 20 LEs               ; 2 LEs                  ; Yes        ; |css_phy_tx_top_wrapper|css_phy_tx_top:u_css_phy_tx_top|form_ppdu:u_form_ppdu|i_fifo[687]                                                                                                                        ;
; 17:1               ; 2 bits    ; 22 LEs        ; 20 LEs               ; 2 LEs                  ; Yes        ; |css_phy_tx_top_wrapper|css_phy_tx_top:u_css_phy_tx_top|form_ppdu:u_form_ppdu|i_fifo[686]                                                                                                                        ;
; 17:1               ; 2 bits    ; 22 LEs        ; 20 LEs               ; 2 LEs                  ; Yes        ; |css_phy_tx_top_wrapper|css_phy_tx_top:u_css_phy_tx_top|form_ppdu:u_form_ppdu|i_fifo[685]                                                                                                                        ;
; 17:1               ; 2 bits    ; 22 LEs        ; 20 LEs               ; 2 LEs                  ; Yes        ; |css_phy_tx_top_wrapper|css_phy_tx_top:u_css_phy_tx_top|form_ppdu:u_form_ppdu|i_fifo[684]                                                                                                                        ;
; 17:1               ; 2 bits    ; 22 LEs        ; 20 LEs               ; 2 LEs                  ; Yes        ; |css_phy_tx_top_wrapper|css_phy_tx_top:u_css_phy_tx_top|form_ppdu:u_form_ppdu|i_fifo[683]                                                                                                                        ;
; 17:1               ; 2 bits    ; 22 LEs        ; 20 LEs               ; 2 LEs                  ; Yes        ; |css_phy_tx_top_wrapper|css_phy_tx_top:u_css_phy_tx_top|form_ppdu:u_form_ppdu|i_fifo[682]                                                                                                                        ;
; 17:1               ; 2 bits    ; 22 LEs        ; 20 LEs               ; 2 LEs                  ; Yes        ; |css_phy_tx_top_wrapper|css_phy_tx_top:u_css_phy_tx_top|form_ppdu:u_form_ppdu|i_fifo[681]                                                                                                                        ;
; 17:1               ; 2 bits    ; 22 LEs        ; 20 LEs               ; 2 LEs                  ; Yes        ; |css_phy_tx_top_wrapper|css_phy_tx_top:u_css_phy_tx_top|form_ppdu:u_form_ppdu|i_fifo[680]                                                                                                                        ;
; 17:1               ; 2 bits    ; 22 LEs        ; 20 LEs               ; 2 LEs                  ; Yes        ; |css_phy_tx_top_wrapper|css_phy_tx_top:u_css_phy_tx_top|form_ppdu:u_form_ppdu|i_fifo[679]                                                                                                                        ;
; 17:1               ; 2 bits    ; 22 LEs        ; 20 LEs               ; 2 LEs                  ; Yes        ; |css_phy_tx_top_wrapper|css_phy_tx_top:u_css_phy_tx_top|form_ppdu:u_form_ppdu|i_fifo[678]                                                                                                                        ;
; 17:1               ; 2 bits    ; 22 LEs        ; 20 LEs               ; 2 LEs                  ; Yes        ; |css_phy_tx_top_wrapper|css_phy_tx_top:u_css_phy_tx_top|form_ppdu:u_form_ppdu|q_fifo[677]                                                                                                                        ;
; 17:1               ; 2 bits    ; 22 LEs        ; 20 LEs               ; 2 LEs                  ; Yes        ; |css_phy_tx_top_wrapper|css_phy_tx_top:u_css_phy_tx_top|form_ppdu:u_form_ppdu|i_fifo[676]                                                                                                                        ;
; 17:1               ; 2 bits    ; 22 LEs        ; 20 LEs               ; 2 LEs                  ; Yes        ; |css_phy_tx_top_wrapper|css_phy_tx_top:u_css_phy_tx_top|form_ppdu:u_form_ppdu|i_fifo[675]                                                                                                                        ;
; 17:1               ; 2 bits    ; 22 LEs        ; 20 LEs               ; 2 LEs                  ; Yes        ; |css_phy_tx_top_wrapper|css_phy_tx_top:u_css_phy_tx_top|form_ppdu:u_form_ppdu|i_fifo[674]                                                                                                                        ;
; 17:1               ; 2 bits    ; 22 LEs        ; 20 LEs               ; 2 LEs                  ; Yes        ; |css_phy_tx_top_wrapper|css_phy_tx_top:u_css_phy_tx_top|form_ppdu:u_form_ppdu|q_fifo[673]                                                                                                                        ;
; 17:1               ; 2 bits    ; 22 LEs        ; 20 LEs               ; 2 LEs                  ; Yes        ; |css_phy_tx_top_wrapper|css_phy_tx_top:u_css_phy_tx_top|form_ppdu:u_form_ppdu|q_fifo[672]                                                                                                                        ;
; 17:1               ; 2 bits    ; 22 LEs        ; 20 LEs               ; 2 LEs                  ; Yes        ; |css_phy_tx_top_wrapper|css_phy_tx_top:u_css_phy_tx_top|form_ppdu:u_form_ppdu|q_fifo[671]                                                                                                                        ;
; 17:1               ; 2 bits    ; 22 LEs        ; 20 LEs               ; 2 LEs                  ; Yes        ; |css_phy_tx_top_wrapper|css_phy_tx_top:u_css_phy_tx_top|form_ppdu:u_form_ppdu|q_fifo[670]                                                                                                                        ;
; 17:1               ; 2 bits    ; 22 LEs        ; 20 LEs               ; 2 LEs                  ; Yes        ; |css_phy_tx_top_wrapper|css_phy_tx_top:u_css_phy_tx_top|form_ppdu:u_form_ppdu|q_fifo[669]                                                                                                                        ;
; 17:1               ; 2 bits    ; 22 LEs        ; 20 LEs               ; 2 LEs                  ; Yes        ; |css_phy_tx_top_wrapper|css_phy_tx_top:u_css_phy_tx_top|form_ppdu:u_form_ppdu|i_fifo[668]                                                                                                                        ;
; 17:1               ; 2 bits    ; 22 LEs        ; 20 LEs               ; 2 LEs                  ; Yes        ; |css_phy_tx_top_wrapper|css_phy_tx_top:u_css_phy_tx_top|form_ppdu:u_form_ppdu|q_fifo[667]                                                                                                                        ;
; 17:1               ; 2 bits    ; 22 LEs        ; 20 LEs               ; 2 LEs                  ; Yes        ; |css_phy_tx_top_wrapper|css_phy_tx_top:u_css_phy_tx_top|form_ppdu:u_form_ppdu|q_fifo[666]                                                                                                                        ;
; 17:1               ; 2 bits    ; 22 LEs        ; 20 LEs               ; 2 LEs                  ; Yes        ; |css_phy_tx_top_wrapper|css_phy_tx_top:u_css_phy_tx_top|form_ppdu:u_form_ppdu|i_fifo[665]                                                                                                                        ;
; 17:1               ; 2 bits    ; 22 LEs        ; 20 LEs               ; 2 LEs                  ; Yes        ; |css_phy_tx_top_wrapper|css_phy_tx_top:u_css_phy_tx_top|form_ppdu:u_form_ppdu|i_fifo[664]                                                                                                                        ;
; 17:1               ; 2 bits    ; 22 LEs        ; 20 LEs               ; 2 LEs                  ; Yes        ; |css_phy_tx_top_wrapper|css_phy_tx_top:u_css_phy_tx_top|form_ppdu:u_form_ppdu|q_fifo[663]                                                                                                                        ;
; 17:1               ; 2 bits    ; 22 LEs        ; 20 LEs               ; 2 LEs                  ; Yes        ; |css_phy_tx_top_wrapper|css_phy_tx_top:u_css_phy_tx_top|form_ppdu:u_form_ppdu|q_fifo[662]                                                                                                                        ;
; 17:1               ; 2 bits    ; 22 LEs        ; 20 LEs               ; 2 LEs                  ; Yes        ; |css_phy_tx_top_wrapper|css_phy_tx_top:u_css_phy_tx_top|form_ppdu:u_form_ppdu|q_fifo[661]                                                                                                                        ;
; 17:1               ; 2 bits    ; 22 LEs        ; 20 LEs               ; 2 LEs                  ; Yes        ; |css_phy_tx_top_wrapper|css_phy_tx_top:u_css_phy_tx_top|form_ppdu:u_form_ppdu|q_fifo[660]                                                                                                                        ;
; 17:1               ; 2 bits    ; 22 LEs        ; 20 LEs               ; 2 LEs                  ; Yes        ; |css_phy_tx_top_wrapper|css_phy_tx_top:u_css_phy_tx_top|form_ppdu:u_form_ppdu|q_fifo[659]                                                                                                                        ;
; 17:1               ; 2 bits    ; 22 LEs        ; 20 LEs               ; 2 LEs                  ; Yes        ; |css_phy_tx_top_wrapper|css_phy_tx_top:u_css_phy_tx_top|form_ppdu:u_form_ppdu|q_fifo[658]                                                                                                                        ;
; 17:1               ; 2 bits    ; 22 LEs        ; 20 LEs               ; 2 LEs                  ; Yes        ; |css_phy_tx_top_wrapper|css_phy_tx_top:u_css_phy_tx_top|form_ppdu:u_form_ppdu|q_fifo[657]                                                                                                                        ;
; 17:1               ; 2 bits    ; 22 LEs        ; 20 LEs               ; 2 LEs                  ; Yes        ; |css_phy_tx_top_wrapper|css_phy_tx_top:u_css_phy_tx_top|form_ppdu:u_form_ppdu|q_fifo[656]                                                                                                                        ;
; 17:1               ; 2 bits    ; 22 LEs        ; 20 LEs               ; 2 LEs                  ; Yes        ; |css_phy_tx_top_wrapper|css_phy_tx_top:u_css_phy_tx_top|form_ppdu:u_form_ppdu|q_fifo[655]                                                                                                                        ;
; 17:1               ; 2 bits    ; 22 LEs        ; 20 LEs               ; 2 LEs                  ; Yes        ; |css_phy_tx_top_wrapper|css_phy_tx_top:u_css_phy_tx_top|form_ppdu:u_form_ppdu|i_fifo[654]                                                                                                                        ;
; 17:1               ; 2 bits    ; 22 LEs        ; 20 LEs               ; 2 LEs                  ; Yes        ; |css_phy_tx_top_wrapper|css_phy_tx_top:u_css_phy_tx_top|form_ppdu:u_form_ppdu|i_fifo[653]                                                                                                                        ;
; 17:1               ; 2 bits    ; 22 LEs        ; 20 LEs               ; 2 LEs                  ; Yes        ; |css_phy_tx_top_wrapper|css_phy_tx_top:u_css_phy_tx_top|form_ppdu:u_form_ppdu|i_fifo[652]                                                                                                                        ;
; 17:1               ; 2 bits    ; 22 LEs        ; 20 LEs               ; 2 LEs                  ; Yes        ; |css_phy_tx_top_wrapper|css_phy_tx_top:u_css_phy_tx_top|form_ppdu:u_form_ppdu|q_fifo[651]                                                                                                                        ;
; 17:1               ; 2 bits    ; 22 LEs        ; 20 LEs               ; 2 LEs                  ; Yes        ; |css_phy_tx_top_wrapper|css_phy_tx_top:u_css_phy_tx_top|form_ppdu:u_form_ppdu|q_fifo[650]                                                                                                                        ;
; 17:1               ; 2 bits    ; 22 LEs        ; 20 LEs               ; 2 LEs                  ; Yes        ; |css_phy_tx_top_wrapper|css_phy_tx_top:u_css_phy_tx_top|form_ppdu:u_form_ppdu|q_fifo[649]                                                                                                                        ;
; 17:1               ; 2 bits    ; 22 LEs        ; 20 LEs               ; 2 LEs                  ; Yes        ; |css_phy_tx_top_wrapper|css_phy_tx_top:u_css_phy_tx_top|form_ppdu:u_form_ppdu|q_fifo[648]                                                                                                                        ;
; 17:1               ; 2 bits    ; 22 LEs        ; 20 LEs               ; 2 LEs                  ; Yes        ; |css_phy_tx_top_wrapper|css_phy_tx_top:u_css_phy_tx_top|form_ppdu:u_form_ppdu|q_fifo[647]                                                                                                                        ;
; 17:1               ; 2 bits    ; 22 LEs        ; 20 LEs               ; 2 LEs                  ; Yes        ; |css_phy_tx_top_wrapper|css_phy_tx_top:u_css_phy_tx_top|form_ppdu:u_form_ppdu|q_fifo[646]                                                                                                                        ;
; 17:1               ; 2 bits    ; 22 LEs        ; 20 LEs               ; 2 LEs                  ; Yes        ; |css_phy_tx_top_wrapper|css_phy_tx_top:u_css_phy_tx_top|form_ppdu:u_form_ppdu|q_fifo[645]                                                                                                                        ;
; 17:1               ; 2 bits    ; 22 LEs        ; 20 LEs               ; 2 LEs                  ; Yes        ; |css_phy_tx_top_wrapper|css_phy_tx_top:u_css_phy_tx_top|form_ppdu:u_form_ppdu|q_fifo[644]                                                                                                                        ;
; 17:1               ; 2 bits    ; 22 LEs        ; 20 LEs               ; 2 LEs                  ; Yes        ; |css_phy_tx_top_wrapper|css_phy_tx_top:u_css_phy_tx_top|form_ppdu:u_form_ppdu|i_fifo[643]                                                                                                                        ;
; 17:1               ; 2 bits    ; 22 LEs        ; 20 LEs               ; 2 LEs                  ; Yes        ; |css_phy_tx_top_wrapper|css_phy_tx_top:u_css_phy_tx_top|form_ppdu:u_form_ppdu|i_fifo[642]                                                                                                                        ;
; 17:1               ; 2 bits    ; 22 LEs        ; 20 LEs               ; 2 LEs                  ; Yes        ; |css_phy_tx_top_wrapper|css_phy_tx_top:u_css_phy_tx_top|form_ppdu:u_form_ppdu|i_fifo[641]                                                                                                                        ;
; 17:1               ; 2 bits    ; 22 LEs        ; 20 LEs               ; 2 LEs                  ; Yes        ; |css_phy_tx_top_wrapper|css_phy_tx_top:u_css_phy_tx_top|form_ppdu:u_form_ppdu|i_fifo[640]                                                                                                                        ;
; 17:1               ; 2 bits    ; 22 LEs        ; 20 LEs               ; 2 LEs                  ; Yes        ; |css_phy_tx_top_wrapper|css_phy_tx_top:u_css_phy_tx_top|form_ppdu:u_form_ppdu|i_fifo[639]                                                                                                                        ;
; 17:1               ; 2 bits    ; 22 LEs        ; 20 LEs               ; 2 LEs                  ; Yes        ; |css_phy_tx_top_wrapper|css_phy_tx_top:u_css_phy_tx_top|form_ppdu:u_form_ppdu|q_fifo[638]                                                                                                                        ;
; 17:1               ; 2 bits    ; 22 LEs        ; 20 LEs               ; 2 LEs                  ; Yes        ; |css_phy_tx_top_wrapper|css_phy_tx_top:u_css_phy_tx_top|form_ppdu:u_form_ppdu|i_fifo[637]                                                                                                                        ;
; 17:1               ; 2 bits    ; 22 LEs        ; 20 LEs               ; 2 LEs                  ; Yes        ; |css_phy_tx_top_wrapper|css_phy_tx_top:u_css_phy_tx_top|form_ppdu:u_form_ppdu|i_fifo[636]                                                                                                                        ;
; 17:1               ; 2 bits    ; 22 LEs        ; 20 LEs               ; 2 LEs                  ; Yes        ; |css_phy_tx_top_wrapper|css_phy_tx_top:u_css_phy_tx_top|form_ppdu:u_form_ppdu|i_fifo[635]                                                                                                                        ;
; 17:1               ; 2 bits    ; 22 LEs        ; 20 LEs               ; 2 LEs                  ; Yes        ; |css_phy_tx_top_wrapper|css_phy_tx_top:u_css_phy_tx_top|form_ppdu:u_form_ppdu|q_fifo[634]                                                                                                                        ;
; 17:1               ; 2 bits    ; 22 LEs        ; 20 LEs               ; 2 LEs                  ; Yes        ; |css_phy_tx_top_wrapper|css_phy_tx_top:u_css_phy_tx_top|form_ppdu:u_form_ppdu|i_fifo[633]                                                                                                                        ;
; 17:1               ; 2 bits    ; 22 LEs        ; 20 LEs               ; 2 LEs                  ; Yes        ; |css_phy_tx_top_wrapper|css_phy_tx_top:u_css_phy_tx_top|form_ppdu:u_form_ppdu|q_fifo[632]                                                                                                                        ;
; 17:1               ; 2 bits    ; 22 LEs        ; 20 LEs               ; 2 LEs                  ; Yes        ; |css_phy_tx_top_wrapper|css_phy_tx_top:u_css_phy_tx_top|form_ppdu:u_form_ppdu|q_fifo[631]                                                                                                                        ;
; 17:1               ; 2 bits    ; 22 LEs        ; 20 LEs               ; 2 LEs                  ; Yes        ; |css_phy_tx_top_wrapper|css_phy_tx_top:u_css_phy_tx_top|form_ppdu:u_form_ppdu|q_fifo[630]                                                                                                                        ;
; 17:1               ; 2 bits    ; 22 LEs        ; 20 LEs               ; 2 LEs                  ; Yes        ; |css_phy_tx_top_wrapper|css_phy_tx_top:u_css_phy_tx_top|form_ppdu:u_form_ppdu|q_fifo[629]                                                                                                                        ;
; 17:1               ; 2 bits    ; 22 LEs        ; 20 LEs               ; 2 LEs                  ; Yes        ; |css_phy_tx_top_wrapper|css_phy_tx_top:u_css_phy_tx_top|form_ppdu:u_form_ppdu|q_fifo[628]                                                                                                                        ;
; 17:1               ; 2 bits    ; 22 LEs        ; 20 LEs               ; 2 LEs                  ; Yes        ; |css_phy_tx_top_wrapper|css_phy_tx_top:u_css_phy_tx_top|form_ppdu:u_form_ppdu|q_fifo[627]                                                                                                                        ;
; 17:1               ; 2 bits    ; 22 LEs        ; 20 LEs               ; 2 LEs                  ; Yes        ; |css_phy_tx_top_wrapper|css_phy_tx_top:u_css_phy_tx_top|form_ppdu:u_form_ppdu|q_fifo[626]                                                                                                                        ;
; 17:1               ; 2 bits    ; 22 LEs        ; 20 LEs               ; 2 LEs                  ; Yes        ; |css_phy_tx_top_wrapper|css_phy_tx_top:u_css_phy_tx_top|form_ppdu:u_form_ppdu|i_fifo[625]                                                                                                                        ;
; 17:1               ; 2 bits    ; 22 LEs        ; 20 LEs               ; 2 LEs                  ; Yes        ; |css_phy_tx_top_wrapper|css_phy_tx_top:u_css_phy_tx_top|form_ppdu:u_form_ppdu|q_fifo[624]                                                                                                                        ;
; 17:1               ; 2 bits    ; 22 LEs        ; 20 LEs               ; 2 LEs                  ; Yes        ; |css_phy_tx_top_wrapper|css_phy_tx_top:u_css_phy_tx_top|form_ppdu:u_form_ppdu|q_fifo[623]                                                                                                                        ;
; 17:1               ; 2 bits    ; 22 LEs        ; 20 LEs               ; 2 LEs                  ; Yes        ; |css_phy_tx_top_wrapper|css_phy_tx_top:u_css_phy_tx_top|form_ppdu:u_form_ppdu|q_fifo[622]                                                                                                                        ;
; 17:1               ; 2 bits    ; 22 LEs        ; 20 LEs               ; 2 LEs                  ; Yes        ; |css_phy_tx_top_wrapper|css_phy_tx_top:u_css_phy_tx_top|form_ppdu:u_form_ppdu|i_fifo[621]                                                                                                                        ;
; 17:1               ; 2 bits    ; 22 LEs        ; 20 LEs               ; 2 LEs                  ; Yes        ; |css_phy_tx_top_wrapper|css_phy_tx_top:u_css_phy_tx_top|form_ppdu:u_form_ppdu|i_fifo[620]                                                                                                                        ;
; 17:1               ; 2 bits    ; 22 LEs        ; 20 LEs               ; 2 LEs                  ; Yes        ; |css_phy_tx_top_wrapper|css_phy_tx_top:u_css_phy_tx_top|form_ppdu:u_form_ppdu|i_fifo[619]                                                                                                                        ;
; 17:1               ; 2 bits    ; 22 LEs        ; 20 LEs               ; 2 LEs                  ; Yes        ; |css_phy_tx_top_wrapper|css_phy_tx_top:u_css_phy_tx_top|form_ppdu:u_form_ppdu|i_fifo[618]                                                                                                                        ;
; 17:1               ; 2 bits    ; 22 LEs        ; 20 LEs               ; 2 LEs                  ; Yes        ; |css_phy_tx_top_wrapper|css_phy_tx_top:u_css_phy_tx_top|form_ppdu:u_form_ppdu|i_fifo[617]                                                                                                                        ;
; 17:1               ; 2 bits    ; 22 LEs        ; 20 LEs               ; 2 LEs                  ; Yes        ; |css_phy_tx_top_wrapper|css_phy_tx_top:u_css_phy_tx_top|form_ppdu:u_form_ppdu|i_fifo[616]                                                                                                                        ;
; 17:1               ; 2 bits    ; 22 LEs        ; 20 LEs               ; 2 LEs                  ; Yes        ; |css_phy_tx_top_wrapper|css_phy_tx_top:u_css_phy_tx_top|form_ppdu:u_form_ppdu|i_fifo[615]                                                                                                                        ;
; 17:1               ; 2 bits    ; 22 LEs        ; 20 LEs               ; 2 LEs                  ; Yes        ; |css_phy_tx_top_wrapper|css_phy_tx_top:u_css_phy_tx_top|form_ppdu:u_form_ppdu|i_fifo[614]                                                                                                                        ;
; 17:1               ; 2 bits    ; 22 LEs        ; 20 LEs               ; 2 LEs                  ; Yes        ; |css_phy_tx_top_wrapper|css_phy_tx_top:u_css_phy_tx_top|form_ppdu:u_form_ppdu|i_fifo[613]                                                                                                                        ;
; 17:1               ; 2 bits    ; 22 LEs        ; 20 LEs               ; 2 LEs                  ; Yes        ; |css_phy_tx_top_wrapper|css_phy_tx_top:u_css_phy_tx_top|form_ppdu:u_form_ppdu|i_fifo[612]                                                                                                                        ;
; 17:1               ; 2 bits    ; 22 LEs        ; 20 LEs               ; 2 LEs                  ; Yes        ; |css_phy_tx_top_wrapper|css_phy_tx_top:u_css_phy_tx_top|form_ppdu:u_form_ppdu|i_fifo[611]                                                                                                                        ;
; 17:1               ; 2 bits    ; 22 LEs        ; 20 LEs               ; 2 LEs                  ; Yes        ; |css_phy_tx_top_wrapper|css_phy_tx_top:u_css_phy_tx_top|form_ppdu:u_form_ppdu|q_fifo[610]                                                                                                                        ;
; 17:1               ; 2 bits    ; 22 LEs        ; 20 LEs               ; 2 LEs                  ; Yes        ; |css_phy_tx_top_wrapper|css_phy_tx_top:u_css_phy_tx_top|form_ppdu:u_form_ppdu|q_fifo[609]                                                                                                                        ;
; 17:1               ; 2 bits    ; 22 LEs        ; 20 LEs               ; 2 LEs                  ; Yes        ; |css_phy_tx_top_wrapper|css_phy_tx_top:u_css_phy_tx_top|form_ppdu:u_form_ppdu|q_fifo[608]                                                                                                                        ;
; 17:1               ; 2 bits    ; 22 LEs        ; 20 LEs               ; 2 LEs                  ; Yes        ; |css_phy_tx_top_wrapper|css_phy_tx_top:u_css_phy_tx_top|form_ppdu:u_form_ppdu|i_fifo[607]                                                                                                                        ;
; 17:1               ; 2 bits    ; 22 LEs        ; 20 LEs               ; 2 LEs                  ; Yes        ; |css_phy_tx_top_wrapper|css_phy_tx_top:u_css_phy_tx_top|form_ppdu:u_form_ppdu|q_fifo[606]                                                                                                                        ;
; 17:1               ; 2 bits    ; 22 LEs        ; 20 LEs               ; 2 LEs                  ; Yes        ; |css_phy_tx_top_wrapper|css_phy_tx_top:u_css_phy_tx_top|form_ppdu:u_form_ppdu|q_fifo[605]                                                                                                                        ;
; 17:1               ; 2 bits    ; 22 LEs        ; 20 LEs               ; 2 LEs                  ; Yes        ; |css_phy_tx_top_wrapper|css_phy_tx_top:u_css_phy_tx_top|form_ppdu:u_form_ppdu|q_fifo[604]                                                                                                                        ;
; 17:1               ; 2 bits    ; 22 LEs        ; 20 LEs               ; 2 LEs                  ; Yes        ; |css_phy_tx_top_wrapper|css_phy_tx_top:u_css_phy_tx_top|form_ppdu:u_form_ppdu|q_fifo[603]                                                                                                                        ;
; 17:1               ; 2 bits    ; 22 LEs        ; 20 LEs               ; 2 LEs                  ; Yes        ; |css_phy_tx_top_wrapper|css_phy_tx_top:u_css_phy_tx_top|form_ppdu:u_form_ppdu|i_fifo[602]                                                                                                                        ;
; 17:1               ; 2 bits    ; 22 LEs        ; 20 LEs               ; 2 LEs                  ; Yes        ; |css_phy_tx_top_wrapper|css_phy_tx_top:u_css_phy_tx_top|form_ppdu:u_form_ppdu|q_fifo[601]                                                                                                                        ;
; 17:1               ; 2 bits    ; 22 LEs        ; 20 LEs               ; 2 LEs                  ; Yes        ; |css_phy_tx_top_wrapper|css_phy_tx_top:u_css_phy_tx_top|form_ppdu:u_form_ppdu|q_fifo[600]                                                                                                                        ;
; 17:1               ; 2 bits    ; 22 LEs        ; 20 LEs               ; 2 LEs                  ; Yes        ; |css_phy_tx_top_wrapper|css_phy_tx_top:u_css_phy_tx_top|form_ppdu:u_form_ppdu|q_fifo[599]                                                                                                                        ;
; 17:1               ; 2 bits    ; 22 LEs        ; 20 LEs               ; 2 LEs                  ; Yes        ; |css_phy_tx_top_wrapper|css_phy_tx_top:u_css_phy_tx_top|form_ppdu:u_form_ppdu|q_fifo[598]                                                                                                                        ;
; 17:1               ; 2 bits    ; 22 LEs        ; 20 LEs               ; 2 LEs                  ; Yes        ; |css_phy_tx_top_wrapper|css_phy_tx_top:u_css_phy_tx_top|form_ppdu:u_form_ppdu|q_fifo[597]                                                                                                                        ;
; 17:1               ; 2 bits    ; 22 LEs        ; 20 LEs               ; 2 LEs                  ; Yes        ; |css_phy_tx_top_wrapper|css_phy_tx_top:u_css_phy_tx_top|form_ppdu:u_form_ppdu|i_fifo[596]                                                                                                                        ;
; 17:1               ; 2 bits    ; 22 LEs        ; 20 LEs               ; 2 LEs                  ; Yes        ; |css_phy_tx_top_wrapper|css_phy_tx_top:u_css_phy_tx_top|form_ppdu:u_form_ppdu|q_fifo[595]                                                                                                                        ;
; 17:1               ; 2 bits    ; 22 LEs        ; 20 LEs               ; 2 LEs                  ; Yes        ; |css_phy_tx_top_wrapper|css_phy_tx_top:u_css_phy_tx_top|form_ppdu:u_form_ppdu|q_fifo[594]                                                                                                                        ;
; 17:1               ; 2 bits    ; 22 LEs        ; 20 LEs               ; 2 LEs                  ; Yes        ; |css_phy_tx_top_wrapper|css_phy_tx_top:u_css_phy_tx_top|form_ppdu:u_form_ppdu|q_fifo[593]                                                                                                                        ;
; 17:1               ; 2 bits    ; 22 LEs        ; 20 LEs               ; 2 LEs                  ; Yes        ; |css_phy_tx_top_wrapper|css_phy_tx_top:u_css_phy_tx_top|form_ppdu:u_form_ppdu|q_fifo[592]                                                                                                                        ;
; 17:1               ; 2 bits    ; 22 LEs        ; 20 LEs               ; 2 LEs                  ; Yes        ; |css_phy_tx_top_wrapper|css_phy_tx_top:u_css_phy_tx_top|form_ppdu:u_form_ppdu|q_fifo[591]                                                                                                                        ;
; 17:1               ; 2 bits    ; 22 LEs        ; 20 LEs               ; 2 LEs                  ; Yes        ; |css_phy_tx_top_wrapper|css_phy_tx_top:u_css_phy_tx_top|form_ppdu:u_form_ppdu|q_fifo[590]                                                                                                                        ;
; 17:1               ; 2 bits    ; 22 LEs        ; 20 LEs               ; 2 LEs                  ; Yes        ; |css_phy_tx_top_wrapper|css_phy_tx_top:u_css_phy_tx_top|form_ppdu:u_form_ppdu|q_fifo[589]                                                                                                                        ;
; 17:1               ; 2 bits    ; 22 LEs        ; 20 LEs               ; 2 LEs                  ; Yes        ; |css_phy_tx_top_wrapper|css_phy_tx_top:u_css_phy_tx_top|form_ppdu:u_form_ppdu|q_fifo[588]                                                                                                                        ;
; 17:1               ; 2 bits    ; 22 LEs        ; 20 LEs               ; 2 LEs                  ; Yes        ; |css_phy_tx_top_wrapper|css_phy_tx_top:u_css_phy_tx_top|form_ppdu:u_form_ppdu|q_fifo[587]                                                                                                                        ;
; 17:1               ; 2 bits    ; 22 LEs        ; 20 LEs               ; 2 LEs                  ; Yes        ; |css_phy_tx_top_wrapper|css_phy_tx_top:u_css_phy_tx_top|form_ppdu:u_form_ppdu|q_fifo[586]                                                                                                                        ;
; 17:1               ; 2 bits    ; 22 LEs        ; 20 LEs               ; 2 LEs                  ; Yes        ; |css_phy_tx_top_wrapper|css_phy_tx_top:u_css_phy_tx_top|form_ppdu:u_form_ppdu|q_fifo[585]                                                                                                                        ;
; 17:1               ; 2 bits    ; 22 LEs        ; 20 LEs               ; 2 LEs                  ; Yes        ; |css_phy_tx_top_wrapper|css_phy_tx_top:u_css_phy_tx_top|form_ppdu:u_form_ppdu|q_fifo[584]                                                                                                                        ;
; 17:1               ; 2 bits    ; 22 LEs        ; 20 LEs               ; 2 LEs                  ; Yes        ; |css_phy_tx_top_wrapper|css_phy_tx_top:u_css_phy_tx_top|form_ppdu:u_form_ppdu|q_fifo[583]                                                                                                                        ;
; 17:1               ; 2 bits    ; 22 LEs        ; 20 LEs               ; 2 LEs                  ; Yes        ; |css_phy_tx_top_wrapper|css_phy_tx_top:u_css_phy_tx_top|form_ppdu:u_form_ppdu|q_fifo[582]                                                                                                                        ;
; 17:1               ; 2 bits    ; 22 LEs        ; 20 LEs               ; 2 LEs                  ; Yes        ; |css_phy_tx_top_wrapper|css_phy_tx_top:u_css_phy_tx_top|form_ppdu:u_form_ppdu|q_fifo[581]                                                                                                                        ;
; 17:1               ; 2 bits    ; 22 LEs        ; 20 LEs               ; 2 LEs                  ; Yes        ; |css_phy_tx_top_wrapper|css_phy_tx_top:u_css_phy_tx_top|form_ppdu:u_form_ppdu|q_fifo[580]                                                                                                                        ;
; 17:1               ; 2 bits    ; 22 LEs        ; 20 LEs               ; 2 LEs                  ; Yes        ; |css_phy_tx_top_wrapper|css_phy_tx_top:u_css_phy_tx_top|form_ppdu:u_form_ppdu|q_fifo[579]                                                                                                                        ;
; 17:1               ; 2 bits    ; 22 LEs        ; 20 LEs               ; 2 LEs                  ; Yes        ; |css_phy_tx_top_wrapper|css_phy_tx_top:u_css_phy_tx_top|form_ppdu:u_form_ppdu|q_fifo[578]                                                                                                                        ;
; 17:1               ; 2 bits    ; 22 LEs        ; 20 LEs               ; 2 LEs                  ; Yes        ; |css_phy_tx_top_wrapper|css_phy_tx_top:u_css_phy_tx_top|form_ppdu:u_form_ppdu|q_fifo[577]                                                                                                                        ;
; 17:1               ; 2 bits    ; 22 LEs        ; 20 LEs               ; 2 LEs                  ; Yes        ; |css_phy_tx_top_wrapper|css_phy_tx_top:u_css_phy_tx_top|form_ppdu:u_form_ppdu|q_fifo[576]                                                                                                                        ;
; 17:1               ; 2 bits    ; 22 LEs        ; 20 LEs               ; 2 LEs                  ; Yes        ; |css_phy_tx_top_wrapper|css_phy_tx_top:u_css_phy_tx_top|form_ppdu:u_form_ppdu|q_fifo[575]                                                                                                                        ;
; 17:1               ; 2 bits    ; 22 LEs        ; 20 LEs               ; 2 LEs                  ; Yes        ; |css_phy_tx_top_wrapper|css_phy_tx_top:u_css_phy_tx_top|form_ppdu:u_form_ppdu|q_fifo[574]                                                                                                                        ;
; 17:1               ; 2 bits    ; 22 LEs        ; 20 LEs               ; 2 LEs                  ; Yes        ; |css_phy_tx_top_wrapper|css_phy_tx_top:u_css_phy_tx_top|form_ppdu:u_form_ppdu|q_fifo[573]                                                                                                                        ;
; 17:1               ; 2 bits    ; 22 LEs        ; 20 LEs               ; 2 LEs                  ; Yes        ; |css_phy_tx_top_wrapper|css_phy_tx_top:u_css_phy_tx_top|form_ppdu:u_form_ppdu|q_fifo[572]                                                                                                                        ;
; 17:1               ; 2 bits    ; 22 LEs        ; 20 LEs               ; 2 LEs                  ; Yes        ; |css_phy_tx_top_wrapper|css_phy_tx_top:u_css_phy_tx_top|form_ppdu:u_form_ppdu|q_fifo[571]                                                                                                                        ;
; 17:1               ; 2 bits    ; 22 LEs        ; 20 LEs               ; 2 LEs                  ; Yes        ; |css_phy_tx_top_wrapper|css_phy_tx_top:u_css_phy_tx_top|form_ppdu:u_form_ppdu|q_fifo[570]                                                                                                                        ;
; 17:1               ; 2 bits    ; 22 LEs        ; 20 LEs               ; 2 LEs                  ; Yes        ; |css_phy_tx_top_wrapper|css_phy_tx_top:u_css_phy_tx_top|form_ppdu:u_form_ppdu|q_fifo[569]                                                                                                                        ;
; 17:1               ; 2 bits    ; 22 LEs        ; 20 LEs               ; 2 LEs                  ; Yes        ; |css_phy_tx_top_wrapper|css_phy_tx_top:u_css_phy_tx_top|form_ppdu:u_form_ppdu|q_fifo[568]                                                                                                                        ;
; 17:1               ; 2 bits    ; 22 LEs        ; 20 LEs               ; 2 LEs                  ; Yes        ; |css_phy_tx_top_wrapper|css_phy_tx_top:u_css_phy_tx_top|form_ppdu:u_form_ppdu|q_fifo[567]                                                                                                                        ;
; 17:1               ; 2 bits    ; 22 LEs        ; 20 LEs               ; 2 LEs                  ; Yes        ; |css_phy_tx_top_wrapper|css_phy_tx_top:u_css_phy_tx_top|form_ppdu:u_form_ppdu|q_fifo[566]                                                                                                                        ;
; 17:1               ; 2 bits    ; 22 LEs        ; 20 LEs               ; 2 LEs                  ; Yes        ; |css_phy_tx_top_wrapper|css_phy_tx_top:u_css_phy_tx_top|form_ppdu:u_form_ppdu|q_fifo[565]                                                                                                                        ;
; 17:1               ; 2 bits    ; 22 LEs        ; 20 LEs               ; 2 LEs                  ; Yes        ; |css_phy_tx_top_wrapper|css_phy_tx_top:u_css_phy_tx_top|form_ppdu:u_form_ppdu|q_fifo[564]                                                                                                                        ;
; 17:1               ; 2 bits    ; 22 LEs        ; 20 LEs               ; 2 LEs                  ; Yes        ; |css_phy_tx_top_wrapper|css_phy_tx_top:u_css_phy_tx_top|form_ppdu:u_form_ppdu|q_fifo[563]                                                                                                                        ;
; 17:1               ; 2 bits    ; 22 LEs        ; 20 LEs               ; 2 LEs                  ; Yes        ; |css_phy_tx_top_wrapper|css_phy_tx_top:u_css_phy_tx_top|form_ppdu:u_form_ppdu|q_fifo[562]                                                                                                                        ;
; 17:1               ; 2 bits    ; 22 LEs        ; 20 LEs               ; 2 LEs                  ; Yes        ; |css_phy_tx_top_wrapper|css_phy_tx_top:u_css_phy_tx_top|form_ppdu:u_form_ppdu|i_fifo[561]                                                                                                                        ;
; 17:1               ; 2 bits    ; 22 LEs        ; 20 LEs               ; 2 LEs                  ; Yes        ; |css_phy_tx_top_wrapper|css_phy_tx_top:u_css_phy_tx_top|form_ppdu:u_form_ppdu|i_fifo[560]                                                                                                                        ;
; 17:1               ; 2 bits    ; 22 LEs        ; 20 LEs               ; 2 LEs                  ; Yes        ; |css_phy_tx_top_wrapper|css_phy_tx_top:u_css_phy_tx_top|form_ppdu:u_form_ppdu|i_fifo[559]                                                                                                                        ;
; 17:1               ; 2 bits    ; 22 LEs        ; 20 LEs               ; 2 LEs                  ; Yes        ; |css_phy_tx_top_wrapper|css_phy_tx_top:u_css_phy_tx_top|form_ppdu:u_form_ppdu|i_fifo[558]                                                                                                                        ;
; 17:1               ; 2 bits    ; 22 LEs        ; 20 LEs               ; 2 LEs                  ; Yes        ; |css_phy_tx_top_wrapper|css_phy_tx_top:u_css_phy_tx_top|form_ppdu:u_form_ppdu|i_fifo[557]                                                                                                                        ;
; 17:1               ; 2 bits    ; 22 LEs        ; 20 LEs               ; 2 LEs                  ; Yes        ; |css_phy_tx_top_wrapper|css_phy_tx_top:u_css_phy_tx_top|form_ppdu:u_form_ppdu|q_fifo[556]                                                                                                                        ;
; 17:1               ; 2 bits    ; 22 LEs        ; 20 LEs               ; 2 LEs                  ; Yes        ; |css_phy_tx_top_wrapper|css_phy_tx_top:u_css_phy_tx_top|form_ppdu:u_form_ppdu|i_fifo[555]                                                                                                                        ;
; 17:1               ; 2 bits    ; 22 LEs        ; 20 LEs               ; 2 LEs                  ; Yes        ; |css_phy_tx_top_wrapper|css_phy_tx_top:u_css_phy_tx_top|form_ppdu:u_form_ppdu|i_fifo[554]                                                                                                                        ;
; 17:1               ; 2 bits    ; 22 LEs        ; 20 LEs               ; 2 LEs                  ; Yes        ; |css_phy_tx_top_wrapper|css_phy_tx_top:u_css_phy_tx_top|form_ppdu:u_form_ppdu|i_fifo[553]                                                                                                                        ;
; 17:1               ; 2 bits    ; 22 LEs        ; 20 LEs               ; 2 LEs                  ; Yes        ; |css_phy_tx_top_wrapper|css_phy_tx_top:u_css_phy_tx_top|form_ppdu:u_form_ppdu|i_fifo[552]                                                                                                                        ;
; 17:1               ; 2 bits    ; 22 LEs        ; 20 LEs               ; 2 LEs                  ; Yes        ; |css_phy_tx_top_wrapper|css_phy_tx_top:u_css_phy_tx_top|form_ppdu:u_form_ppdu|i_fifo[551]                                                                                                                        ;
; 17:1               ; 2 bits    ; 22 LEs        ; 20 LEs               ; 2 LEs                  ; Yes        ; |css_phy_tx_top_wrapper|css_phy_tx_top:u_css_phy_tx_top|form_ppdu:u_form_ppdu|q_fifo[550]                                                                                                                        ;
; 17:1               ; 2 bits    ; 22 LEs        ; 20 LEs               ; 2 LEs                  ; Yes        ; |css_phy_tx_top_wrapper|css_phy_tx_top:u_css_phy_tx_top|form_ppdu:u_form_ppdu|i_fifo[549]                                                                                                                        ;
; 17:1               ; 2 bits    ; 22 LEs        ; 20 LEs               ; 2 LEs                  ; Yes        ; |css_phy_tx_top_wrapper|css_phy_tx_top:u_css_phy_tx_top|form_ppdu:u_form_ppdu|i_fifo[548]                                                                                                                        ;
; 17:1               ; 2 bits    ; 22 LEs        ; 20 LEs               ; 2 LEs                  ; Yes        ; |css_phy_tx_top_wrapper|css_phy_tx_top:u_css_phy_tx_top|form_ppdu:u_form_ppdu|i_fifo[547]                                                                                                                        ;
; 17:1               ; 2 bits    ; 22 LEs        ; 20 LEs               ; 2 LEs                  ; Yes        ; |css_phy_tx_top_wrapper|css_phy_tx_top:u_css_phy_tx_top|form_ppdu:u_form_ppdu|i_fifo[546]                                                                                                                        ;
; 17:1               ; 2 bits    ; 22 LEs        ; 20 LEs               ; 2 LEs                  ; Yes        ; |css_phy_tx_top_wrapper|css_phy_tx_top:u_css_phy_tx_top|form_ppdu:u_form_ppdu|i_fifo[545]                                                                                                                        ;
; 17:1               ; 2 bits    ; 22 LEs        ; 20 LEs               ; 2 LEs                  ; Yes        ; |css_phy_tx_top_wrapper|css_phy_tx_top:u_css_phy_tx_top|form_ppdu:u_form_ppdu|i_fifo[544]                                                                                                                        ;
; 17:1               ; 2 bits    ; 22 LEs        ; 20 LEs               ; 2 LEs                  ; Yes        ; |css_phy_tx_top_wrapper|css_phy_tx_top:u_css_phy_tx_top|form_ppdu:u_form_ppdu|i_fifo[543]                                                                                                                        ;
; 17:1               ; 2 bits    ; 22 LEs        ; 20 LEs               ; 2 LEs                  ; Yes        ; |css_phy_tx_top_wrapper|css_phy_tx_top:u_css_phy_tx_top|form_ppdu:u_form_ppdu|i_fifo[542]                                                                                                                        ;
; 17:1               ; 2 bits    ; 22 LEs        ; 20 LEs               ; 2 LEs                  ; Yes        ; |css_phy_tx_top_wrapper|css_phy_tx_top:u_css_phy_tx_top|form_ppdu:u_form_ppdu|i_fifo[541]                                                                                                                        ;
; 17:1               ; 2 bits    ; 22 LEs        ; 20 LEs               ; 2 LEs                  ; Yes        ; |css_phy_tx_top_wrapper|css_phy_tx_top:u_css_phy_tx_top|form_ppdu:u_form_ppdu|i_fifo[540]                                                                                                                        ;
; 17:1               ; 2 bits    ; 22 LEs        ; 20 LEs               ; 2 LEs                  ; Yes        ; |css_phy_tx_top_wrapper|css_phy_tx_top:u_css_phy_tx_top|form_ppdu:u_form_ppdu|i_fifo[539]                                                                                                                        ;
; 17:1               ; 2 bits    ; 22 LEs        ; 20 LEs               ; 2 LEs                  ; Yes        ; |css_phy_tx_top_wrapper|css_phy_tx_top:u_css_phy_tx_top|form_ppdu:u_form_ppdu|i_fifo[538]                                                                                                                        ;
; 17:1               ; 2 bits    ; 22 LEs        ; 20 LEs               ; 2 LEs                  ; Yes        ; |css_phy_tx_top_wrapper|css_phy_tx_top:u_css_phy_tx_top|form_ppdu:u_form_ppdu|i_fifo[537]                                                                                                                        ;
; 17:1               ; 2 bits    ; 22 LEs        ; 20 LEs               ; 2 LEs                  ; Yes        ; |css_phy_tx_top_wrapper|css_phy_tx_top:u_css_phy_tx_top|form_ppdu:u_form_ppdu|i_fifo[536]                                                                                                                        ;
; 17:1               ; 2 bits    ; 22 LEs        ; 20 LEs               ; 2 LEs                  ; Yes        ; |css_phy_tx_top_wrapper|css_phy_tx_top:u_css_phy_tx_top|form_ppdu:u_form_ppdu|i_fifo[535]                                                                                                                        ;
; 17:1               ; 2 bits    ; 22 LEs        ; 20 LEs               ; 2 LEs                  ; Yes        ; |css_phy_tx_top_wrapper|css_phy_tx_top:u_css_phy_tx_top|form_ppdu:u_form_ppdu|q_fifo[534]                                                                                                                        ;
; 17:1               ; 2 bits    ; 22 LEs        ; 20 LEs               ; 2 LEs                  ; Yes        ; |css_phy_tx_top_wrapper|css_phy_tx_top:u_css_phy_tx_top|form_ppdu:u_form_ppdu|i_fifo[533]                                                                                                                        ;
; 17:1               ; 2 bits    ; 22 LEs        ; 20 LEs               ; 2 LEs                  ; Yes        ; |css_phy_tx_top_wrapper|css_phy_tx_top:u_css_phy_tx_top|form_ppdu:u_form_ppdu|i_fifo[532]                                                                                                                        ;
; 17:1               ; 2 bits    ; 22 LEs        ; 20 LEs               ; 2 LEs                  ; Yes        ; |css_phy_tx_top_wrapper|css_phy_tx_top:u_css_phy_tx_top|form_ppdu:u_form_ppdu|i_fifo[531]                                                                                                                        ;
; 17:1               ; 2 bits    ; 22 LEs        ; 20 LEs               ; 2 LEs                  ; Yes        ; |css_phy_tx_top_wrapper|css_phy_tx_top:u_css_phy_tx_top|form_ppdu:u_form_ppdu|i_fifo[530]                                                                                                                        ;
; 17:1               ; 2 bits    ; 22 LEs        ; 20 LEs               ; 2 LEs                  ; Yes        ; |css_phy_tx_top_wrapper|css_phy_tx_top:u_css_phy_tx_top|form_ppdu:u_form_ppdu|i_fifo[529]                                                                                                                        ;
; 17:1               ; 2 bits    ; 22 LEs        ; 20 LEs               ; 2 LEs                  ; Yes        ; |css_phy_tx_top_wrapper|css_phy_tx_top:u_css_phy_tx_top|form_ppdu:u_form_ppdu|q_fifo[528]                                                                                                                        ;
; 17:1               ; 2 bits    ; 22 LEs        ; 20 LEs               ; 2 LEs                  ; Yes        ; |css_phy_tx_top_wrapper|css_phy_tx_top:u_css_phy_tx_top|form_ppdu:u_form_ppdu|i_fifo[527]                                                                                                                        ;
; 17:1               ; 2 bits    ; 22 LEs        ; 20 LEs               ; 2 LEs                  ; Yes        ; |css_phy_tx_top_wrapper|css_phy_tx_top:u_css_phy_tx_top|form_ppdu:u_form_ppdu|i_fifo[526]                                                                                                                        ;
; 17:1               ; 2 bits    ; 22 LEs        ; 20 LEs               ; 2 LEs                  ; Yes        ; |css_phy_tx_top_wrapper|css_phy_tx_top:u_css_phy_tx_top|form_ppdu:u_form_ppdu|q_fifo[525]                                                                                                                        ;
; 17:1               ; 2 bits    ; 22 LEs        ; 20 LEs               ; 2 LEs                  ; Yes        ; |css_phy_tx_top_wrapper|css_phy_tx_top:u_css_phy_tx_top|form_ppdu:u_form_ppdu|q_fifo[524]                                                                                                                        ;
; 17:1               ; 2 bits    ; 22 LEs        ; 20 LEs               ; 2 LEs                  ; Yes        ; |css_phy_tx_top_wrapper|css_phy_tx_top:u_css_phy_tx_top|form_ppdu:u_form_ppdu|i_fifo[523]                                                                                                                        ;
; 17:1               ; 2 bits    ; 22 LEs        ; 20 LEs               ; 2 LEs                  ; Yes        ; |css_phy_tx_top_wrapper|css_phy_tx_top:u_css_phy_tx_top|form_ppdu:u_form_ppdu|i_fifo[522]                                                                                                                        ;
; 17:1               ; 2 bits    ; 22 LEs        ; 20 LEs               ; 2 LEs                  ; Yes        ; |css_phy_tx_top_wrapper|css_phy_tx_top:u_css_phy_tx_top|form_ppdu:u_form_ppdu|i_fifo[521]                                                                                                                        ;
; 17:1               ; 2 bits    ; 22 LEs        ; 20 LEs               ; 2 LEs                  ; Yes        ; |css_phy_tx_top_wrapper|css_phy_tx_top:u_css_phy_tx_top|form_ppdu:u_form_ppdu|q_fifo[520]                                                                                                                        ;
; 17:1               ; 2 bits    ; 22 LEs        ; 20 LEs               ; 2 LEs                  ; Yes        ; |css_phy_tx_top_wrapper|css_phy_tx_top:u_css_phy_tx_top|form_ppdu:u_form_ppdu|q_fifo[519]                                                                                                                        ;
; 17:1               ; 2 bits    ; 22 LEs        ; 20 LEs               ; 2 LEs                  ; Yes        ; |css_phy_tx_top_wrapper|css_phy_tx_top:u_css_phy_tx_top|form_ppdu:u_form_ppdu|i_fifo[518]                                                                                                                        ;
; 17:1               ; 2 bits    ; 22 LEs        ; 20 LEs               ; 2 LEs                  ; Yes        ; |css_phy_tx_top_wrapper|css_phy_tx_top:u_css_phy_tx_top|form_ppdu:u_form_ppdu|i_fifo[517]                                                                                                                        ;
; 17:1               ; 2 bits    ; 22 LEs        ; 20 LEs               ; 2 LEs                  ; Yes        ; |css_phy_tx_top_wrapper|css_phy_tx_top:u_css_phy_tx_top|form_ppdu:u_form_ppdu|q_fifo[516]                                                                                                                        ;
; 17:1               ; 2 bits    ; 22 LEs        ; 20 LEs               ; 2 LEs                  ; Yes        ; |css_phy_tx_top_wrapper|css_phy_tx_top:u_css_phy_tx_top|form_ppdu:u_form_ppdu|i_fifo[515]                                                                                                                        ;
; 17:1               ; 2 bits    ; 22 LEs        ; 20 LEs               ; 2 LEs                  ; Yes        ; |css_phy_tx_top_wrapper|css_phy_tx_top:u_css_phy_tx_top|form_ppdu:u_form_ppdu|q_fifo[514]                                                                                                                        ;
; 17:1               ; 2 bits    ; 22 LEs        ; 20 LEs               ; 2 LEs                  ; Yes        ; |css_phy_tx_top_wrapper|css_phy_tx_top:u_css_phy_tx_top|form_ppdu:u_form_ppdu|q_fifo[513]                                                                                                                        ;
; 17:1               ; 2 bits    ; 22 LEs        ; 20 LEs               ; 2 LEs                  ; Yes        ; |css_phy_tx_top_wrapper|css_phy_tx_top:u_css_phy_tx_top|form_ppdu:u_form_ppdu|i_fifo[512]                                                                                                                        ;
; 17:1               ; 2 bits    ; 22 LEs        ; 20 LEs               ; 2 LEs                  ; Yes        ; |css_phy_tx_top_wrapper|css_phy_tx_top:u_css_phy_tx_top|form_ppdu:u_form_ppdu|i_fifo[511]                                                                                                                        ;
; 17:1               ; 2 bits    ; 22 LEs        ; 20 LEs               ; 2 LEs                  ; Yes        ; |css_phy_tx_top_wrapper|css_phy_tx_top:u_css_phy_tx_top|form_ppdu:u_form_ppdu|q_fifo[510]                                                                                                                        ;
; 17:1               ; 2 bits    ; 22 LEs        ; 20 LEs               ; 2 LEs                  ; Yes        ; |css_phy_tx_top_wrapper|css_phy_tx_top:u_css_phy_tx_top|form_ppdu:u_form_ppdu|q_fifo[509]                                                                                                                        ;
; 17:1               ; 2 bits    ; 22 LEs        ; 20 LEs               ; 2 LEs                  ; Yes        ; |css_phy_tx_top_wrapper|css_phy_tx_top:u_css_phy_tx_top|form_ppdu:u_form_ppdu|q_fifo[508]                                                                                                                        ;
; 17:1               ; 2 bits    ; 22 LEs        ; 20 LEs               ; 2 LEs                  ; Yes        ; |css_phy_tx_top_wrapper|css_phy_tx_top:u_css_phy_tx_top|form_ppdu:u_form_ppdu|q_fifo[507]                                                                                                                        ;
; 17:1               ; 2 bits    ; 22 LEs        ; 20 LEs               ; 2 LEs                  ; Yes        ; |css_phy_tx_top_wrapper|css_phy_tx_top:u_css_phy_tx_top|form_ppdu:u_form_ppdu|q_fifo[506]                                                                                                                        ;
; 17:1               ; 2 bits    ; 22 LEs        ; 20 LEs               ; 2 LEs                  ; Yes        ; |css_phy_tx_top_wrapper|css_phy_tx_top:u_css_phy_tx_top|form_ppdu:u_form_ppdu|q_fifo[505]                                                                                                                        ;
; 17:1               ; 2 bits    ; 22 LEs        ; 20 LEs               ; 2 LEs                  ; Yes        ; |css_phy_tx_top_wrapper|css_phy_tx_top:u_css_phy_tx_top|form_ppdu:u_form_ppdu|q_fifo[504]                                                                                                                        ;
; 17:1               ; 2 bits    ; 22 LEs        ; 20 LEs               ; 2 LEs                  ; Yes        ; |css_phy_tx_top_wrapper|css_phy_tx_top:u_css_phy_tx_top|form_ppdu:u_form_ppdu|i_fifo[503]                                                                                                                        ;
; 17:1               ; 2 bits    ; 22 LEs        ; 20 LEs               ; 2 LEs                  ; Yes        ; |css_phy_tx_top_wrapper|css_phy_tx_top:u_css_phy_tx_top|form_ppdu:u_form_ppdu|q_fifo[502]                                                                                                                        ;
; 17:1               ; 2 bits    ; 22 LEs        ; 20 LEs               ; 2 LEs                  ; Yes        ; |css_phy_tx_top_wrapper|css_phy_tx_top:u_css_phy_tx_top|form_ppdu:u_form_ppdu|q_fifo[501]                                                                                                                        ;
; 17:1               ; 2 bits    ; 22 LEs        ; 20 LEs               ; 2 LEs                  ; Yes        ; |css_phy_tx_top_wrapper|css_phy_tx_top:u_css_phy_tx_top|form_ppdu:u_form_ppdu|i_fifo[500]                                                                                                                        ;
; 17:1               ; 2 bits    ; 22 LEs        ; 20 LEs               ; 2 LEs                  ; Yes        ; |css_phy_tx_top_wrapper|css_phy_tx_top:u_css_phy_tx_top|form_ppdu:u_form_ppdu|q_fifo[499]                                                                                                                        ;
; 17:1               ; 2 bits    ; 22 LEs        ; 20 LEs               ; 2 LEs                  ; Yes        ; |css_phy_tx_top_wrapper|css_phy_tx_top:u_css_phy_tx_top|form_ppdu:u_form_ppdu|i_fifo[498]                                                                                                                        ;
; 17:1               ; 2 bits    ; 22 LEs        ; 20 LEs               ; 2 LEs                  ; Yes        ; |css_phy_tx_top_wrapper|css_phy_tx_top:u_css_phy_tx_top|form_ppdu:u_form_ppdu|i_fifo[497]                                                                                                                        ;
; 17:1               ; 2 bits    ; 22 LEs        ; 20 LEs               ; 2 LEs                  ; Yes        ; |css_phy_tx_top_wrapper|css_phy_tx_top:u_css_phy_tx_top|form_ppdu:u_form_ppdu|q_fifo[496]                                                                                                                        ;
; 17:1               ; 2 bits    ; 22 LEs        ; 20 LEs               ; 2 LEs                  ; Yes        ; |css_phy_tx_top_wrapper|css_phy_tx_top:u_css_phy_tx_top|form_ppdu:u_form_ppdu|q_fifo[495]                                                                                                                        ;
; 17:1               ; 2 bits    ; 22 LEs        ; 20 LEs               ; 2 LEs                  ; Yes        ; |css_phy_tx_top_wrapper|css_phy_tx_top:u_css_phy_tx_top|form_ppdu:u_form_ppdu|q_fifo[494]                                                                                                                        ;
; 17:1               ; 2 bits    ; 22 LEs        ; 20 LEs               ; 2 LEs                  ; Yes        ; |css_phy_tx_top_wrapper|css_phy_tx_top:u_css_phy_tx_top|form_ppdu:u_form_ppdu|i_fifo[493]                                                                                                                        ;
; 17:1               ; 2 bits    ; 22 LEs        ; 20 LEs               ; 2 LEs                  ; Yes        ; |css_phy_tx_top_wrapper|css_phy_tx_top:u_css_phy_tx_top|form_ppdu:u_form_ppdu|q_fifo[492]                                                                                                                        ;
; 17:1               ; 2 bits    ; 22 LEs        ; 20 LEs               ; 2 LEs                  ; Yes        ; |css_phy_tx_top_wrapper|css_phy_tx_top:u_css_phy_tx_top|form_ppdu:u_form_ppdu|q_fifo[491]                                                                                                                        ;
; 17:1               ; 2 bits    ; 22 LEs        ; 20 LEs               ; 2 LEs                  ; Yes        ; |css_phy_tx_top_wrapper|css_phy_tx_top:u_css_phy_tx_top|form_ppdu:u_form_ppdu|i_fifo[490]                                                                                                                        ;
; 17:1               ; 2 bits    ; 22 LEs        ; 20 LEs               ; 2 LEs                  ; Yes        ; |css_phy_tx_top_wrapper|css_phy_tx_top:u_css_phy_tx_top|form_ppdu:u_form_ppdu|q_fifo[489]                                                                                                                        ;
; 17:1               ; 2 bits    ; 22 LEs        ; 20 LEs               ; 2 LEs                  ; Yes        ; |css_phy_tx_top_wrapper|css_phy_tx_top:u_css_phy_tx_top|form_ppdu:u_form_ppdu|q_fifo[488]                                                                                                                        ;
; 17:1               ; 2 bits    ; 22 LEs        ; 20 LEs               ; 2 LEs                  ; Yes        ; |css_phy_tx_top_wrapper|css_phy_tx_top:u_css_phy_tx_top|form_ppdu:u_form_ppdu|q_fifo[487]                                                                                                                        ;
; 17:1               ; 2 bits    ; 22 LEs        ; 20 LEs               ; 2 LEs                  ; Yes        ; |css_phy_tx_top_wrapper|css_phy_tx_top:u_css_phy_tx_top|form_ppdu:u_form_ppdu|i_fifo[486]                                                                                                                        ;
; 17:1               ; 2 bits    ; 22 LEs        ; 20 LEs               ; 2 LEs                  ; Yes        ; |css_phy_tx_top_wrapper|css_phy_tx_top:u_css_phy_tx_top|form_ppdu:u_form_ppdu|i_fifo[485]                                                                                                                        ;
; 17:1               ; 2 bits    ; 22 LEs        ; 20 LEs               ; 2 LEs                  ; Yes        ; |css_phy_tx_top_wrapper|css_phy_tx_top:u_css_phy_tx_top|form_ppdu:u_form_ppdu|i_fifo[484]                                                                                                                        ;
; 17:1               ; 2 bits    ; 22 LEs        ; 20 LEs               ; 2 LEs                  ; Yes        ; |css_phy_tx_top_wrapper|css_phy_tx_top:u_css_phy_tx_top|form_ppdu:u_form_ppdu|i_fifo[483]                                                                                                                        ;
; 17:1               ; 2 bits    ; 22 LEs        ; 20 LEs               ; 2 LEs                  ; Yes        ; |css_phy_tx_top_wrapper|css_phy_tx_top:u_css_phy_tx_top|form_ppdu:u_form_ppdu|i_fifo[482]                                                                                                                        ;
; 17:1               ; 2 bits    ; 22 LEs        ; 20 LEs               ; 2 LEs                  ; Yes        ; |css_phy_tx_top_wrapper|css_phy_tx_top:u_css_phy_tx_top|form_ppdu:u_form_ppdu|i_fifo[481]                                                                                                                        ;
; 17:1               ; 2 bits    ; 22 LEs        ; 20 LEs               ; 2 LEs                  ; Yes        ; |css_phy_tx_top_wrapper|css_phy_tx_top:u_css_phy_tx_top|form_ppdu:u_form_ppdu|i_fifo[480]                                                                                                                        ;
; 17:1               ; 2 bits    ; 22 LEs        ; 20 LEs               ; 2 LEs                  ; Yes        ; |css_phy_tx_top_wrapper|css_phy_tx_top:u_css_phy_tx_top|form_ppdu:u_form_ppdu|i_fifo[479]                                                                                                                        ;
; 17:1               ; 2 bits    ; 22 LEs        ; 20 LEs               ; 2 LEs                  ; Yes        ; |css_phy_tx_top_wrapper|css_phy_tx_top:u_css_phy_tx_top|form_ppdu:u_form_ppdu|q_fifo[478]                                                                                                                        ;
; 17:1               ; 2 bits    ; 22 LEs        ; 20 LEs               ; 2 LEs                  ; Yes        ; |css_phy_tx_top_wrapper|css_phy_tx_top:u_css_phy_tx_top|form_ppdu:u_form_ppdu|q_fifo[477]                                                                                                                        ;
; 17:1               ; 2 bits    ; 22 LEs        ; 20 LEs               ; 2 LEs                  ; Yes        ; |css_phy_tx_top_wrapper|css_phy_tx_top:u_css_phy_tx_top|form_ppdu:u_form_ppdu|i_fifo[476]                                                                                                                        ;
; 17:1               ; 2 bits    ; 22 LEs        ; 20 LEs               ; 2 LEs                  ; Yes        ; |css_phy_tx_top_wrapper|css_phy_tx_top:u_css_phy_tx_top|form_ppdu:u_form_ppdu|i_fifo[475]                                                                                                                        ;
; 17:1               ; 2 bits    ; 22 LEs        ; 20 LEs               ; 2 LEs                  ; Yes        ; |css_phy_tx_top_wrapper|css_phy_tx_top:u_css_phy_tx_top|form_ppdu:u_form_ppdu|i_fifo[474]                                                                                                                        ;
; 17:1               ; 2 bits    ; 22 LEs        ; 20 LEs               ; 2 LEs                  ; Yes        ; |css_phy_tx_top_wrapper|css_phy_tx_top:u_css_phy_tx_top|form_ppdu:u_form_ppdu|i_fifo[473]                                                                                                                        ;
; 17:1               ; 2 bits    ; 22 LEs        ; 20 LEs               ; 2 LEs                  ; Yes        ; |css_phy_tx_top_wrapper|css_phy_tx_top:u_css_phy_tx_top|form_ppdu:u_form_ppdu|i_fifo[472]                                                                                                                        ;
; 17:1               ; 2 bits    ; 22 LEs        ; 20 LEs               ; 2 LEs                  ; Yes        ; |css_phy_tx_top_wrapper|css_phy_tx_top:u_css_phy_tx_top|form_ppdu:u_form_ppdu|i_fifo[471]                                                                                                                        ;
; 17:1               ; 2 bits    ; 22 LEs        ; 20 LEs               ; 2 LEs                  ; Yes        ; |css_phy_tx_top_wrapper|css_phy_tx_top:u_css_phy_tx_top|form_ppdu:u_form_ppdu|i_fifo[470]                                                                                                                        ;
; 17:1               ; 2 bits    ; 22 LEs        ; 20 LEs               ; 2 LEs                  ; Yes        ; |css_phy_tx_top_wrapper|css_phy_tx_top:u_css_phy_tx_top|form_ppdu:u_form_ppdu|i_fifo[469]                                                                                                                        ;
; 17:1               ; 2 bits    ; 22 LEs        ; 20 LEs               ; 2 LEs                  ; Yes        ; |css_phy_tx_top_wrapper|css_phy_tx_top:u_css_phy_tx_top|form_ppdu:u_form_ppdu|i_fifo[468]                                                                                                                        ;
; 17:1               ; 2 bits    ; 22 LEs        ; 20 LEs               ; 2 LEs                  ; Yes        ; |css_phy_tx_top_wrapper|css_phy_tx_top:u_css_phy_tx_top|form_ppdu:u_form_ppdu|i_fifo[467]                                                                                                                        ;
; 17:1               ; 2 bits    ; 22 LEs        ; 20 LEs               ; 2 LEs                  ; Yes        ; |css_phy_tx_top_wrapper|css_phy_tx_top:u_css_phy_tx_top|form_ppdu:u_form_ppdu|i_fifo[466]                                                                                                                        ;
; 17:1               ; 2 bits    ; 22 LEs        ; 20 LEs               ; 2 LEs                  ; Yes        ; |css_phy_tx_top_wrapper|css_phy_tx_top:u_css_phy_tx_top|form_ppdu:u_form_ppdu|i_fifo[465]                                                                                                                        ;
; 17:1               ; 2 bits    ; 22 LEs        ; 20 LEs               ; 2 LEs                  ; Yes        ; |css_phy_tx_top_wrapper|css_phy_tx_top:u_css_phy_tx_top|form_ppdu:u_form_ppdu|i_fifo[464]                                                                                                                        ;
; 17:1               ; 2 bits    ; 22 LEs        ; 20 LEs               ; 2 LEs                  ; Yes        ; |css_phy_tx_top_wrapper|css_phy_tx_top:u_css_phy_tx_top|form_ppdu:u_form_ppdu|i_fifo[463]                                                                                                                        ;
; 17:1               ; 2 bits    ; 22 LEs        ; 20 LEs               ; 2 LEs                  ; Yes        ; |css_phy_tx_top_wrapper|css_phy_tx_top:u_css_phy_tx_top|form_ppdu:u_form_ppdu|q_fifo[462]                                                                                                                        ;
; 17:1               ; 2 bits    ; 22 LEs        ; 20 LEs               ; 2 LEs                  ; Yes        ; |css_phy_tx_top_wrapper|css_phy_tx_top:u_css_phy_tx_top|form_ppdu:u_form_ppdu|q_fifo[461]                                                                                                                        ;
; 17:1               ; 2 bits    ; 22 LEs        ; 20 LEs               ; 2 LEs                  ; Yes        ; |css_phy_tx_top_wrapper|css_phy_tx_top:u_css_phy_tx_top|form_ppdu:u_form_ppdu|i_fifo[460]                                                                                                                        ;
; 17:1               ; 2 bits    ; 22 LEs        ; 20 LEs               ; 2 LEs                  ; Yes        ; |css_phy_tx_top_wrapper|css_phy_tx_top:u_css_phy_tx_top|form_ppdu:u_form_ppdu|q_fifo[459]                                                                                                                        ;
; 17:1               ; 2 bits    ; 22 LEs        ; 20 LEs               ; 2 LEs                  ; Yes        ; |css_phy_tx_top_wrapper|css_phy_tx_top:u_css_phy_tx_top|form_ppdu:u_form_ppdu|i_fifo[458]                                                                                                                        ;
; 17:1               ; 2 bits    ; 22 LEs        ; 20 LEs               ; 2 LEs                  ; Yes        ; |css_phy_tx_top_wrapper|css_phy_tx_top:u_css_phy_tx_top|form_ppdu:u_form_ppdu|q_fifo[457]                                                                                                                        ;
; 17:1               ; 2 bits    ; 22 LEs        ; 20 LEs               ; 2 LEs                  ; Yes        ; |css_phy_tx_top_wrapper|css_phy_tx_top:u_css_phy_tx_top|form_ppdu:u_form_ppdu|i_fifo[456]                                                                                                                        ;
; 17:1               ; 2 bits    ; 22 LEs        ; 20 LEs               ; 2 LEs                  ; Yes        ; |css_phy_tx_top_wrapper|css_phy_tx_top:u_css_phy_tx_top|form_ppdu:u_form_ppdu|q_fifo[455]                                                                                                                        ;
; 17:1               ; 2 bits    ; 22 LEs        ; 20 LEs               ; 2 LEs                  ; Yes        ; |css_phy_tx_top_wrapper|css_phy_tx_top:u_css_phy_tx_top|form_ppdu:u_form_ppdu|q_fifo[454]                                                                                                                        ;
; 17:1               ; 2 bits    ; 22 LEs        ; 20 LEs               ; 2 LEs                  ; Yes        ; |css_phy_tx_top_wrapper|css_phy_tx_top:u_css_phy_tx_top|form_ppdu:u_form_ppdu|i_fifo[453]                                                                                                                        ;
; 17:1               ; 2 bits    ; 22 LEs        ; 20 LEs               ; 2 LEs                  ; Yes        ; |css_phy_tx_top_wrapper|css_phy_tx_top:u_css_phy_tx_top|form_ppdu:u_form_ppdu|q_fifo[452]                                                                                                                        ;
; 17:1               ; 2 bits    ; 22 LEs        ; 20 LEs               ; 2 LEs                  ; Yes        ; |css_phy_tx_top_wrapper|css_phy_tx_top:u_css_phy_tx_top|form_ppdu:u_form_ppdu|q_fifo[451]                                                                                                                        ;
; 17:1               ; 2 bits    ; 22 LEs        ; 20 LEs               ; 2 LEs                  ; Yes        ; |css_phy_tx_top_wrapper|css_phy_tx_top:u_css_phy_tx_top|form_ppdu:u_form_ppdu|q_fifo[450]                                                                                                                        ;
; 17:1               ; 2 bits    ; 22 LEs        ; 20 LEs               ; 2 LEs                  ; Yes        ; |css_phy_tx_top_wrapper|css_phy_tx_top:u_css_phy_tx_top|form_ppdu:u_form_ppdu|i_fifo[449]                                                                                                                        ;
; 17:1               ; 2 bits    ; 22 LEs        ; 20 LEs               ; 2 LEs                  ; Yes        ; |css_phy_tx_top_wrapper|css_phy_tx_top:u_css_phy_tx_top|form_ppdu:u_form_ppdu|i_fifo[448]                                                                                                                        ;
; 17:1               ; 2 bits    ; 22 LEs        ; 20 LEs               ; 2 LEs                  ; Yes        ; |css_phy_tx_top_wrapper|css_phy_tx_top:u_css_phy_tx_top|form_ppdu:u_form_ppdu|i_fifo[447]                                                                                                                        ;
; 17:1               ; 2 bits    ; 22 LEs        ; 20 LEs               ; 2 LEs                  ; Yes        ; |css_phy_tx_top_wrapper|css_phy_tx_top:u_css_phy_tx_top|form_ppdu:u_form_ppdu|q_fifo[446]                                                                                                                        ;
; 17:1               ; 2 bits    ; 22 LEs        ; 20 LEs               ; 2 LEs                  ; Yes        ; |css_phy_tx_top_wrapper|css_phy_tx_top:u_css_phy_tx_top|form_ppdu:u_form_ppdu|q_fifo[445]                                                                                                                        ;
; 17:1               ; 2 bits    ; 22 LEs        ; 20 LEs               ; 2 LEs                  ; Yes        ; |css_phy_tx_top_wrapper|css_phy_tx_top:u_css_phy_tx_top|form_ppdu:u_form_ppdu|i_fifo[444]                                                                                                                        ;
; 17:1               ; 2 bits    ; 22 LEs        ; 20 LEs               ; 2 LEs                  ; Yes        ; |css_phy_tx_top_wrapper|css_phy_tx_top:u_css_phy_tx_top|form_ppdu:u_form_ppdu|q_fifo[443]                                                                                                                        ;
; 17:1               ; 2 bits    ; 22 LEs        ; 20 LEs               ; 2 LEs                  ; Yes        ; |css_phy_tx_top_wrapper|css_phy_tx_top:u_css_phy_tx_top|form_ppdu:u_form_ppdu|i_fifo[442]                                                                                                                        ;
; 17:1               ; 2 bits    ; 22 LEs        ; 20 LEs               ; 2 LEs                  ; Yes        ; |css_phy_tx_top_wrapper|css_phy_tx_top:u_css_phy_tx_top|form_ppdu:u_form_ppdu|q_fifo[441]                                                                                                                        ;
; 17:1               ; 2 bits    ; 22 LEs        ; 20 LEs               ; 2 LEs                  ; Yes        ; |css_phy_tx_top_wrapper|css_phy_tx_top:u_css_phy_tx_top|form_ppdu:u_form_ppdu|q_fifo[440]                                                                                                                        ;
; 17:1               ; 2 bits    ; 22 LEs        ; 20 LEs               ; 2 LEs                  ; Yes        ; |css_phy_tx_top_wrapper|css_phy_tx_top:u_css_phy_tx_top|form_ppdu:u_form_ppdu|q_fifo[439]                                                                                                                        ;
; 17:1               ; 2 bits    ; 22 LEs        ; 20 LEs               ; 2 LEs                  ; Yes        ; |css_phy_tx_top_wrapper|css_phy_tx_top:u_css_phy_tx_top|form_ppdu:u_form_ppdu|q_fifo[438]                                                                                                                        ;
; 17:1               ; 2 bits    ; 22 LEs        ; 20 LEs               ; 2 LEs                  ; Yes        ; |css_phy_tx_top_wrapper|css_phy_tx_top:u_css_phy_tx_top|form_ppdu:u_form_ppdu|q_fifo[437]                                                                                                                        ;
; 17:1               ; 2 bits    ; 22 LEs        ; 20 LEs               ; 2 LEs                  ; Yes        ; |css_phy_tx_top_wrapper|css_phy_tx_top:u_css_phy_tx_top|form_ppdu:u_form_ppdu|i_fifo[436]                                                                                                                        ;
; 17:1               ; 2 bits    ; 22 LEs        ; 20 LEs               ; 2 LEs                  ; Yes        ; |css_phy_tx_top_wrapper|css_phy_tx_top:u_css_phy_tx_top|form_ppdu:u_form_ppdu|i_fifo[435]                                                                                                                        ;
; 17:1               ; 2 bits    ; 22 LEs        ; 20 LEs               ; 2 LEs                  ; Yes        ; |css_phy_tx_top_wrapper|css_phy_tx_top:u_css_phy_tx_top|form_ppdu:u_form_ppdu|i_fifo[434]                                                                                                                        ;
; 17:1               ; 2 bits    ; 22 LEs        ; 20 LEs               ; 2 LEs                  ; Yes        ; |css_phy_tx_top_wrapper|css_phy_tx_top:u_css_phy_tx_top|form_ppdu:u_form_ppdu|i_fifo[433]                                                                                                                        ;
; 17:1               ; 2 bits    ; 22 LEs        ; 20 LEs               ; 2 LEs                  ; Yes        ; |css_phy_tx_top_wrapper|css_phy_tx_top:u_css_phy_tx_top|form_ppdu:u_form_ppdu|i_fifo[432]                                                                                                                        ;
; 17:1               ; 2 bits    ; 22 LEs        ; 20 LEs               ; 2 LEs                  ; Yes        ; |css_phy_tx_top_wrapper|css_phy_tx_top:u_css_phy_tx_top|form_ppdu:u_form_ppdu|i_fifo[431]                                                                                                                        ;
; 17:1               ; 2 bits    ; 22 LEs        ; 20 LEs               ; 2 LEs                  ; Yes        ; |css_phy_tx_top_wrapper|css_phy_tx_top:u_css_phy_tx_top|form_ppdu:u_form_ppdu|i_fifo[430]                                                                                                                        ;
; 17:1               ; 2 bits    ; 22 LEs        ; 20 LEs               ; 2 LEs                  ; Yes        ; |css_phy_tx_top_wrapper|css_phy_tx_top:u_css_phy_tx_top|form_ppdu:u_form_ppdu|i_fifo[429]                                                                                                                        ;
; 17:1               ; 2 bits    ; 22 LEs        ; 20 LEs               ; 2 LEs                  ; Yes        ; |css_phy_tx_top_wrapper|css_phy_tx_top:u_css_phy_tx_top|form_ppdu:u_form_ppdu|i_fifo[428]                                                                                                                        ;
; 17:1               ; 2 bits    ; 22 LEs        ; 20 LEs               ; 2 LEs                  ; Yes        ; |css_phy_tx_top_wrapper|css_phy_tx_top:u_css_phy_tx_top|form_ppdu:u_form_ppdu|i_fifo[427]                                                                                                                        ;
; 17:1               ; 2 bits    ; 22 LEs        ; 20 LEs               ; 2 LEs                  ; Yes        ; |css_phy_tx_top_wrapper|css_phy_tx_top:u_css_phy_tx_top|form_ppdu:u_form_ppdu|i_fifo[426]                                                                                                                        ;
; 17:1               ; 2 bits    ; 22 LEs        ; 20 LEs               ; 2 LEs                  ; Yes        ; |css_phy_tx_top_wrapper|css_phy_tx_top:u_css_phy_tx_top|form_ppdu:u_form_ppdu|q_fifo[425]                                                                                                                        ;
; 17:1               ; 2 bits    ; 22 LEs        ; 20 LEs               ; 2 LEs                  ; Yes        ; |css_phy_tx_top_wrapper|css_phy_tx_top:u_css_phy_tx_top|form_ppdu:u_form_ppdu|i_fifo[424]                                                                                                                        ;
; 17:1               ; 2 bits    ; 22 LEs        ; 20 LEs               ; 2 LEs                  ; Yes        ; |css_phy_tx_top_wrapper|css_phy_tx_top:u_css_phy_tx_top|form_ppdu:u_form_ppdu|i_fifo[423]                                                                                                                        ;
; 17:1               ; 2 bits    ; 22 LEs        ; 20 LEs               ; 2 LEs                  ; Yes        ; |css_phy_tx_top_wrapper|css_phy_tx_top:u_css_phy_tx_top|form_ppdu:u_form_ppdu|i_fifo[422]                                                                                                                        ;
; 17:1               ; 2 bits    ; 22 LEs        ; 20 LEs               ; 2 LEs                  ; Yes        ; |css_phy_tx_top_wrapper|css_phy_tx_top:u_css_phy_tx_top|form_ppdu:u_form_ppdu|i_fifo[421]                                                                                                                        ;
; 17:1               ; 2 bits    ; 22 LEs        ; 20 LEs               ; 2 LEs                  ; Yes        ; |css_phy_tx_top_wrapper|css_phy_tx_top:u_css_phy_tx_top|form_ppdu:u_form_ppdu|i_fifo[420]                                                                                                                        ;
; 17:1               ; 2 bits    ; 22 LEs        ; 20 LEs               ; 2 LEs                  ; Yes        ; |css_phy_tx_top_wrapper|css_phy_tx_top:u_css_phy_tx_top|form_ppdu:u_form_ppdu|i_fifo[419]                                                                                                                        ;
; 17:1               ; 2 bits    ; 22 LEs        ; 20 LEs               ; 2 LEs                  ; Yes        ; |css_phy_tx_top_wrapper|css_phy_tx_top:u_css_phy_tx_top|form_ppdu:u_form_ppdu|i_fifo[418]                                                                                                                        ;
; 17:1               ; 2 bits    ; 22 LEs        ; 20 LEs               ; 2 LEs                  ; Yes        ; |css_phy_tx_top_wrapper|css_phy_tx_top:u_css_phy_tx_top|form_ppdu:u_form_ppdu|i_fifo[417]                                                                                                                        ;
; 17:1               ; 2 bits    ; 22 LEs        ; 20 LEs               ; 2 LEs                  ; Yes        ; |css_phy_tx_top_wrapper|css_phy_tx_top:u_css_phy_tx_top|form_ppdu:u_form_ppdu|q_fifo[416]                                                                                                                        ;
; 17:1               ; 2 bits    ; 22 LEs        ; 20 LEs               ; 2 LEs                  ; Yes        ; |css_phy_tx_top_wrapper|css_phy_tx_top:u_css_phy_tx_top|form_ppdu:u_form_ppdu|i_fifo[415]                                                                                                                        ;
; 17:1               ; 2 bits    ; 22 LEs        ; 20 LEs               ; 2 LEs                  ; Yes        ; |css_phy_tx_top_wrapper|css_phy_tx_top:u_css_phy_tx_top|form_ppdu:u_form_ppdu|i_fifo[414]                                                                                                                        ;
; 17:1               ; 2 bits    ; 22 LEs        ; 20 LEs               ; 2 LEs                  ; Yes        ; |css_phy_tx_top_wrapper|css_phy_tx_top:u_css_phy_tx_top|form_ppdu:u_form_ppdu|i_fifo[413]                                                                                                                        ;
; 17:1               ; 2 bits    ; 22 LEs        ; 20 LEs               ; 2 LEs                  ; Yes        ; |css_phy_tx_top_wrapper|css_phy_tx_top:u_css_phy_tx_top|form_ppdu:u_form_ppdu|i_fifo[412]                                                                                                                        ;
; 17:1               ; 2 bits    ; 22 LEs        ; 20 LEs               ; 2 LEs                  ; Yes        ; |css_phy_tx_top_wrapper|css_phy_tx_top:u_css_phy_tx_top|form_ppdu:u_form_ppdu|i_fifo[411]                                                                                                                        ;
; 17:1               ; 2 bits    ; 22 LEs        ; 20 LEs               ; 2 LEs                  ; Yes        ; |css_phy_tx_top_wrapper|css_phy_tx_top:u_css_phy_tx_top|form_ppdu:u_form_ppdu|i_fifo[410]                                                                                                                        ;
; 17:1               ; 2 bits    ; 22 LEs        ; 20 LEs               ; 2 LEs                  ; Yes        ; |css_phy_tx_top_wrapper|css_phy_tx_top:u_css_phy_tx_top|form_ppdu:u_form_ppdu|q_fifo[409]                                                                                                                        ;
; 17:1               ; 2 bits    ; 22 LEs        ; 20 LEs               ; 2 LEs                  ; Yes        ; |css_phy_tx_top_wrapper|css_phy_tx_top:u_css_phy_tx_top|form_ppdu:u_form_ppdu|q_fifo[408]                                                                                                                        ;
; 17:1               ; 2 bits    ; 22 LEs        ; 20 LEs               ; 2 LEs                  ; Yes        ; |css_phy_tx_top_wrapper|css_phy_tx_top:u_css_phy_tx_top|form_ppdu:u_form_ppdu|q_fifo[407]                                                                                                                        ;
; 17:1               ; 2 bits    ; 22 LEs        ; 20 LEs               ; 2 LEs                  ; Yes        ; |css_phy_tx_top_wrapper|css_phy_tx_top:u_css_phy_tx_top|form_ppdu:u_form_ppdu|q_fifo[406]                                                                                                                        ;
; 17:1               ; 2 bits    ; 22 LEs        ; 20 LEs               ; 2 LEs                  ; Yes        ; |css_phy_tx_top_wrapper|css_phy_tx_top:u_css_phy_tx_top|form_ppdu:u_form_ppdu|q_fifo[405]                                                                                                                        ;
; 17:1               ; 2 bits    ; 22 LEs        ; 20 LEs               ; 2 LEs                  ; Yes        ; |css_phy_tx_top_wrapper|css_phy_tx_top:u_css_phy_tx_top|form_ppdu:u_form_ppdu|q_fifo[404]                                                                                                                        ;
; 17:1               ; 2 bits    ; 22 LEs        ; 20 LEs               ; 2 LEs                  ; Yes        ; |css_phy_tx_top_wrapper|css_phy_tx_top:u_css_phy_tx_top|form_ppdu:u_form_ppdu|q_fifo[403]                                                                                                                        ;
; 17:1               ; 2 bits    ; 22 LEs        ; 20 LEs               ; 2 LEs                  ; Yes        ; |css_phy_tx_top_wrapper|css_phy_tx_top:u_css_phy_tx_top|form_ppdu:u_form_ppdu|q_fifo[402]                                                                                                                        ;
; 17:1               ; 2 bits    ; 22 LEs        ; 20 LEs               ; 2 LEs                  ; Yes        ; |css_phy_tx_top_wrapper|css_phy_tx_top:u_css_phy_tx_top|form_ppdu:u_form_ppdu|q_fifo[401]                                                                                                                        ;
; 17:1               ; 2 bits    ; 22 LEs        ; 20 LEs               ; 2 LEs                  ; Yes        ; |css_phy_tx_top_wrapper|css_phy_tx_top:u_css_phy_tx_top|form_ppdu:u_form_ppdu|q_fifo[400]                                                                                                                        ;
; 17:1               ; 2 bits    ; 22 LEs        ; 20 LEs               ; 2 LEs                  ; Yes        ; |css_phy_tx_top_wrapper|css_phy_tx_top:u_css_phy_tx_top|form_ppdu:u_form_ppdu|q_fifo[399]                                                                                                                        ;
; 17:1               ; 2 bits    ; 22 LEs        ; 20 LEs               ; 2 LEs                  ; Yes        ; |css_phy_tx_top_wrapper|css_phy_tx_top:u_css_phy_tx_top|form_ppdu:u_form_ppdu|i_fifo[398]                                                                                                                        ;
; 17:1               ; 2 bits    ; 22 LEs        ; 20 LEs               ; 2 LEs                  ; Yes        ; |css_phy_tx_top_wrapper|css_phy_tx_top:u_css_phy_tx_top|form_ppdu:u_form_ppdu|i_fifo[397]                                                                                                                        ;
; 17:1               ; 2 bits    ; 22 LEs        ; 20 LEs               ; 2 LEs                  ; Yes        ; |css_phy_tx_top_wrapper|css_phy_tx_top:u_css_phy_tx_top|form_ppdu:u_form_ppdu|q_fifo[396]                                                                                                                        ;
; 17:1               ; 2 bits    ; 22 LEs        ; 20 LEs               ; 2 LEs                  ; Yes        ; |css_phy_tx_top_wrapper|css_phy_tx_top:u_css_phy_tx_top|form_ppdu:u_form_ppdu|q_fifo[395]                                                                                                                        ;
; 17:1               ; 2 bits    ; 22 LEs        ; 20 LEs               ; 2 LEs                  ; Yes        ; |css_phy_tx_top_wrapper|css_phy_tx_top:u_css_phy_tx_top|form_ppdu:u_form_ppdu|q_fifo[394]                                                                                                                        ;
; 17:1               ; 2 bits    ; 22 LEs        ; 20 LEs               ; 2 LEs                  ; Yes        ; |css_phy_tx_top_wrapper|css_phy_tx_top:u_css_phy_tx_top|form_ppdu:u_form_ppdu|i_fifo[393]                                                                                                                        ;
; 17:1               ; 2 bits    ; 22 LEs        ; 20 LEs               ; 2 LEs                  ; Yes        ; |css_phy_tx_top_wrapper|css_phy_tx_top:u_css_phy_tx_top|form_ppdu:u_form_ppdu|i_fifo[392]                                                                                                                        ;
; 17:1               ; 2 bits    ; 22 LEs        ; 20 LEs               ; 2 LEs                  ; Yes        ; |css_phy_tx_top_wrapper|css_phy_tx_top:u_css_phy_tx_top|form_ppdu:u_form_ppdu|q_fifo[391]                                                                                                                        ;
; 17:1               ; 2 bits    ; 22 LEs        ; 20 LEs               ; 2 LEs                  ; Yes        ; |css_phy_tx_top_wrapper|css_phy_tx_top:u_css_phy_tx_top|form_ppdu:u_form_ppdu|i_fifo[390]                                                                                                                        ;
; 17:1               ; 2 bits    ; 22 LEs        ; 20 LEs               ; 2 LEs                  ; Yes        ; |css_phy_tx_top_wrapper|css_phy_tx_top:u_css_phy_tx_top|form_ppdu:u_form_ppdu|q_fifo[389]                                                                                                                        ;
; 17:1               ; 2 bits    ; 22 LEs        ; 20 LEs               ; 2 LEs                  ; Yes        ; |css_phy_tx_top_wrapper|css_phy_tx_top:u_css_phy_tx_top|form_ppdu:u_form_ppdu|i_fifo[388]                                                                                                                        ;
; 17:1               ; 2 bits    ; 22 LEs        ; 20 LEs               ; 2 LEs                  ; Yes        ; |css_phy_tx_top_wrapper|css_phy_tx_top:u_css_phy_tx_top|form_ppdu:u_form_ppdu|i_fifo[387]                                                                                                                        ;
; 17:1               ; 2 bits    ; 22 LEs        ; 20 LEs               ; 2 LEs                  ; Yes        ; |css_phy_tx_top_wrapper|css_phy_tx_top:u_css_phy_tx_top|form_ppdu:u_form_ppdu|i_fifo[386]                                                                                                                        ;
; 17:1               ; 2 bits    ; 22 LEs        ; 20 LEs               ; 2 LEs                  ; Yes        ; |css_phy_tx_top_wrapper|css_phy_tx_top:u_css_phy_tx_top|form_ppdu:u_form_ppdu|i_fifo[385]                                                                                                                        ;
; 17:1               ; 2 bits    ; 22 LEs        ; 20 LEs               ; 2 LEs                  ; Yes        ; |css_phy_tx_top_wrapper|css_phy_tx_top:u_css_phy_tx_top|form_ppdu:u_form_ppdu|q_fifo[384]                                                                                                                        ;
; 17:1               ; 2 bits    ; 22 LEs        ; 20 LEs               ; 2 LEs                  ; Yes        ; |css_phy_tx_top_wrapper|css_phy_tx_top:u_css_phy_tx_top|form_ppdu:u_form_ppdu|i_fifo[383]                                                                                                                        ;
; 17:1               ; 2 bits    ; 22 LEs        ; 20 LEs               ; 2 LEs                  ; Yes        ; |css_phy_tx_top_wrapper|css_phy_tx_top:u_css_phy_tx_top|form_ppdu:u_form_ppdu|i_fifo[382]                                                                                                                        ;
; 17:1               ; 2 bits    ; 22 LEs        ; 20 LEs               ; 2 LEs                  ; Yes        ; |css_phy_tx_top_wrapper|css_phy_tx_top:u_css_phy_tx_top|form_ppdu:u_form_ppdu|q_fifo[381]                                                                                                                        ;
; 17:1               ; 2 bits    ; 22 LEs        ; 20 LEs               ; 2 LEs                  ; Yes        ; |css_phy_tx_top_wrapper|css_phy_tx_top:u_css_phy_tx_top|form_ppdu:u_form_ppdu|q_fifo[380]                                                                                                                        ;
; 17:1               ; 2 bits    ; 22 LEs        ; 20 LEs               ; 2 LEs                  ; Yes        ; |css_phy_tx_top_wrapper|css_phy_tx_top:u_css_phy_tx_top|form_ppdu:u_form_ppdu|q_fifo[379]                                                                                                                        ;
; 17:1               ; 2 bits    ; 22 LEs        ; 20 LEs               ; 2 LEs                  ; Yes        ; |css_phy_tx_top_wrapper|css_phy_tx_top:u_css_phy_tx_top|form_ppdu:u_form_ppdu|q_fifo[378]                                                                                                                        ;
; 17:1               ; 2 bits    ; 22 LEs        ; 20 LEs               ; 2 LEs                  ; Yes        ; |css_phy_tx_top_wrapper|css_phy_tx_top:u_css_phy_tx_top|form_ppdu:u_form_ppdu|q_fifo[377]                                                                                                                        ;
; 17:1               ; 2 bits    ; 22 LEs        ; 20 LEs               ; 2 LEs                  ; Yes        ; |css_phy_tx_top_wrapper|css_phy_tx_top:u_css_phy_tx_top|form_ppdu:u_form_ppdu|i_fifo[376]                                                                                                                        ;
; 17:1               ; 2 bits    ; 22 LEs        ; 20 LEs               ; 2 LEs                  ; Yes        ; |css_phy_tx_top_wrapper|css_phy_tx_top:u_css_phy_tx_top|form_ppdu:u_form_ppdu|q_fifo[375]                                                                                                                        ;
; 17:1               ; 2 bits    ; 22 LEs        ; 20 LEs               ; 2 LEs                  ; Yes        ; |css_phy_tx_top_wrapper|css_phy_tx_top:u_css_phy_tx_top|form_ppdu:u_form_ppdu|q_fifo[374]                                                                                                                        ;
; 17:1               ; 2 bits    ; 22 LEs        ; 20 LEs               ; 2 LEs                  ; Yes        ; |css_phy_tx_top_wrapper|css_phy_tx_top:u_css_phy_tx_top|form_ppdu:u_form_ppdu|i_fifo[373]                                                                                                                        ;
; 17:1               ; 2 bits    ; 22 LEs        ; 20 LEs               ; 2 LEs                  ; Yes        ; |css_phy_tx_top_wrapper|css_phy_tx_top:u_css_phy_tx_top|form_ppdu:u_form_ppdu|i_fifo[372]                                                                                                                        ;
; 17:1               ; 2 bits    ; 22 LEs        ; 20 LEs               ; 2 LEs                  ; Yes        ; |css_phy_tx_top_wrapper|css_phy_tx_top:u_css_phy_tx_top|form_ppdu:u_form_ppdu|i_fifo[371]                                                                                                                        ;
; 17:1               ; 2 bits    ; 22 LEs        ; 20 LEs               ; 2 LEs                  ; Yes        ; |css_phy_tx_top_wrapper|css_phy_tx_top:u_css_phy_tx_top|form_ppdu:u_form_ppdu|i_fifo[370]                                                                                                                        ;
; 17:1               ; 2 bits    ; 22 LEs        ; 20 LEs               ; 2 LEs                  ; Yes        ; |css_phy_tx_top_wrapper|css_phy_tx_top:u_css_phy_tx_top|form_ppdu:u_form_ppdu|i_fifo[369]                                                                                                                        ;
; 17:1               ; 2 bits    ; 22 LEs        ; 20 LEs               ; 2 LEs                  ; Yes        ; |css_phy_tx_top_wrapper|css_phy_tx_top:u_css_phy_tx_top|form_ppdu:u_form_ppdu|q_fifo[368]                                                                                                                        ;
; 17:1               ; 2 bits    ; 22 LEs        ; 20 LEs               ; 2 LEs                  ; Yes        ; |css_phy_tx_top_wrapper|css_phy_tx_top:u_css_phy_tx_top|form_ppdu:u_form_ppdu|q_fifo[367]                                                                                                                        ;
; 17:1               ; 2 bits    ; 22 LEs        ; 20 LEs               ; 2 LEs                  ; Yes        ; |css_phy_tx_top_wrapper|css_phy_tx_top:u_css_phy_tx_top|form_ppdu:u_form_ppdu|i_fifo[366]                                                                                                                        ;
; 17:1               ; 2 bits    ; 22 LEs        ; 20 LEs               ; 2 LEs                  ; Yes        ; |css_phy_tx_top_wrapper|css_phy_tx_top:u_css_phy_tx_top|form_ppdu:u_form_ppdu|i_fifo[365]                                                                                                                        ;
; 17:1               ; 2 bits    ; 22 LEs        ; 20 LEs               ; 2 LEs                  ; Yes        ; |css_phy_tx_top_wrapper|css_phy_tx_top:u_css_phy_tx_top|form_ppdu:u_form_ppdu|i_fifo[364]                                                                                                                        ;
; 17:1               ; 2 bits    ; 22 LEs        ; 20 LEs               ; 2 LEs                  ; Yes        ; |css_phy_tx_top_wrapper|css_phy_tx_top:u_css_phy_tx_top|form_ppdu:u_form_ppdu|i_fifo[363]                                                                                                                        ;
; 17:1               ; 2 bits    ; 22 LEs        ; 20 LEs               ; 2 LEs                  ; Yes        ; |css_phy_tx_top_wrapper|css_phy_tx_top:u_css_phy_tx_top|form_ppdu:u_form_ppdu|i_fifo[362]                                                                                                                        ;
; 17:1               ; 2 bits    ; 22 LEs        ; 20 LEs               ; 2 LEs                  ; Yes        ; |css_phy_tx_top_wrapper|css_phy_tx_top:u_css_phy_tx_top|form_ppdu:u_form_ppdu|i_fifo[361]                                                                                                                        ;
; 17:1               ; 2 bits    ; 22 LEs        ; 20 LEs               ; 2 LEs                  ; Yes        ; |css_phy_tx_top_wrapper|css_phy_tx_top:u_css_phy_tx_top|form_ppdu:u_form_ppdu|i_fifo[360]                                                                                                                        ;
; 17:1               ; 2 bits    ; 22 LEs        ; 20 LEs               ; 2 LEs                  ; Yes        ; |css_phy_tx_top_wrapper|css_phy_tx_top:u_css_phy_tx_top|form_ppdu:u_form_ppdu|q_fifo[359]                                                                                                                        ;
; 17:1               ; 2 bits    ; 22 LEs        ; 20 LEs               ; 2 LEs                  ; Yes        ; |css_phy_tx_top_wrapper|css_phy_tx_top:u_css_phy_tx_top|form_ppdu:u_form_ppdu|q_fifo[358]                                                                                                                        ;
; 17:1               ; 2 bits    ; 22 LEs        ; 20 LEs               ; 2 LEs                  ; Yes        ; |css_phy_tx_top_wrapper|css_phy_tx_top:u_css_phy_tx_top|form_ppdu:u_form_ppdu|q_fifo[357]                                                                                                                        ;
; 17:1               ; 2 bits    ; 22 LEs        ; 20 LEs               ; 2 LEs                  ; Yes        ; |css_phy_tx_top_wrapper|css_phy_tx_top:u_css_phy_tx_top|form_ppdu:u_form_ppdu|q_fifo[356]                                                                                                                        ;
; 17:1               ; 2 bits    ; 22 LEs        ; 20 LEs               ; 2 LEs                  ; Yes        ; |css_phy_tx_top_wrapper|css_phy_tx_top:u_css_phy_tx_top|form_ppdu:u_form_ppdu|q_fifo[355]                                                                                                                        ;
; 17:1               ; 2 bits    ; 22 LEs        ; 20 LEs               ; 2 LEs                  ; Yes        ; |css_phy_tx_top_wrapper|css_phy_tx_top:u_css_phy_tx_top|form_ppdu:u_form_ppdu|q_fifo[354]                                                                                                                        ;
; 17:1               ; 2 bits    ; 22 LEs        ; 20 LEs               ; 2 LEs                  ; Yes        ; |css_phy_tx_top_wrapper|css_phy_tx_top:u_css_phy_tx_top|form_ppdu:u_form_ppdu|q_fifo[353]                                                                                                                        ;
; 17:1               ; 2 bits    ; 22 LEs        ; 20 LEs               ; 2 LEs                  ; Yes        ; |css_phy_tx_top_wrapper|css_phy_tx_top:u_css_phy_tx_top|form_ppdu:u_form_ppdu|q_fifo[352]                                                                                                                        ;
; 17:1               ; 2 bits    ; 22 LEs        ; 20 LEs               ; 2 LEs                  ; Yes        ; |css_phy_tx_top_wrapper|css_phy_tx_top:u_css_phy_tx_top|form_ppdu:u_form_ppdu|q_fifo[351]                                                                                                                        ;
; 17:1               ; 2 bits    ; 22 LEs        ; 20 LEs               ; 2 LEs                  ; Yes        ; |css_phy_tx_top_wrapper|css_phy_tx_top:u_css_phy_tx_top|form_ppdu:u_form_ppdu|q_fifo[350]                                                                                                                        ;
; 17:1               ; 2 bits    ; 22 LEs        ; 20 LEs               ; 2 LEs                  ; Yes        ; |css_phy_tx_top_wrapper|css_phy_tx_top:u_css_phy_tx_top|form_ppdu:u_form_ppdu|i_fifo[349]                                                                                                                        ;
; 17:1               ; 2 bits    ; 22 LEs        ; 20 LEs               ; 2 LEs                  ; Yes        ; |css_phy_tx_top_wrapper|css_phy_tx_top:u_css_phy_tx_top|form_ppdu:u_form_ppdu|i_fifo[348]                                                                                                                        ;
; 17:1               ; 2 bits    ; 22 LEs        ; 20 LEs               ; 2 LEs                  ; Yes        ; |css_phy_tx_top_wrapper|css_phy_tx_top:u_css_phy_tx_top|form_ppdu:u_form_ppdu|i_fifo[347]                                                                                                                        ;
; 17:1               ; 2 bits    ; 22 LEs        ; 20 LEs               ; 2 LEs                  ; Yes        ; |css_phy_tx_top_wrapper|css_phy_tx_top:u_css_phy_tx_top|form_ppdu:u_form_ppdu|i_fifo[346]                                                                                                                        ;
; 17:1               ; 2 bits    ; 22 LEs        ; 20 LEs               ; 2 LEs                  ; Yes        ; |css_phy_tx_top_wrapper|css_phy_tx_top:u_css_phy_tx_top|form_ppdu:u_form_ppdu|i_fifo[345]                                                                                                                        ;
; 17:1               ; 2 bits    ; 22 LEs        ; 20 LEs               ; 2 LEs                  ; Yes        ; |css_phy_tx_top_wrapper|css_phy_tx_top:u_css_phy_tx_top|form_ppdu:u_form_ppdu|i_fifo[344]                                                                                                                        ;
; 17:1               ; 2 bits    ; 22 LEs        ; 20 LEs               ; 2 LEs                  ; Yes        ; |css_phy_tx_top_wrapper|css_phy_tx_top:u_css_phy_tx_top|form_ppdu:u_form_ppdu|q_fifo[343]                                                                                                                        ;
; 17:1               ; 2 bits    ; 22 LEs        ; 20 LEs               ; 2 LEs                  ; Yes        ; |css_phy_tx_top_wrapper|css_phy_tx_top:u_css_phy_tx_top|form_ppdu:u_form_ppdu|q_fifo[342]                                                                                                                        ;
; 17:1               ; 2 bits    ; 22 LEs        ; 20 LEs               ; 2 LEs                  ; Yes        ; |css_phy_tx_top_wrapper|css_phy_tx_top:u_css_phy_tx_top|form_ppdu:u_form_ppdu|q_fifo[341]                                                                                                                        ;
; 17:1               ; 2 bits    ; 22 LEs        ; 20 LEs               ; 2 LEs                  ; Yes        ; |css_phy_tx_top_wrapper|css_phy_tx_top:u_css_phy_tx_top|form_ppdu:u_form_ppdu|q_fifo[340]                                                                                                                        ;
; 17:1               ; 2 bits    ; 22 LEs        ; 20 LEs               ; 2 LEs                  ; Yes        ; |css_phy_tx_top_wrapper|css_phy_tx_top:u_css_phy_tx_top|form_ppdu:u_form_ppdu|q_fifo[339]                                                                                                                        ;
; 17:1               ; 2 bits    ; 22 LEs        ; 20 LEs               ; 2 LEs                  ; Yes        ; |css_phy_tx_top_wrapper|css_phy_tx_top:u_css_phy_tx_top|form_ppdu:u_form_ppdu|q_fifo[338]                                                                                                                        ;
; 17:1               ; 2 bits    ; 22 LEs        ; 20 LEs               ; 2 LEs                  ; Yes        ; |css_phy_tx_top_wrapper|css_phy_tx_top:u_css_phy_tx_top|form_ppdu:u_form_ppdu|q_fifo[337]                                                                                                                        ;
; 17:1               ; 2 bits    ; 22 LEs        ; 20 LEs               ; 2 LEs                  ; Yes        ; |css_phy_tx_top_wrapper|css_phy_tx_top:u_css_phy_tx_top|form_ppdu:u_form_ppdu|q_fifo[336]                                                                                                                        ;
; 17:1               ; 2 bits    ; 22 LEs        ; 20 LEs               ; 2 LEs                  ; Yes        ; |css_phy_tx_top_wrapper|css_phy_tx_top:u_css_phy_tx_top|form_ppdu:u_form_ppdu|q_fifo[335]                                                                                                                        ;
; 17:1               ; 2 bits    ; 22 LEs        ; 20 LEs               ; 2 LEs                  ; Yes        ; |css_phy_tx_top_wrapper|css_phy_tx_top:u_css_phy_tx_top|form_ppdu:u_form_ppdu|q_fifo[334]                                                                                                                        ;
; 17:1               ; 2 bits    ; 22 LEs        ; 20 LEs               ; 2 LEs                  ; Yes        ; |css_phy_tx_top_wrapper|css_phy_tx_top:u_css_phy_tx_top|form_ppdu:u_form_ppdu|q_fifo[333]                                                                                                                        ;
; 17:1               ; 2 bits    ; 22 LEs        ; 20 LEs               ; 2 LEs                  ; Yes        ; |css_phy_tx_top_wrapper|css_phy_tx_top:u_css_phy_tx_top|form_ppdu:u_form_ppdu|q_fifo[332]                                                                                                                        ;
; 17:1               ; 2 bits    ; 22 LEs        ; 20 LEs               ; 2 LEs                  ; Yes        ; |css_phy_tx_top_wrapper|css_phy_tx_top:u_css_phy_tx_top|form_ppdu:u_form_ppdu|q_fifo[331]                                                                                                                        ;
; 17:1               ; 2 bits    ; 22 LEs        ; 20 LEs               ; 2 LEs                  ; Yes        ; |css_phy_tx_top_wrapper|css_phy_tx_top:u_css_phy_tx_top|form_ppdu:u_form_ppdu|q_fifo[330]                                                                                                                        ;
; 17:1               ; 2 bits    ; 22 LEs        ; 20 LEs               ; 2 LEs                  ; Yes        ; |css_phy_tx_top_wrapper|css_phy_tx_top:u_css_phy_tx_top|form_ppdu:u_form_ppdu|q_fifo[329]                                                                                                                        ;
; 17:1               ; 2 bits    ; 22 LEs        ; 20 LEs               ; 2 LEs                  ; Yes        ; |css_phy_tx_top_wrapper|css_phy_tx_top:u_css_phy_tx_top|form_ppdu:u_form_ppdu|q_fifo[328]                                                                                                                        ;
; 17:1               ; 2 bits    ; 22 LEs        ; 20 LEs               ; 2 LEs                  ; Yes        ; |css_phy_tx_top_wrapper|css_phy_tx_top:u_css_phy_tx_top|form_ppdu:u_form_ppdu|q_fifo[327]                                                                                                                        ;
; 17:1               ; 2 bits    ; 22 LEs        ; 20 LEs               ; 2 LEs                  ; Yes        ; |css_phy_tx_top_wrapper|css_phy_tx_top:u_css_phy_tx_top|form_ppdu:u_form_ppdu|q_fifo[326]                                                                                                                        ;
; 17:1               ; 2 bits    ; 22 LEs        ; 20 LEs               ; 2 LEs                  ; Yes        ; |css_phy_tx_top_wrapper|css_phy_tx_top:u_css_phy_tx_top|form_ppdu:u_form_ppdu|q_fifo[325]                                                                                                                        ;
; 17:1               ; 2 bits    ; 22 LEs        ; 20 LEs               ; 2 LEs                  ; Yes        ; |css_phy_tx_top_wrapper|css_phy_tx_top:u_css_phy_tx_top|form_ppdu:u_form_ppdu|q_fifo[324]                                                                                                                        ;
; 17:1               ; 2 bits    ; 22 LEs        ; 20 LEs               ; 2 LEs                  ; Yes        ; |css_phy_tx_top_wrapper|css_phy_tx_top:u_css_phy_tx_top|form_ppdu:u_form_ppdu|q_fifo[323]                                                                                                                        ;
; 17:1               ; 2 bits    ; 22 LEs        ; 20 LEs               ; 2 LEs                  ; Yes        ; |css_phy_tx_top_wrapper|css_phy_tx_top:u_css_phy_tx_top|form_ppdu:u_form_ppdu|q_fifo[322]                                                                                                                        ;
; 17:1               ; 2 bits    ; 22 LEs        ; 20 LEs               ; 2 LEs                  ; Yes        ; |css_phy_tx_top_wrapper|css_phy_tx_top:u_css_phy_tx_top|form_ppdu:u_form_ppdu|i_fifo[321]                                                                                                                        ;
; 17:1               ; 2 bits    ; 22 LEs        ; 20 LEs               ; 2 LEs                  ; Yes        ; |css_phy_tx_top_wrapper|css_phy_tx_top:u_css_phy_tx_top|form_ppdu:u_form_ppdu|i_fifo[320]                                                                                                                        ;
; 17:1               ; 2 bits    ; 22 LEs        ; 20 LEs               ; 2 LEs                  ; Yes        ; |css_phy_tx_top_wrapper|css_phy_tx_top:u_css_phy_tx_top|form_ppdu:u_form_ppdu|q_fifo[319]                                                                                                                        ;
; 17:1               ; 2 bits    ; 22 LEs        ; 20 LEs               ; 2 LEs                  ; Yes        ; |css_phy_tx_top_wrapper|css_phy_tx_top:u_css_phy_tx_top|form_ppdu:u_form_ppdu|i_fifo[318]                                                                                                                        ;
; 17:1               ; 2 bits    ; 22 LEs        ; 20 LEs               ; 2 LEs                  ; Yes        ; |css_phy_tx_top_wrapper|css_phy_tx_top:u_css_phy_tx_top|form_ppdu:u_form_ppdu|i_fifo[317]                                                                                                                        ;
; 17:1               ; 2 bits    ; 22 LEs        ; 20 LEs               ; 2 LEs                  ; Yes        ; |css_phy_tx_top_wrapper|css_phy_tx_top:u_css_phy_tx_top|form_ppdu:u_form_ppdu|q_fifo[316]                                                                                                                        ;
; 17:1               ; 2 bits    ; 22 LEs        ; 20 LEs               ; 2 LEs                  ; Yes        ; |css_phy_tx_top_wrapper|css_phy_tx_top:u_css_phy_tx_top|form_ppdu:u_form_ppdu|i_fifo[315]                                                                                                                        ;
; 17:1               ; 2 bits    ; 22 LEs        ; 20 LEs               ; 2 LEs                  ; Yes        ; |css_phy_tx_top_wrapper|css_phy_tx_top:u_css_phy_tx_top|form_ppdu:u_form_ppdu|i_fifo[314]                                                                                                                        ;
; 17:1               ; 2 bits    ; 22 LEs        ; 20 LEs               ; 2 LEs                  ; Yes        ; |css_phy_tx_top_wrapper|css_phy_tx_top:u_css_phy_tx_top|form_ppdu:u_form_ppdu|i_fifo[313]                                                                                                                        ;
; 17:1               ; 2 bits    ; 22 LEs        ; 20 LEs               ; 2 LEs                  ; Yes        ; |css_phy_tx_top_wrapper|css_phy_tx_top:u_css_phy_tx_top|form_ppdu:u_form_ppdu|i_fifo[312]                                                                                                                        ;
; 17:1               ; 2 bits    ; 22 LEs        ; 20 LEs               ; 2 LEs                  ; Yes        ; |css_phy_tx_top_wrapper|css_phy_tx_top:u_css_phy_tx_top|form_ppdu:u_form_ppdu|i_fifo[311]                                                                                                                        ;
; 17:1               ; 2 bits    ; 22 LEs        ; 20 LEs               ; 2 LEs                  ; Yes        ; |css_phy_tx_top_wrapper|css_phy_tx_top:u_css_phy_tx_top|form_ppdu:u_form_ppdu|q_fifo[310]                                                                                                                        ;
; 17:1               ; 2 bits    ; 22 LEs        ; 20 LEs               ; 2 LEs                  ; Yes        ; |css_phy_tx_top_wrapper|css_phy_tx_top:u_css_phy_tx_top|form_ppdu:u_form_ppdu|i_fifo[309]                                                                                                                        ;
; 17:1               ; 2 bits    ; 22 LEs        ; 20 LEs               ; 2 LEs                  ; Yes        ; |css_phy_tx_top_wrapper|css_phy_tx_top:u_css_phy_tx_top|form_ppdu:u_form_ppdu|i_fifo[308]                                                                                                                        ;
; 17:1               ; 2 bits    ; 22 LEs        ; 20 LEs               ; 2 LEs                  ; Yes        ; |css_phy_tx_top_wrapper|css_phy_tx_top:u_css_phy_tx_top|form_ppdu:u_form_ppdu|i_fifo[307]                                                                                                                        ;
; 17:1               ; 2 bits    ; 22 LEs        ; 20 LEs               ; 2 LEs                  ; Yes        ; |css_phy_tx_top_wrapper|css_phy_tx_top:u_css_phy_tx_top|form_ppdu:u_form_ppdu|i_fifo[306]                                                                                                                        ;
; 17:1               ; 2 bits    ; 22 LEs        ; 20 LEs               ; 2 LEs                  ; Yes        ; |css_phy_tx_top_wrapper|css_phy_tx_top:u_css_phy_tx_top|form_ppdu:u_form_ppdu|i_fifo[305]                                                                                                                        ;
; 17:1               ; 2 bits    ; 22 LEs        ; 20 LEs               ; 2 LEs                  ; Yes        ; |css_phy_tx_top_wrapper|css_phy_tx_top:u_css_phy_tx_top|form_ppdu:u_form_ppdu|i_fifo[304]                                                                                                                        ;
; 17:1               ; 2 bits    ; 22 LEs        ; 20 LEs               ; 2 LEs                  ; Yes        ; |css_phy_tx_top_wrapper|css_phy_tx_top:u_css_phy_tx_top|form_ppdu:u_form_ppdu|i_fifo[303]                                                                                                                        ;
; 17:1               ; 2 bits    ; 22 LEs        ; 20 LEs               ; 2 LEs                  ; Yes        ; |css_phy_tx_top_wrapper|css_phy_tx_top:u_css_phy_tx_top|form_ppdu:u_form_ppdu|i_fifo[302]                                                                                                                        ;
; 17:1               ; 2 bits    ; 22 LEs        ; 20 LEs               ; 2 LEs                  ; Yes        ; |css_phy_tx_top_wrapper|css_phy_tx_top:u_css_phy_tx_top|form_ppdu:u_form_ppdu|i_fifo[301]                                                                                                                        ;
; 17:1               ; 2 bits    ; 22 LEs        ; 20 LEs               ; 2 LEs                  ; Yes        ; |css_phy_tx_top_wrapper|css_phy_tx_top:u_css_phy_tx_top|form_ppdu:u_form_ppdu|i_fifo[300]                                                                                                                        ;
; 17:1               ; 2 bits    ; 22 LEs        ; 20 LEs               ; 2 LEs                  ; Yes        ; |css_phy_tx_top_wrapper|css_phy_tx_top:u_css_phy_tx_top|form_ppdu:u_form_ppdu|i_fifo[299]                                                                                                                        ;
; 17:1               ; 2 bits    ; 22 LEs        ; 20 LEs               ; 2 LEs                  ; Yes        ; |css_phy_tx_top_wrapper|css_phy_tx_top:u_css_phy_tx_top|form_ppdu:u_form_ppdu|i_fifo[298]                                                                                                                        ;
; 17:1               ; 2 bits    ; 22 LEs        ; 20 LEs               ; 2 LEs                  ; Yes        ; |css_phy_tx_top_wrapper|css_phy_tx_top:u_css_phy_tx_top|form_ppdu:u_form_ppdu|i_fifo[297]                                                                                                                        ;
; 17:1               ; 2 bits    ; 22 LEs        ; 20 LEs               ; 2 LEs                  ; Yes        ; |css_phy_tx_top_wrapper|css_phy_tx_top:u_css_phy_tx_top|form_ppdu:u_form_ppdu|q_fifo[296]                                                                                                                        ;
; 17:1               ; 2 bits    ; 22 LEs        ; 20 LEs               ; 2 LEs                  ; Yes        ; |css_phy_tx_top_wrapper|css_phy_tx_top:u_css_phy_tx_top|form_ppdu:u_form_ppdu|q_fifo[295]                                                                                                                        ;
; 17:1               ; 2 bits    ; 22 LEs        ; 20 LEs               ; 2 LEs                  ; Yes        ; |css_phy_tx_top_wrapper|css_phy_tx_top:u_css_phy_tx_top|form_ppdu:u_form_ppdu|q_fifo[294]                                                                                                                        ;
; 17:1               ; 2 bits    ; 22 LEs        ; 20 LEs               ; 2 LEs                  ; Yes        ; |css_phy_tx_top_wrapper|css_phy_tx_top:u_css_phy_tx_top|form_ppdu:u_form_ppdu|q_fifo[293]                                                                                                                        ;
; 17:1               ; 2 bits    ; 22 LEs        ; 20 LEs               ; 2 LEs                  ; Yes        ; |css_phy_tx_top_wrapper|css_phy_tx_top:u_css_phy_tx_top|form_ppdu:u_form_ppdu|q_fifo[292]                                                                                                                        ;
; 17:1               ; 2 bits    ; 22 LEs        ; 20 LEs               ; 2 LEs                  ; Yes        ; |css_phy_tx_top_wrapper|css_phy_tx_top:u_css_phy_tx_top|form_ppdu:u_form_ppdu|q_fifo[291]                                                                                                                        ;
; 17:1               ; 2 bits    ; 22 LEs        ; 20 LEs               ; 2 LEs                  ; Yes        ; |css_phy_tx_top_wrapper|css_phy_tx_top:u_css_phy_tx_top|form_ppdu:u_form_ppdu|q_fifo[290]                                                                                                                        ;
; 17:1               ; 2 bits    ; 22 LEs        ; 20 LEs               ; 2 LEs                  ; Yes        ; |css_phy_tx_top_wrapper|css_phy_tx_top:u_css_phy_tx_top|form_ppdu:u_form_ppdu|q_fifo[289]                                                                                                                        ;
; 17:1               ; 2 bits    ; 22 LEs        ; 20 LEs               ; 2 LEs                  ; Yes        ; |css_phy_tx_top_wrapper|css_phy_tx_top:u_css_phy_tx_top|form_ppdu:u_form_ppdu|q_fifo[288]                                                                                                                        ;
; 17:1               ; 2 bits    ; 22 LEs        ; 20 LEs               ; 2 LEs                  ; Yes        ; |css_phy_tx_top_wrapper|css_phy_tx_top:u_css_phy_tx_top|form_ppdu:u_form_ppdu|q_fifo[287]                                                                                                                        ;
; 17:1               ; 2 bits    ; 22 LEs        ; 20 LEs               ; 2 LEs                  ; Yes        ; |css_phy_tx_top_wrapper|css_phy_tx_top:u_css_phy_tx_top|form_ppdu:u_form_ppdu|q_fifo[286]                                                                                                                        ;
; 17:1               ; 2 bits    ; 22 LEs        ; 20 LEs               ; 2 LEs                  ; Yes        ; |css_phy_tx_top_wrapper|css_phy_tx_top:u_css_phy_tx_top|form_ppdu:u_form_ppdu|q_fifo[285]                                                                                                                        ;
; 17:1               ; 2 bits    ; 22 LEs        ; 20 LEs               ; 2 LEs                  ; Yes        ; |css_phy_tx_top_wrapper|css_phy_tx_top:u_css_phy_tx_top|form_ppdu:u_form_ppdu|q_fifo[284]                                                                                                                        ;
; 17:1               ; 2 bits    ; 22 LEs        ; 20 LEs               ; 2 LEs                  ; Yes        ; |css_phy_tx_top_wrapper|css_phy_tx_top:u_css_phy_tx_top|form_ppdu:u_form_ppdu|q_fifo[283]                                                                                                                        ;
; 17:1               ; 2 bits    ; 22 LEs        ; 20 LEs               ; 2 LEs                  ; Yes        ; |css_phy_tx_top_wrapper|css_phy_tx_top:u_css_phy_tx_top|form_ppdu:u_form_ppdu|q_fifo[282]                                                                                                                        ;
; 17:1               ; 2 bits    ; 22 LEs        ; 20 LEs               ; 2 LEs                  ; Yes        ; |css_phy_tx_top_wrapper|css_phy_tx_top:u_css_phy_tx_top|form_ppdu:u_form_ppdu|q_fifo[281]                                                                                                                        ;
; 17:1               ; 2 bits    ; 22 LEs        ; 20 LEs               ; 2 LEs                  ; Yes        ; |css_phy_tx_top_wrapper|css_phy_tx_top:u_css_phy_tx_top|form_ppdu:u_form_ppdu|q_fifo[280]                                                                                                                        ;
; 17:1               ; 2 bits    ; 22 LEs        ; 20 LEs               ; 2 LEs                  ; Yes        ; |css_phy_tx_top_wrapper|css_phy_tx_top:u_css_phy_tx_top|form_ppdu:u_form_ppdu|q_fifo[279]                                                                                                                        ;
; 17:1               ; 2 bits    ; 22 LEs        ; 20 LEs               ; 2 LEs                  ; Yes        ; |css_phy_tx_top_wrapper|css_phy_tx_top:u_css_phy_tx_top|form_ppdu:u_form_ppdu|q_fifo[278]                                                                                                                        ;
; 17:1               ; 2 bits    ; 22 LEs        ; 20 LEs               ; 2 LEs                  ; Yes        ; |css_phy_tx_top_wrapper|css_phy_tx_top:u_css_phy_tx_top|form_ppdu:u_form_ppdu|q_fifo[277]                                                                                                                        ;
; 17:1               ; 2 bits    ; 22 LEs        ; 20 LEs               ; 2 LEs                  ; Yes        ; |css_phy_tx_top_wrapper|css_phy_tx_top:u_css_phy_tx_top|form_ppdu:u_form_ppdu|q_fifo[276]                                                                                                                        ;
; 17:1               ; 2 bits    ; 22 LEs        ; 20 LEs               ; 2 LEs                  ; Yes        ; |css_phy_tx_top_wrapper|css_phy_tx_top:u_css_phy_tx_top|form_ppdu:u_form_ppdu|q_fifo[275]                                                                                                                        ;
; 17:1               ; 2 bits    ; 22 LEs        ; 20 LEs               ; 2 LEs                  ; Yes        ; |css_phy_tx_top_wrapper|css_phy_tx_top:u_css_phy_tx_top|form_ppdu:u_form_ppdu|q_fifo[274]                                                                                                                        ;
; 17:1               ; 2 bits    ; 22 LEs        ; 20 LEs               ; 2 LEs                  ; Yes        ; |css_phy_tx_top_wrapper|css_phy_tx_top:u_css_phy_tx_top|form_ppdu:u_form_ppdu|q_fifo[273]                                                                                                                        ;
; 17:1               ; 2 bits    ; 22 LEs        ; 20 LEs               ; 2 LEs                  ; Yes        ; |css_phy_tx_top_wrapper|css_phy_tx_top:u_css_phy_tx_top|form_ppdu:u_form_ppdu|q_fifo[272]                                                                                                                        ;
; 17:1               ; 2 bits    ; 22 LEs        ; 20 LEs               ; 2 LEs                  ; Yes        ; |css_phy_tx_top_wrapper|css_phy_tx_top:u_css_phy_tx_top|form_ppdu:u_form_ppdu|q_fifo[271]                                                                                                                        ;
; 17:1               ; 2 bits    ; 22 LEs        ; 20 LEs               ; 2 LEs                  ; Yes        ; |css_phy_tx_top_wrapper|css_phy_tx_top:u_css_phy_tx_top|form_ppdu:u_form_ppdu|i_fifo[270]                                                                                                                        ;
; 17:1               ; 2 bits    ; 22 LEs        ; 20 LEs               ; 2 LEs                  ; Yes        ; |css_phy_tx_top_wrapper|css_phy_tx_top:u_css_phy_tx_top|form_ppdu:u_form_ppdu|i_fifo[269]                                                                                                                        ;
; 17:1               ; 2 bits    ; 22 LEs        ; 20 LEs               ; 2 LEs                  ; Yes        ; |css_phy_tx_top_wrapper|css_phy_tx_top:u_css_phy_tx_top|form_ppdu:u_form_ppdu|i_fifo[268]                                                                                                                        ;
; 17:1               ; 2 bits    ; 22 LEs        ; 20 LEs               ; 2 LEs                  ; Yes        ; |css_phy_tx_top_wrapper|css_phy_tx_top:u_css_phy_tx_top|form_ppdu:u_form_ppdu|i_fifo[267]                                                                                                                        ;
; 17:1               ; 2 bits    ; 22 LEs        ; 20 LEs               ; 2 LEs                  ; Yes        ; |css_phy_tx_top_wrapper|css_phy_tx_top:u_css_phy_tx_top|form_ppdu:u_form_ppdu|q_fifo[266]                                                                                                                        ;
; 17:1               ; 2 bits    ; 22 LEs        ; 20 LEs               ; 2 LEs                  ; Yes        ; |css_phy_tx_top_wrapper|css_phy_tx_top:u_css_phy_tx_top|form_ppdu:u_form_ppdu|i_fifo[265]                                                                                                                        ;
; 17:1               ; 2 bits    ; 22 LEs        ; 20 LEs               ; 2 LEs                  ; Yes        ; |css_phy_tx_top_wrapper|css_phy_tx_top:u_css_phy_tx_top|form_ppdu:u_form_ppdu|i_fifo[264]                                                                                                                        ;
; 17:1               ; 2 bits    ; 22 LEs        ; 20 LEs               ; 2 LEs                  ; Yes        ; |css_phy_tx_top_wrapper|css_phy_tx_top:u_css_phy_tx_top|form_ppdu:u_form_ppdu|i_fifo[263]                                                                                                                        ;
; 17:1               ; 2 bits    ; 22 LEs        ; 20 LEs               ; 2 LEs                  ; Yes        ; |css_phy_tx_top_wrapper|css_phy_tx_top:u_css_phy_tx_top|form_ppdu:u_form_ppdu|i_fifo[262]                                                                                                                        ;
; 17:1               ; 2 bits    ; 22 LEs        ; 20 LEs               ; 2 LEs                  ; Yes        ; |css_phy_tx_top_wrapper|css_phy_tx_top:u_css_phy_tx_top|form_ppdu:u_form_ppdu|q_fifo[261]                                                                                                                        ;
; 17:1               ; 2 bits    ; 22 LEs        ; 20 LEs               ; 2 LEs                  ; Yes        ; |css_phy_tx_top_wrapper|css_phy_tx_top:u_css_phy_tx_top|form_ppdu:u_form_ppdu|q_fifo[260]                                                                                                                        ;
; 17:1               ; 2 bits    ; 22 LEs        ; 20 LEs               ; 2 LEs                  ; Yes        ; |css_phy_tx_top_wrapper|css_phy_tx_top:u_css_phy_tx_top|form_ppdu:u_form_ppdu|q_fifo[259]                                                                                                                        ;
; 17:1               ; 2 bits    ; 22 LEs        ; 20 LEs               ; 2 LEs                  ; Yes        ; |css_phy_tx_top_wrapper|css_phy_tx_top:u_css_phy_tx_top|form_ppdu:u_form_ppdu|q_fifo[258]                                                                                                                        ;
; 17:1               ; 2 bits    ; 22 LEs        ; 20 LEs               ; 2 LEs                  ; Yes        ; |css_phy_tx_top_wrapper|css_phy_tx_top:u_css_phy_tx_top|form_ppdu:u_form_ppdu|q_fifo[257]                                                                                                                        ;
; 17:1               ; 2 bits    ; 22 LEs        ; 20 LEs               ; 2 LEs                  ; Yes        ; |css_phy_tx_top_wrapper|css_phy_tx_top:u_css_phy_tx_top|form_ppdu:u_form_ppdu|q_fifo[256]                                                                                                                        ;
; 17:1               ; 2 bits    ; 22 LEs        ; 20 LEs               ; 2 LEs                  ; Yes        ; |css_phy_tx_top_wrapper|css_phy_tx_top:u_css_phy_tx_top|form_ppdu:u_form_ppdu|q_fifo[255]                                                                                                                        ;
; 17:1               ; 2 bits    ; 22 LEs        ; 20 LEs               ; 2 LEs                  ; Yes        ; |css_phy_tx_top_wrapper|css_phy_tx_top:u_css_phy_tx_top|form_ppdu:u_form_ppdu|i_fifo[254]                                                                                                                        ;
; 17:1               ; 2 bits    ; 22 LEs        ; 20 LEs               ; 2 LEs                  ; Yes        ; |css_phy_tx_top_wrapper|css_phy_tx_top:u_css_phy_tx_top|form_ppdu:u_form_ppdu|q_fifo[253]                                                                                                                        ;
; 17:1               ; 2 bits    ; 22 LEs        ; 20 LEs               ; 2 LEs                  ; Yes        ; |css_phy_tx_top_wrapper|css_phy_tx_top:u_css_phy_tx_top|form_ppdu:u_form_ppdu|i_fifo[252]                                                                                                                        ;
; 17:1               ; 2 bits    ; 22 LEs        ; 20 LEs               ; 2 LEs                  ; Yes        ; |css_phy_tx_top_wrapper|css_phy_tx_top:u_css_phy_tx_top|form_ppdu:u_form_ppdu|i_fifo[251]                                                                                                                        ;
; 17:1               ; 2 bits    ; 22 LEs        ; 20 LEs               ; 2 LEs                  ; Yes        ; |css_phy_tx_top_wrapper|css_phy_tx_top:u_css_phy_tx_top|form_ppdu:u_form_ppdu|q_fifo[250]                                                                                                                        ;
; 17:1               ; 2 bits    ; 22 LEs        ; 20 LEs               ; 2 LEs                  ; Yes        ; |css_phy_tx_top_wrapper|css_phy_tx_top:u_css_phy_tx_top|form_ppdu:u_form_ppdu|i_fifo[249]                                                                                                                        ;
; 17:1               ; 2 bits    ; 22 LEs        ; 20 LEs               ; 2 LEs                  ; Yes        ; |css_phy_tx_top_wrapper|css_phy_tx_top:u_css_phy_tx_top|form_ppdu:u_form_ppdu|i_fifo[248]                                                                                                                        ;
; 17:1               ; 2 bits    ; 22 LEs        ; 20 LEs               ; 2 LEs                  ; Yes        ; |css_phy_tx_top_wrapper|css_phy_tx_top:u_css_phy_tx_top|form_ppdu:u_form_ppdu|q_fifo[247]                                                                                                                        ;
; 17:1               ; 2 bits    ; 22 LEs        ; 20 LEs               ; 2 LEs                  ; Yes        ; |css_phy_tx_top_wrapper|css_phy_tx_top:u_css_phy_tx_top|form_ppdu:u_form_ppdu|q_fifo[246]                                                                                                                        ;
; 17:1               ; 2 bits    ; 22 LEs        ; 20 LEs               ; 2 LEs                  ; Yes        ; |css_phy_tx_top_wrapper|css_phy_tx_top:u_css_phy_tx_top|form_ppdu:u_form_ppdu|q_fifo[245]                                                                                                                        ;
; 17:1               ; 2 bits    ; 22 LEs        ; 20 LEs               ; 2 LEs                  ; Yes        ; |css_phy_tx_top_wrapper|css_phy_tx_top:u_css_phy_tx_top|form_ppdu:u_form_ppdu|q_fifo[244]                                                                                                                        ;
; 17:1               ; 2 bits    ; 22 LEs        ; 20 LEs               ; 2 LEs                  ; Yes        ; |css_phy_tx_top_wrapper|css_phy_tx_top:u_css_phy_tx_top|form_ppdu:u_form_ppdu|i_fifo[243]                                                                                                                        ;
; 17:1               ; 2 bits    ; 22 LEs        ; 20 LEs               ; 2 LEs                  ; Yes        ; |css_phy_tx_top_wrapper|css_phy_tx_top:u_css_phy_tx_top|form_ppdu:u_form_ppdu|q_fifo[242]                                                                                                                        ;
; 17:1               ; 2 bits    ; 22 LEs        ; 20 LEs               ; 2 LEs                  ; Yes        ; |css_phy_tx_top_wrapper|css_phy_tx_top:u_css_phy_tx_top|form_ppdu:u_form_ppdu|q_fifo[241]                                                                                                                        ;
; 17:1               ; 2 bits    ; 22 LEs        ; 20 LEs               ; 2 LEs                  ; Yes        ; |css_phy_tx_top_wrapper|css_phy_tx_top:u_css_phy_tx_top|form_ppdu:u_form_ppdu|q_fifo[240]                                                                                                                        ;
; 17:1               ; 2 bits    ; 22 LEs        ; 20 LEs               ; 2 LEs                  ; Yes        ; |css_phy_tx_top_wrapper|css_phy_tx_top:u_css_phy_tx_top|form_ppdu:u_form_ppdu|q_fifo[239]                                                                                                                        ;
; 17:1               ; 2 bits    ; 22 LEs        ; 20 LEs               ; 2 LEs                  ; Yes        ; |css_phy_tx_top_wrapper|css_phy_tx_top:u_css_phy_tx_top|form_ppdu:u_form_ppdu|q_fifo[238]                                                                                                                        ;
; 17:1               ; 2 bits    ; 22 LEs        ; 20 LEs               ; 2 LEs                  ; Yes        ; |css_phy_tx_top_wrapper|css_phy_tx_top:u_css_phy_tx_top|form_ppdu:u_form_ppdu|i_fifo[237]                                                                                                                        ;
; 17:1               ; 2 bits    ; 22 LEs        ; 20 LEs               ; 2 LEs                  ; Yes        ; |css_phy_tx_top_wrapper|css_phy_tx_top:u_css_phy_tx_top|form_ppdu:u_form_ppdu|q_fifo[236]                                                                                                                        ;
; 17:1               ; 2 bits    ; 22 LEs        ; 20 LEs               ; 2 LEs                  ; Yes        ; |css_phy_tx_top_wrapper|css_phy_tx_top:u_css_phy_tx_top|form_ppdu:u_form_ppdu|i_fifo[235]                                                                                                                        ;
; 17:1               ; 2 bits    ; 22 LEs        ; 20 LEs               ; 2 LEs                  ; Yes        ; |css_phy_tx_top_wrapper|css_phy_tx_top:u_css_phy_tx_top|form_ppdu:u_form_ppdu|i_fifo[234]                                                                                                                        ;
; 17:1               ; 2 bits    ; 22 LEs        ; 20 LEs               ; 2 LEs                  ; Yes        ; |css_phy_tx_top_wrapper|css_phy_tx_top:u_css_phy_tx_top|form_ppdu:u_form_ppdu|i_fifo[233]                                                                                                                        ;
; 17:1               ; 2 bits    ; 22 LEs        ; 20 LEs               ; 2 LEs                  ; Yes        ; |css_phy_tx_top_wrapper|css_phy_tx_top:u_css_phy_tx_top|form_ppdu:u_form_ppdu|q_fifo[232]                                                                                                                        ;
; 17:1               ; 2 bits    ; 22 LEs        ; 20 LEs               ; 2 LEs                  ; Yes        ; |css_phy_tx_top_wrapper|css_phy_tx_top:u_css_phy_tx_top|form_ppdu:u_form_ppdu|i_fifo[231]                                                                                                                        ;
; 17:1               ; 2 bits    ; 22 LEs        ; 20 LEs               ; 2 LEs                  ; Yes        ; |css_phy_tx_top_wrapper|css_phy_tx_top:u_css_phy_tx_top|form_ppdu:u_form_ppdu|i_fifo[230]                                                                                                                        ;
; 17:1               ; 2 bits    ; 22 LEs        ; 20 LEs               ; 2 LEs                  ; Yes        ; |css_phy_tx_top_wrapper|css_phy_tx_top:u_css_phy_tx_top|form_ppdu:u_form_ppdu|i_fifo[229]                                                                                                                        ;
; 17:1               ; 2 bits    ; 22 LEs        ; 20 LEs               ; 2 LEs                  ; Yes        ; |css_phy_tx_top_wrapper|css_phy_tx_top:u_css_phy_tx_top|form_ppdu:u_form_ppdu|i_fifo[228]                                                                                                                        ;
; 17:1               ; 2 bits    ; 22 LEs        ; 20 LEs               ; 2 LEs                  ; Yes        ; |css_phy_tx_top_wrapper|css_phy_tx_top:u_css_phy_tx_top|form_ppdu:u_form_ppdu|i_fifo[227]                                                                                                                        ;
; 17:1               ; 2 bits    ; 22 LEs        ; 20 LEs               ; 2 LEs                  ; Yes        ; |css_phy_tx_top_wrapper|css_phy_tx_top:u_css_phy_tx_top|form_ppdu:u_form_ppdu|q_fifo[226]                                                                                                                        ;
; 17:1               ; 2 bits    ; 22 LEs        ; 20 LEs               ; 2 LEs                  ; Yes        ; |css_phy_tx_top_wrapper|css_phy_tx_top:u_css_phy_tx_top|form_ppdu:u_form_ppdu|i_fifo[225]                                                                                                                        ;
; 17:1               ; 2 bits    ; 22 LEs        ; 20 LEs               ; 2 LEs                  ; Yes        ; |css_phy_tx_top_wrapper|css_phy_tx_top:u_css_phy_tx_top|form_ppdu:u_form_ppdu|i_fifo[224]                                                                                                                        ;
; 17:1               ; 2 bits    ; 22 LEs        ; 20 LEs               ; 2 LEs                  ; Yes        ; |css_phy_tx_top_wrapper|css_phy_tx_top:u_css_phy_tx_top|form_ppdu:u_form_ppdu|i_fifo[223]                                                                                                                        ;
; 17:1               ; 2 bits    ; 22 LEs        ; 20 LEs               ; 2 LEs                  ; Yes        ; |css_phy_tx_top_wrapper|css_phy_tx_top:u_css_phy_tx_top|form_ppdu:u_form_ppdu|i_fifo[222]                                                                                                                        ;
; 17:1               ; 2 bits    ; 22 LEs        ; 20 LEs               ; 2 LEs                  ; Yes        ; |css_phy_tx_top_wrapper|css_phy_tx_top:u_css_phy_tx_top|form_ppdu:u_form_ppdu|i_fifo[221]                                                                                                                        ;
; 17:1               ; 2 bits    ; 22 LEs        ; 20 LEs               ; 2 LEs                  ; Yes        ; |css_phy_tx_top_wrapper|css_phy_tx_top:u_css_phy_tx_top|form_ppdu:u_form_ppdu|i_fifo[220]                                                                                                                        ;
; 17:1               ; 2 bits    ; 22 LEs        ; 20 LEs               ; 2 LEs                  ; Yes        ; |css_phy_tx_top_wrapper|css_phy_tx_top:u_css_phy_tx_top|form_ppdu:u_form_ppdu|i_fifo[219]                                                                                                                        ;
; 17:1               ; 2 bits    ; 22 LEs        ; 20 LEs               ; 2 LEs                  ; Yes        ; |css_phy_tx_top_wrapper|css_phy_tx_top:u_css_phy_tx_top|form_ppdu:u_form_ppdu|i_fifo[218]                                                                                                                        ;
; 17:1               ; 2 bits    ; 22 LEs        ; 20 LEs               ; 2 LEs                  ; Yes        ; |css_phy_tx_top_wrapper|css_phy_tx_top:u_css_phy_tx_top|form_ppdu:u_form_ppdu|i_fifo[217]                                                                                                                        ;
; 17:1               ; 2 bits    ; 22 LEs        ; 20 LEs               ; 2 LEs                  ; Yes        ; |css_phy_tx_top_wrapper|css_phy_tx_top:u_css_phy_tx_top|form_ppdu:u_form_ppdu|q_fifo[216]                                                                                                                        ;
; 17:1               ; 2 bits    ; 22 LEs        ; 20 LEs               ; 2 LEs                  ; Yes        ; |css_phy_tx_top_wrapper|css_phy_tx_top:u_css_phy_tx_top|form_ppdu:u_form_ppdu|i_fifo[215]                                                                                                                        ;
; 17:1               ; 2 bits    ; 22 LEs        ; 20 LEs               ; 2 LEs                  ; Yes        ; |css_phy_tx_top_wrapper|css_phy_tx_top:u_css_phy_tx_top|form_ppdu:u_form_ppdu|i_fifo[214]                                                                                                                        ;
; 17:1               ; 2 bits    ; 22 LEs        ; 20 LEs               ; 2 LEs                  ; Yes        ; |css_phy_tx_top_wrapper|css_phy_tx_top:u_css_phy_tx_top|form_ppdu:u_form_ppdu|i_fifo[213]                                                                                                                        ;
; 17:1               ; 2 bits    ; 22 LEs        ; 20 LEs               ; 2 LEs                  ; Yes        ; |css_phy_tx_top_wrapper|css_phy_tx_top:u_css_phy_tx_top|form_ppdu:u_form_ppdu|i_fifo[212]                                                                                                                        ;
; 17:1               ; 2 bits    ; 22 LEs        ; 20 LEs               ; 2 LEs                  ; Yes        ; |css_phy_tx_top_wrapper|css_phy_tx_top:u_css_phy_tx_top|form_ppdu:u_form_ppdu|q_fifo[211]                                                                                                                        ;
; 17:1               ; 2 bits    ; 22 LEs        ; 20 LEs               ; 2 LEs                  ; Yes        ; |css_phy_tx_top_wrapper|css_phy_tx_top:u_css_phy_tx_top|form_ppdu:u_form_ppdu|i_fifo[210]                                                                                                                        ;
; 17:1               ; 2 bits    ; 22 LEs        ; 20 LEs               ; 2 LEs                  ; Yes        ; |css_phy_tx_top_wrapper|css_phy_tx_top:u_css_phy_tx_top|form_ppdu:u_form_ppdu|i_fifo[209]                                                                                                                        ;
; 17:1               ; 2 bits    ; 22 LEs        ; 20 LEs               ; 2 LEs                  ; Yes        ; |css_phy_tx_top_wrapper|css_phy_tx_top:u_css_phy_tx_top|form_ppdu:u_form_ppdu|i_fifo[208]                                                                                                                        ;
; 17:1               ; 2 bits    ; 22 LEs        ; 20 LEs               ; 2 LEs                  ; Yes        ; |css_phy_tx_top_wrapper|css_phy_tx_top:u_css_phy_tx_top|form_ppdu:u_form_ppdu|i_fifo[207]                                                                                                                        ;
; 17:1               ; 2 bits    ; 22 LEs        ; 20 LEs               ; 2 LEs                  ; Yes        ; |css_phy_tx_top_wrapper|css_phy_tx_top:u_css_phy_tx_top|form_ppdu:u_form_ppdu|i_fifo[206]                                                                                                                        ;
; 17:1               ; 2 bits    ; 22 LEs        ; 20 LEs               ; 2 LEs                  ; Yes        ; |css_phy_tx_top_wrapper|css_phy_tx_top:u_css_phy_tx_top|form_ppdu:u_form_ppdu|i_fifo[205]                                                                                                                        ;
; 17:1               ; 2 bits    ; 22 LEs        ; 20 LEs               ; 2 LEs                  ; Yes        ; |css_phy_tx_top_wrapper|css_phy_tx_top:u_css_phy_tx_top|form_ppdu:u_form_ppdu|q_fifo[204]                                                                                                                        ;
; 17:1               ; 2 bits    ; 22 LEs        ; 20 LEs               ; 2 LEs                  ; Yes        ; |css_phy_tx_top_wrapper|css_phy_tx_top:u_css_phy_tx_top|form_ppdu:u_form_ppdu|q_fifo[203]                                                                                                                        ;
; 17:1               ; 2 bits    ; 22 LEs        ; 20 LEs               ; 2 LEs                  ; Yes        ; |css_phy_tx_top_wrapper|css_phy_tx_top:u_css_phy_tx_top|form_ppdu:u_form_ppdu|q_fifo[202]                                                                                                                        ;
; 17:1               ; 2 bits    ; 22 LEs        ; 20 LEs               ; 2 LEs                  ; Yes        ; |css_phy_tx_top_wrapper|css_phy_tx_top:u_css_phy_tx_top|form_ppdu:u_form_ppdu|q_fifo[201]                                                                                                                        ;
; 17:1               ; 2 bits    ; 22 LEs        ; 20 LEs               ; 2 LEs                  ; Yes        ; |css_phy_tx_top_wrapper|css_phy_tx_top:u_css_phy_tx_top|form_ppdu:u_form_ppdu|q_fifo[200]                                                                                                                        ;
; 17:1               ; 2 bits    ; 22 LEs        ; 20 LEs               ; 2 LEs                  ; Yes        ; |css_phy_tx_top_wrapper|css_phy_tx_top:u_css_phy_tx_top|form_ppdu:u_form_ppdu|q_fifo[199]                                                                                                                        ;
; 17:1               ; 2 bits    ; 22 LEs        ; 20 LEs               ; 2 LEs                  ; Yes        ; |css_phy_tx_top_wrapper|css_phy_tx_top:u_css_phy_tx_top|form_ppdu:u_form_ppdu|q_fifo[198]                                                                                                                        ;
; 17:1               ; 2 bits    ; 22 LEs        ; 20 LEs               ; 2 LEs                  ; Yes        ; |css_phy_tx_top_wrapper|css_phy_tx_top:u_css_phy_tx_top|form_ppdu:u_form_ppdu|q_fifo[197]                                                                                                                        ;
; 17:1               ; 2 bits    ; 22 LEs        ; 20 LEs               ; 2 LEs                  ; Yes        ; |css_phy_tx_top_wrapper|css_phy_tx_top:u_css_phy_tx_top|form_ppdu:u_form_ppdu|q_fifo[196]                                                                                                                        ;
; 17:1               ; 2 bits    ; 22 LEs        ; 20 LEs               ; 2 LEs                  ; Yes        ; |css_phy_tx_top_wrapper|css_phy_tx_top:u_css_phy_tx_top|form_ppdu:u_form_ppdu|i_fifo[195]                                                                                                                        ;
; 17:1               ; 2 bits    ; 22 LEs        ; 20 LEs               ; 2 LEs                  ; Yes        ; |css_phy_tx_top_wrapper|css_phy_tx_top:u_css_phy_tx_top|form_ppdu:u_form_ppdu|i_fifo[194]                                                                                                                        ;
; 17:1               ; 2 bits    ; 22 LEs        ; 20 LEs               ; 2 LEs                  ; Yes        ; |css_phy_tx_top_wrapper|css_phy_tx_top:u_css_phy_tx_top|form_ppdu:u_form_ppdu|q_fifo[193]                                                                                                                        ;
; 17:1               ; 2 bits    ; 22 LEs        ; 20 LEs               ; 2 LEs                  ; Yes        ; |css_phy_tx_top_wrapper|css_phy_tx_top:u_css_phy_tx_top|form_ppdu:u_form_ppdu|q_fifo[192]                                                                                                                        ;
; 17:1               ; 2 bits    ; 22 LEs        ; 20 LEs               ; 2 LEs                  ; Yes        ; |css_phy_tx_top_wrapper|css_phy_tx_top:u_css_phy_tx_top|form_ppdu:u_form_ppdu|i_fifo[191]                                                                                                                        ;
; 17:1               ; 2 bits    ; 22 LEs        ; 20 LEs               ; 2 LEs                  ; Yes        ; |css_phy_tx_top_wrapper|css_phy_tx_top:u_css_phy_tx_top|form_ppdu:u_form_ppdu|q_fifo[190]                                                                                                                        ;
; 17:1               ; 2 bits    ; 22 LEs        ; 20 LEs               ; 2 LEs                  ; Yes        ; |css_phy_tx_top_wrapper|css_phy_tx_top:u_css_phy_tx_top|form_ppdu:u_form_ppdu|q_fifo[189]                                                                                                                        ;
; 17:1               ; 2 bits    ; 22 LEs        ; 20 LEs               ; 2 LEs                  ; Yes        ; |css_phy_tx_top_wrapper|css_phy_tx_top:u_css_phy_tx_top|form_ppdu:u_form_ppdu|i_fifo[188]                                                                                                                        ;
; 17:1               ; 2 bits    ; 22 LEs        ; 20 LEs               ; 2 LEs                  ; Yes        ; |css_phy_tx_top_wrapper|css_phy_tx_top:u_css_phy_tx_top|form_ppdu:u_form_ppdu|q_fifo[187]                                                                                                                        ;
; 17:1               ; 2 bits    ; 22 LEs        ; 20 LEs               ; 2 LEs                  ; Yes        ; |css_phy_tx_top_wrapper|css_phy_tx_top:u_css_phy_tx_top|form_ppdu:u_form_ppdu|q_fifo[186]                                                                                                                        ;
; 17:1               ; 2 bits    ; 22 LEs        ; 20 LEs               ; 2 LEs                  ; Yes        ; |css_phy_tx_top_wrapper|css_phy_tx_top:u_css_phy_tx_top|form_ppdu:u_form_ppdu|q_fifo[185]                                                                                                                        ;
; 17:1               ; 2 bits    ; 22 LEs        ; 20 LEs               ; 2 LEs                  ; Yes        ; |css_phy_tx_top_wrapper|css_phy_tx_top:u_css_phy_tx_top|form_ppdu:u_form_ppdu|q_fifo[184]                                                                                                                        ;
; 17:1               ; 2 bits    ; 22 LEs        ; 20 LEs               ; 2 LEs                  ; Yes        ; |css_phy_tx_top_wrapper|css_phy_tx_top:u_css_phy_tx_top|form_ppdu:u_form_ppdu|q_fifo[183]                                                                                                                        ;
; 17:1               ; 2 bits    ; 22 LEs        ; 20 LEs               ; 2 LEs                  ; Yes        ; |css_phy_tx_top_wrapper|css_phy_tx_top:u_css_phy_tx_top|form_ppdu:u_form_ppdu|q_fifo[182]                                                                                                                        ;
; 17:1               ; 2 bits    ; 22 LEs        ; 20 LEs               ; 2 LEs                  ; Yes        ; |css_phy_tx_top_wrapper|css_phy_tx_top:u_css_phy_tx_top|form_ppdu:u_form_ppdu|q_fifo[181]                                                                                                                        ;
; 17:1               ; 2 bits    ; 22 LEs        ; 20 LEs               ; 2 LEs                  ; Yes        ; |css_phy_tx_top_wrapper|css_phy_tx_top:u_css_phy_tx_top|form_ppdu:u_form_ppdu|i_fifo[180]                                                                                                                        ;
; 17:1               ; 2 bits    ; 22 LEs        ; 20 LEs               ; 2 LEs                  ; Yes        ; |css_phy_tx_top_wrapper|css_phy_tx_top:u_css_phy_tx_top|form_ppdu:u_form_ppdu|i_fifo[179]                                                                                                                        ;
; 17:1               ; 2 bits    ; 22 LEs        ; 20 LEs               ; 2 LEs                  ; Yes        ; |css_phy_tx_top_wrapper|css_phy_tx_top:u_css_phy_tx_top|form_ppdu:u_form_ppdu|i_fifo[178]                                                                                                                        ;
; 17:1               ; 2 bits    ; 22 LEs        ; 20 LEs               ; 2 LEs                  ; Yes        ; |css_phy_tx_top_wrapper|css_phy_tx_top:u_css_phy_tx_top|form_ppdu:u_form_ppdu|i_fifo[177]                                                                                                                        ;
; 17:1               ; 2 bits    ; 22 LEs        ; 20 LEs               ; 2 LEs                  ; Yes        ; |css_phy_tx_top_wrapper|css_phy_tx_top:u_css_phy_tx_top|form_ppdu:u_form_ppdu|i_fifo[176]                                                                                                                        ;
; 17:1               ; 2 bits    ; 22 LEs        ; 20 LEs               ; 2 LEs                  ; Yes        ; |css_phy_tx_top_wrapper|css_phy_tx_top:u_css_phy_tx_top|form_ppdu:u_form_ppdu|q_fifo[175]                                                                                                                        ;
; 17:1               ; 2 bits    ; 22 LEs        ; 20 LEs               ; 2 LEs                  ; Yes        ; |css_phy_tx_top_wrapper|css_phy_tx_top:u_css_phy_tx_top|form_ppdu:u_form_ppdu|i_fifo[174]                                                                                                                        ;
; 17:1               ; 2 bits    ; 22 LEs        ; 20 LEs               ; 2 LEs                  ; Yes        ; |css_phy_tx_top_wrapper|css_phy_tx_top:u_css_phy_tx_top|form_ppdu:u_form_ppdu|q_fifo[173]                                                                                                                        ;
; 17:1               ; 2 bits    ; 22 LEs        ; 20 LEs               ; 2 LEs                  ; Yes        ; |css_phy_tx_top_wrapper|css_phy_tx_top:u_css_phy_tx_top|form_ppdu:u_form_ppdu|i_fifo[172]                                                                                                                        ;
; 17:1               ; 2 bits    ; 22 LEs        ; 20 LEs               ; 2 LEs                  ; Yes        ; |css_phy_tx_top_wrapper|css_phy_tx_top:u_css_phy_tx_top|form_ppdu:u_form_ppdu|i_fifo[171]                                                                                                                        ;
; 17:1               ; 2 bits    ; 22 LEs        ; 20 LEs               ; 2 LEs                  ; Yes        ; |css_phy_tx_top_wrapper|css_phy_tx_top:u_css_phy_tx_top|form_ppdu:u_form_ppdu|i_fifo[170]                                                                                                                        ;
; 17:1               ; 2 bits    ; 22 LEs        ; 20 LEs               ; 2 LEs                  ; Yes        ; |css_phy_tx_top_wrapper|css_phy_tx_top:u_css_phy_tx_top|form_ppdu:u_form_ppdu|i_fifo[169]                                                                                                                        ;
; 17:1               ; 2 bits    ; 22 LEs        ; 20 LEs               ; 2 LEs                  ; Yes        ; |css_phy_tx_top_wrapper|css_phy_tx_top:u_css_phy_tx_top|form_ppdu:u_form_ppdu|i_fifo[168]                                                                                                                        ;
; 17:1               ; 2 bits    ; 22 LEs        ; 20 LEs               ; 2 LEs                  ; Yes        ; |css_phy_tx_top_wrapper|css_phy_tx_top:u_css_phy_tx_top|form_ppdu:u_form_ppdu|i_fifo[167]                                                                                                                        ;
; 17:1               ; 2 bits    ; 22 LEs        ; 20 LEs               ; 2 LEs                  ; Yes        ; |css_phy_tx_top_wrapper|css_phy_tx_top:u_css_phy_tx_top|form_ppdu:u_form_ppdu|q_fifo[166]                                                                                                                        ;
; 17:1               ; 2 bits    ; 22 LEs        ; 20 LEs               ; 2 LEs                  ; Yes        ; |css_phy_tx_top_wrapper|css_phy_tx_top:u_css_phy_tx_top|form_ppdu:u_form_ppdu|q_fifo[165]                                                                                                                        ;
; 17:1               ; 2 bits    ; 22 LEs        ; 20 LEs               ; 2 LEs                  ; Yes        ; |css_phy_tx_top_wrapper|css_phy_tx_top:u_css_phy_tx_top|form_ppdu:u_form_ppdu|q_fifo[164]                                                                                                                        ;
; 17:1               ; 2 bits    ; 22 LEs        ; 20 LEs               ; 2 LEs                  ; Yes        ; |css_phy_tx_top_wrapper|css_phy_tx_top:u_css_phy_tx_top|form_ppdu:u_form_ppdu|q_fifo[163]                                                                                                                        ;
; 17:1               ; 2 bits    ; 22 LEs        ; 20 LEs               ; 2 LEs                  ; Yes        ; |css_phy_tx_top_wrapper|css_phy_tx_top:u_css_phy_tx_top|form_ppdu:u_form_ppdu|q_fifo[162]                                                                                                                        ;
; 17:1               ; 2 bits    ; 22 LEs        ; 20 LEs               ; 2 LEs                  ; Yes        ; |css_phy_tx_top_wrapper|css_phy_tx_top:u_css_phy_tx_top|form_ppdu:u_form_ppdu|i_fifo[161]                                                                                                                        ;
; 17:1               ; 2 bits    ; 22 LEs        ; 20 LEs               ; 2 LEs                  ; Yes        ; |css_phy_tx_top_wrapper|css_phy_tx_top:u_css_phy_tx_top|form_ppdu:u_form_ppdu|q_fifo[160]                                                                                                                        ;
; 17:1               ; 2 bits    ; 22 LEs        ; 20 LEs               ; 2 LEs                  ; Yes        ; |css_phy_tx_top_wrapper|css_phy_tx_top:u_css_phy_tx_top|form_ppdu:u_form_ppdu|i_fifo[159]                                                                                                                        ;
; 17:1               ; 2 bits    ; 22 LEs        ; 20 LEs               ; 2 LEs                  ; Yes        ; |css_phy_tx_top_wrapper|css_phy_tx_top:u_css_phy_tx_top|form_ppdu:u_form_ppdu|q_fifo[158]                                                                                                                        ;
; 17:1               ; 2 bits    ; 22 LEs        ; 20 LEs               ; 2 LEs                  ; Yes        ; |css_phy_tx_top_wrapper|css_phy_tx_top:u_css_phy_tx_top|form_ppdu:u_form_ppdu|q_fifo[157]                                                                                                                        ;
; 17:1               ; 2 bits    ; 22 LEs        ; 20 LEs               ; 2 LEs                  ; Yes        ; |css_phy_tx_top_wrapper|css_phy_tx_top:u_css_phy_tx_top|form_ppdu:u_form_ppdu|q_fifo[156]                                                                                                                        ;
; 17:1               ; 2 bits    ; 22 LEs        ; 20 LEs               ; 2 LEs                  ; Yes        ; |css_phy_tx_top_wrapper|css_phy_tx_top:u_css_phy_tx_top|form_ppdu:u_form_ppdu|q_fifo[155]                                                                                                                        ;
; 17:1               ; 2 bits    ; 22 LEs        ; 20 LEs               ; 2 LEs                  ; Yes        ; |css_phy_tx_top_wrapper|css_phy_tx_top:u_css_phy_tx_top|form_ppdu:u_form_ppdu|q_fifo[154]                                                                                                                        ;
; 17:1               ; 2 bits    ; 22 LEs        ; 20 LEs               ; 2 LEs                  ; Yes        ; |css_phy_tx_top_wrapper|css_phy_tx_top:u_css_phy_tx_top|form_ppdu:u_form_ppdu|q_fifo[153]                                                                                                                        ;
; 17:1               ; 2 bits    ; 22 LEs        ; 20 LEs               ; 2 LEs                  ; Yes        ; |css_phy_tx_top_wrapper|css_phy_tx_top:u_css_phy_tx_top|form_ppdu:u_form_ppdu|i_fifo[152]                                                                                                                        ;
; 17:1               ; 2 bits    ; 22 LEs        ; 20 LEs               ; 2 LEs                  ; Yes        ; |css_phy_tx_top_wrapper|css_phy_tx_top:u_css_phy_tx_top|form_ppdu:u_form_ppdu|i_fifo[151]                                                                                                                        ;
; 17:1               ; 2 bits    ; 22 LEs        ; 20 LEs               ; 2 LEs                  ; Yes        ; |css_phy_tx_top_wrapper|css_phy_tx_top:u_css_phy_tx_top|form_ppdu:u_form_ppdu|q_fifo[150]                                                                                                                        ;
; 17:1               ; 2 bits    ; 22 LEs        ; 20 LEs               ; 2 LEs                  ; Yes        ; |css_phy_tx_top_wrapper|css_phy_tx_top:u_css_phy_tx_top|form_ppdu:u_form_ppdu|q_fifo[149]                                                                                                                        ;
; 17:1               ; 2 bits    ; 22 LEs        ; 20 LEs               ; 2 LEs                  ; Yes        ; |css_phy_tx_top_wrapper|css_phy_tx_top:u_css_phy_tx_top|form_ppdu:u_form_ppdu|q_fifo[148]                                                                                                                        ;
; 17:1               ; 2 bits    ; 22 LEs        ; 20 LEs               ; 2 LEs                  ; Yes        ; |css_phy_tx_top_wrapper|css_phy_tx_top:u_css_phy_tx_top|form_ppdu:u_form_ppdu|i_fifo[147]                                                                                                                        ;
; 17:1               ; 2 bits    ; 22 LEs        ; 20 LEs               ; 2 LEs                  ; Yes        ; |css_phy_tx_top_wrapper|css_phy_tx_top:u_css_phy_tx_top|form_ppdu:u_form_ppdu|i_fifo[146]                                                                                                                        ;
; 17:1               ; 2 bits    ; 22 LEs        ; 20 LEs               ; 2 LEs                  ; Yes        ; |css_phy_tx_top_wrapper|css_phy_tx_top:u_css_phy_tx_top|form_ppdu:u_form_ppdu|i_fifo[145]                                                                                                                        ;
; 17:1               ; 2 bits    ; 22 LEs        ; 20 LEs               ; 2 LEs                  ; Yes        ; |css_phy_tx_top_wrapper|css_phy_tx_top:u_css_phy_tx_top|form_ppdu:u_form_ppdu|i_fifo[144]                                                                                                                        ;
; 17:1               ; 2 bits    ; 22 LEs        ; 20 LEs               ; 2 LEs                  ; Yes        ; |css_phy_tx_top_wrapper|css_phy_tx_top:u_css_phy_tx_top|form_ppdu:u_form_ppdu|i_fifo[143]                                                                                                                        ;
; 17:1               ; 2 bits    ; 22 LEs        ; 20 LEs               ; 2 LEs                  ; Yes        ; |css_phy_tx_top_wrapper|css_phy_tx_top:u_css_phy_tx_top|form_ppdu:u_form_ppdu|i_fifo[142]                                                                                                                        ;
; 17:1               ; 2 bits    ; 22 LEs        ; 20 LEs               ; 2 LEs                  ; Yes        ; |css_phy_tx_top_wrapper|css_phy_tx_top:u_css_phy_tx_top|form_ppdu:u_form_ppdu|i_fifo[141]                                                                                                                        ;
; 17:1               ; 2 bits    ; 22 LEs        ; 20 LEs               ; 2 LEs                  ; Yes        ; |css_phy_tx_top_wrapper|css_phy_tx_top:u_css_phy_tx_top|form_ppdu:u_form_ppdu|i_fifo[140]                                                                                                                        ;
; 17:1               ; 2 bits    ; 22 LEs        ; 20 LEs               ; 2 LEs                  ; Yes        ; |css_phy_tx_top_wrapper|css_phy_tx_top:u_css_phy_tx_top|form_ppdu:u_form_ppdu|i_fifo[139]                                                                                                                        ;
; 17:1               ; 2 bits    ; 22 LEs        ; 20 LEs               ; 2 LEs                  ; Yes        ; |css_phy_tx_top_wrapper|css_phy_tx_top:u_css_phy_tx_top|form_ppdu:u_form_ppdu|i_fifo[138]                                                                                                                        ;
; 17:1               ; 2 bits    ; 22 LEs        ; 20 LEs               ; 2 LEs                  ; Yes        ; |css_phy_tx_top_wrapper|css_phy_tx_top:u_css_phy_tx_top|form_ppdu:u_form_ppdu|q_fifo[137]                                                                                                                        ;
; 17:1               ; 2 bits    ; 22 LEs        ; 20 LEs               ; 2 LEs                  ; Yes        ; |css_phy_tx_top_wrapper|css_phy_tx_top:u_css_phy_tx_top|form_ppdu:u_form_ppdu|q_fifo[136]                                                                                                                        ;
; 17:1               ; 2 bits    ; 22 LEs        ; 20 LEs               ; 2 LEs                  ; Yes        ; |css_phy_tx_top_wrapper|css_phy_tx_top:u_css_phy_tx_top|form_ppdu:u_form_ppdu|q_fifo[135]                                                                                                                        ;
; 17:1               ; 2 bits    ; 22 LEs        ; 20 LEs               ; 2 LEs                  ; Yes        ; |css_phy_tx_top_wrapper|css_phy_tx_top:u_css_phy_tx_top|form_ppdu:u_form_ppdu|q_fifo[134]                                                                                                                        ;
; 17:1               ; 2 bits    ; 22 LEs        ; 20 LEs               ; 2 LEs                  ; Yes        ; |css_phy_tx_top_wrapper|css_phy_tx_top:u_css_phy_tx_top|form_ppdu:u_form_ppdu|q_fifo[133]                                                                                                                        ;
; 17:1               ; 2 bits    ; 22 LEs        ; 20 LEs               ; 2 LEs                  ; Yes        ; |css_phy_tx_top_wrapper|css_phy_tx_top:u_css_phy_tx_top|form_ppdu:u_form_ppdu|q_fifo[132]                                                                                                                        ;
; 17:1               ; 2 bits    ; 22 LEs        ; 20 LEs               ; 2 LEs                  ; Yes        ; |css_phy_tx_top_wrapper|css_phy_tx_top:u_css_phy_tx_top|form_ppdu:u_form_ppdu|i_fifo[131]                                                                                                                        ;
; 17:1               ; 2 bits    ; 22 LEs        ; 20 LEs               ; 2 LEs                  ; Yes        ; |css_phy_tx_top_wrapper|css_phy_tx_top:u_css_phy_tx_top|form_ppdu:u_form_ppdu|i_fifo[130]                                                                                                                        ;
; 17:1               ; 2 bits    ; 22 LEs        ; 20 LEs               ; 2 LEs                  ; Yes        ; |css_phy_tx_top_wrapper|css_phy_tx_top:u_css_phy_tx_top|form_ppdu:u_form_ppdu|i_fifo[129]                                                                                                                        ;
; 17:1               ; 2 bits    ; 22 LEs        ; 20 LEs               ; 2 LEs                  ; Yes        ; |css_phy_tx_top_wrapper|css_phy_tx_top:u_css_phy_tx_top|form_ppdu:u_form_ppdu|q_fifo[128]                                                                                                                        ;
; 17:1               ; 2 bits    ; 22 LEs        ; 20 LEs               ; 2 LEs                  ; Yes        ; |css_phy_tx_top_wrapper|css_phy_tx_top:u_css_phy_tx_top|form_ppdu:u_form_ppdu|q_fifo[127]                                                                                                                        ;
; 17:1               ; 2 bits    ; 22 LEs        ; 20 LEs               ; 2 LEs                  ; Yes        ; |css_phy_tx_top_wrapper|css_phy_tx_top:u_css_phy_tx_top|form_ppdu:u_form_ppdu|q_fifo[126]                                                                                                                        ;
; 17:1               ; 2 bits    ; 22 LEs        ; 20 LEs               ; 2 LEs                  ; Yes        ; |css_phy_tx_top_wrapper|css_phy_tx_top:u_css_phy_tx_top|form_ppdu:u_form_ppdu|q_fifo[125]                                                                                                                        ;
; 17:1               ; 2 bits    ; 22 LEs        ; 20 LEs               ; 2 LEs                  ; Yes        ; |css_phy_tx_top_wrapper|css_phy_tx_top:u_css_phy_tx_top|form_ppdu:u_form_ppdu|i_fifo[124]                                                                                                                        ;
; 17:1               ; 2 bits    ; 22 LEs        ; 20 LEs               ; 2 LEs                  ; Yes        ; |css_phy_tx_top_wrapper|css_phy_tx_top:u_css_phy_tx_top|form_ppdu:u_form_ppdu|i_fifo[123]                                                                                                                        ;
; 17:1               ; 2 bits    ; 22 LEs        ; 20 LEs               ; 2 LEs                  ; Yes        ; |css_phy_tx_top_wrapper|css_phy_tx_top:u_css_phy_tx_top|form_ppdu:u_form_ppdu|i_fifo[122]                                                                                                                        ;
; 17:1               ; 2 bits    ; 22 LEs        ; 20 LEs               ; 2 LEs                  ; Yes        ; |css_phy_tx_top_wrapper|css_phy_tx_top:u_css_phy_tx_top|form_ppdu:u_form_ppdu|i_fifo[121]                                                                                                                        ;
; 17:1               ; 2 bits    ; 22 LEs        ; 20 LEs               ; 2 LEs                  ; Yes        ; |css_phy_tx_top_wrapper|css_phy_tx_top:u_css_phy_tx_top|form_ppdu:u_form_ppdu|q_fifo[120]                                                                                                                        ;
; 17:1               ; 2 bits    ; 22 LEs        ; 20 LEs               ; 2 LEs                  ; Yes        ; |css_phy_tx_top_wrapper|css_phy_tx_top:u_css_phy_tx_top|form_ppdu:u_form_ppdu|i_fifo[119]                                                                                                                        ;
; 17:1               ; 2 bits    ; 22 LEs        ; 20 LEs               ; 2 LEs                  ; Yes        ; |css_phy_tx_top_wrapper|css_phy_tx_top:u_css_phy_tx_top|form_ppdu:u_form_ppdu|i_fifo[118]                                                                                                                        ;
; 17:1               ; 2 bits    ; 22 LEs        ; 20 LEs               ; 2 LEs                  ; Yes        ; |css_phy_tx_top_wrapper|css_phy_tx_top:u_css_phy_tx_top|form_ppdu:u_form_ppdu|i_fifo[117]                                                                                                                        ;
; 17:1               ; 2 bits    ; 22 LEs        ; 20 LEs               ; 2 LEs                  ; Yes        ; |css_phy_tx_top_wrapper|css_phy_tx_top:u_css_phy_tx_top|form_ppdu:u_form_ppdu|i_fifo[116]                                                                                                                        ;
; 17:1               ; 2 bits    ; 22 LEs        ; 20 LEs               ; 2 LEs                  ; Yes        ; |css_phy_tx_top_wrapper|css_phy_tx_top:u_css_phy_tx_top|form_ppdu:u_form_ppdu|i_fifo[115]                                                                                                                        ;
; 17:1               ; 2 bits    ; 22 LEs        ; 20 LEs               ; 2 LEs                  ; Yes        ; |css_phy_tx_top_wrapper|css_phy_tx_top:u_css_phy_tx_top|form_ppdu:u_form_ppdu|i_fifo[114]                                                                                                                        ;
; 17:1               ; 2 bits    ; 22 LEs        ; 20 LEs               ; 2 LEs                  ; Yes        ; |css_phy_tx_top_wrapper|css_phy_tx_top:u_css_phy_tx_top|form_ppdu:u_form_ppdu|i_fifo[113]                                                                                                                        ;
; 17:1               ; 2 bits    ; 22 LEs        ; 20 LEs               ; 2 LEs                  ; Yes        ; |css_phy_tx_top_wrapper|css_phy_tx_top:u_css_phy_tx_top|form_ppdu:u_form_ppdu|i_fifo[112]                                                                                                                        ;
; 17:1               ; 2 bits    ; 22 LEs        ; 20 LEs               ; 2 LEs                  ; Yes        ; |css_phy_tx_top_wrapper|css_phy_tx_top:u_css_phy_tx_top|form_ppdu:u_form_ppdu|i_fifo[111]                                                                                                                        ;
; 17:1               ; 2 bits    ; 22 LEs        ; 20 LEs               ; 2 LEs                  ; Yes        ; |css_phy_tx_top_wrapper|css_phy_tx_top:u_css_phy_tx_top|form_ppdu:u_form_ppdu|q_fifo[110]                                                                                                                        ;
; 17:1               ; 2 bits    ; 22 LEs        ; 20 LEs               ; 2 LEs                  ; Yes        ; |css_phy_tx_top_wrapper|css_phy_tx_top:u_css_phy_tx_top|form_ppdu:u_form_ppdu|q_fifo[109]                                                                                                                        ;
; 17:1               ; 2 bits    ; 22 LEs        ; 20 LEs               ; 2 LEs                  ; Yes        ; |css_phy_tx_top_wrapper|css_phy_tx_top:u_css_phy_tx_top|form_ppdu:u_form_ppdu|q_fifo[108]                                                                                                                        ;
; 17:1               ; 2 bits    ; 22 LEs        ; 20 LEs               ; 2 LEs                  ; Yes        ; |css_phy_tx_top_wrapper|css_phy_tx_top:u_css_phy_tx_top|form_ppdu:u_form_ppdu|q_fifo[107]                                                                                                                        ;
; 17:1               ; 2 bits    ; 22 LEs        ; 20 LEs               ; 2 LEs                  ; Yes        ; |css_phy_tx_top_wrapper|css_phy_tx_top:u_css_phy_tx_top|form_ppdu:u_form_ppdu|q_fifo[106]                                                                                                                        ;
; 17:1               ; 2 bits    ; 22 LEs        ; 20 LEs               ; 2 LEs                  ; Yes        ; |css_phy_tx_top_wrapper|css_phy_tx_top:u_css_phy_tx_top|form_ppdu:u_form_ppdu|q_fifo[105]                                                                                                                        ;
; 17:1               ; 2 bits    ; 22 LEs        ; 20 LEs               ; 2 LEs                  ; Yes        ; |css_phy_tx_top_wrapper|css_phy_tx_top:u_css_phy_tx_top|form_ppdu:u_form_ppdu|q_fifo[104]                                                                                                                        ;
; 17:1               ; 2 bits    ; 22 LEs        ; 20 LEs               ; 2 LEs                  ; Yes        ; |css_phy_tx_top_wrapper|css_phy_tx_top:u_css_phy_tx_top|form_ppdu:u_form_ppdu|q_fifo[103]                                                                                                                        ;
; 17:1               ; 2 bits    ; 22 LEs        ; 20 LEs               ; 2 LEs                  ; Yes        ; |css_phy_tx_top_wrapper|css_phy_tx_top:u_css_phy_tx_top|form_ppdu:u_form_ppdu|q_fifo[102]                                                                                                                        ;
; 17:1               ; 2 bits    ; 22 LEs        ; 20 LEs               ; 2 LEs                  ; Yes        ; |css_phy_tx_top_wrapper|css_phy_tx_top:u_css_phy_tx_top|form_ppdu:u_form_ppdu|q_fifo[101]                                                                                                                        ;
; 17:1               ; 2 bits    ; 22 LEs        ; 20 LEs               ; 2 LEs                  ; Yes        ; |css_phy_tx_top_wrapper|css_phy_tx_top:u_css_phy_tx_top|form_ppdu:u_form_ppdu|q_fifo[100]                                                                                                                        ;
; 17:1               ; 2 bits    ; 22 LEs        ; 20 LEs               ; 2 LEs                  ; Yes        ; |css_phy_tx_top_wrapper|css_phy_tx_top:u_css_phy_tx_top|form_ppdu:u_form_ppdu|i_fifo[99]                                                                                                                         ;
; 17:1               ; 2 bits    ; 22 LEs        ; 20 LEs               ; 2 LEs                  ; Yes        ; |css_phy_tx_top_wrapper|css_phy_tx_top:u_css_phy_tx_top|form_ppdu:u_form_ppdu|i_fifo[98]                                                                                                                         ;
; 17:1               ; 2 bits    ; 22 LEs        ; 20 LEs               ; 2 LEs                  ; Yes        ; |css_phy_tx_top_wrapper|css_phy_tx_top:u_css_phy_tx_top|form_ppdu:u_form_ppdu|q_fifo[97]                                                                                                                         ;
; 17:1               ; 2 bits    ; 22 LEs        ; 20 LEs               ; 2 LEs                  ; Yes        ; |css_phy_tx_top_wrapper|css_phy_tx_top:u_css_phy_tx_top|form_ppdu:u_form_ppdu|i_fifo[96]                                                                                                                         ;
; 17:1               ; 2 bits    ; 22 LEs        ; 20 LEs               ; 2 LEs                  ; Yes        ; |css_phy_tx_top_wrapper|css_phy_tx_top:u_css_phy_tx_top|form_ppdu:u_form_ppdu|i_fifo[95]                                                                                                                         ;
; 17:1               ; 2 bits    ; 22 LEs        ; 20 LEs               ; 2 LEs                  ; Yes        ; |css_phy_tx_top_wrapper|css_phy_tx_top:u_css_phy_tx_top|form_ppdu:u_form_ppdu|q_fifo[94]                                                                                                                         ;
; 17:1               ; 2 bits    ; 22 LEs        ; 20 LEs               ; 2 LEs                  ; Yes        ; |css_phy_tx_top_wrapper|css_phy_tx_top:u_css_phy_tx_top|form_ppdu:u_form_ppdu|q_fifo[93]                                                                                                                         ;
; 17:1               ; 2 bits    ; 22 LEs        ; 20 LEs               ; 2 LEs                  ; Yes        ; |css_phy_tx_top_wrapper|css_phy_tx_top:u_css_phy_tx_top|form_ppdu:u_form_ppdu|q_fifo[92]                                                                                                                         ;
; 17:1               ; 2 bits    ; 22 LEs        ; 20 LEs               ; 2 LEs                  ; Yes        ; |css_phy_tx_top_wrapper|css_phy_tx_top:u_css_phy_tx_top|form_ppdu:u_form_ppdu|q_fifo[91]                                                                                                                         ;
; 17:1               ; 2 bits    ; 22 LEs        ; 20 LEs               ; 2 LEs                  ; Yes        ; |css_phy_tx_top_wrapper|css_phy_tx_top:u_css_phy_tx_top|form_ppdu:u_form_ppdu|q_fifo[90]                                                                                                                         ;
; 17:1               ; 2 bits    ; 22 LEs        ; 20 LEs               ; 2 LEs                  ; Yes        ; |css_phy_tx_top_wrapper|css_phy_tx_top:u_css_phy_tx_top|form_ppdu:u_form_ppdu|q_fifo[89]                                                                                                                         ;
; 17:1               ; 2 bits    ; 22 LEs        ; 20 LEs               ; 2 LEs                  ; Yes        ; |css_phy_tx_top_wrapper|css_phy_tx_top:u_css_phy_tx_top|form_ppdu:u_form_ppdu|q_fifo[88]                                                                                                                         ;
; 17:1               ; 2 bits    ; 22 LEs        ; 20 LEs               ; 2 LEs                  ; Yes        ; |css_phy_tx_top_wrapper|css_phy_tx_top:u_css_phy_tx_top|form_ppdu:u_form_ppdu|i_fifo[87]                                                                                                                         ;
; 17:1               ; 2 bits    ; 22 LEs        ; 20 LEs               ; 2 LEs                  ; Yes        ; |css_phy_tx_top_wrapper|css_phy_tx_top:u_css_phy_tx_top|form_ppdu:u_form_ppdu|i_fifo[86]                                                                                                                         ;
; 17:1               ; 2 bits    ; 22 LEs        ; 20 LEs               ; 2 LEs                  ; Yes        ; |css_phy_tx_top_wrapper|css_phy_tx_top:u_css_phy_tx_top|form_ppdu:u_form_ppdu|i_fifo[85]                                                                                                                         ;
; 17:1               ; 2 bits    ; 22 LEs        ; 20 LEs               ; 2 LEs                  ; Yes        ; |css_phy_tx_top_wrapper|css_phy_tx_top:u_css_phy_tx_top|form_ppdu:u_form_ppdu|q_fifo[84]                                                                                                                         ;
; 17:1               ; 2 bits    ; 22 LEs        ; 20 LEs               ; 2 LEs                  ; Yes        ; |css_phy_tx_top_wrapper|css_phy_tx_top:u_css_phy_tx_top|form_ppdu:u_form_ppdu|i_fifo[83]                                                                                                                         ;
; 17:1               ; 2 bits    ; 22 LEs        ; 20 LEs               ; 2 LEs                  ; Yes        ; |css_phy_tx_top_wrapper|css_phy_tx_top:u_css_phy_tx_top|form_ppdu:u_form_ppdu|i_fifo[82]                                                                                                                         ;
; 17:1               ; 2 bits    ; 22 LEs        ; 20 LEs               ; 2 LEs                  ; Yes        ; |css_phy_tx_top_wrapper|css_phy_tx_top:u_css_phy_tx_top|form_ppdu:u_form_ppdu|i_fifo[81]                                                                                                                         ;
; 17:1               ; 2 bits    ; 22 LEs        ; 20 LEs               ; 2 LEs                  ; Yes        ; |css_phy_tx_top_wrapper|css_phy_tx_top:u_css_phy_tx_top|form_ppdu:u_form_ppdu|i_fifo[80]                                                                                                                         ;
; 17:1               ; 2 bits    ; 22 LEs        ; 20 LEs               ; 2 LEs                  ; Yes        ; |css_phy_tx_top_wrapper|css_phy_tx_top:u_css_phy_tx_top|form_ppdu:u_form_ppdu|i_fifo[79]                                                                                                                         ;
; 17:1               ; 2 bits    ; 22 LEs        ; 20 LEs               ; 2 LEs                  ; Yes        ; |css_phy_tx_top_wrapper|css_phy_tx_top:u_css_phy_tx_top|form_ppdu:u_form_ppdu|i_fifo[78]                                                                                                                         ;
; 17:1               ; 2 bits    ; 22 LEs        ; 20 LEs               ; 2 LEs                  ; Yes        ; |css_phy_tx_top_wrapper|css_phy_tx_top:u_css_phy_tx_top|form_ppdu:u_form_ppdu|i_fifo[77]                                                                                                                         ;
; 17:1               ; 2 bits    ; 22 LEs        ; 20 LEs               ; 2 LEs                  ; Yes        ; |css_phy_tx_top_wrapper|css_phy_tx_top:u_css_phy_tx_top|form_ppdu:u_form_ppdu|i_fifo[76]                                                                                                                         ;
; 17:1               ; 2 bits    ; 22 LEs        ; 20 LEs               ; 2 LEs                  ; Yes        ; |css_phy_tx_top_wrapper|css_phy_tx_top:u_css_phy_tx_top|form_ppdu:u_form_ppdu|i_fifo[75]                                                                                                                         ;
; 17:1               ; 2 bits    ; 22 LEs        ; 20 LEs               ; 2 LEs                  ; Yes        ; |css_phy_tx_top_wrapper|css_phy_tx_top:u_css_phy_tx_top|form_ppdu:u_form_ppdu|i_fifo[74]                                                                                                                         ;
; 17:1               ; 2 bits    ; 22 LEs        ; 20 LEs               ; 2 LEs                  ; Yes        ; |css_phy_tx_top_wrapper|css_phy_tx_top:u_css_phy_tx_top|form_ppdu:u_form_ppdu|i_fifo[73]                                                                                                                         ;
; 17:1               ; 2 bits    ; 22 LEs        ; 20 LEs               ; 2 LEs                  ; Yes        ; |css_phy_tx_top_wrapper|css_phy_tx_top:u_css_phy_tx_top|form_ppdu:u_form_ppdu|q_fifo[72]                                                                                                                         ;
; 17:1               ; 2 bits    ; 22 LEs        ; 20 LEs               ; 2 LEs                  ; Yes        ; |css_phy_tx_top_wrapper|css_phy_tx_top:u_css_phy_tx_top|form_ppdu:u_form_ppdu|q_fifo[71]                                                                                                                         ;
; 17:1               ; 2 bits    ; 22 LEs        ; 20 LEs               ; 2 LEs                  ; Yes        ; |css_phy_tx_top_wrapper|css_phy_tx_top:u_css_phy_tx_top|form_ppdu:u_form_ppdu|q_fifo[70]                                                                                                                         ;
; 17:1               ; 2 bits    ; 22 LEs        ; 20 LEs               ; 2 LEs                  ; Yes        ; |css_phy_tx_top_wrapper|css_phy_tx_top:u_css_phy_tx_top|form_ppdu:u_form_ppdu|q_fifo[69]                                                                                                                         ;
; 17:1               ; 2 bits    ; 22 LEs        ; 20 LEs               ; 2 LEs                  ; Yes        ; |css_phy_tx_top_wrapper|css_phy_tx_top:u_css_phy_tx_top|form_ppdu:u_form_ppdu|q_fifo[68]                                                                                                                         ;
; 17:1               ; 2 bits    ; 22 LEs        ; 20 LEs               ; 2 LEs                  ; Yes        ; |css_phy_tx_top_wrapper|css_phy_tx_top:u_css_phy_tx_top|form_ppdu:u_form_ppdu|q_fifo[67]                                                                                                                         ;
; 17:1               ; 2 bits    ; 22 LEs        ; 20 LEs               ; 2 LEs                  ; Yes        ; |css_phy_tx_top_wrapper|css_phy_tx_top:u_css_phy_tx_top|form_ppdu:u_form_ppdu|q_fifo[66]                                                                                                                         ;
; 17:1               ; 2 bits    ; 22 LEs        ; 20 LEs               ; 2 LEs                  ; Yes        ; |css_phy_tx_top_wrapper|css_phy_tx_top:u_css_phy_tx_top|form_ppdu:u_form_ppdu|q_fifo[65]                                                                                                                         ;
; 17:1               ; 2 bits    ; 22 LEs        ; 20 LEs               ; 2 LEs                  ; Yes        ; |css_phy_tx_top_wrapper|css_phy_tx_top:u_css_phy_tx_top|form_ppdu:u_form_ppdu|q_fifo[64]                                                                                                                         ;
; 17:1               ; 2 bits    ; 22 LEs        ; 20 LEs               ; 2 LEs                  ; Yes        ; |css_phy_tx_top_wrapper|css_phy_tx_top:u_css_phy_tx_top|form_ppdu:u_form_ppdu|q_fifo[63]                                                                                                                         ;
; 17:1               ; 2 bits    ; 22 LEs        ; 20 LEs               ; 2 LEs                  ; Yes        ; |css_phy_tx_top_wrapper|css_phy_tx_top:u_css_phy_tx_top|form_ppdu:u_form_ppdu|q_fifo[62]                                                                                                                         ;
; 17:1               ; 2 bits    ; 22 LEs        ; 20 LEs               ; 2 LEs                  ; Yes        ; |css_phy_tx_top_wrapper|css_phy_tx_top:u_css_phy_tx_top|form_ppdu:u_form_ppdu|q_fifo[61]                                                                                                                         ;
; 17:1               ; 2 bits    ; 22 LEs        ; 20 LEs               ; 2 LEs                  ; Yes        ; |css_phy_tx_top_wrapper|css_phy_tx_top:u_css_phy_tx_top|form_ppdu:u_form_ppdu|q_fifo[60]                                                                                                                         ;
; 17:1               ; 2 bits    ; 22 LEs        ; 20 LEs               ; 2 LEs                  ; Yes        ; |css_phy_tx_top_wrapper|css_phy_tx_top:u_css_phy_tx_top|form_ppdu:u_form_ppdu|q_fifo[59]                                                                                                                         ;
; 17:1               ; 2 bits    ; 22 LEs        ; 20 LEs               ; 2 LEs                  ; Yes        ; |css_phy_tx_top_wrapper|css_phy_tx_top:u_css_phy_tx_top|form_ppdu:u_form_ppdu|i_fifo[58]                                                                                                                         ;
; 17:1               ; 2 bits    ; 22 LEs        ; 20 LEs               ; 2 LEs                  ; Yes        ; |css_phy_tx_top_wrapper|css_phy_tx_top:u_css_phy_tx_top|form_ppdu:u_form_ppdu|i_fifo[57]                                                                                                                         ;
; 17:1               ; 2 bits    ; 22 LEs        ; 20 LEs               ; 2 LEs                  ; Yes        ; |css_phy_tx_top_wrapper|css_phy_tx_top:u_css_phy_tx_top|form_ppdu:u_form_ppdu|i_fifo[55]                                                                                                                         ;
; 17:1               ; 2 bits    ; 22 LEs        ; 20 LEs               ; 2 LEs                  ; Yes        ; |css_phy_tx_top_wrapper|css_phy_tx_top:u_css_phy_tx_top|form_ppdu:u_form_ppdu|i_fifo[54]                                                                                                                         ;
; 17:1               ; 2 bits    ; 22 LEs        ; 20 LEs               ; 2 LEs                  ; Yes        ; |css_phy_tx_top_wrapper|css_phy_tx_top:u_css_phy_tx_top|form_ppdu:u_form_ppdu|i_fifo[53]                                                                                                                         ;
; 17:1               ; 2 bits    ; 22 LEs        ; 20 LEs               ; 2 LEs                  ; Yes        ; |css_phy_tx_top_wrapper|css_phy_tx_top:u_css_phy_tx_top|form_ppdu:u_form_ppdu|q_fifo[51]                                                                                                                         ;
; 17:1               ; 2 bits    ; 22 LEs        ; 20 LEs               ; 2 LEs                  ; Yes        ; |css_phy_tx_top_wrapper|css_phy_tx_top:u_css_phy_tx_top|form_ppdu:u_form_ppdu|q_fifo[50]                                                                                                                         ;
; 17:1               ; 2 bits    ; 22 LEs        ; 20 LEs               ; 2 LEs                  ; Yes        ; |css_phy_tx_top_wrapper|css_phy_tx_top:u_css_phy_tx_top|form_ppdu:u_form_ppdu|q_fifo[49]                                                                                                                         ;
; 17:1               ; 2 bits    ; 22 LEs        ; 20 LEs               ; 2 LEs                  ; Yes        ; |css_phy_tx_top_wrapper|css_phy_tx_top:u_css_phy_tx_top|form_ppdu:u_form_ppdu|i_fifo[47]                                                                                                                         ;
; 17:1               ; 2 bits    ; 22 LEs        ; 20 LEs               ; 2 LEs                  ; Yes        ; |css_phy_tx_top_wrapper|css_phy_tx_top:u_css_phy_tx_top|form_ppdu:u_form_ppdu|q_fifo[46]                                                                                                                         ;
; 17:1               ; 2 bits    ; 22 LEs        ; 20 LEs               ; 2 LEs                  ; Yes        ; |css_phy_tx_top_wrapper|css_phy_tx_top:u_css_phy_tx_top|form_ppdu:u_form_ppdu|q_fifo[45]                                                                                                                         ;
; 17:1               ; 2 bits    ; 22 LEs        ; 20 LEs               ; 2 LEs                  ; Yes        ; |css_phy_tx_top_wrapper|css_phy_tx_top:u_css_phy_tx_top|form_ppdu:u_form_ppdu|q_fifo[43]                                                                                                                         ;
; 17:1               ; 2 bits    ; 22 LEs        ; 20 LEs               ; 2 LEs                  ; Yes        ; |css_phy_tx_top_wrapper|css_phy_tx_top:u_css_phy_tx_top|form_ppdu:u_form_ppdu|q_fifo[42]                                                                                                                         ;
; 17:1               ; 2 bits    ; 22 LEs        ; 20 LEs               ; 2 LEs                  ; Yes        ; |css_phy_tx_top_wrapper|css_phy_tx_top:u_css_phy_tx_top|form_ppdu:u_form_ppdu|q_fifo[41]                                                                                                                         ;
; 17:1               ; 2 bits    ; 22 LEs        ; 20 LEs               ; 2 LEs                  ; Yes        ; |css_phy_tx_top_wrapper|css_phy_tx_top:u_css_phy_tx_top|form_ppdu:u_form_ppdu|q_fifo[39]                                                                                                                         ;
; 17:1               ; 2 bits    ; 22 LEs        ; 20 LEs               ; 2 LEs                  ; Yes        ; |css_phy_tx_top_wrapper|css_phy_tx_top:u_css_phy_tx_top|form_ppdu:u_form_ppdu|q_fifo[38]                                                                                                                         ;
; 17:1               ; 2 bits    ; 22 LEs        ; 20 LEs               ; 2 LEs                  ; Yes        ; |css_phy_tx_top_wrapper|css_phy_tx_top:u_css_phy_tx_top|form_ppdu:u_form_ppdu|q_fifo[37]                                                                                                                         ;
; 17:1               ; 2 bits    ; 22 LEs        ; 20 LEs               ; 2 LEs                  ; Yes        ; |css_phy_tx_top_wrapper|css_phy_tx_top:u_css_phy_tx_top|form_ppdu:u_form_ppdu|q_fifo[35]                                                                                                                         ;
; 17:1               ; 2 bits    ; 22 LEs        ; 20 LEs               ; 2 LEs                  ; Yes        ; |css_phy_tx_top_wrapper|css_phy_tx_top:u_css_phy_tx_top|form_ppdu:u_form_ppdu|q_fifo[34]                                                                                                                         ;
; 17:1               ; 2 bits    ; 22 LEs        ; 20 LEs               ; 2 LEs                  ; Yes        ; |css_phy_tx_top_wrapper|css_phy_tx_top:u_css_phy_tx_top|form_ppdu:u_form_ppdu|i_fifo[33]                                                                                                                         ;
; 17:1               ; 2 bits    ; 22 LEs        ; 20 LEs               ; 2 LEs                  ; Yes        ; |css_phy_tx_top_wrapper|css_phy_tx_top:u_css_phy_tx_top|form_ppdu:u_form_ppdu|i_fifo[31]                                                                                                                         ;
; 17:1               ; 2 bits    ; 22 LEs        ; 20 LEs               ; 2 LEs                  ; Yes        ; |css_phy_tx_top_wrapper|css_phy_tx_top:u_css_phy_tx_top|form_ppdu:u_form_ppdu|i_fifo[30]                                                                                                                         ;
; 17:1               ; 2 bits    ; 22 LEs        ; 20 LEs               ; 2 LEs                  ; Yes        ; |css_phy_tx_top_wrapper|css_phy_tx_top:u_css_phy_tx_top|form_ppdu:u_form_ppdu|q_fifo[29]                                                                                                                         ;
; 17:1               ; 2 bits    ; 22 LEs        ; 20 LEs               ; 2 LEs                  ; Yes        ; |css_phy_tx_top_wrapper|css_phy_tx_top:u_css_phy_tx_top|form_ppdu:u_form_ppdu|q_fifo[27]                                                                                                                         ;
; 17:1               ; 2 bits    ; 22 LEs        ; 20 LEs               ; 2 LEs                  ; Yes        ; |css_phy_tx_top_wrapper|css_phy_tx_top:u_css_phy_tx_top|form_ppdu:u_form_ppdu|q_fifo[26]                                                                                                                         ;
; 17:1               ; 2 bits    ; 22 LEs        ; 20 LEs               ; 2 LEs                  ; Yes        ; |css_phy_tx_top_wrapper|css_phy_tx_top:u_css_phy_tx_top|form_ppdu:u_form_ppdu|q_fifo[25]                                                                                                                         ;
; 17:1               ; 2 bits    ; 22 LEs        ; 20 LEs               ; 2 LEs                  ; Yes        ; |css_phy_tx_top_wrapper|css_phy_tx_top:u_css_phy_tx_top|form_ppdu:u_form_ppdu|i_fifo[23]                                                                                                                         ;
; 17:1               ; 2 bits    ; 22 LEs        ; 20 LEs               ; 2 LEs                  ; Yes        ; |css_phy_tx_top_wrapper|css_phy_tx_top:u_css_phy_tx_top|form_ppdu:u_form_ppdu|i_fifo[22]                                                                                                                         ;
; 17:1               ; 2 bits    ; 22 LEs        ; 20 LEs               ; 2 LEs                  ; Yes        ; |css_phy_tx_top_wrapper|css_phy_tx_top:u_css_phy_tx_top|form_ppdu:u_form_ppdu|i_fifo[21]                                                                                                                         ;
; 17:1               ; 2 bits    ; 22 LEs        ; 20 LEs               ; 2 LEs                  ; Yes        ; |css_phy_tx_top_wrapper|css_phy_tx_top:u_css_phy_tx_top|form_ppdu:u_form_ppdu|i_fifo[19]                                                                                                                         ;
; 17:1               ; 2 bits    ; 22 LEs        ; 20 LEs               ; 2 LEs                  ; Yes        ; |css_phy_tx_top_wrapper|css_phy_tx_top:u_css_phy_tx_top|form_ppdu:u_form_ppdu|i_fifo[18]                                                                                                                         ;
; 17:1               ; 2 bits    ; 22 LEs        ; 20 LEs               ; 2 LEs                  ; Yes        ; |css_phy_tx_top_wrapper|css_phy_tx_top:u_css_phy_tx_top|form_ppdu:u_form_ppdu|i_fifo[17]                                                                                                                         ;
; 17:1               ; 2 bits    ; 22 LEs        ; 20 LEs               ; 2 LEs                  ; Yes        ; |css_phy_tx_top_wrapper|css_phy_tx_top:u_css_phy_tx_top|form_ppdu:u_form_ppdu|i_fifo[15]                                                                                                                         ;
; 17:1               ; 2 bits    ; 22 LEs        ; 20 LEs               ; 2 LEs                  ; Yes        ; |css_phy_tx_top_wrapper|css_phy_tx_top:u_css_phy_tx_top|form_ppdu:u_form_ppdu|q_fifo[14]                                                                                                                         ;
; 17:1               ; 2 bits    ; 22 LEs        ; 20 LEs               ; 2 LEs                  ; Yes        ; |css_phy_tx_top_wrapper|css_phy_tx_top:u_css_phy_tx_top|form_ppdu:u_form_ppdu|i_fifo[13]                                                                                                                         ;
; 17:1               ; 2 bits    ; 22 LEs        ; 20 LEs               ; 2 LEs                  ; Yes        ; |css_phy_tx_top_wrapper|css_phy_tx_top:u_css_phy_tx_top|form_ppdu:u_form_ppdu|q_fifo[11]                                                                                                                         ;
; 17:1               ; 2 bits    ; 22 LEs        ; 20 LEs               ; 2 LEs                  ; Yes        ; |css_phy_tx_top_wrapper|css_phy_tx_top:u_css_phy_tx_top|form_ppdu:u_form_ppdu|i_fifo[10]                                                                                                                         ;
; 17:1               ; 2 bits    ; 22 LEs        ; 20 LEs               ; 2 LEs                  ; Yes        ; |css_phy_tx_top_wrapper|css_phy_tx_top:u_css_phy_tx_top|form_ppdu:u_form_ppdu|i_fifo[9]                                                                                                                          ;
; 17:1               ; 2 bits    ; 22 LEs        ; 20 LEs               ; 2 LEs                  ; Yes        ; |css_phy_tx_top_wrapper|css_phy_tx_top:u_css_phy_tx_top|form_ppdu:u_form_ppdu|q_fifo[7]                                                                                                                          ;
; 17:1               ; 2 bits    ; 22 LEs        ; 20 LEs               ; 2 LEs                  ; Yes        ; |css_phy_tx_top_wrapper|css_phy_tx_top:u_css_phy_tx_top|form_ppdu:u_form_ppdu|q_fifo[6]                                                                                                                          ;
; 17:1               ; 2 bits    ; 22 LEs        ; 20 LEs               ; 2 LEs                  ; Yes        ; |css_phy_tx_top_wrapper|css_phy_tx_top:u_css_phy_tx_top|form_ppdu:u_form_ppdu|i_fifo[5]                                                                                                                          ;
; 17:1               ; 2 bits    ; 22 LEs        ; 20 LEs               ; 2 LEs                  ; Yes        ; |css_phy_tx_top_wrapper|css_phy_tx_top:u_css_phy_tx_top|form_ppdu:u_form_ppdu|q_fifo[3]                                                                                                                          ;
; 17:1               ; 2 bits    ; 22 LEs        ; 20 LEs               ; 2 LEs                  ; Yes        ; |css_phy_tx_top_wrapper|css_phy_tx_top:u_css_phy_tx_top|form_ppdu:u_form_ppdu|i_fifo[2]                                                                                                                          ;
; 17:1               ; 2 bits    ; 22 LEs        ; 20 LEs               ; 2 LEs                  ; Yes        ; |css_phy_tx_top_wrapper|css_phy_tx_top:u_css_phy_tx_top|form_ppdu:u_form_ppdu|i_fifo[1]                                                                                                                          ;
; 3:1                ; 3 bits    ; 6 LEs         ; 3 LEs                ; 3 LEs                  ; Yes        ; |css_phy_tx_top_wrapper|css_phy_tx_top:u_css_phy_tx_top|symbol_mapper:u_symbol_mapper|q_mapped[2]                                                                                                                ;
; 3:1                ; 11 bits   ; 22 LEs        ; 0 LEs                ; 22 LEs                 ; Yes        ; |css_phy_tx_top_wrapper|css_phy_tx_top:u_css_phy_tx_top|dqpsk_wr_count[9]                                                                                                                                        ;
; 3:1                ; 3 bits    ; 6 LEs         ; 6 LEs                ; 0 LEs                  ; Yes        ; |css_phy_tx_top_wrapper|css_phy_tx_top:u_css_phy_tx_top|zero_padding:u_zero_padding|padding_total[5]                                                                                                             ;
; 4:1                ; 4 bits    ; 8 LEs         ; 4 LEs                ; 4 LEs                  ; Yes        ; |css_phy_tx_top_wrapper|css_phy_tx_top:u_css_phy_tx_top|symbol_mapper:u_symbol_mapper|q_mapped[31]                                                                                                               ;
; 3:1                ; 15 bits   ; 30 LEs        ; 0 LEs                ; 30 LEs                 ; Yes        ; |css_phy_tx_top_wrapper|altsource_probe:u_issp|altsource_probe_body:altsource_probe_body_inst|altsource_probe_impl:\wider_source_gen:wider_source_inst|shift_reg[13]                                             ;
; 3:1                ; 12 bits   ; 24 LEs        ; 0 LEs                ; 24 LEs                 ; Yes        ; |css_phy_tx_top_wrapper|css_phy_tx_top:u_css_phy_tx_top|form_ppdu:u_form_ppdu|rd_ptr[1]                                                                                                                          ;
; 3:1                ; 12 bits   ; 24 LEs        ; 0 LEs                ; 24 LEs                 ; Yes        ; |css_phy_tx_top_wrapper|css_phy_tx_top:u_css_phy_tx_top|form_ppdu:u_form_ppdu|total_out_cnt[8]                                                                                                                   ;
; 3:1                ; 64 bits   ; 128 LEs       ; 0 LEs                ; 128 LEs                ; Yes        ; |css_phy_tx_top_wrapper|css_phy_tx_top:u_css_phy_tx_top|bit_interleaver:u_interleaver|q_out[41]                                                                                                                  ;
; 3:1                ; 64 bits   ; 128 LEs       ; 0 LEs                ; 128 LEs                ; Yes        ; |css_phy_tx_top_wrapper|css_phy_tx_top:u_css_phy_tx_top|bit_interleaver:u_interleaver|i_out[21]                                                                                                                  ;
; 4:1                ; 3 bits    ; 6 LEs         ; 6 LEs                ; 0 LEs                  ; Yes        ; |css_phy_tx_top_wrapper|css_phy_tx_top:u_css_phy_tx_top|zero_padding:u_zero_padding|padding_total[0]                                                                                                             ;
; 4:1                ; 4 bits    ; 8 LEs         ; 8 LEs                ; 0 LEs                  ; Yes        ; |css_phy_tx_top_wrapper|altsource_probe:u_issp|altsource_probe_body:altsource_probe_body_inst|altsource_probe_impl:\wider_source_gen:wider_source_inst|sld_rom_sr:\instance_id_gen:rom_info_inst|word_counter[2] ;
; 4:1                ; 2 bits    ; 4 LEs         ; 4 LEs                ; 0 LEs                  ; Yes        ; |css_phy_tx_top_wrapper|css_phy_tx_top:u_css_phy_tx_top|csk_sequencer:u_csk_sequencer|csk_sample_valid                                                                                                           ;
; 5:1                ; 11 bits   ; 33 LEs        ; 0 LEs                ; 33 LEs                 ; Yes        ; |css_phy_tx_top_wrapper|css_phy_tx_top:u_css_phy_tx_top|csk_sequencer:u_csk_sequencer|group_count[3]                                                                                                             ;
; 5:1                ; 16 bits   ; 48 LEs        ; 0 LEs                ; 48 LEs                 ; Yes        ; |css_phy_tx_top_wrapper|css_phy_tx_top:u_css_phy_tx_top|zero_padding:u_zero_padding|data_bit_count[4]                                                                                                            ;
; 5:1                ; 11 bits   ; 33 LEs        ; 0 LEs                ; 33 LEs                 ; Yes        ; |css_phy_tx_top_wrapper|css_phy_tx_top:u_css_phy_tx_top|controller:u_controller|serial_idx[7]                                                                                                                    ;
; 5:1                ; 4 bits    ; 12 LEs        ; 4 LEs                ; 8 LEs                  ; Yes        ; |css_phy_tx_top_wrapper|css_phy_tx_top:u_css_phy_tx_top|csk_sequencer:u_csk_sequencer|gap_counter[1]                                                                                                             ;
; 5:1                ; 3 bits    ; 9 LEs         ; 3 LEs                ; 6 LEs                  ; Yes        ; |css_phy_tx_top_wrapper|css_phy_tx_top:u_css_phy_tx_top|csk_sequencer:u_csk_sequencer|gap_counter[2]                                                                                                             ;
; 6:1                ; 6 bits    ; 24 LEs        ; 12 LEs               ; 12 LEs                 ; Yes        ; |css_phy_tx_top_wrapper|css_phy_tx_top:u_css_phy_tx_top|csk_sequencer:u_csk_sequencer|sample_index[0]                                                                                                            ;
; 6:1                ; 6 bits    ; 24 LEs        ; 12 LEs               ; 12 LEs                 ; Yes        ; |css_phy_tx_top_wrapper|css_phy_tx_top:u_css_phy_tx_top|zero_padding:u_zero_padding|padding_count[1]                                                                                                             ;
; 17:1               ; 4 bits    ; 44 LEs        ; 36 LEs               ; 8 LEs                  ; Yes        ; |css_phy_tx_top_wrapper|altsource_probe:u_issp|altsource_probe_body:altsource_probe_body_inst|altsource_probe_impl:\wider_source_gen:wider_source_inst|sld_rom_sr:\instance_id_gen:rom_info_inst|WORD_SR[0]      ;
; 7:1                ; 2 bits    ; 8 LEs         ; 4 LEs                ; 4 LEs                  ; Yes        ; |css_phy_tx_top_wrapper|css_phy_tx_top:u_css_phy_tx_top|csk_sequencer:u_csk_sequencer|k_index[1]                                                                                                                 ;
; 2053:1             ; 2 bits    ; 2736 LEs      ; 2736 LEs             ; 0 LEs                  ; Yes        ; |css_phy_tx_top_wrapper|css_phy_tx_top:u_css_phy_tx_top|form_ppdu:u_form_ppdu|q_out                                                                                                                              ;
; 3:1                ; 4 bits    ; 8 LEs         ; 8 LEs                ; 0 LEs                  ; No         ; |css_phy_tx_top_wrapper|css_phy_tx_top:u_css_phy_tx_top|comb                                                                                                                                                     ;
; 4:1                ; 3 bits    ; 6 LEs         ; 6 LEs                ; 0 LEs                  ; No         ; |css_phy_tx_top_wrapper|css_phy_tx_top:u_css_phy_tx_top|comb                                                                                                                                                     ;
; 6:1                ; 2 bits    ; 8 LEs         ; 4 LEs                ; 4 LEs                  ; No         ; |css_phy_tx_top_wrapper|css_phy_tx_top:u_css_phy_tx_top|csk_sequencer:u_csk_sequencer|Selector4                                                                                                                  ;
; 6:1                ; 3 bits    ; 12 LEs        ; 6 LEs                ; 6 LEs                  ; No         ; |css_phy_tx_top_wrapper|css_phy_tx_top:u_css_phy_tx_top|zero_padding:u_zero_padding|Selector2                                                                                                                    ;
+--------------------+-----------+---------------+----------------------+------------------------+------------+------------------------------------------------------------------------------------------------------------------------------------------------------------------------------------------------------------------+


+-------------------------------------------------------------------------------------------------------------------------------------------------------+
; Source assignments for altsource_probe:u_issp|altsource_probe_body:altsource_probe_body_inst|altsource_probe_impl:\wider_source_gen:wider_source_inst ;
+---------------------------------+-------+------+------------------------------------------------------------------------------------------------------+
; Assignment                      ; Value ; From ; To                                                                                                   ;
+---------------------------------+-------+------+------------------------------------------------------------------------------------------------------+
; NOT_GATE_PUSH_BACK              ; OFF   ; -    ; -                                                                                                    ;
; POWER_UP_LEVEL                  ; LOW   ; -    ; -                                                                                                    ;
; AUTO_SHIFT_REGISTER_RECOGNITION ; OFF   ; -    ; -                                                                                                    ;
; AUTO_CLOCK_ENABLE_RECOGNITION   ; OFF   ; -    ; hold_reg[0]                                                                                          ;
; AUTO_CLOCK_ENABLE_RECOGNITION   ; OFF   ; -    ; hold_reg[15]                                                                                         ;
; AUTO_CLOCK_ENABLE_RECOGNITION   ; OFF   ; -    ; hold_reg[14]                                                                                         ;
; AUTO_CLOCK_ENABLE_RECOGNITION   ; OFF   ; -    ; hold_reg[13]                                                                                         ;
; AUTO_CLOCK_ENABLE_RECOGNITION   ; OFF   ; -    ; hold_reg[12]                                                                                         ;
; AUTO_CLOCK_ENABLE_RECOGNITION   ; OFF   ; -    ; hold_reg[11]                                                                                         ;
; AUTO_CLOCK_ENABLE_RECOGNITION   ; OFF   ; -    ; hold_reg[10]                                                                                         ;
; AUTO_CLOCK_ENABLE_RECOGNITION   ; OFF   ; -    ; hold_reg[9]                                                                                          ;
; AUTO_CLOCK_ENABLE_RECOGNITION   ; OFF   ; -    ; hold_reg[8]                                                                                          ;
; AUTO_CLOCK_ENABLE_RECOGNITION   ; OFF   ; -    ; hold_reg[7]                                                                                          ;
; AUTO_CLOCK_ENABLE_RECOGNITION   ; OFF   ; -    ; hold_reg[6]                                                                                          ;
; AUTO_CLOCK_ENABLE_RECOGNITION   ; OFF   ; -    ; hold_reg[5]                                                                                          ;
; AUTO_CLOCK_ENABLE_RECOGNITION   ; OFF   ; -    ; hold_reg[4]                                                                                          ;
; AUTO_CLOCK_ENABLE_RECOGNITION   ; OFF   ; -    ; hold_reg[3]                                                                                          ;
; AUTO_CLOCK_ENABLE_RECOGNITION   ; OFF   ; -    ; hold_reg[2]                                                                                          ;
; AUTO_CLOCK_ENABLE_RECOGNITION   ; OFF   ; -    ; hold_reg[1]                                                                                          ;
+---------------------------------+-------+------+------------------------------------------------------------------------------------------------------+


+-----------------------------------------------------------------------------------------------------------------------+
; Source assignments for css_phy_tx_top:u_css_phy_tx_top|altsyncram:dqpsk_mem_real_rtl_0|altsyncram_qoi1:auto_generated ;
+---------------------------------+--------------------+------+---------------------------------------------------------+
; Assignment                      ; Value              ; From ; To                                                      ;
+---------------------------------+--------------------+------+---------------------------------------------------------+
; OPTIMIZE_POWER_DURING_SYNTHESIS ; NORMAL_COMPILATION ; -    ; -                                                       ;
+---------------------------------+--------------------+------+---------------------------------------------------------+


+-----------------------------------------------------------------------------------------------------------------------+
; Source assignments for css_phy_tx_top:u_css_phy_tx_top|altsyncram:dqpsk_mem_imag_rtl_0|altsyncram_qoi1:auto_generated ;
+---------------------------------+--------------------+------+---------------------------------------------------------+
; Assignment                      ; Value              ; From ; To                                                      ;
+---------------------------------+--------------------+------+---------------------------------------------------------+
; OPTIMIZE_POWER_DURING_SYNTHESIS ; NORMAL_COMPILATION ; -    ; -                                                       ;
+---------------------------------+--------------------+------+---------------------------------------------------------+


+-----------------------------------------------------------------------------------------------------------------------------------------+
; Source assignments for css_phy_tx_top:u_css_phy_tx_top|csk_waveform_rom:u_csk_rom|altsyncram:rom_i_rtl_0|altsyncram_tif1:auto_generated ;
+---------------------------------+--------------------+------+---------------------------------------------------------------------------+
; Assignment                      ; Value              ; From ; To                                                                        ;
+---------------------------------+--------------------+------+---------------------------------------------------------------------------+
; OPTIMIZE_POWER_DURING_SYNTHESIS ; NORMAL_COMPILATION ; -    ; -                                                                         ;
+---------------------------------+--------------------+------+---------------------------------------------------------------------------+


+-----------------------------------------------------------------------------------------------------------------------------------------+
; Source assignments for css_phy_tx_top:u_css_phy_tx_top|csk_waveform_rom:u_csk_rom|altsyncram:rom_q_rtl_0|altsyncram_uif1:auto_generated ;
+---------------------------------+--------------------+------+---------------------------------------------------------------------------+
; Assignment                      ; Value              ; From ; To                                                                        ;
+---------------------------------+--------------------+------+---------------------------------------------------------------------------+
; OPTIMIZE_POWER_DURING_SYNTHESIS ; NORMAL_COMPILATION ; -    ; -                                                                         ;
+---------------------------------+--------------------+------+---------------------------------------------------------------------------+


+---------------------------------------------------------------------+
; Parameter Settings for User Entity Instance: altsource_probe:u_issp ;
+-------------------------+-----------------+-------------------------+
; Parameter Name          ; Value           ; Type                    ;
+-------------------------+-----------------+-------------------------+
; lpm_type                ; altsource_probe ; String                  ;
; lpm_hint                ; UNUSED          ; String                  ;
; sld_auto_instance_index ; YES             ; String                  ;
; sld_instance_index      ; 0               ; Signed Integer          ;
; SLD_NODE_INFO           ; 4746752         ; Signed Integer          ;
; sld_ir_width            ; 4               ; Signed Integer          ;
; instance_id             ; DATA            ; String                  ;
; probe_width             ; 0               ; Signed Integer          ;
; source_width            ; 16              ; Signed Integer          ;
; source_initial_value    ; 0               ; String                  ;
; enable_metastability    ; NO              ; String                  ;
+-------------------------+-----------------+-------------------------+
Note: In order to hide this table in the UI and the text report file, please set the "Show Parameter Settings in Synthesis Report" option in "Analysis and Synthesis Settings -> More Settings" to "Off".


+------------------------------------------------------------------------------+
; Parameter Settings for User Entity Instance: css_phy_tx_top:u_css_phy_tx_top ;
+----------------+-------+-----------------------------------------------------+
; Parameter Name ; Value ; Type                                                ;
+----------------+-------+-----------------------------------------------------+
; CSK_M          ; 001   ; Unsigned Binary                                     ;
+----------------+-------+-----------------------------------------------------+
Note: In order to hide this table in the UI and the text report file, please set the "Show Parameter Settings in Synthesis Report" option in "Analysis and Synthesis Settings -> More Settings" to "Off".


+------------------------------------------------------------------------------------------------------------------+
; Parameter Settings for Inferred Entity Instance: css_phy_tx_top:u_css_phy_tx_top|altsyncram:dqpsk_mem_real_rtl_0 ;
+------------------------------------+----------------------+------------------------------------------------------+
; Parameter Name                     ; Value                ; Type                                                 ;
+------------------------------------+----------------------+------------------------------------------------------+
; BYTE_SIZE_BLOCK                    ; 8                    ; Untyped                                              ;
; AUTO_CARRY_CHAINS                  ; ON                   ; AUTO_CARRY                                           ;
; IGNORE_CARRY_BUFFERS               ; OFF                  ; IGNORE_CARRY                                         ;
; AUTO_CASCADE_CHAINS                ; ON                   ; AUTO_CASCADE                                         ;
; IGNORE_CASCADE_BUFFERS             ; OFF                  ; IGNORE_CASCADE                                       ;
; WIDTH_BYTEENA                      ; 1                    ; Untyped                                              ;
; OPERATION_MODE                     ; DUAL_PORT            ; Untyped                                              ;
; WIDTH_A                            ; 1                    ; Untyped                                              ;
; WIDTHAD_A                          ; 10                   ; Untyped                                              ;
; NUMWORDS_A                         ; 1024                 ; Untyped                                              ;
; OUTDATA_REG_A                      ; UNREGISTERED         ; Untyped                                              ;
; ADDRESS_ACLR_A                     ; NONE                 ; Untyped                                              ;
; OUTDATA_ACLR_A                     ; NONE                 ; Untyped                                              ;
; WRCONTROL_ACLR_A                   ; NONE                 ; Untyped                                              ;
; INDATA_ACLR_A                      ; NONE                 ; Untyped                                              ;
; BYTEENA_ACLR_A                     ; NONE                 ; Untyped                                              ;
; WIDTH_B                            ; 1                    ; Untyped                                              ;
; WIDTHAD_B                          ; 10                   ; Untyped                                              ;
; NUMWORDS_B                         ; 1024                 ; Untyped                                              ;
; INDATA_REG_B                       ; CLOCK1               ; Untyped                                              ;
; WRCONTROL_WRADDRESS_REG_B          ; CLOCK1               ; Untyped                                              ;
; RDCONTROL_REG_B                    ; CLOCK1               ; Untyped                                              ;
; ADDRESS_REG_B                      ; CLOCK0               ; Untyped                                              ;
; OUTDATA_REG_B                      ; UNREGISTERED         ; Untyped                                              ;
; BYTEENA_REG_B                      ; CLOCK1               ; Untyped                                              ;
; INDATA_ACLR_B                      ; NONE                 ; Untyped                                              ;
; WRCONTROL_ACLR_B                   ; NONE                 ; Untyped                                              ;
; ADDRESS_ACLR_B                     ; NONE                 ; Untyped                                              ;
; OUTDATA_ACLR_B                     ; NONE                 ; Untyped                                              ;
; RDCONTROL_ACLR_B                   ; NONE                 ; Untyped                                              ;
; BYTEENA_ACLR_B                     ; NONE                 ; Untyped                                              ;
; WIDTH_BYTEENA_A                    ; 1                    ; Untyped                                              ;
; WIDTH_BYTEENA_B                    ; 1                    ; Untyped                                              ;
; RAM_BLOCK_TYPE                     ; AUTO                 ; Untyped                                              ;
; BYTE_SIZE                          ; 8                    ; Untyped                                              ;
; READ_DURING_WRITE_MODE_MIXED_PORTS ; DONT_CARE            ; Untyped                                              ;
; READ_DURING_WRITE_MODE_PORT_A      ; NEW_DATA_NO_NBE_READ ; Untyped                                              ;
; READ_DURING_WRITE_MODE_PORT_B      ; NEW_DATA_NO_NBE_READ ; Untyped                                              ;
; INIT_FILE                          ; UNUSED               ; Untyped                                              ;
; INIT_FILE_LAYOUT                   ; PORT_A               ; Untyped                                              ;
; MAXIMUM_DEPTH                      ; 0                    ; Untyped                                              ;
; CLOCK_ENABLE_INPUT_A               ; NORMAL               ; Untyped                                              ;
; CLOCK_ENABLE_INPUT_B               ; NORMAL               ; Untyped                                              ;
; CLOCK_ENABLE_OUTPUT_A              ; NORMAL               ; Untyped                                              ;
; CLOCK_ENABLE_OUTPUT_B              ; NORMAL               ; Untyped                                              ;
; CLOCK_ENABLE_CORE_A                ; USE_INPUT_CLKEN      ; Untyped                                              ;
; CLOCK_ENABLE_CORE_B                ; USE_INPUT_CLKEN      ; Untyped                                              ;
; ENABLE_ECC                         ; FALSE                ; Untyped                                              ;
; ECC_PIPELINE_STAGE_ENABLED         ; FALSE                ; Untyped                                              ;
; WIDTH_ECCSTATUS                    ; 3                    ; Untyped                                              ;
; DEVICE_FAMILY                      ; Cyclone V            ; Untyped                                              ;
; CBXI_PARAMETER                     ; altsyncram_qoi1      ; Untyped                                              ;
+------------------------------------+----------------------+------------------------------------------------------+
Note: In order to hide this table in the UI and the text report file, please set the "Show Parameter Settings in Synthesis Report" option in "Analysis and Synthesis Settings -> More Settings" to "Off".


+------------------------------------------------------------------------------------------------------------------+
; Parameter Settings for Inferred Entity Instance: css_phy_tx_top:u_css_phy_tx_top|altsyncram:dqpsk_mem_imag_rtl_0 ;
+------------------------------------+----------------------+------------------------------------------------------+
; Parameter Name                     ; Value                ; Type                                                 ;
+------------------------------------+----------------------+------------------------------------------------------+
; BYTE_SIZE_BLOCK                    ; 8                    ; Untyped                                              ;
; AUTO_CARRY_CHAINS                  ; ON                   ; AUTO_CARRY                                           ;
; IGNORE_CARRY_BUFFERS               ; OFF                  ; IGNORE_CARRY                                         ;
; AUTO_CASCADE_CHAINS                ; ON                   ; AUTO_CASCADE                                         ;
; IGNORE_CASCADE_BUFFERS             ; OFF                  ; IGNORE_CASCADE                                       ;
; WIDTH_BYTEENA                      ; 1                    ; Untyped                                              ;
; OPERATION_MODE                     ; DUAL_PORT            ; Untyped                                              ;
; WIDTH_A                            ; 1                    ; Untyped                                              ;
; WIDTHAD_A                          ; 10                   ; Untyped                                              ;
; NUMWORDS_A                         ; 1024                 ; Untyped                                              ;
; OUTDATA_REG_A                      ; UNREGISTERED         ; Untyped                                              ;
; ADDRESS_ACLR_A                     ; NONE                 ; Untyped                                              ;
; OUTDATA_ACLR_A                     ; NONE                 ; Untyped                                              ;
; WRCONTROL_ACLR_A                   ; NONE                 ; Untyped                                              ;
; INDATA_ACLR_A                      ; NONE                 ; Untyped                                              ;
; BYTEENA_ACLR_A                     ; NONE                 ; Untyped                                              ;
; WIDTH_B                            ; 1                    ; Untyped                                              ;
; WIDTHAD_B                          ; 10                   ; Untyped                                              ;
; NUMWORDS_B                         ; 1024                 ; Untyped                                              ;
; INDATA_REG_B                       ; CLOCK1               ; Untyped                                              ;
; WRCONTROL_WRADDRESS_REG_B          ; CLOCK1               ; Untyped                                              ;
; RDCONTROL_REG_B                    ; CLOCK1               ; Untyped                                              ;
; ADDRESS_REG_B                      ; CLOCK0               ; Untyped                                              ;
; OUTDATA_REG_B                      ; UNREGISTERED         ; Untyped                                              ;
; BYTEENA_REG_B                      ; CLOCK1               ; Untyped                                              ;
; INDATA_ACLR_B                      ; NONE                 ; Untyped                                              ;
; WRCONTROL_ACLR_B                   ; NONE                 ; Untyped                                              ;
; ADDRESS_ACLR_B                     ; NONE                 ; Untyped                                              ;
; OUTDATA_ACLR_B                     ; NONE                 ; Untyped                                              ;
; RDCONTROL_ACLR_B                   ; NONE                 ; Untyped                                              ;
; BYTEENA_ACLR_B                     ; NONE                 ; Untyped                                              ;
; WIDTH_BYTEENA_A                    ; 1                    ; Untyped                                              ;
; WIDTH_BYTEENA_B                    ; 1                    ; Untyped                                              ;
; RAM_BLOCK_TYPE                     ; AUTO                 ; Untyped                                              ;
; BYTE_SIZE                          ; 8                    ; Untyped                                              ;
; READ_DURING_WRITE_MODE_MIXED_PORTS ; DONT_CARE            ; Untyped                                              ;
; READ_DURING_WRITE_MODE_PORT_A      ; NEW_DATA_NO_NBE_READ ; Untyped                                              ;
; READ_DURING_WRITE_MODE_PORT_B      ; NEW_DATA_NO_NBE_READ ; Untyped                                              ;
; INIT_FILE                          ; UNUSED               ; Untyped                                              ;
; INIT_FILE_LAYOUT                   ; PORT_A               ; Untyped                                              ;
; MAXIMUM_DEPTH                      ; 0                    ; Untyped                                              ;
; CLOCK_ENABLE_INPUT_A               ; NORMAL               ; Untyped                                              ;
; CLOCK_ENABLE_INPUT_B               ; NORMAL               ; Untyped                                              ;
; CLOCK_ENABLE_OUTPUT_A              ; NORMAL               ; Untyped                                              ;
; CLOCK_ENABLE_OUTPUT_B              ; NORMAL               ; Untyped                                              ;
; CLOCK_ENABLE_CORE_A                ; USE_INPUT_CLKEN      ; Untyped                                              ;
; CLOCK_ENABLE_CORE_B                ; USE_INPUT_CLKEN      ; Untyped                                              ;
; ENABLE_ECC                         ; FALSE                ; Untyped                                              ;
; ECC_PIPELINE_STAGE_ENABLED         ; FALSE                ; Untyped                                              ;
; WIDTH_ECCSTATUS                    ; 3                    ; Untyped                                              ;
; DEVICE_FAMILY                      ; Cyclone V            ; Untyped                                              ;
; CBXI_PARAMETER                     ; altsyncram_qoi1      ; Untyped                                              ;
+------------------------------------+----------------------+------------------------------------------------------+
Note: In order to hide this table in the UI and the text report file, please set the "Show Parameter Settings in Synthesis Report" option in "Analysis and Synthesis Settings -> More Settings" to "Off".


+------------------------------------------------------------------------------------------------------------------------------------+
; Parameter Settings for Inferred Entity Instance: css_phy_tx_top:u_css_phy_tx_top|csk_waveform_rom:u_csk_rom|altsyncram:rom_i_rtl_0 ;
+------------------------------------+-----------------------------------------------------------------+-----------------------------+
; Parameter Name                     ; Value                                                           ; Type                        ;
+------------------------------------+-----------------------------------------------------------------+-----------------------------+
; BYTE_SIZE_BLOCK                    ; 8                                                               ; Untyped                     ;
; AUTO_CARRY_CHAINS                  ; ON                                                              ; AUTO_CARRY                  ;
; IGNORE_CARRY_BUFFERS               ; OFF                                                             ; IGNORE_CARRY                ;
; AUTO_CASCADE_CHAINS                ; ON                                                              ; AUTO_CASCADE                ;
; IGNORE_CASCADE_BUFFERS             ; OFF                                                             ; IGNORE_CASCADE              ;
; WIDTH_BYTEENA                      ; 1                                                               ; Untyped                     ;
; OPERATION_MODE                     ; ROM                                                             ; Untyped                     ;
; WIDTH_A                            ; 6                                                               ; Untyped                     ;
; WIDTHAD_A                          ; 8                                                               ; Untyped                     ;
; NUMWORDS_A                         ; 152                                                             ; Untyped                     ;
; OUTDATA_REG_A                      ; UNREGISTERED                                                    ; Untyped                     ;
; ADDRESS_ACLR_A                     ; NONE                                                            ; Untyped                     ;
; OUTDATA_ACLR_A                     ; NONE                                                            ; Untyped                     ;
; WRCONTROL_ACLR_A                   ; NONE                                                            ; Untyped                     ;
; INDATA_ACLR_A                      ; NONE                                                            ; Untyped                     ;
; BYTEENA_ACLR_A                     ; NONE                                                            ; Untyped                     ;
; WIDTH_B                            ; 1                                                               ; Untyped                     ;
; WIDTHAD_B                          ; 1                                                               ; Untyped                     ;
; NUMWORDS_B                         ; 1                                                               ; Untyped                     ;
; INDATA_REG_B                       ; CLOCK1                                                          ; Untyped                     ;
; WRCONTROL_WRADDRESS_REG_B          ; CLOCK1                                                          ; Untyped                     ;
; RDCONTROL_REG_B                    ; CLOCK1                                                          ; Untyped                     ;
; ADDRESS_REG_B                      ; CLOCK1                                                          ; Untyped                     ;
; OUTDATA_REG_B                      ; UNREGISTERED                                                    ; Untyped                     ;
; BYTEENA_REG_B                      ; CLOCK1                                                          ; Untyped                     ;
; INDATA_ACLR_B                      ; NONE                                                            ; Untyped                     ;
; WRCONTROL_ACLR_B                   ; NONE                                                            ; Untyped                     ;
; ADDRESS_ACLR_B                     ; NONE                                                            ; Untyped                     ;
; OUTDATA_ACLR_B                     ; NONE                                                            ; Untyped                     ;
; RDCONTROL_ACLR_B                   ; NONE                                                            ; Untyped                     ;
; BYTEENA_ACLR_B                     ; NONE                                                            ; Untyped                     ;
; WIDTH_BYTEENA_A                    ; 1                                                               ; Untyped                     ;
; WIDTH_BYTEENA_B                    ; 1                                                               ; Untyped                     ;
; RAM_BLOCK_TYPE                     ; AUTO                                                            ; Untyped                     ;
; BYTE_SIZE                          ; 8                                                               ; Untyped                     ;
; READ_DURING_WRITE_MODE_MIXED_PORTS ; DONT_CARE                                                       ; Untyped                     ;
; READ_DURING_WRITE_MODE_PORT_A      ; NEW_DATA_NO_NBE_READ                                            ; Untyped                     ;
; READ_DURING_WRITE_MODE_PORT_B      ; NEW_DATA_NO_NBE_READ                                            ; Untyped                     ;
; INIT_FILE                          ; db/css_phy_tx_top_wrapper.ram0_csk_waveform_rom_1d24a08.hdl.mif ; Untyped                     ;
; INIT_FILE_LAYOUT                   ; PORT_A                                                          ; Untyped                     ;
; MAXIMUM_DEPTH                      ; 0                                                               ; Untyped                     ;
; CLOCK_ENABLE_INPUT_A               ; NORMAL                                                          ; Untyped                     ;
; CLOCK_ENABLE_INPUT_B               ; NORMAL                                                          ; Untyped                     ;
; CLOCK_ENABLE_OUTPUT_A              ; NORMAL                                                          ; Untyped                     ;
; CLOCK_ENABLE_OUTPUT_B              ; NORMAL                                                          ; Untyped                     ;
; CLOCK_ENABLE_CORE_A                ; USE_INPUT_CLKEN                                                 ; Untyped                     ;
; CLOCK_ENABLE_CORE_B                ; USE_INPUT_CLKEN                                                 ; Untyped                     ;
; ENABLE_ECC                         ; FALSE                                                           ; Untyped                     ;
; ECC_PIPELINE_STAGE_ENABLED         ; FALSE                                                           ; Untyped                     ;
; WIDTH_ECCSTATUS                    ; 3                                                               ; Untyped                     ;
; DEVICE_FAMILY                      ; Cyclone V                                                       ; Untyped                     ;
; CBXI_PARAMETER                     ; altsyncram_tif1                                                 ; Untyped                     ;
+------------------------------------+-----------------------------------------------------------------+-----------------------------+
Note: In order to hide this table in the UI and the text report file, please set the "Show Parameter Settings in Synthesis Report" option in "Analysis and Synthesis Settings -> More Settings" to "Off".


+------------------------------------------------------------------------------------------------------------------------------------+
; Parameter Settings for Inferred Entity Instance: css_phy_tx_top:u_css_phy_tx_top|csk_waveform_rom:u_csk_rom|altsyncram:rom_q_rtl_0 ;
+------------------------------------+-----------------------------------------------------------------+-----------------------------+
; Parameter Name                     ; Value                                                           ; Type                        ;
+------------------------------------+-----------------------------------------------------------------+-----------------------------+
; BYTE_SIZE_BLOCK                    ; 8                                                               ; Untyped                     ;
; AUTO_CARRY_CHAINS                  ; ON                                                              ; AUTO_CARRY                  ;
; IGNORE_CARRY_BUFFERS               ; OFF                                                             ; IGNORE_CARRY                ;
; AUTO_CASCADE_CHAINS                ; ON                                                              ; AUTO_CASCADE                ;
; IGNORE_CASCADE_BUFFERS             ; OFF                                                             ; IGNORE_CASCADE              ;
; WIDTH_BYTEENA                      ; 1                                                               ; Untyped                     ;
; OPERATION_MODE                     ; ROM                                                             ; Untyped                     ;
; WIDTH_A                            ; 6                                                               ; Untyped                     ;
; WIDTHAD_A                          ; 8                                                               ; Untyped                     ;
; NUMWORDS_A                         ; 152                                                             ; Untyped                     ;
; OUTDATA_REG_A                      ; UNREGISTERED                                                    ; Untyped                     ;
; ADDRESS_ACLR_A                     ; NONE                                                            ; Untyped                     ;
; OUTDATA_ACLR_A                     ; NONE                                                            ; Untyped                     ;
; WRCONTROL_ACLR_A                   ; NONE                                                            ; Untyped                     ;
; INDATA_ACLR_A                      ; NONE                                                            ; Untyped                     ;
; BYTEENA_ACLR_A                     ; NONE                                                            ; Untyped                     ;
; WIDTH_B                            ; 1                                                               ; Untyped                     ;
; WIDTHAD_B                          ; 1                                                               ; Untyped                     ;
; NUMWORDS_B                         ; 1                                                               ; Untyped                     ;
; INDATA_REG_B                       ; CLOCK1                                                          ; Untyped                     ;
; WRCONTROL_WRADDRESS_REG_B          ; CLOCK1                                                          ; Untyped                     ;
; RDCONTROL_REG_B                    ; CLOCK1                                                          ; Untyped                     ;
; ADDRESS_REG_B                      ; CLOCK1                                                          ; Untyped                     ;
; OUTDATA_REG_B                      ; UNREGISTERED                                                    ; Untyped                     ;
; BYTEENA_REG_B                      ; CLOCK1                                                          ; Untyped                     ;
; INDATA_ACLR_B                      ; NONE                                                            ; Untyped                     ;
; WRCONTROL_ACLR_B                   ; NONE                                                            ; Untyped                     ;
; ADDRESS_ACLR_B                     ; NONE                                                            ; Untyped                     ;
; OUTDATA_ACLR_B                     ; NONE                                                            ; Untyped                     ;
; RDCONTROL_ACLR_B                   ; NONE                                                            ; Untyped                     ;
; BYTEENA_ACLR_B                     ; NONE                                                            ; Untyped                     ;
; WIDTH_BYTEENA_A                    ; 1                                                               ; Untyped                     ;
; WIDTH_BYTEENA_B                    ; 1                                                               ; Untyped                     ;
; RAM_BLOCK_TYPE                     ; AUTO                                                            ; Untyped                     ;
; BYTE_SIZE                          ; 8                                                               ; Untyped                     ;
; READ_DURING_WRITE_MODE_MIXED_PORTS ; DONT_CARE                                                       ; Untyped                     ;
; READ_DURING_WRITE_MODE_PORT_A      ; NEW_DATA_NO_NBE_READ                                            ; Untyped                     ;
; READ_DURING_WRITE_MODE_PORT_B      ; NEW_DATA_NO_NBE_READ                                            ; Untyped                     ;
; INIT_FILE                          ; db/css_phy_tx_top_wrapper.ram1_csk_waveform_rom_1d24a08.hdl.mif ; Untyped                     ;
; INIT_FILE_LAYOUT                   ; PORT_A                                                          ; Untyped                     ;
; MAXIMUM_DEPTH                      ; 0                                                               ; Untyped                     ;
; CLOCK_ENABLE_INPUT_A               ; NORMAL                                                          ; Untyped                     ;
; CLOCK_ENABLE_INPUT_B               ; NORMAL                                                          ; Untyped                     ;
; CLOCK_ENABLE_OUTPUT_A              ; NORMAL                                                          ; Untyped                     ;
; CLOCK_ENABLE_OUTPUT_B              ; NORMAL                                                          ; Untyped                     ;
; CLOCK_ENABLE_CORE_A                ; USE_INPUT_CLKEN                                                 ; Untyped                     ;
; CLOCK_ENABLE_CORE_B                ; USE_INPUT_CLKEN                                                 ; Untyped                     ;
; ENABLE_ECC                         ; FALSE                                                           ; Untyped                     ;
; ECC_PIPELINE_STAGE_ENABLED         ; FALSE                                                           ; Untyped                     ;
; WIDTH_ECCSTATUS                    ; 3                                                               ; Untyped                     ;
; DEVICE_FAMILY                      ; Cyclone V                                                       ; Untyped                     ;
; CBXI_PARAMETER                     ; altsyncram_uif1                                                 ; Untyped                     ;
+------------------------------------+-----------------------------------------------------------------+-----------------------------+
Note: In order to hide this table in the UI and the text report file, please set the "Show Parameter Settings in Synthesis Report" option in "Analysis and Synthesis Settings -> More Settings" to "Off".


+--------------------------------------------------------------------------------------------------+
; Parameter Settings for Inferred Entity Instance: css_phy_tx_top:u_css_phy_tx_top|lpm_divide:Mod0 ;
+------------------------+----------------+--------------------------------------------------------+
; Parameter Name         ; Value          ; Type                                                   ;
+------------------------+----------------+--------------------------------------------------------+
; LPM_WIDTHN             ; 11             ; Untyped                                                ;
; LPM_WIDTHD             ; 3              ; Untyped                                                ;
; LPM_NREPRESENTATION    ; UNSIGNED       ; Untyped                                                ;
; LPM_DREPRESENTATION    ; UNSIGNED       ; Untyped                                                ;
; LPM_PIPELINE           ; 0              ; Untyped                                                ;
; LPM_REMAINDERPOSITIVE  ; TRUE           ; Untyped                                                ;
; MAXIMIZE_SPEED         ; 5              ; Untyped                                                ;
; CBXI_PARAMETER         ; lpm_divide_h3m ; Untyped                                                ;
; CARRY_CHAIN            ; MANUAL         ; Untyped                                                ;
; OPTIMIZE_FOR_SPEED     ; 5              ; Untyped                                                ;
; AUTO_CARRY_CHAINS      ; ON             ; AUTO_CARRY                                             ;
; IGNORE_CARRY_BUFFERS   ; OFF            ; IGNORE_CARRY                                           ;
; AUTO_CASCADE_CHAINS    ; ON             ; AUTO_CASCADE                                           ;
; IGNORE_CASCADE_BUFFERS ; OFF            ; IGNORE_CASCADE                                         ;
+------------------------+----------------+--------------------------------------------------------+
Note: In order to hide this table in the UI and the text report file, please set the "Show Parameter Settings in Synthesis Report" option in "Analysis and Synthesis Settings -> More Settings" to "Off".


+--------------------------------------------------------------------------------------------------+
; Parameter Settings for Inferred Entity Instance: css_phy_tx_top:u_css_phy_tx_top|lpm_divide:Mod1 ;
+------------------------+----------------+--------------------------------------------------------+
; Parameter Name         ; Value          ; Type                                                   ;
+------------------------+----------------+--------------------------------------------------------+
; LPM_WIDTHN             ; 11             ; Untyped                                                ;
; LPM_WIDTHD             ; 5              ; Untyped                                                ;
; LPM_NREPRESENTATION    ; UNSIGNED       ; Untyped                                                ;
; LPM_DREPRESENTATION    ; UNSIGNED       ; Untyped                                                ;
; LPM_PIPELINE           ; 0              ; Untyped                                                ;
; LPM_REMAINDERPOSITIVE  ; TRUE           ; Untyped                                                ;
; MAXIMIZE_SPEED         ; 5              ; Untyped                                                ;
; CBXI_PARAMETER         ; lpm_divide_j3m ; Untyped                                                ;
; CARRY_CHAIN            ; MANUAL         ; Untyped                                                ;
; OPTIMIZE_FOR_SPEED     ; 5              ; Untyped                                                ;
; AUTO_CARRY_CHAINS      ; ON             ; AUTO_CARRY                                             ;
; IGNORE_CARRY_BUFFERS   ; OFF            ; IGNORE_CARRY                                           ;
; AUTO_CASCADE_CHAINS    ; ON             ; AUTO_CASCADE                                           ;
; IGNORE_CASCADE_BUFFERS ; OFF            ; IGNORE_CASCADE                                         ;
+------------------------+----------------+--------------------------------------------------------+
Note: In order to hide this table in the UI and the text report file, please set the "Show Parameter Settings in Synthesis Report" option in "Analysis and Synthesis Settings -> More Settings" to "Off".


+--------------------------------------------------------------------------------------------------+
; Parameter Settings for Inferred Entity Instance: css_phy_tx_top:u_css_phy_tx_top|lpm_divide:Div0 ;
+------------------------+----------------+--------------------------------------------------------+
; Parameter Name         ; Value          ; Type                                                   ;
+------------------------+----------------+--------------------------------------------------------+
; LPM_WIDTHN             ; 11             ; Untyped                                                ;
; LPM_WIDTHD             ; 3              ; Untyped                                                ;
; LPM_NREPRESENTATION    ; UNSIGNED       ; Untyped                                                ;
; LPM_DREPRESENTATION    ; UNSIGNED       ; Untyped                                                ;
; LPM_PIPELINE           ; 0              ; Untyped                                                ;
; LPM_REMAINDERPOSITIVE  ; TRUE           ; Untyped                                                ;
; MAXIMIZE_SPEED         ; 5              ; Untyped                                                ;
; CBXI_PARAMETER         ; lpm_divide_ebm ; Untyped                                                ;
; CARRY_CHAIN            ; MANUAL         ; Untyped                                                ;
; OPTIMIZE_FOR_SPEED     ; 5              ; Untyped                                                ;
; AUTO_CARRY_CHAINS      ; ON             ; AUTO_CARRY                                             ;
; IGNORE_CARRY_BUFFERS   ; OFF            ; IGNORE_CARRY                                           ;
; AUTO_CASCADE_CHAINS    ; ON             ; AUTO_CASCADE                                           ;
; IGNORE_CASCADE_BUFFERS ; OFF            ; IGNORE_CASCADE                                         ;
+------------------------+----------------+--------------------------------------------------------+
Note: In order to hide this table in the UI and the text report file, please set the "Show Parameter Settings in Synthesis Report" option in "Analysis and Synthesis Settings -> More Settings" to "Off".


+--------------------------------------------------------------------------------------------------+
; Parameter Settings for Inferred Entity Instance: css_phy_tx_top:u_css_phy_tx_top|lpm_divide:Div1 ;
+------------------------+----------------+--------------------------------------------------------+
; Parameter Name         ; Value          ; Type                                                   ;
+------------------------+----------------+--------------------------------------------------------+
; LPM_WIDTHN             ; 11             ; Untyped                                                ;
; LPM_WIDTHD             ; 4              ; Untyped                                                ;
; LPM_NREPRESENTATION    ; UNSIGNED       ; Untyped                                                ;
; LPM_DREPRESENTATION    ; UNSIGNED       ; Untyped                                                ;
; LPM_PIPELINE           ; 0              ; Untyped                                                ;
; LPM_REMAINDERPOSITIVE  ; TRUE           ; Untyped                                                ;
; MAXIMIZE_SPEED         ; 5              ; Untyped                                                ;
; CBXI_PARAMETER         ; lpm_divide_fbm ; Untyped                                                ;
; CARRY_CHAIN            ; MANUAL         ; Untyped                                                ;
; OPTIMIZE_FOR_SPEED     ; 5              ; Untyped                                                ;
; AUTO_CARRY_CHAINS      ; ON             ; AUTO_CARRY                                             ;
; IGNORE_CARRY_BUFFERS   ; OFF            ; IGNORE_CARRY                                           ;
; AUTO_CASCADE_CHAINS    ; ON             ; AUTO_CASCADE                                           ;
; IGNORE_CASCADE_BUFFERS ; OFF            ; IGNORE_CASCADE                                         ;
+------------------------+----------------+--------------------------------------------------------+
Note: In order to hide this table in the UI and the text report file, please set the "Show Parameter Settings in Synthesis Report" option in "Analysis and Synthesis Settings -> More Settings" to "Off".


+------------------------------------------------------------------------------------------------------------------------------+
; Parameter Settings for Inferred Entity Instance: css_phy_tx_top:u_css_phy_tx_top|zero_padding:u_zero_padding|lpm_divide:Mod0 ;
+------------------------+----------------+------------------------------------------------------------------------------------+
; Parameter Name         ; Value          ; Type                                                                               ;
+------------------------+----------------+------------------------------------------------------------------------------------+
; LPM_WIDTHN             ; 12             ; Untyped                                                                            ;
; LPM_WIDTHD             ; 3              ; Untyped                                                                            ;
; LPM_NREPRESENTATION    ; UNSIGNED       ; Untyped                                                                            ;
; LPM_DREPRESENTATION    ; UNSIGNED       ; Untyped                                                                            ;
; LPM_PIPELINE           ; 0              ; Untyped                                                                            ;
; LPM_REMAINDERPOSITIVE  ; TRUE           ; Untyped                                                                            ;
; MAXIMIZE_SPEED         ; 5              ; Untyped                                                                            ;
; CBXI_PARAMETER         ; lpm_divide_i3m ; Untyped                                                                            ;
; CARRY_CHAIN            ; MANUAL         ; Untyped                                                                            ;
; OPTIMIZE_FOR_SPEED     ; 5              ; Untyped                                                                            ;
; AUTO_CARRY_CHAINS      ; ON             ; AUTO_CARRY                                                                         ;
; IGNORE_CARRY_BUFFERS   ; OFF            ; IGNORE_CARRY                                                                       ;
; AUTO_CASCADE_CHAINS    ; ON             ; AUTO_CASCADE                                                                       ;
; IGNORE_CASCADE_BUFFERS ; OFF            ; IGNORE_CASCADE                                                                     ;
+------------------------+----------------+------------------------------------------------------------------------------------+
Note: In order to hide this table in the UI and the text report file, please set the "Show Parameter Settings in Synthesis Report" option in "Analysis and Synthesis Settings -> More Settings" to "Off".


+------------------------------------------------------------------------------------------------------------------------------+
; Parameter Settings for Inferred Entity Instance: css_phy_tx_top:u_css_phy_tx_top|zero_padding:u_zero_padding|lpm_divide:Mod1 ;
+------------------------+----------------+------------------------------------------------------------------------------------+
; Parameter Name         ; Value          ; Type                                                                               ;
+------------------------+----------------+------------------------------------------------------------------------------------+
; LPM_WIDTHN             ; 12             ; Untyped                                                                            ;
; LPM_WIDTHD             ; 5              ; Untyped                                                                            ;
; LPM_NREPRESENTATION    ; UNSIGNED       ; Untyped                                                                            ;
; LPM_DREPRESENTATION    ; UNSIGNED       ; Untyped                                                                            ;
; LPM_PIPELINE           ; 0              ; Untyped                                                                            ;
; LPM_REMAINDERPOSITIVE  ; TRUE           ; Untyped                                                                            ;
; MAXIMIZE_SPEED         ; 5              ; Untyped                                                                            ;
; CBXI_PARAMETER         ; lpm_divide_k3m ; Untyped                                                                            ;
; CARRY_CHAIN            ; MANUAL         ; Untyped                                                                            ;
; OPTIMIZE_FOR_SPEED     ; 5              ; Untyped                                                                            ;
; AUTO_CARRY_CHAINS      ; ON             ; AUTO_CARRY                                                                         ;
; IGNORE_CARRY_BUFFERS   ; OFF            ; IGNORE_CARRY                                                                       ;
; AUTO_CASCADE_CHAINS    ; ON             ; AUTO_CASCADE                                                                       ;
; IGNORE_CASCADE_BUFFERS ; OFF            ; IGNORE_CASCADE                                                                     ;
+------------------------+----------------+------------------------------------------------------------------------------------+
Note: In order to hide this table in the UI and the text report file, please set the "Show Parameter Settings in Synthesis Report" option in "Analysis and Synthesis Settings -> More Settings" to "Off".


+-------------------------------------------------------------------------------------------------------------------------------+
; altsyncram Parameter Settings by Entity Instance                                                                              ;
+-------------------------------------------+-----------------------------------------------------------------------------------+
; Name                                      ; Value                                                                             ;
+-------------------------------------------+-----------------------------------------------------------------------------------+
; Number of entity instances                ; 4                                                                                 ;
; Entity Instance                           ; css_phy_tx_top:u_css_phy_tx_top|altsyncram:dqpsk_mem_real_rtl_0                   ;
;     -- OPERATION_MODE                     ; DUAL_PORT                                                                         ;
;     -- WIDTH_A                            ; 1                                                                                 ;
;     -- NUMWORDS_A                         ; 1024                                                                              ;
;     -- OUTDATA_REG_A                      ; UNREGISTERED                                                                      ;
;     -- WIDTH_B                            ; 1                                                                                 ;
;     -- NUMWORDS_B                         ; 1024                                                                              ;
;     -- ADDRESS_REG_B                      ; CLOCK0                                                                            ;
;     -- OUTDATA_REG_B                      ; UNREGISTERED                                                                      ;
;     -- RAM_BLOCK_TYPE                     ; AUTO                                                                              ;
;     -- READ_DURING_WRITE_MODE_MIXED_PORTS ; DONT_CARE                                                                         ;
; Entity Instance                           ; css_phy_tx_top:u_css_phy_tx_top|altsyncram:dqpsk_mem_imag_rtl_0                   ;
;     -- OPERATION_MODE                     ; DUAL_PORT                                                                         ;
;     -- WIDTH_A                            ; 1                                                                                 ;
;     -- NUMWORDS_A                         ; 1024                                                                              ;
;     -- OUTDATA_REG_A                      ; UNREGISTERED                                                                      ;
;     -- WIDTH_B                            ; 1                                                                                 ;
;     -- NUMWORDS_B                         ; 1024                                                                              ;
;     -- ADDRESS_REG_B                      ; CLOCK0                                                                            ;
;     -- OUTDATA_REG_B                      ; UNREGISTERED                                                                      ;
;     -- RAM_BLOCK_TYPE                     ; AUTO                                                                              ;
;     -- READ_DURING_WRITE_MODE_MIXED_PORTS ; DONT_CARE                                                                         ;
; Entity Instance                           ; css_phy_tx_top:u_css_phy_tx_top|csk_waveform_rom:u_csk_rom|altsyncram:rom_i_rtl_0 ;
;     -- OPERATION_MODE                     ; ROM                                                                               ;
;     -- WIDTH_A                            ; 6                                                                                 ;
;     -- NUMWORDS_A                         ; 152                                                                               ;
;     -- OUTDATA_REG_A                      ; UNREGISTERED                                                                      ;
;     -- WIDTH_B                            ; 1                                                                                 ;
;     -- NUMWORDS_B                         ; 1                                                                                 ;
;     -- ADDRESS_REG_B                      ; CLOCK1                                                                            ;
;     -- OUTDATA_REG_B                      ; UNREGISTERED                                                                      ;
;     -- RAM_BLOCK_TYPE                     ; AUTO                                                                              ;
;     -- READ_DURING_WRITE_MODE_MIXED_PORTS ; DONT_CARE                                                                         ;
; Entity Instance                           ; css_phy_tx_top:u_css_phy_tx_top|csk_waveform_rom:u_csk_rom|altsyncram:rom_q_rtl_0 ;
;     -- OPERATION_MODE                     ; ROM                                                                               ;
;     -- WIDTH_A                            ; 6                                                                                 ;
;     -- NUMWORDS_A                         ; 152                                                                               ;
;     -- OUTDATA_REG_A                      ; UNREGISTERED                                                                      ;
;     -- WIDTH_B                            ; 1                                                                                 ;
;     -- NUMWORDS_B                         ; 1                                                                                 ;
;     -- ADDRESS_REG_B                      ; CLOCK1                                                                            ;
;     -- OUTDATA_REG_B                      ; UNREGISTERED                                                                      ;
;     -- RAM_BLOCK_TYPE                     ; AUTO                                                                              ;
;     -- READ_DURING_WRITE_MODE_MIXED_PORTS ; DONT_CARE                                                                         ;
+-------------------------------------------+-----------------------------------------------------------------------------------+


+--------------------------------------------------------------------------------------------------+
; Port Connectivity Checks: "css_phy_tx_top:u_css_phy_tx_top|csk_waveform_selector:u_csk_selector" ;
+---------+-------+----------+---------------------------------------------------------------------+
; Port    ; Type  ; Severity ; Details                                                             ;
+---------+-------+----------+---------------------------------------------------------------------+
; m[2..1] ; Input ; Info     ; Stuck at GND                                                        ;
; m[0]    ; Input ; Info     ; Stuck at VCC                                                        ;
+---------+-------+----------+---------------------------------------------------------------------+


+-------------------------------------------------------------------------------------------+
; Port Connectivity Checks: "css_phy_tx_top:u_css_phy_tx_top|csk_sequencer:u_csk_sequencer" ;
+---------+-------+----------+--------------------------------------------------------------+
; Port    ; Type  ; Severity ; Details                                                      ;
+---------+-------+----------+--------------------------------------------------------------+
; m[2..1] ; Input ; Info     ; Stuck at GND                                                 ;
; m[0]    ; Input ; Info     ; Stuck at VCC                                                 ;
+---------+-------+----------+--------------------------------------------------------------+


+------------------------------------------------------------------------------------------------------------------------+
; Port Connectivity Checks: "css_phy_tx_top:u_css_phy_tx_top|zero_padding:u_zero_padding"                                ;
+--------------+--------+----------+-------------------------------------------------------------------------------------+
; Port         ; Type   ; Severity ; Details                                                                             ;
+--------------+--------+----------+-------------------------------------------------------------------------------------+
; done_padding ; Output ; Info     ; Connected to dangling logic. Logic that only feeds a dangling port will be removed. ;
+--------------+--------+----------+-------------------------------------------------------------------------------------+


+-------------------------------------------------------------------------------------------------------------------------+
; Port Connectivity Checks: "css_phy_tx_top:u_css_phy_tx_top|controller:u_controller"                                     ;
+---------------+--------+----------+-------------------------------------------------------------------------------------+
; Port          ; Type   ; Severity ; Details                                                                             ;
+---------------+--------+----------+-------------------------------------------------------------------------------------+
; i_to_qpsk     ; Output ; Info     ; Connected to dangling logic. Logic that only feeds a dangling port will be removed. ;
; q_to_qpsk     ; Output ; Info     ; Connected to dangling logic. Logic that only feeds a dangling port will be removed. ;
; valid_to_qpsk ; Output ; Info     ; Connected to dangling logic. Logic that only feeds a dangling port will be removed. ;
; done_Tx       ; Output ; Info     ; Connected to dangling logic. Logic that only feeds a dangling port will be removed. ;
+---------------+--------+----------+-------------------------------------------------------------------------------------+


+------------------------------------------------------------------------------------------------------------------------------------------------------------------------------------+
; Port Connectivity Checks: "altsource_probe:u_issp"                                                                                                                                 ;
+-----------------+--------+----------+----------------------------------------------------------------------------------------------------------------------------------------------+
; Port            ; Type   ; Severity ; Details                                                                                                                                      ;
+-----------------+--------+----------+----------------------------------------------------------------------------------------------------------------------------------------------+
; probe           ; Input  ; Info     ; Explicitly unconnected                                                                                                                       ;
; source_clk      ; Input  ; Warning  ; Declared by entity but not connected by instance. If a default value exists, it will be used.  Otherwise, the port will be connected to GND. ;
; source_ena      ; Input  ; Warning  ; Declared by entity but not connected by instance. If a default value exists, it will be used.  Otherwise, the port will be connected to GND. ;
; raw_tck         ; Input  ; Warning  ; Declared by entity but not connected by instance. If a default value exists, it will be used.  Otherwise, the port will be connected to GND. ;
; tdi             ; Input  ; Warning  ; Declared by entity but not connected by instance. If a default value exists, it will be used.  Otherwise, the port will be connected to GND. ;
; usr1            ; Input  ; Warning  ; Declared by entity but not connected by instance. If a default value exists, it will be used.  Otherwise, the port will be connected to GND. ;
; jtag_state_cdr  ; Input  ; Warning  ; Declared by entity but not connected by instance. If a default value exists, it will be used.  Otherwise, the port will be connected to GND. ;
; jtag_state_sdr  ; Input  ; Warning  ; Declared by entity but not connected by instance. If a default value exists, it will be used.  Otherwise, the port will be connected to GND. ;
; jtag_state_e1dr ; Input  ; Warning  ; Declared by entity but not connected by instance. If a default value exists, it will be used.  Otherwise, the port will be connected to GND. ;
; jtag_state_udr  ; Input  ; Warning  ; Declared by entity but not connected by instance. If a default value exists, it will be used.  Otherwise, the port will be connected to GND. ;
; jtag_state_cir  ; Input  ; Warning  ; Declared by entity but not connected by instance. If a default value exists, it will be used.  Otherwise, the port will be connected to GND. ;
; jtag_state_uir  ; Input  ; Warning  ; Declared by entity but not connected by instance. If a default value exists, it will be used.  Otherwise, the port will be connected to GND. ;
; jtag_state_tlr  ; Input  ; Warning  ; Declared by entity but not connected by instance. If a default value exists, it will be used.  Otherwise, the port will be connected to GND. ;
; clr             ; Input  ; Warning  ; Declared by entity but not connected by instance. If a default value exists, it will be used.  Otherwise, the port will be connected to GND. ;
; ena             ; Input  ; Warning  ; Declared by entity but not connected by instance. If a default value exists, it will be used.  Otherwise, the port will be connected to GND. ;
; ir_in           ; Input  ; Warning  ; Declared by entity but not connected by instance. If a default value exists, it will be used.  Otherwise, the port will be connected to GND. ;
; ir_out          ; Output ; Warning  ; Declared by entity but not connected by instance. Logic that only feeds a dangling port will be removed.                                     ;
; tdo             ; Output ; Warning  ; Declared by entity but not connected by instance. Logic that only feeds a dangling port will be removed.                                     ;
+-----------------+--------+----------+----------------------------------------------------------------------------------------------------------------------------------------------+


+-----------------------------------------------------+
; Post-Synthesis Netlist Statistics for Top Partition ;
+-----------------------+-----------------------------+
; Type                  ; Count                       ;
+-----------------------+-----------------------------+
; arriav_ff             ; 5716                        ;
;     CLR               ; 39                          ;
;     CLR SCLR          ; 34                          ;
;     CLR SLD           ; 1                           ;
;     ENA               ; 1100                        ;
;     ENA CLR           ; 164                         ;
;     ENA CLR SCLR      ; 87                          ;
;     ENA CLR SLD       ; 27                          ;
;     ENA SCLR          ; 64                          ;
;     ENA SLD           ; 80                          ;
;     plain             ; 4120                        ;
; arriav_lcell_comb     ; 32841                       ;
;     arith             ; 480                         ;
;         0 data inputs ; 91                          ;
;         1 data inputs ; 169                         ;
;         2 data inputs ; 50                          ;
;         3 data inputs ; 107                         ;
;         4 data inputs ; 63                          ;
;     extend            ; 31                          ;
;         7 data inputs ; 31                          ;
;     normal            ; 32285                       ;
;         0 data inputs ; 1                           ;
;         1 data inputs ; 4                           ;
;         2 data inputs ; 749                         ;
;         3 data inputs ; 941                         ;
;         4 data inputs ; 3658                        ;
;         5 data inputs ; 3865                        ;
;         6 data inputs ; 23067                       ;
;     shared            ; 45                          ;
;         0 data inputs ; 6                           ;
;         1 data inputs ; 23                          ;
;         2 data inputs ; 8                           ;
;         3 data inputs ; 8                           ;
; arriav_mac            ; 1                           ;
; boundary_port         ; 52                          ;
; stratixv_ram_block    ; 14                          ;
;                       ;                             ;
; Max LUT depth         ; 33.90                       ;
; Average LUT depth     ; 6.64                        ;
+-----------------------+-----------------------------+


+-------------------------------+
; Elapsed Time Per Partition    ;
+----------------+--------------+
; Partition Name ; Elapsed Time ;
+----------------+--------------+
; Top            ; 00:01:42     ;
+----------------+--------------+


+-------------------------------+
; Analysis & Synthesis Messages ;
+-------------------------------+
Info: *******************************************************************
Info: Running Quartus Prime Analysis & Synthesis
    Info: Version 20.1.1 Build 720 11/11/2020 SJ Lite Edition
    Info: Processing started: Thu Sep 17 06:44:22 2026
Info: Command: quartus_map --read_settings_files=on --write_settings_files=off css_phy_tx_top_wrapper -c css_phy_tx_top_wrapper
Warning (18236): Number of processors has not been specified which may cause overloading on shared machines.  Set the global assignment NUM_PARALLEL_PROCESSORS in your QSF to an appropriate value for best performance.
Info (20030): Parallel compilation is enabled and will use 2 of the 2 processors detected
Info (12021): Found 1 design units, including 1 entities, in source file symbol_mapper.v
    Info (12023): Found entity 1: symbol_mapper File: D:/New folder/rtl_rom_src (2)/rtl_rom_src/symbol_mapper.v Line: 2
Info (12021): Found 1 design units, including 1 entities, in source file qpsk_mapper.v
    Info (12023): Found entity 1: qpsk_mapper File: D:/New folder/rtl_rom_src (2)/rtl_rom_src/qpsk_mapper.v Line: 3
Info (12021): Found 1 design units, including 1 entities, in source file new_zero_padding.v
    Info (12023): Found entity 1: zero_padding File: D:/New folder/rtl_rom_src (2)/rtl_rom_src/new_zero_padding.v Line: 3
Info (12021): Found 1 design units, including 1 entities, in source file new_csk_sequencer.v
    Info (12023): Found entity 1: csk_sequencer File: D:/New folder/rtl_rom_src (2)/rtl_rom_src/new_csk_sequencer.v Line: 3
Info (12021): Found 1 design units, including 1 entities, in source file new_controller.v
    Info (12023): Found entity 1: controller File: D:/New folder/rtl_rom_src (2)/rtl_rom_src/new_controller.v Line: 46
Info (12021): Found 1 design units, including 1 entities, in source file form_ppdu.v
    Info (12023): Found entity 1: form_ppdu File: D:/New folder/rtl_rom_src (2)/rtl_rom_src/form_ppdu.v Line: 2
Info (12021): Found 1 design units, including 1 entities, in source file dqpsk_encoder.v
    Info (12023): Found entity 1: dqpsk_encoder File: D:/New folder/rtl_rom_src (2)/rtl_rom_src/dqpsk_encoder.v Line: 1
Info (12021): Found 1 design units, including 1 entities, in source file dqpsk_csk_multiplier.v
    Info (12023): Found entity 1: dqpsk_csk_multiplier File: D:/New folder/rtl_rom_src (2)/rtl_rom_src/dqpsk_csk_multiplier.v Line: 1
Info (12021): Found 1 design units, including 1 entities, in source file demux_iq.v
    Info (12023): Found entity 1: demux_iq File: D:/New folder/rtl_rom_src (2)/rtl_rom_src/demux_iq.v Line: 3
Info (12021): Found 1 design units, including 1 entities, in source file css_phy_tx_top_wrapper.v
    Info (12023): Found entity 1: css_phy_tx_top_wrapper File: D:/New folder/rtl_rom_src (2)/rtl_rom_src/css_phy_tx_top_wrapper.v Line: 1
Info (12021): Found 1 design units, including 1 entities, in source file css_phy_tx_top.v
    Info (12023): Found entity 1: css_phy_tx_top File: D:/New folder/rtl_rom_src (2)/rtl_rom_src/css_phy_tx_top.v Line: 38
Info (12021): Found 1 design units, including 1 entities, in source file csk_waveform_selector.v
    Info (12023): Found entity 1: csk_waveform_selector File: D:/New folder/rtl_rom_src (2)/rtl_rom_src/csk_waveform_selector.v Line: 1
Info (12021): Found 1 design units, including 1 entities, in source file csk_waveform_rom.v
    Info (12023): Found entity 1: csk_waveform_rom File: D:/New folder/rtl_rom_src (2)/rtl_rom_src/csk_waveform_rom.v Line: 1
Info (12021): Found 1 design units, including 1 entities, in source file csk_generator.v
    Info (12023): Found entity 1: csk_generator File: D:/New folder/rtl_rom_src (2)/rtl_rom_src/csk_generator.v Line: 1
Info (12021): Found 1 design units, including 1 entities, in source file bit_interleaver.v
    Info (12023): Found entity 1: bit_interleaver File: D:/New folder/rtl_rom_src (2)/rtl_rom_src/bit_interleaver.v Line: 2
Info (12127): Elaborating entity "css_phy_tx_top_wrapper" for the top level hierarchy
Info (12128): Elaborating entity "altsource_probe" for hierarchy "altsource_probe:u_issp" File: D:/New folder/rtl_rom_src (2)/rtl_rom_src/css_phy_tx_top_wrapper.v Line: 29
Info (12130): Elaborated megafunction instantiation "altsource_probe:u_issp" File: D:/New folder/rtl_rom_src (2)/rtl_rom_src/css_phy_tx_top_wrapper.v Line: 29
Info (12133): Instantiated megafunction "altsource_probe:u_issp" with the following parameter: File: D:/New folder/rtl_rom_src (2)/rtl_rom_src/css_phy_tx_top_wrapper.v Line: 29
    Info (12134): Parameter "sld_auto_instance_index" = "YES"
    Info (12134): Parameter "sld_instance_index" = "0"
    Info (12134): Parameter "instance_id" = "DATA"
    Info (12134): Parameter "probe_width" = "0"
    Info (12134): Parameter "source_width" = "16"
    Info (12134): Parameter "source_initial_value" = "0"
Info (12128): Elaborating entity "sld_jtag_endpoint_adapter" for hierarchy "altsource_probe:u_issp|sld_jtag_endpoint_adapter:jtag_signal_adapter" File: c:/intelfpga_lite/20.1/quartus/libraries/megafunctions/altsource_probe.v Line: 169
Info (12128): Elaborating entity "sld_jtag_endpoint_adapter_impl" for hierarchy "altsource_probe:u_issp|sld_jtag_endpoint_adapter:jtag_signal_adapter|sld_jtag_endpoint_adapter_impl:sld_jtag_endpoint_adapter_impl_inst" File: c:/intelfpga_lite/20.1/quartus/libraries/megafunctions/sld_jtag_endpoint_adapter.vhd Line: 232
Info (12128): Elaborating entity "altsource_probe_body" for hierarchy "altsource_probe:u_issp|altsource_probe_body:altsource_probe_body_inst" File: c:/intelfpga_lite/20.1/quartus/libraries/megafunctions/altsource_probe.v Line: 243
Info (12128): Elaborating entity "altsource_probe_impl" for hierarchy "altsource_probe:u_issp|altsource_probe_body:altsource_probe_body_inst|altsource_probe_impl:\wider_source_gen:wider_source_inst" File: c:/intelfpga_lite/20.1/quartus/libraries/megafunctions/altsource_probe_body.vhd Line: 536
Info (12128): Elaborating entity "sld_rom_sr" for hierarchy "altsource_probe:u_issp|altsource_probe_body:altsource_probe_body_inst|altsource_probe_impl:\wider_source_gen:wider_source_inst|sld_rom_sr:\instance_id_gen:rom_info_inst" File: c:/intelfpga_lite/20.1/quartus/libraries/megafunctions/altsource_probe_body.vhd Line: 756
Info (12128): Elaborating entity "css_phy_tx_top" for hierarchy "css_phy_tx_top:u_css_phy_tx_top" File: D:/New folder/rtl_rom_src (2)/rtl_rom_src/css_phy_tx_top_wrapper.v Line: 45
Warning (10230): Verilog HDL assignment warning at css_phy_tx_top.v(299): truncated value with size 13 to match size of target (11) File: D:/New folder/rtl_rom_src (2)/rtl_rom_src/css_phy_tx_top.v Line: 299
Info (12128): Elaborating entity "controller" for hierarchy "css_phy_tx_top:u_css_phy_tx_top|controller:u_controller" File: D:/New folder/rtl_rom_src (2)/rtl_rom_src/css_phy_tx_top.v Line: 118
Info (12128): Elaborating entity "zero_padding" for hierarchy "css_phy_tx_top:u_css_phy_tx_top|zero_padding:u_zero_padding" File: D:/New folder/rtl_rom_src (2)/rtl_rom_src/css_phy_tx_top.v Line: 139
Warning (10036): Verilog HDL or VHDL warning at new_zero_padding.v(24): object "block_size" assigned a value but never read File: D:/New folder/rtl_rom_src (2)/rtl_rom_src/new_zero_padding.v Line: 24
Warning (10230): Verilog HDL assignment warning at new_zero_padding.v(61): truncated value with size 16 to match size of target (6) File: D:/New folder/rtl_rom_src (2)/rtl_rom_src/new_zero_padding.v Line: 61
Warning (10230): Verilog HDL assignment warning at new_zero_padding.v(67): truncated value with size 16 to match size of target (6) File: D:/New folder/rtl_rom_src (2)/rtl_rom_src/new_zero_padding.v Line: 67
Info (12128): Elaborating entity "demux_iq" for hierarchy "css_phy_tx_top:u_css_phy_tx_top|demux_iq:u_demux" File: D:/New folder/rtl_rom_src (2)/rtl_rom_src/css_phy_tx_top.v Line: 158
Info (12128): Elaborating entity "symbol_mapper" for hierarchy "css_phy_tx_top:u_css_phy_tx_top|symbol_mapper:u_symbol_mapper" File: D:/New folder/rtl_rom_src (2)/rtl_rom_src/css_phy_tx_top.v Line: 178
Warning (10230): Verilog HDL assignment warning at symbol_mapper.v(47): truncated value with size 32 to match size of target (3) File: D:/New folder/rtl_rom_src (2)/rtl_rom_src/symbol_mapper.v Line: 47
Warning (10230): Verilog HDL assignment warning at symbol_mapper.v(61): truncated value with size 32 to match size of target (3) File: D:/New folder/rtl_rom_src (2)/rtl_rom_src/symbol_mapper.v Line: 61
Warning (10030): Net "rom_1mbs.data_a" at symbol_mapper.v(16) has no driver or initial value, using a default initial value '0' File: D:/New folder/rtl_rom_src (2)/rtl_rom_src/symbol_mapper.v Line: 16
Warning (10030): Net "rom_1mbs.waddr_a" at symbol_mapper.v(16) has no driver or initial value, using a default initial value '0' File: D:/New folder/rtl_rom_src (2)/rtl_rom_src/symbol_mapper.v Line: 16
Warning (10030): Net "rom_1mbs.we_a" at symbol_mapper.v(16) has no driver or initial value, using a default initial value '0' File: D:/New folder/rtl_rom_src (2)/rtl_rom_src/symbol_mapper.v Line: 16
Info (12128): Elaborating entity "bit_interleaver" for hierarchy "css_phy_tx_top:u_css_phy_tx_top|bit_interleaver:u_interleaver" File: D:/New folder/rtl_rom_src (2)/rtl_rom_src/css_phy_tx_top.v Line: 198
Info (12128): Elaborating entity "form_ppdu" for hierarchy "css_phy_tx_top:u_css_phy_tx_top|form_ppdu:u_form_ppdu" File: D:/New folder/rtl_rom_src (2)/rtl_rom_src/css_phy_tx_top.v Line: 216
Warning (10230): Verilog HDL assignment warning at form_ppdu.v(42): truncated value with size 32 to match size of target (12) File: D:/New folder/rtl_rom_src (2)/rtl_rom_src/form_ppdu.v Line: 42
Warning (10230): Verilog HDL assignment warning at form_ppdu.v(48): truncated value with size 32 to match size of target (12) File: D:/New folder/rtl_rom_src (2)/rtl_rom_src/form_ppdu.v Line: 48
Warning (10230): Verilog HDL assignment warning at form_ppdu.v(65): truncated value with size 32 to match size of target (12) File: D:/New folder/rtl_rom_src (2)/rtl_rom_src/form_ppdu.v Line: 65
Warning (10230): Verilog HDL assignment warning at form_ppdu.v(70): truncated value with size 32 to match size of target (12) File: D:/New folder/rtl_rom_src (2)/rtl_rom_src/form_ppdu.v Line: 70
Warning (10230): Verilog HDL assignment warning at form_ppdu.v(75): truncated value with size 32 to match size of target (12) File: D:/New folder/rtl_rom_src (2)/rtl_rom_src/form_ppdu.v Line: 75
Warning (10230): Verilog HDL assignment warning at form_ppdu.v(76): truncated value with size 32 to match size of target (12) File: D:/New folder/rtl_rom_src (2)/rtl_rom_src/form_ppdu.v Line: 76
Warning (10230): Verilog HDL assignment warning at form_ppdu.v(82): truncated value with size 32 to match size of target (12) File: D:/New folder/rtl_rom_src (2)/rtl_rom_src/form_ppdu.v Line: 82
Warning (10230): Verilog HDL assignment warning at form_ppdu.v(87): truncated value with size 32 to match size of target (12) File: D:/New folder/rtl_rom_src (2)/rtl_rom_src/form_ppdu.v Line: 87
Warning (10230): Verilog HDL assignment warning at form_ppdu.v(92): truncated value with size 32 to match size of target (12) File: D:/New folder/rtl_rom_src (2)/rtl_rom_src/form_ppdu.v Line: 92
Warning (10230): Verilog HDL assignment warning at form_ppdu.v(93): truncated value with size 32 to match size of target (12) File: D:/New folder/rtl_rom_src (2)/rtl_rom_src/form_ppdu.v Line: 93
Warning (10030): Net "sfd_1m.waddr_a" at form_ppdu.v(19) has no driver or initial value, using a default initial value '0' File: D:/New folder/rtl_rom_src (2)/rtl_rom_src/form_ppdu.v Line: 19
Warning (10030): Net "sfd_250k.waddr_a" at form_ppdu.v(20) has no driver or initial value, using a default initial value '0' File: D:/New folder/rtl_rom_src (2)/rtl_rom_src/form_ppdu.v Line: 20
Warning (10030): Net "sfd_1m.data_a" at form_ppdu.v(19) has no driver or initial value, using a default initial value '0' File: D:/New folder/rtl_rom_src (2)/rtl_rom_src/form_ppdu.v Line: 19
Warning (10030): Net "sfd_1m.we_a" at form_ppdu.v(19) has no driver or initial value, using a default initial value '0' File: D:/New folder/rtl_rom_src (2)/rtl_rom_src/form_ppdu.v Line: 19
Warning (10030): Net "sfd_250k.data_a" at form_ppdu.v(20) has no driver or initial value, using a default initial value '0' File: D:/New folder/rtl_rom_src (2)/rtl_rom_src/form_ppdu.v Line: 20
Warning (10030): Net "sfd_250k.we_a" at form_ppdu.v(20) has no driver or initial value, using a default initial value '0' File: D:/New folder/rtl_rom_src (2)/rtl_rom_src/form_ppdu.v Line: 20
Info (12128): Elaborating entity "qpsk_mapper" for hierarchy "css_phy_tx_top:u_css_phy_tx_top|qpsk_mapper:u_qpsk" File: D:/New folder/rtl_rom_src (2)/rtl_rom_src/css_phy_tx_top.v Line: 234
Info (12128): Elaborating entity "dqpsk_encoder" for hierarchy "css_phy_tx_top:u_css_phy_tx_top|dqpsk_encoder:u_dqpsk" File: D:/New folder/rtl_rom_src (2)/rtl_rom_src/css_phy_tx_top.v Line: 253
Info (12128): Elaborating entity "csk_sequencer" for hierarchy "css_phy_tx_top:u_css_phy_tx_top|csk_sequencer:u_csk_sequencer" File: D:/New folder/rtl_rom_src (2)/rtl_rom_src/css_phy_tx_top.v Line: 386
Info (12128): Elaborating entity "csk_waveform_selector" for hierarchy "css_phy_tx_top:u_css_phy_tx_top|csk_waveform_selector:u_csk_selector" File: D:/New folder/rtl_rom_src (2)/rtl_rom_src/css_phy_tx_top.v Line: 394
Warning (10230): Verilog HDL assignment warning at csk_waveform_selector.v(12): truncated value with size 3 to match size of target (2) File: D:/New folder/rtl_rom_src (2)/rtl_rom_src/csk_waveform_selector.v Line: 12
Info (12128): Elaborating entity "csk_waveform_rom" for hierarchy "css_phy_tx_top:u_css_phy_tx_top|csk_waveform_rom:u_csk_rom" File: D:/New folder/rtl_rom_src (2)/rtl_rom_src/css_phy_tx_top.v Line: 405
Warning (10030): Net "rom_i.data_a" at csk_waveform_rom.v(11) has no driver or initial value, using a default initial value '0' File: D:/New folder/rtl_rom_src (2)/rtl_rom_src/csk_waveform_rom.v Line: 11
Warning (10030): Net "rom_i.waddr_a" at csk_waveform_rom.v(11) has no driver or initial value, using a default initial value '0' File: D:/New folder/rtl_rom_src (2)/rtl_rom_src/csk_waveform_rom.v Line: 11
Warning (10030): Net "rom_q.data_a" at csk_waveform_rom.v(12) has no driver or initial value, using a default initial value '0' File: D:/New folder/rtl_rom_src (2)/rtl_rom_src/csk_waveform_rom.v Line: 12
Warning (10030): Net "rom_q.waddr_a" at csk_waveform_rom.v(12) has no driver or initial value, using a default initial value '0' File: D:/New folder/rtl_rom_src (2)/rtl_rom_src/csk_waveform_rom.v Line: 12
Warning (10030): Net "rom_i.we_a" at csk_waveform_rom.v(11) has no driver or initial value, using a default initial value '0' File: D:/New folder/rtl_rom_src (2)/rtl_rom_src/csk_waveform_rom.v Line: 11
Warning (10030): Net "rom_q.we_a" at csk_waveform_rom.v(12) has no driver or initial value, using a default initial value '0' File: D:/New folder/rtl_rom_src (2)/rtl_rom_src/csk_waveform_rom.v Line: 12
Info (12128): Elaborating entity "dqpsk_csk_multiplier" for hierarchy "css_phy_tx_top:u_css_phy_tx_top|dqpsk_csk_multiplier:u_dqpsk_csk_multiplier" File: D:/New folder/rtl_rom_src (2)/rtl_rom_src/css_phy_tx_top.v Line: 466
Info (11170): Starting IP generation for the debug fabric: alt_sld_fab.
Info (11172): 2026.09.17.05:46:11 Progress: Loading sld838f2434/alt_sld_fab_wrapper_hw.tcl
Info (11172): Alt_sld_fab.alt_sld_fab: SLD fabric agents which did not specify prefer_host were connected to JTAG
Info (11172): Alt_sld_fab: Generating alt_sld_fab "alt_sld_fab" for QUARTUS_SYNTH
Info (11172): Alt_sld_fab: "alt_sld_fab" instantiated alt_sld_fab "alt_sld_fab"
Info (11172): Presplit: "alt_sld_fab" instantiated altera_super_splitter "presplit"
Info (11172): Splitter: "alt_sld_fab" instantiated altera_sld_splitter "splitter"
Info (11172): Sldfabric: "alt_sld_fab" instantiated altera_sld_jtag_hub "sldfabric"
Info (11172): Ident: "alt_sld_fab" instantiated altera_connection_identification_hub "ident"
Info (11172): Alt_sld_fab: Done "alt_sld_fab" with 6 modules, 6 files
Info (11171): Finished IP generation for the debug fabric: alt_sld_fab.
Info (12021): Found 1 design units, including 1 entities, in source file db/ip/sld838f2434/alt_sld_fab.v
    Info (12023): Found entity 1: alt_sld_fab File: D:/New folder/rtl_rom_src (2)/rtl_rom_src/db/ip/sld838f2434/alt_sld_fab.v Line: 9
Info (12021): Found 1 design units, including 1 entities, in source file db/ip/sld838f2434/submodules/alt_sld_fab_alt_sld_fab.v
    Info (12023): Found entity 1: alt_sld_fab_alt_sld_fab File: D:/New folder/rtl_rom_src (2)/rtl_rom_src/db/ip/sld838f2434/submodules/alt_sld_fab_alt_sld_fab.v Line: 9
Info (12021): Found 1 design units, including 1 entities, in source file db/ip/sld838f2434/submodules/alt_sld_fab_alt_sld_fab_ident.sv
    Info (12023): Found entity 1: alt_sld_fab_alt_sld_fab_ident File: D:/New folder/rtl_rom_src (2)/rtl_rom_src/db/ip/sld838f2434/submodules/alt_sld_fab_alt_sld_fab_ident.sv Line: 33
Info (12021): Found 1 design units, including 1 entities, in source file db/ip/sld838f2434/submodules/alt_sld_fab_alt_sld_fab_presplit.sv
    Info (12023): Found entity 1: alt_sld_fab_alt_sld_fab_presplit File: D:/New folder/rtl_rom_src (2)/rtl_rom_src/db/ip/sld838f2434/submodules/alt_sld_fab_alt_sld_fab_presplit.sv Line: 3
Info (12021): Found 2 design units, including 1 entities, in source file db/ip/sld838f2434/submodules/alt_sld_fab_alt_sld_fab_sldfabric.vhd
    Info (12022): Found design unit 1: alt_sld_fab_alt_sld_fab_sldfabric-rtl File: D:/New folder/rtl_rom_src (2)/rtl_rom_src/db/ip/sld838f2434/submodules/alt_sld_fab_alt_sld_fab_sldfabric.vhd Line: 102
    Info (12023): Found entity 1: alt_sld_fab_alt_sld_fab_sldfabric File: D:/New folder/rtl_rom_src (2)/rtl_rom_src/db/ip/sld838f2434/submodules/alt_sld_fab_alt_sld_fab_sldfabric.vhd Line: 11
Info (12021): Found 1 design units, including 1 entities, in source file db/ip/sld838f2434/submodules/alt_sld_fab_alt_sld_fab_splitter.sv
    Info (12023): Found entity 1: alt_sld_fab_alt_sld_fab_splitter File: D:/New folder/rtl_rom_src (2)/rtl_rom_src/db/ip/sld838f2434/submodules/alt_sld_fab_alt_sld_fab_splitter.sv Line: 3
Warning (276020): Inferred RAM node "css_phy_tx_top:u_css_phy_tx_top|dqpsk_mem_real_rtl_0" from synchronous design logic.  Pass-through logic has been added to match the read-during-write behavior of the original design.
Warning (276020): Inferred RAM node "css_phy_tx_top:u_css_phy_tx_top|dqpsk_mem_imag_rtl_0" from synchronous design logic.  Pass-through logic has been added to match the read-during-write behavior of the original design.
Info (276014): Found 4 instances of uninferred RAM logic
    Info (276004): RAM logic "css_phy_tx_top:u_css_phy_tx_top|form_ppdu:u_form_ppdu|sfd_1m" is uninferred due to inappropriate RAM size File: D:/New folder/rtl_rom_src (2)/rtl_rom_src/form_ppdu.v Line: 19
    Info (276004): RAM logic "css_phy_tx_top:u_css_phy_tx_top|form_ppdu:u_form_ppdu|sfd_250k" is uninferred due to inappropriate RAM size File: D:/New folder/rtl_rom_src (2)/rtl_rom_src/form_ppdu.v Line: 20
    Info (276004): RAM logic "css_phy_tx_top:u_css_phy_tx_top|symbol_mapper:u_symbol_mapper|rom_1mbs" is uninferred due to inappropriate RAM size File: D:/New folder/rtl_rom_src (2)/rtl_rom_src/symbol_mapper.v Line: 16
    Info (276007): RAM logic "css_phy_tx_top:u_css_phy_tx_top|controller:u_controller|payload_ram" is uninferred due to asynchronous read logic File: D:/New folder/rtl_rom_src (2)/rtl_rom_src/new_controller.v Line: 89
Info (19000): Inferred 4 megafunctions from design logic
    Info (276029): Inferred altsyncram megafunction from the following design logic: "css_phy_tx_top:u_css_phy_tx_top|dqpsk_mem_real_rtl_0" 
        Info (286033): Parameter OPERATION_MODE set to DUAL_PORT
        Info (286033): Parameter WIDTH_A set to 1
        Info (286033): Parameter WIDTHAD_A set to 10
        Info (286033): Parameter NUMWORDS_A set to 1024
        Info (286033): Parameter WIDTH_B set to 1
        Info (286033): Parameter WIDTHAD_B set to 10
        Info (286033): Parameter NUMWORDS_B set to 1024
        Info (286033): Parameter ADDRESS_ACLR_A set to NONE
        Info (286033): Parameter OUTDATA_REG_B set to UNREGISTERED
        Info (286033): Parameter ADDRESS_ACLR_B set to NONE
        Info (286033): Parameter OUTDATA_ACLR_B set to NONE
        Info (286033): Parameter ADDRESS_REG_B set to CLOCK0
        Info (286033): Parameter INDATA_ACLR_A set to NONE
        Info (286033): Parameter WRCONTROL_ACLR_A set to NONE
    Info (276029): Inferred altsyncram megafunction from the following design logic: "css_phy_tx_top:u_css_phy_tx_top|dqpsk_mem_imag_rtl_0" 
        Info (286033): Parameter OPERATION_MODE set to DUAL_PORT
        Info (286033): Parameter WIDTH_A set to 1
        Info (286033): Parameter WIDTHAD_A set to 10
        Info (286033): Parameter NUMWORDS_A set to 1024
        Info (286033): Parameter WIDTH_B set to 1
        Info (286033): Parameter WIDTHAD_B set to 10
        Info (286033): Parameter NUMWORDS_B set to 1024
        Info (286033): Parameter ADDRESS_ACLR_A set to NONE
        Info (286033): Parameter OUTDATA_REG_B set to UNREGISTERED
        Info (286033): Parameter ADDRESS_ACLR_B set to NONE
        Info (286033): Parameter OUTDATA_ACLR_B set to NONE
        Info (286033): Parameter ADDRESS_REG_B set to CLOCK0
        Info (286033): Parameter INDATA_ACLR_A set to NONE
        Info (286033): Parameter WRCONTROL_ACLR_A set to NONE
    Info (276029): Inferred altsyncram megafunction from the following design logic: "css_phy_tx_top:u_css_phy_tx_top|csk_waveform_rom:u_csk_rom|rom_i_rtl_0" 
        Info (286033): Parameter OPERATION_MODE set to ROM
        Info (286033): Parameter WIDTH_A set to 6
        Info (286033): Parameter WIDTHAD_A set to 8
        Info (286033): Parameter NUMWORDS_A set to 152
        Info (286033): Parameter OUTDATA_REG_A set to UNREGISTERED
        Info (286033): Parameter ADDRESS_ACLR_A set to NONE
        Info (286033): Parameter OUTDATA_ACLR_A set to NONE
        Info (286033): Parameter INDATA_ACLR_A set to NONE
        Info (286033): Parameter WRCONTROL_ACLR_A set to NONE
        Info (286033): Parameter INIT_FILE set to db/css_phy_tx_top_wrapper.ram0_csk_waveform_rom_1d24a08.hdl.mif
    Info (276029): Inferred altsyncram megafunction from the following design logic: "css_phy_tx_top:u_css_phy_tx_top|csk_waveform_rom:u_csk_rom|rom_q_rtl_0" 
        Info (286033): Parameter OPERATION_MODE set to ROM
        Info (286033): Parameter WIDTH_A set to 6
        Info (286033): Parameter WIDTHAD_A set to 8
        Info (286033): Parameter NUMWORDS_A set to 152
        Info (286033): Parameter OUTDATA_REG_A set to UNREGISTERED
        Info (286033): Parameter ADDRESS_ACLR_A set to NONE
        Info (286033): Parameter OUTDATA_ACLR_A set to NONE
        Info (286033): Parameter INDATA_ACLR_A set to NONE
        Info (286033): Parameter WRCONTROL_ACLR_A set to NONE
        Info (286033): Parameter INIT_FILE set to db/css_phy_tx_top_wrapper.ram1_csk_waveform_rom_1d24a08.hdl.mif
Info (278001): Inferred 6 megafunctions from design logic
    Info (278004): Inferred divider/modulo megafunction ("lpm_divide") from the following logic: "css_phy_tx_top:u_css_phy_tx_top|Mod0" File: D:/New folder/rtl_rom_src (2)/rtl_rom_src/css_phy_tx_top.v Line: 277
    Info (278004): Inferred divider/modulo megafunction ("lpm_divide") from the following logic: "css_phy_tx_top:u_css_phy_tx_top|Mod1" File: D:/New folder/rtl_rom_src (2)/rtl_rom_src/css_phy_tx_top.v Line: 278
    Info (278004): Inferred divider/modulo megafunction ("lpm_divide") from the following logic: "css_phy_tx_top:u_css_phy_tx_top|Div0" File: D:/New folder/rtl_rom_src (2)/rtl_rom_src/css_phy_tx_top.v Line: 287
    Info (278004): Inferred divider/modulo megafunction ("lpm_divide") from the following logic: "css_phy_tx_top:u_css_phy_tx_top|Div1" File: D:/New folder/rtl_rom_src (2)/rtl_rom_src/css_phy_tx_top.v Line: 290
    Info (278004): Inferred divider/modulo megafunction ("lpm_divide") from the following logic: "css_phy_tx_top:u_css_phy_tx_top|zero_padding:u_zero_padding|Mod0" File: D:/New folder/rtl_rom_src (2)/rtl_rom_src/new_zero_padding.v Line: 62
    Info (278004): Inferred divider/modulo megafunction ("lpm_divide") from the following logic: "css_phy_tx_top:u_css_phy_tx_top|zero_padding:u_zero_padding|Mod1" File: D:/New folder/rtl_rom_src (2)/rtl_rom_src/new_zero_padding.v Line: 68
Info (12130): Elaborated megafunction instantiation "css_phy_tx_top:u_css_phy_tx_top|altsyncram:dqpsk_mem_real_rtl_0"
Info (12133): Instantiated megafunction "css_phy_tx_top:u_css_phy_tx_top|altsyncram:dqpsk_mem_real_rtl_0" with the following parameter:
    Info (12134): Parameter "OPERATION_MODE" = "DUAL_PORT"
    Info (12134): Parameter "WIDTH_A" = "1"
    Info (12134): Parameter "WIDTHAD_A" = "10"
    Info (12134): Parameter "NUMWORDS_A" = "1024"
    Info (12134): Parameter "WIDTH_B" = "1"
    Info (12134): Parameter "WIDTHAD_B" = "10"
    Info (12134): Parameter "NUMWORDS_B" = "1024"
    Info (12134): Parameter "ADDRESS_ACLR_A" = "NONE"
    Info (12134): Parameter "OUTDATA_REG_B" = "UNREGISTERED"
    Info (12134): Parameter "ADDRESS_ACLR_B" = "NONE"
    Info (12134): Parameter "OUTDATA_ACLR_B" = "NONE"
    Info (12134): Parameter "ADDRESS_REG_B" = "CLOCK0"
    Info (12134): Parameter "INDATA_ACLR_A" = "NONE"
    Info (12134): Parameter "WRCONTROL_ACLR_A" = "NONE"
Info (12021): Found 1 design units, including 1 entities, in source file db/altsyncram_qoi1.tdf
    Info (12023): Found entity 1: altsyncram_qoi1 File: D:/New folder/rtl_rom_src (2)/rtl_rom_src/db/altsyncram_qoi1.tdf Line: 28
Info (12130): Elaborated megafunction instantiation "css_phy_tx_top:u_css_phy_tx_top|csk_waveform_rom:u_csk_rom|altsyncram:rom_i_rtl_0"
Info (12133): Instantiated megafunction "css_phy_tx_top:u_css_phy_tx_top|csk_waveform_rom:u_csk_rom|altsyncram:rom_i_rtl_0" with the following parameter:
    Info (12134): Parameter "OPERATION_MODE" = "ROM"
    Info (12134): Parameter "WIDTH_A" = "6"
    Info (12134): Parameter "WIDTHAD_A" = "8"
    Info (12134): Parameter "NUMWORDS_A" = "152"
    Info (12134): Parameter "OUTDATA_REG_A" = "UNREGISTERED"
    Info (12134): Parameter "ADDRESS_ACLR_A" = "NONE"
    Info (12134): Parameter "OUTDATA_ACLR_A" = "NONE"
    Info (12134): Parameter "INDATA_ACLR_A" = "NONE"
    Info (12134): Parameter "WRCONTROL_ACLR_A" = "NONE"
    Info (12134): Parameter "INIT_FILE" = "db/css_phy_tx_top_wrapper.ram0_csk_waveform_rom_1d24a08.hdl.mif"
Info (12021): Found 1 design units, including 1 entities, in source file db/altsyncram_tif1.tdf
    Info (12023): Found entity 1: altsyncram_tif1 File: D:/New folder/rtl_rom_src (2)/rtl_rom_src/db/altsyncram_tif1.tdf Line: 28
Info (12130): Elaborated megafunction instantiation "css_phy_tx_top:u_css_phy_tx_top|csk_waveform_rom:u_csk_rom|altsyncram:rom_q_rtl_0"
Info (12133): Instantiated megafunction "css_phy_tx_top:u_css_phy_tx_top|csk_waveform_rom:u_csk_rom|altsyncram:rom_q_rtl_0" with the following parameter:
    Info (12134): Parameter "OPERATION_MODE" = "ROM"
    Info (12134): Parameter "WIDTH_A" = "6"
    Info (12134): Parameter "WIDTHAD_A" = "8"
    Info (12134): Parameter "NUMWORDS_A" = "152"
    Info (12134): Parameter "OUTDATA_REG_A" = "UNREGISTERED"
    Info (12134): Parameter "ADDRESS_ACLR_A" = "NONE"
    Info (12134): Parameter "OUTDATA_ACLR_A" = "NONE"
    Info (12134): Parameter "INDATA_ACLR_A" = "NONE"
    Info (12134): Parameter "WRCONTROL_ACLR_A" = "NONE"
    Info (12134): Parameter "INIT_FILE" = "db/css_phy_tx_top_wrapper.ram1_csk_waveform_rom_1d24a08.hdl.mif"
Info (12021): Found 1 design units, including 1 entities, in source file db/altsyncram_uif1.tdf
    Info (12023): Found entity 1: altsyncram_uif1 File: D:/New folder/rtl_rom_src (2)/rtl_rom_src/db/altsyncram_uif1.tdf Line: 28
Info (12130): Elaborated megafunction instantiation "css_phy_tx_top:u_css_phy_tx_top|lpm_divide:Mod0" File: D:/New folder/rtl_rom_src (2)/rtl_rom_src/css_phy_tx_top.v Line: 277
Info (12133): Instantiated megafunction "css_phy_tx_top:u_css_phy_tx_top|lpm_divide:Mod0" with the following parameter: File: D:/New folder/rtl_rom_src (2)/rtl_rom_src/css_phy_tx_top.v Line: 277
    Info (12134): Parameter "LPM_WIDTHN" = "11"
    Info (12134): Parameter "LPM_WIDTHD" = "3"
    Info (12134): Parameter "LPM_NREPRESENTATION" = "UNSIGNED"
    Info (12134): Parameter "LPM_DREPRESENTATION" = "UNSIGNED"
Info (12021): Found 1 design units, including 1 entities, in source file db/lpm_divide_h3m.tdf
    Info (12023): Found entity 1: lpm_divide_h3m File: D:/New folder/rtl_rom_src (2)/rtl_rom_src/db/lpm_divide_h3m.tdf Line: 25
Info (12021): Found 1 design units, including 1 entities, in source file db/sign_div_unsign_klh.tdf
    Info (12023): Found entity 1: sign_div_unsign_klh File: D:/New folder/rtl_rom_src (2)/rtl_rom_src/db/sign_div_unsign_klh.tdf Line: 25
Info (12021): Found 1 design units, including 1 entities, in source file db/alt_u_div_eve.tdf
    Info (12023): Found entity 1: alt_u_div_eve File: D:/New folder/rtl_rom_src (2)/rtl_rom_src/db/alt_u_div_eve.tdf Line: 23
Info (12130): Elaborated megafunction instantiation "css_phy_tx_top:u_css_phy_tx_top|lpm_divide:Mod1" File: D:/New folder/rtl_rom_src (2)/rtl_rom_src/css_phy_tx_top.v Line: 278
Info (12133): Instantiated megafunction "css_phy_tx_top:u_css_phy_tx_top|lpm_divide:Mod1" with the following parameter: File: D:/New folder/rtl_rom_src (2)/rtl_rom_src/css_phy_tx_top.v Line: 278
    Info (12134): Parameter "LPM_WIDTHN" = "11"
    Info (12134): Parameter "LPM_WIDTHD" = "5"
    Info (12134): Parameter "LPM_NREPRESENTATION" = "UNSIGNED"
    Info (12134): Parameter "LPM_DREPRESENTATION" = "UNSIGNED"
Info (12021): Found 1 design units, including 1 entities, in source file db/lpm_divide_j3m.tdf
    Info (12023): Found entity 1: lpm_divide_j3m File: D:/New folder/rtl_rom_src (2)/rtl_rom_src/db/lpm_divide_j3m.tdf Line: 25
Info (12021): Found 1 design units, including 1 entities, in source file db/sign_div_unsign_mlh.tdf
    Info (12023): Found entity 1: sign_div_unsign_mlh File: D:/New folder/rtl_rom_src (2)/rtl_rom_src/db/sign_div_unsign_mlh.tdf Line: 25
Info (12021): Found 1 design units, including 1 entities, in source file db/alt_u_div_ive.tdf
    Info (12023): Found entity 1: alt_u_div_ive File: D:/New folder/rtl_rom_src (2)/rtl_rom_src/db/alt_u_div_ive.tdf Line: 23
Info (12130): Elaborated megafunction instantiation "css_phy_tx_top:u_css_phy_tx_top|lpm_divide:Div0" File: D:/New folder/rtl_rom_src (2)/rtl_rom_src/css_phy_tx_top.v Line: 287
Info (12133): Instantiated megafunction "css_phy_tx_top:u_css_phy_tx_top|lpm_divide:Div0" with the following parameter: File: D:/New folder/rtl_rom_src (2)/rtl_rom_src/css_phy_tx_top.v Line: 287
    Info (12134): Parameter "LPM_WIDTHN" = "11"
    Info (12134): Parameter "LPM_WIDTHD" = "3"
    Info (12134): Parameter "LPM_NREPRESENTATION" = "UNSIGNED"
    Info (12134): Parameter "LPM_DREPRESENTATION" = "UNSIGNED"
Info (12021): Found 1 design units, including 1 entities, in source file db/lpm_divide_ebm.tdf
    Info (12023): Found entity 1: lpm_divide_ebm File: D:/New folder/rtl_rom_src (2)/rtl_rom_src/db/lpm_divide_ebm.tdf Line: 25
Info (12130): Elaborated megafunction instantiation "css_phy_tx_top:u_css_phy_tx_top|lpm_divide:Div1" File: D:/New folder/rtl_rom_src (2)/rtl_rom_src/css_phy_tx_top.v Line: 290
Info (12133): Instantiated megafunction "css_phy_tx_top:u_css_phy_tx_top|lpm_divide:Div1" with the following parameter: File: D:/New folder/rtl_rom_src (2)/rtl_rom_src/css_phy_tx_top.v Line: 290
    Info (12134): Parameter "LPM_WIDTHN" = "11"
    Info (12134): Parameter "LPM_WIDTHD" = "4"
    Info (12134): Parameter "LPM_NREPRESENTATION" = "UNSIGNED"
    Info (12134): Parameter "LPM_DREPRESENTATION" = "UNSIGNED"
Info (12021): Found 1 design units, including 1 entities, in source file db/lpm_divide_fbm.tdf
    Info (12023): Found entity 1: lpm_divide_fbm File: D:/New folder/rtl_rom_src (2)/rtl_rom_src/db/lpm_divide_fbm.tdf Line: 25
Info (12021): Found 1 design units, including 1 entities, in source file db/sign_div_unsign_llh.tdf
    Info (12023): Found entity 1: sign_div_unsign_llh File: D:/New folder/rtl_rom_src (2)/rtl_rom_src/db/sign_div_unsign_llh.tdf Line: 25
Info (12021): Found 1 design units, including 1 entities, in source file db/alt_u_div_gve.tdf
    Info (12023): Found entity 1: alt_u_div_gve File: D:/New folder/rtl_rom_src (2)/rtl_rom_src/db/alt_u_div_gve.tdf Line: 23
Info (12130): Elaborated megafunction instantiation "css_phy_tx_top:u_css_phy_tx_top|zero_padding:u_zero_padding|lpm_divide:Mod0" File: D:/New folder/rtl_rom_src (2)/rtl_rom_src/new_zero_padding.v Line: 62
Info (12133): Instantiated megafunction "css_phy_tx_top:u_css_phy_tx_top|zero_padding:u_zero_padding|lpm_divide:Mod0" with the following parameter: File: D:/New folder/rtl_rom_src (2)/rtl_rom_src/new_zero_padding.v Line: 62
    Info (12134): Parameter "LPM_WIDTHN" = "12"
    Info (12134): Parameter "LPM_WIDTHD" = "3"
    Info (12134): Parameter "LPM_NREPRESENTATION" = "UNSIGNED"
    Info (12134): Parameter "LPM_DREPRESENTATION" = "UNSIGNED"
Info (12021): Found 1 design units, including 1 entities, in source file db/lpm_divide_i3m.tdf
    Info (12023): Found entity 1: lpm_divide_i3m File: D:/New folder/rtl_rom_src (2)/rtl_rom_src/db/lpm_divide_i3m.tdf Line: 25
Info (12021): Found 1 design units, including 1 entities, in source file db/sign_div_unsign_nlh.tdf
    Info (12023): Found entity 1: sign_div_unsign_nlh File: D:/New folder/rtl_rom_src (2)/rtl_rom_src/db/sign_div_unsign_nlh.tdf Line: 25
Info (12021): Found 1 design units, including 1 entities, in source file db/alt_u_div_hve.tdf
    Info (12023): Found entity 1: alt_u_div_hve File: D:/New folder/rtl_rom_src (2)/rtl_rom_src/db/alt_u_div_hve.tdf Line: 23
Info (12130): Elaborated megafunction instantiation "css_phy_tx_top:u_css_phy_tx_top|zero_padding:u_zero_padding|lpm_divide:Mod1" File: D:/New folder/rtl_rom_src (2)/rtl_rom_src/new_zero_padding.v Line: 68
Info (12133): Instantiated megafunction "css_phy_tx_top:u_css_phy_tx_top|zero_padding:u_zero_padding|lpm_divide:Mod1" with the following parameter: File: D:/New folder/rtl_rom_src (2)/rtl_rom_src/new_zero_padding.v Line: 68
    Info (12134): Parameter "LPM_WIDTHN" = "12"
    Info (12134): Parameter "LPM_WIDTHD" = "5"
    Info (12134): Parameter "LPM_NREPRESENTATION" = "UNSIGNED"
    Info (12134): Parameter "LPM_DREPRESENTATION" = "UNSIGNED"
Info (12021): Found 1 design units, including 1 entities, in source file db/lpm_divide_k3m.tdf
    Info (12023): Found entity 1: lpm_divide_k3m File: D:/New folder/rtl_rom_src (2)/rtl_rom_src/db/lpm_divide_k3m.tdf Line: 25
Info (12021): Found 1 design units, including 1 entities, in source file db/sign_div_unsign_olh.tdf
    Info (12023): Found entity 1: sign_div_unsign_olh File: D:/New folder/rtl_rom_src (2)/rtl_rom_src/db/sign_div_unsign_olh.tdf Line: 25
Info (12021): Found 1 design units, including 1 entities, in source file db/alt_u_div_kve.tdf
    Info (12023): Found entity 1: alt_u_div_kve File: D:/New folder/rtl_rom_src (2)/rtl_rom_src/db/alt_u_div_kve.tdf Line: 23
Warning (12241): 1 hierarchies have connectivity warnings - see the Connectivity Checks report folder
Info (286031): Timing-Driven Synthesis is running on partition "Top"
Info (17049): 75 registers lost all their fanouts during netlist optimizations.
Info (16010): Generating hard_block partition "hard_block:auto_generated_inst"
    Info (16011): Adding 9 node(s), including 0 DDIO, 0 PLL, 0 transceiver and 0 LCELL
Info (21057): Implemented 34436 device resources after synthesis - the final resource count might be different
    Info (21058): Implemented 16 input pins
    Info (21059): Implemented 19 output pins
    Info (21061): Implemented 34385 logic cells
    Info (21064): Implemented 14 RAM segments
    Info (21062): Implemented 1 DSP elements
Info: Quartus Prime Analysis & Synthesis was successful. 0 errors, 36 warnings
    Info: Peak virtual memory: 5524 megabytes
    Info: Processing ended: Thu Sep 17 06:48:47 2026
    Info: Elapsed time: 00:04:25
    Info: Total CPU time (on all processors): 00:03:24


