


                              IC Compiler II (TM)

             Version O-2018.06-SP1 for linux64 - Jul 17, 2018 -SLE

                    Copyright (c) 1988 - 2018 Synopsys, Inc.
   This software and the associated documentation are proprietary to Synopsys,
 Inc. This software may only be used in accordance with the terms and conditions
 of a written license agreement with Synopsys, Inc. All other use, reproduction,
            or distribution of this software is strictly prohibited.

##########################setup#########################
set design      "css_phy_tx_top"
css_phy_tx_top
set prev_stage    "placement"
placement
set current_stage "cts"
cts
########################open########################
open_block ../../design_lib/dlib/${design}.dlib:${design}_${prev_stage}.design
Information: User units loaded from library 'saed90nm_max' (LNK-040)
Opening block 'css_phy_tx_top.dlib:css_phy_tx_top_placement.design' in edit mode
Information: loading PG routing via master rules, patterns, strategies and strategy via rules.
{css_phy_tx_top.dlib:css_phy_tx_top_placement.design}
copy_block -from_block ${design}_${prev_stage}.design -to_block ${design}_${current_stage}.design
Information: Overwriting block 'css_phy_tx_top_cts.design' in library 'css_phy_tx_top.dlib'. (DES-025)
{css_phy_tx_top.dlib:css_phy_tx_top_cts.design}
current_block ${design}_${current_stage}.design
{css_phy_tx_top.dlib:css_phy_tx_top_cts.design}
##########################CTS#################################
set_host_option -max_cores 4
1
report_qor -summary       
Using libraries: css_phy_tx_top.dlib saed90nm_max saed90_ndm_physical_only
Visiting block css_phy_tx_top.dlib:css_phy_tx_top_cts.design
Design 'css_phy_tx_top' was successfully linked.
****************************************
Report : qor
        -summary
Design : css_phy_tx_top
Version: O-2018.06-SP1
Date   : Fri Sep 18 06:34:24 2026
****************************************
************************************************************
Timer Settings:
Delay Calculation Style:                   auto
Signal Integrity Analysis:                 disabled
Timing Window Analysis:                    disabled
Advanced Waveform Propagation:             disabled
Variation Type:                            fixed_derate
Clock Reconvergence Pessimism Removal:     disabled
Advanced Receiver Model:                   disabled
************************************************************
Information: Corner default: no PVT mismatches. (PVT-032)
Information: The stitching and editing of coupling caps is turned OFF for design 'css_phy_tx_top.dlib:css_phy_tx_top_cts.design'. (TIM-125)
Information: Design Average RC for design css_phy_tx_top_cts  (NEX-011)
Information: r = 0.530275 ohm/um, via_r = 0.872862 ohm/cut, c = 0.097662 ff/um, cc = 0.000000 ff/um (X dir) (NEX-017)
Information: r = 0.562500 ohm/um, via_r = 0.880006 ohm/cut, c = 0.114303 ff/um, cc = 0.000000 ff/um (Y dir) (NEX-017)
Information: The RC mode used is VR for design 'css_phy_tx_top'. (NEX-022)
Information: Update timing completed net estimation for all the timing graph nets (TIM-111)
Information: Net estimation statistics: timing graph nets = 45291, routed nets = 0, across physical hierarchy nets = 0, parasitics cached nets = 1685, delay annotated nets = 0, parasitics annotated nets = 0, multi-voltage nets = 0. (TIM-112)

Timing
---------------------------------------------------------------------------
Context                                 WNS            TNS            NVE
---------------------------------------------------------------------------
Design             (Setup)           671.79           0.00              0

Design             (Hold)             -1.23      -17199.72          19466
---------------------------------------------------------------------------

Miscellaneous
---------------------------------------------------------------------------
Cell Area (netlist):                         542986.44
Cell Area (netlist and physical only):       542986.44
Nets with DRC Violations:        0
1
report_clocks
****************************************
Report : clock
Design : css_phy_tx_top
Mode   : default
Version: O-2018.06-SP1
Date   : Fri Sep 18 06:34:27 2026
****************************************


Attributes:
    p - Propagated clock
    G - Generated  clock
    U - Unexpanded generated clock

Clock          Period   Waveform            Attrs     Sources
--------------------------------------------------------------------------------
CLK            1000.00  {0 500}                       {clk}
SCAN_CLK       1000.00  {0 500}                       {scan_clk}

1
set_ignored_layers -max_routing_layer M7 -min_routing_layer M2
Information: The net parasitics of block css_phy_tx_top are cleared. (TIM-123)
1
set_lib_cell_purpose -exclude cts  [get_lib_cells */*]
Information: The design specific attribute override for lib_cell 'saed90nm_max:AND2X1.timing' is set in the current block 'css_phy_tx_top_cts', because the actual library setting may not be overwritten. (ATTR-12)
Information: The design specific attribute override for lib_cell 'saed90nm_max:AND2X2.timing' is set in the current block 'css_phy_tx_top_cts', because the actual library setting may not be overwritten. (ATTR-12)
Information: The design specific attribute override for lib_cell 'saed90nm_max:AND2X4.timing' is set in the current block 'css_phy_tx_top_cts', because the actual library setting may not be overwritten. (ATTR-12)
Information: The design specific attribute override for lib_cell 'saed90nm_max:AND3X1.timing' is set in the current block 'css_phy_tx_top_cts', because the actual library setting may not be overwritten. (ATTR-12)
Information: The design specific attribute override for lib_cell 'saed90nm_max:AND3X2.timing' is set in the current block 'css_phy_tx_top_cts', because the actual library setting may not be overwritten. (ATTR-12)
Information: The design specific attribute override for lib_cell 'saed90nm_max:AND3X4.timing' is set in the current block 'css_phy_tx_top_cts', because the actual library setting may not be overwritten. (ATTR-12)
Information: The design specific attribute override for lib_cell 'saed90nm_max:AND4X1.timing' is set in the current block 'css_phy_tx_top_cts', because the actual library setting may not be overwritten. (ATTR-12)
Information: The design specific attribute override for lib_cell 'saed90nm_max:AND4X2.timing' is set in the current block 'css_phy_tx_top_cts', because the actual library setting may not be overwritten. (ATTR-12)
Information: The design specific attribute override for lib_cell 'saed90nm_max:AND4X4.timing' is set in the current block 'css_phy_tx_top_cts', because the actual library setting may not be overwritten. (ATTR-12)
Information: The design specific attribute override for lib_cell 'saed90nm_max:ANTENNA.timing' is set in the current block 'css_phy_tx_top_cts', because the actual library setting may not be overwritten. (ATTR-12)
Information: The design specific attribute override for lib_cell 'saed90nm_max:AO21X1.timing' is set in the current block 'css_phy_tx_top_cts', because the actual library setting may not be overwritten. (ATTR-12)
Information: The design specific attribute override for lib_cell 'saed90nm_max:AO21X2.timing' is set in the current block 'css_phy_tx_top_cts', because the actual library setting may not be overwritten. (ATTR-12)
Information: The design specific attribute override for lib_cell 'saed90nm_max:AO221X1.timing' is set in the current block 'css_phy_tx_top_cts', because the actual library setting may not be overwritten. (ATTR-12)
Information: The design specific attribute override for lib_cell 'saed90nm_max:AO221X2.timing' is set in the current block 'css_phy_tx_top_cts', because the actual library setting may not be overwritten. (ATTR-12)
Information: The design specific attribute override for lib_cell 'saed90nm_max:AO222X1.timing' is set in the current block 'css_phy_tx_top_cts', because the actual library setting may not be overwritten. (ATTR-12)
Information: The design specific attribute override for lib_cell 'saed90nm_max:AO222X2.timing' is set in the current block 'css_phy_tx_top_cts', because the actual library setting may not be overwritten. (ATTR-12)
Information: The design specific attribute override for lib_cell 'saed90nm_max:AO22X1.timing' is set in the current block 'css_phy_tx_top_cts', because the actual library setting may not be overwritten. (ATTR-12)
Information: The design specific attribute override for lib_cell 'saed90nm_max:AO22X2.timing' is set in the current block 'css_phy_tx_top_cts', because the actual library setting may not be overwritten. (ATTR-12)
Information: The design specific attribute override for lib_cell 'saed90nm_max:AOBUFX1.timing' is set in the current block 'css_phy_tx_top_cts', because the actual library setting may not be overwritten. (ATTR-12)
Information: The design specific attribute override for lib_cell 'saed90nm_max:AOBUFX2.timing' is set in the current block 'css_phy_tx_top_cts', because the actual library setting may not be overwritten. (ATTR-12)
Information: The design specific attribute override for lib_cell 'saed90nm_max:AOBUFX4.timing' is set in the current block 'css_phy_tx_top_cts', because the actual library setting may not be overwritten. (ATTR-12)
Information: The design specific attribute override for lib_cell 'saed90nm_max:AODFFARX1.timing' is set in the current block 'css_phy_tx_top_cts', because the actual library setting may not be overwritten. (ATTR-12)
Information: The design specific attribute override for lib_cell 'saed90nm_max:AODFFARX2.timing' is set in the current block 'css_phy_tx_top_cts', because the actual library setting may not be overwritten. (ATTR-12)
Information: The design specific attribute override for lib_cell 'saed90nm_max:AODFFNARX1.timing' is set in the current block 'css_phy_tx_top_cts', because the actual library setting may not be overwritten. (ATTR-12)
Information: The design specific attribute override for lib_cell 'saed90nm_max:AODFFNARX2.timing' is set in the current block 'css_phy_tx_top_cts', because the actual library setting may not be overwritten. (ATTR-12)
Information: The design specific attribute override for lib_cell 'saed90nm_max:AOI21X1.timing' is set in the current block 'css_phy_tx_top_cts', because the actual library setting may not be overwritten. (ATTR-12)
Information: The design specific attribute override for lib_cell 'saed90nm_max:AOI21X2.timing' is set in the current block 'css_phy_tx_top_cts', because the actual library setting may not be overwritten. (ATTR-12)
Information: The design specific attribute override for lib_cell 'saed90nm_max:AOI221X1.timing' is set in the current block 'css_phy_tx_top_cts', because the actual library setting may not be overwritten. (ATTR-12)
Information: The design specific attribute override for lib_cell 'saed90nm_max:AOI221X2.timing' is set in the current block 'css_phy_tx_top_cts', because the actual library setting may not be overwritten. (ATTR-12)
Information: The design specific attribute override for lib_cell 'saed90nm_max:AOI222X1.timing' is set in the current block 'css_phy_tx_top_cts', because the actual library setting may not be overwritten. (ATTR-12)
Information: The design specific attribute override for lib_cell 'saed90nm_max:AOI222X2.timing' is set in the current block 'css_phy_tx_top_cts', because the actual library setting may not be overwritten. (ATTR-12)
Information: The design specific attribute override for lib_cell 'saed90nm_max:AOI22X1.timing' is set in the current block 'css_phy_tx_top_cts', because the actual library setting may not be overwritten. (ATTR-12)
Information: The design specific attribute override for lib_cell 'saed90nm_max:AOI22X2.timing' is set in the current block 'css_phy_tx_top_cts', because the actual library setting may not be overwritten. (ATTR-12)
Information: The design specific attribute override for lib_cell 'saed90nm_max:AOINVX1.timing' is set in the current block 'css_phy_tx_top_cts', because the actual library setting may not be overwritten. (ATTR-12)
Information: The design specific attribute override for lib_cell 'saed90nm_max:AOINVX2.timing' is set in the current block 'css_phy_tx_top_cts', because the actual library setting may not be overwritten. (ATTR-12)
Information: The design specific attribute override for lib_cell 'saed90nm_max:AOINVX4.timing' is set in the current block 'css_phy_tx_top_cts', because the actual library setting may not be overwritten. (ATTR-12)
Information: The design specific attribute override for lib_cell 'saed90nm_max:BSLEX1.timing' is set in the current block 'css_phy_tx_top_cts', because the actual library setting may not be overwritten. (ATTR-12)
Information: The design specific attribute override for lib_cell 'saed90nm_max:BSLEX2.timing' is set in the current block 'css_phy_tx_top_cts', because the actual library setting may not be overwritten. (ATTR-12)
Information: The design specific attribute override for lib_cell 'saed90nm_max:BSLEX4.timing' is set in the current block 'css_phy_tx_top_cts', because the actual library setting may not be overwritten. (ATTR-12)
Information: The design specific attribute override for lib_cell 'saed90nm_max:BUSKP.timing' is set in the current block 'css_phy_tx_top_cts', because the actual library setting may not be overwritten. (ATTR-12)
Information: The design specific attribute override for lib_cell 'saed90nm_max:CLOAD1.timing' is set in the current block 'css_phy_tx_top_cts', because the actual library setting may not be overwritten. (ATTR-12)
Information: The design specific attribute override for lib_cell 'saed90nm_max:DCAP.timing' is set in the current block 'css_phy_tx_top_cts', because the actual library setting may not be overwritten. (ATTR-12)
Information: The design specific attribute override for lib_cell 'saed90nm_max:DEC24X1.timing' is set in the current block 'css_phy_tx_top_cts', because the actual library setting may not be overwritten. (ATTR-12)
Information: The design specific attribute override for lib_cell 'saed90nm_max:DEC24X2.timing' is set in the current block 'css_phy_tx_top_cts', because the actual library setting may not be overwritten. (ATTR-12)
Information: The design specific attribute override for lib_cell 'saed90nm_max:DELLN1X2.timing' is set in the current block 'css_phy_tx_top_cts', because the actual library setting may not be overwritten. (ATTR-12)
Information: The design specific attribute override for lib_cell 'saed90nm_max:DELLN2X2.timing' is set in the current block 'css_phy_tx_top_cts', because the actual library setting may not be overwritten. (ATTR-12)
Information: The design specific attribute override for lib_cell 'saed90nm_max:DELLN3X2.timing' is set in the current block 'css_phy_tx_top_cts', because the actual library setting may not be overwritten. (ATTR-12)
Information: The design specific attribute override for lib_cell 'saed90nm_max:DFFARX1.timing' is set in the current block 'css_phy_tx_top_cts', because the actual library setting may not be overwritten. (ATTR-12)
Information: The design specific attribute override for lib_cell 'saed90nm_max:DFFARX2.timing' is set in the current block 'css_phy_tx_top_cts', because the actual library setting may not be overwritten. (ATTR-12)
Information: The design specific attribute override for lib_cell 'saed90nm_max:DFFASRX1.timing' is set in the current block 'css_phy_tx_top_cts', because the actual library setting may not be overwritten. (ATTR-12)
Information: The design specific attribute override for lib_cell 'saed90nm_max:DFFASRX2.timing' is set in the current block 'css_phy_tx_top_cts', because the actual library setting may not be overwritten. (ATTR-12)
Information: The design specific attribute override for lib_cell 'saed90nm_max:DFFASX1.timing' is set in the current block 'css_phy_tx_top_cts', because the actual library setting may not be overwritten. (ATTR-12)
Information: The design specific attribute override for lib_cell 'saed90nm_max:DFFASX2.timing' is set in the current block 'css_phy_tx_top_cts', because the actual library setting may not be overwritten. (ATTR-12)
Information: The design specific attribute override for lib_cell 'saed90nm_max:DFFNARX1.timing' is set in the current block 'css_phy_tx_top_cts', because the actual library setting may not be overwritten. (ATTR-12)
Information: The design specific attribute override for lib_cell 'saed90nm_max:DFFNARX2.timing' is set in the current block 'css_phy_tx_top_cts', because the actual library setting may not be overwritten. (ATTR-12)
Information: The design specific attribute override for lib_cell 'saed90nm_max:DFFNASRNX1.timing' is set in the current block 'css_phy_tx_top_cts', because the actual library setting may not be overwritten. (ATTR-12)
Information: The design specific attribute override for lib_cell 'saed90nm_max:DFFNASRNX2.timing' is set in the current block 'css_phy_tx_top_cts', because the actual library setting may not be overwritten. (ATTR-12)
Information: The design specific attribute override for lib_cell 'saed90nm_max:DFFNASRQX1.timing' is set in the current block 'css_phy_tx_top_cts', because the actual library setting may not be overwritten. (ATTR-12)
Information: The design specific attribute override for lib_cell 'saed90nm_max:DFFNASRQX2.timing' is set in the current block 'css_phy_tx_top_cts', because the actual library setting may not be overwritten. (ATTR-12)
Information: The design specific attribute override for lib_cell 'saed90nm_max:DFFNASRX1.timing' is set in the current block 'css_phy_tx_top_cts', because the actual library setting may not be overwritten. (ATTR-12)
Information: The design specific attribute override for lib_cell 'saed90nm_max:DFFNASRX2.timing' is set in the current block 'css_phy_tx_top_cts', because the actual library setting may not be overwritten. (ATTR-12)
Information: The design specific attribute override for lib_cell 'saed90nm_max:DFFNASX1.timing' is set in the current block 'css_phy_tx_top_cts', because the actual library setting may not be overwritten. (ATTR-12)
Information: The design specific attribute override for lib_cell 'saed90nm_max:DFFNASX2.timing' is set in the current block 'css_phy_tx_top_cts', because the actual library setting may not be overwritten. (ATTR-12)
Information: The design specific attribute override for lib_cell 'saed90nm_max:DFFNX1.timing' is set in the current block 'css_phy_tx_top_cts', because the actual library setting may not be overwritten. (ATTR-12)
Information: The design specific attribute override for lib_cell 'saed90nm_max:DFFNX2.timing' is set in the current block 'css_phy_tx_top_cts', because the actual library setting may not be overwritten. (ATTR-12)
Information: The design specific attribute override for lib_cell 'saed90nm_max:DFFSSRX1.timing' is set in the current block 'css_phy_tx_top_cts', because the actual library setting may not be overwritten. (ATTR-12)
Information: The design specific attribute override for lib_cell 'saed90nm_max:DFFSSRX2.timing' is set in the current block 'css_phy_tx_top_cts', because the actual library setting may not be overwritten. (ATTR-12)
Information: The design specific attribute override for lib_cell 'saed90nm_max:DFFX1.timing' is set in the current block 'css_phy_tx_top_cts', because the actual library setting may not be overwritten. (ATTR-12)
Information: The design specific attribute override for lib_cell 'saed90nm_max:DFFX2.timing' is set in the current block 'css_phy_tx_top_cts', because the actual library setting may not be overwritten. (ATTR-12)
Information: The design specific attribute override for lib_cell 'saed90nm_max:DHFILLHLH2.timing' is set in the current block 'css_phy_tx_top_cts', because the actual library setting may not be overwritten. (ATTR-12)
Information: The design specific attribute override for lib_cell 'saed90nm_max:DHFILLHLHLS11.timing' is set in the current block 'css_phy_tx_top_cts', because the actual library setting may not be overwritten. (ATTR-12)
Information: The design specific attribute override for lib_cell 'saed90nm_max:DHFILLLHL2.timing' is set in the current block 'css_phy_tx_top_cts', because the actual library setting may not be overwritten. (ATTR-12)
Information: The design specific attribute override for lib_cell 'saed90nm_max:FADDX1.timing' is set in the current block 'css_phy_tx_top_cts', because the actual library setting may not be overwritten. (ATTR-12)
Information: The design specific attribute override for lib_cell 'saed90nm_max:FADDX2.timing' is set in the current block 'css_phy_tx_top_cts', because the actual library setting may not be overwritten. (ATTR-12)
Information: The design specific attribute override for lib_cell 'saed90nm_max:HADDX1.timing' is set in the current block 'css_phy_tx_top_cts', because the actual library setting may not be overwritten. (ATTR-12)
Information: The design specific attribute override for lib_cell 'saed90nm_max:HADDX2.timing' is set in the current block 'css_phy_tx_top_cts', because the actual library setting may not be overwritten. (ATTR-12)
Information: The design specific attribute override for lib_cell 'saed90nm_max:HEAD2X16.timing' is set in the current block 'css_phy_tx_top_cts', because the actual library setting may not be overwritten. (ATTR-12)
Information: The design specific attribute override for lib_cell 'saed90nm_max:HEAD2X2.timing' is set in the current block 'css_phy_tx_top_cts', because the actual library setting may not be overwritten. (ATTR-12)
Information: The design specific attribute override for lib_cell 'saed90nm_max:HEAD2X32.timing' is set in the current block 'css_phy_tx_top_cts', because the actual library setting may not be overwritten. (ATTR-12)
Information: The design specific attribute override for lib_cell 'saed90nm_max:HEAD2X4.timing' is set in the current block 'css_phy_tx_top_cts', because the actual library setting may not be overwritten. (ATTR-12)
Information: The design specific attribute override for lib_cell 'saed90nm_max:HEAD2X8.timing' is set in the current block 'css_phy_tx_top_cts', because the actual library setting may not be overwritten. (ATTR-12)
Information: The design specific attribute override for lib_cell 'saed90nm_max:HEADX16.timing' is set in the current block 'css_phy_tx_top_cts', because the actual library setting may not be overwritten. (ATTR-12)
Information: The design specific attribute override for lib_cell 'saed90nm_max:HEADX2.timing' is set in the current block 'css_phy_tx_top_cts', because the actual library setting may not be overwritten. (ATTR-12)
Information: The design specific attribute override for lib_cell 'saed90nm_max:HEADX32.timing' is set in the current block 'css_phy_tx_top_cts', because the actual library setting may not be overwritten. (ATTR-12)
Information: The design specific attribute override for lib_cell 'saed90nm_max:HEADX4.timing' is set in the current block 'css_phy_tx_top_cts', because the actual library setting may not be overwritten. (ATTR-12)
Information: The design specific attribute override for lib_cell 'saed90nm_max:HEADX8.timing' is set in the current block 'css_phy_tx_top_cts', because the actual library setting may not be overwritten. (ATTR-12)
Information: The design specific attribute override for lib_cell 'saed90nm_max:IBUFFX16.timing' is set in the current block 'css_phy_tx_top_cts', because the actual library setting may not be overwritten. (ATTR-12)
Information: The design specific attribute override for lib_cell 'saed90nm_max:IBUFFX2.timing' is set in the current block 'css_phy_tx_top_cts', because the actual library setting may not be overwritten. (ATTR-12)
Information: The design specific attribute override for lib_cell 'saed90nm_max:IBUFFX32.timing' is set in the current block 'css_phy_tx_top_cts', because the actual library setting may not be overwritten. (ATTR-12)
Information: The design specific attribute override for lib_cell 'saed90nm_max:IBUFFX4.timing' is set in the current block 'css_phy_tx_top_cts', because the actual library setting may not be overwritten. (ATTR-12)
Information: The design specific attribute override for lib_cell 'saed90nm_max:IBUFFX8.timing' is set in the current block 'css_phy_tx_top_cts', because the actual library setting may not be overwritten. (ATTR-12)
Information: The design specific attribute override for lib_cell 'saed90nm_max:INVX0.timing' is set in the current block 'css_phy_tx_top_cts', because the actual library setting may not be overwritten. (ATTR-12)
Information: The design specific attribute override for lib_cell 'saed90nm_max:INVX1.timing' is set in the current block 'css_phy_tx_top_cts', because the actual library setting may not be overwritten. (ATTR-12)
Information: The design specific attribute override for lib_cell 'saed90nm_max:INVX16.timing' is set in the current block 'css_phy_tx_top_cts', because the actual library setting may not be overwritten. (ATTR-12)
Information: The design specific attribute override for lib_cell 'saed90nm_max:INVX2.timing' is set in the current block 'css_phy_tx_top_cts', because the actual library setting may not be overwritten. (ATTR-12)
Information: The design specific attribute override for lib_cell 'saed90nm_max:INVX32.timing' is set in the current block 'css_phy_tx_top_cts', because the actual library setting may not be overwritten. (ATTR-12)
Information: The design specific attribute override for lib_cell 'saed90nm_max:INVX4.timing' is set in the current block 'css_phy_tx_top_cts', because the actual library setting may not be overwritten. (ATTR-12)
Information: The design specific attribute override for lib_cell 'saed90nm_max:INVX8.timing' is set in the current block 'css_phy_tx_top_cts', because the actual library setting may not be overwritten. (ATTR-12)
Information: The design specific attribute override for lib_cell 'saed90nm_max:ISOLANDX1.timing' is set in the current block 'css_phy_tx_top_cts', because the actual library setting may not be overwritten. (ATTR-12)
Information: The design specific attribute override for lib_cell 'saed90nm_max:ISOLANDX2.timing' is set in the current block 'css_phy_tx_top_cts', because the actual library setting may not be overwritten. (ATTR-12)
Information: The design specific attribute override for lib_cell 'saed90nm_max:ISOLANDX4.timing' is set in the current block 'css_phy_tx_top_cts', because the actual library setting may not be overwritten. (ATTR-12)
Information: The design specific attribute override for lib_cell 'saed90nm_max:ISOLANDX8.timing' is set in the current block 'css_phy_tx_top_cts', because the actual library setting may not be overwritten. (ATTR-12)
Information: The design specific attribute override for lib_cell 'saed90nm_max:ISOLORX1.timing' is set in the current block 'css_phy_tx_top_cts', because the actual library setting may not be overwritten. (ATTR-12)
Information: The design specific attribute override for lib_cell 'saed90nm_max:ISOLORX2.timing' is set in the current block 'css_phy_tx_top_cts', because the actual library setting may not be overwritten. (ATTR-12)
Information: The design specific attribute override for lib_cell 'saed90nm_max:ISOLORX4.timing' is set in the current block 'css_phy_tx_top_cts', because the actual library setting may not be overwritten. (ATTR-12)
Information: The design specific attribute override for lib_cell 'saed90nm_max:ISOLORX8.timing' is set in the current block 'css_phy_tx_top_cts', because the actual library setting may not be overwritten. (ATTR-12)
Information: The design specific attribute override for lib_cell 'saed90nm_max:LARX1.timing' is set in the current block 'css_phy_tx_top_cts', because the actual library setting may not be overwritten. (ATTR-12)
Information: The design specific attribute override for lib_cell 'saed90nm_max:LARX2.timing' is set in the current block 'css_phy_tx_top_cts', because the actual library setting may not be overwritten. (ATTR-12)
Information: The design specific attribute override for lib_cell 'saed90nm_max:LASRNX1.timing' is set in the current block 'css_phy_tx_top_cts', because the actual library setting may not be overwritten. (ATTR-12)
Information: The design specific attribute override for lib_cell 'saed90nm_max:LASRNX2.timing' is set in the current block 'css_phy_tx_top_cts', because the actual library setting may not be overwritten. (ATTR-12)
Information: The design specific attribute override for lib_cell 'saed90nm_max:LASRQX1.timing' is set in the current block 'css_phy_tx_top_cts', because the actual library setting may not be overwritten. (ATTR-12)
Information: The design specific attribute override for lib_cell 'saed90nm_max:LASRQX2.timing' is set in the current block 'css_phy_tx_top_cts', because the actual library setting may not be overwritten. (ATTR-12)
Information: The design specific attribute override for lib_cell 'saed90nm_max:LASRX1.timing' is set in the current block 'css_phy_tx_top_cts', because the actual library setting may not be overwritten. (ATTR-12)
Information: The design specific attribute override for lib_cell 'saed90nm_max:LASRX2.timing' is set in the current block 'css_phy_tx_top_cts', because the actual library setting may not be overwritten. (ATTR-12)
Information: The design specific attribute override for lib_cell 'saed90nm_max:LASX1.timing' is set in the current block 'css_phy_tx_top_cts', because the actual library setting may not be overwritten. (ATTR-12)
Information: The design specific attribute override for lib_cell 'saed90nm_max:LASX2.timing' is set in the current block 'css_phy_tx_top_cts', because the actual library setting may not be overwritten. (ATTR-12)
Information: The design specific attribute override for lib_cell 'saed90nm_max:LATCHX1.timing' is set in the current block 'css_phy_tx_top_cts', because the actual library setting may not be overwritten. (ATTR-12)
Information: The design specific attribute override for lib_cell 'saed90nm_max:LATCHX2.timing' is set in the current block 'css_phy_tx_top_cts', because the actual library setting may not be overwritten. (ATTR-12)
Information: The design specific attribute override for lib_cell 'saed90nm_max:LNANDX1.timing' is set in the current block 'css_phy_tx_top_cts', because the actual library setting may not be overwritten. (ATTR-12)
Information: The design specific attribute override for lib_cell 'saed90nm_max:LNANDX2.timing' is set in the current block 'css_phy_tx_top_cts', because the actual library setting may not be overwritten. (ATTR-12)
Information: The design specific attribute override for lib_cell 'saed90nm_max:MUX21X1.timing' is set in the current block 'css_phy_tx_top_cts', because the actual library setting may not be overwritten. (ATTR-12)
Information: The design specific attribute override for lib_cell 'saed90nm_max:MUX21X2.timing' is set in the current block 'css_phy_tx_top_cts', because the actual library setting may not be overwritten. (ATTR-12)
Information: The design specific attribute override for lib_cell 'saed90nm_max:MUX41X1.timing' is set in the current block 'css_phy_tx_top_cts', because the actual library setting may not be overwritten. (ATTR-12)
Information: The design specific attribute override for lib_cell 'saed90nm_max:MUX41X2.timing' is set in the current block 'css_phy_tx_top_cts', because the actual library setting may not be overwritten. (ATTR-12)
Information: The design specific attribute override for lib_cell 'saed90nm_max:NAND2X0.timing' is set in the current block 'css_phy_tx_top_cts', because the actual library setting may not be overwritten. (ATTR-12)
Information: The design specific attribute override for lib_cell 'saed90nm_max:NAND2X1.timing' is set in the current block 'css_phy_tx_top_cts', because the actual library setting may not be overwritten. (ATTR-12)
Information: The design specific attribute override for lib_cell 'saed90nm_max:NAND2X2.timing' is set in the current block 'css_phy_tx_top_cts', because the actual library setting may not be overwritten. (ATTR-12)
Information: The design specific attribute override for lib_cell 'saed90nm_max:NAND2X4.timing' is set in the current block 'css_phy_tx_top_cts', because the actual library setting may not be overwritten. (ATTR-12)
Information: The design specific attribute override for lib_cell 'saed90nm_max:NAND3X0.timing' is set in the current block 'css_phy_tx_top_cts', because the actual library setting may not be overwritten. (ATTR-12)
Information: The design specific attribute override for lib_cell 'saed90nm_max:NAND3X1.timing' is set in the current block 'css_phy_tx_top_cts', because the actual library setting may not be overwritten. (ATTR-12)
Information: The design specific attribute override for lib_cell 'saed90nm_max:NAND3X2.timing' is set in the current block 'css_phy_tx_top_cts', because the actual library setting may not be overwritten. (ATTR-12)
Information: The design specific attribute override for lib_cell 'saed90nm_max:NAND3X4.timing' is set in the current block 'css_phy_tx_top_cts', because the actual library setting may not be overwritten. (ATTR-12)
Information: The design specific attribute override for lib_cell 'saed90nm_max:NAND4X0.timing' is set in the current block 'css_phy_tx_top_cts', because the actual library setting may not be overwritten. (ATTR-12)
Information: The design specific attribute override for lib_cell 'saed90nm_max:NAND4X1.timing' is set in the current block 'css_phy_tx_top_cts', because the actual library setting may not be overwritten. (ATTR-12)
Information: The design specific attribute override for lib_cell 'saed90nm_max:NBUFFX16.timing' is set in the current block 'css_phy_tx_top_cts', because the actual library setting may not be overwritten. (ATTR-12)
Information: The design specific attribute override for lib_cell 'saed90nm_max:NBUFFX2.timing' is set in the current block 'css_phy_tx_top_cts', because the actual library setting may not be overwritten. (ATTR-12)
Information: The design specific attribute override for lib_cell 'saed90nm_max:NBUFFX32.timing' is set in the current block 'css_phy_tx_top_cts', because the actual library setting may not be overwritten. (ATTR-12)
Information: The design specific attribute override for lib_cell 'saed90nm_max:NBUFFX4.timing' is set in the current block 'css_phy_tx_top_cts', because the actual library setting may not be overwritten. (ATTR-12)
Information: The design specific attribute override for lib_cell 'saed90nm_max:NBUFFX8.timing' is set in the current block 'css_phy_tx_top_cts', because the actual library setting may not be overwritten. (ATTR-12)
Information: The design specific attribute override for lib_cell 'saed90nm_max:NMT1.timing' is set in the current block 'css_phy_tx_top_cts', because the actual library setting may not be overwritten. (ATTR-12)
Information: The design specific attribute override for lib_cell 'saed90nm_max:NMT2.timing' is set in the current block 'css_phy_tx_top_cts', because the actual library setting may not be overwritten. (ATTR-12)
Information: The design specific attribute override for lib_cell 'saed90nm_max:NMT3.timing' is set in the current block 'css_phy_tx_top_cts', because the actual library setting may not be overwritten. (ATTR-12)
Information: The design specific attribute override for lib_cell 'saed90nm_max:NOR2X0.timing' is set in the current block 'css_phy_tx_top_cts', because the actual library setting may not be overwritten. (ATTR-12)
Information: The design specific attribute override for lib_cell 'saed90nm_max:NOR2X1.timing' is set in the current block 'css_phy_tx_top_cts', because the actual library setting may not be overwritten. (ATTR-12)
Information: The design specific attribute override for lib_cell 'saed90nm_max:NOR2X2.timing' is set in the current block 'css_phy_tx_top_cts', because the actual library setting may not be overwritten. (ATTR-12)
Information: The design specific attribute override for lib_cell 'saed90nm_max:NOR2X4.timing' is set in the current block 'css_phy_tx_top_cts', because the actual library setting may not be overwritten. (ATTR-12)
Information: The design specific attribute override for lib_cell 'saed90nm_max:NOR3X0.timing' is set in the current block 'css_phy_tx_top_cts', because the actual library setting may not be overwritten. (ATTR-12)
Information: The design specific attribute override for lib_cell 'saed90nm_max:NOR3X1.timing' is set in the current block 'css_phy_tx_top_cts', because the actual library setting may not be overwritten. (ATTR-12)
Information: The design specific attribute override for lib_cell 'saed90nm_max:NOR3X2.timing' is set in the current block 'css_phy_tx_top_cts', because the actual library setting may not be overwritten. (ATTR-12)
Information: The design specific attribute override for lib_cell 'saed90nm_max:NOR3X4.timing' is set in the current block 'css_phy_tx_top_cts', because the actual library setting may not be overwritten. (ATTR-12)
Information: The design specific attribute override for lib_cell 'saed90nm_max:NOR4X0.timing' is set in the current block 'css_phy_tx_top_cts', because the actual library setting may not be overwritten. (ATTR-12)
Information: The design specific attribute override for lib_cell 'saed90nm_max:NOR4X1.timing' is set in the current block 'css_phy_tx_top_cts', because the actual library setting may not be overwritten. (ATTR-12)
Information: The design specific attribute override for lib_cell 'saed90nm_max:OA21X1.timing' is set in the current block 'css_phy_tx_top_cts', because the actual library setting may not be overwritten. (ATTR-12)
Information: The design specific attribute override for lib_cell 'saed90nm_max:OA21X2.timing' is set in the current block 'css_phy_tx_top_cts', because the actual library setting may not be overwritten. (ATTR-12)
Information: The design specific attribute override for lib_cell 'saed90nm_max:OA221X1.timing' is set in the current block 'css_phy_tx_top_cts', because the actual library setting may not be overwritten. (ATTR-12)
Information: The design specific attribute override for lib_cell 'saed90nm_max:OA221X2.timing' is set in the current block 'css_phy_tx_top_cts', because the actual library setting may not be overwritten. (ATTR-12)
Information: The design specific attribute override for lib_cell 'saed90nm_max:OA222X1.timing' is set in the current block 'css_phy_tx_top_cts', because the actual library setting may not be overwritten. (ATTR-12)
Information: The design specific attribute override for lib_cell 'saed90nm_max:OA222X2.timing' is set in the current block 'css_phy_tx_top_cts', because the actual library setting may not be overwritten. (ATTR-12)
Information: The design specific attribute override for lib_cell 'saed90nm_max:OA22X1.timing' is set in the current block 'css_phy_tx_top_cts', because the actual library setting may not be overwritten. (ATTR-12)
Information: The design specific attribute override for lib_cell 'saed90nm_max:OA22X2.timing' is set in the current block 'css_phy_tx_top_cts', because the actual library setting may not be overwritten. (ATTR-12)
Information: The design specific attribute override for lib_cell 'saed90nm_max:OAI21X1.timing' is set in the current block 'css_phy_tx_top_cts', because the actual library setting may not be overwritten. (ATTR-12)
Information: The design specific attribute override for lib_cell 'saed90nm_max:OAI21X2.timing' is set in the current block 'css_phy_tx_top_cts', because the actual library setting may not be overwritten. (ATTR-12)
Information: The design specific attribute override for lib_cell 'saed90nm_max:OAI221X1.timing' is set in the current block 'css_phy_tx_top_cts', because the actual library setting may not be overwritten. (ATTR-12)
Information: The design specific attribute override for lib_cell 'saed90nm_max:OAI221X2.timing' is set in the current block 'css_phy_tx_top_cts', because the actual library setting may not be overwritten. (ATTR-12)
Information: The design specific attribute override for lib_cell 'saed90nm_max:OAI222X1.timing' is set in the current block 'css_phy_tx_top_cts', because the actual library setting may not be overwritten. (ATTR-12)
Information: The design specific attribute override for lib_cell 'saed90nm_max:OAI222X2.timing' is set in the current block 'css_phy_tx_top_cts', because the actual library setting may not be overwritten. (ATTR-12)
Information: The design specific attribute override for lib_cell 'saed90nm_max:OAI22X1.timing' is set in the current block 'css_phy_tx_top_cts', because the actual library setting may not be overwritten. (ATTR-12)
Information: The design specific attribute override for lib_cell 'saed90nm_max:OAI22X2.timing' is set in the current block 'css_phy_tx_top_cts', because the actual library setting may not be overwritten. (ATTR-12)
Information: The design specific attribute override for lib_cell 'saed90nm_max:OR2X1.timing' is set in the current block 'css_phy_tx_top_cts', because the actual library setting may not be overwritten. (ATTR-12)
Information: The design specific attribute override for lib_cell 'saed90nm_max:OR2X2.timing' is set in the current block 'css_phy_tx_top_cts', because the actual library setting may not be overwritten. (ATTR-12)
Information: The design specific attribute override for lib_cell 'saed90nm_max:OR2X4.timing' is set in the current block 'css_phy_tx_top_cts', because the actual library setting may not be overwritten. (ATTR-12)
Information: The design specific attribute override for lib_cell 'saed90nm_max:OR3X1.timing' is set in the current block 'css_phy_tx_top_cts', because the actual library setting may not be overwritten. (ATTR-12)
Information: The design specific attribute override for lib_cell 'saed90nm_max:OR3X2.timing' is set in the current block 'css_phy_tx_top_cts', because the actual library setting may not be overwritten. (ATTR-12)
Information: The design specific attribute override for lib_cell 'saed90nm_max:OR3X4.timing' is set in the current block 'css_phy_tx_top_cts', because the actual library setting may not be overwritten. (ATTR-12)
Information: The design specific attribute override for lib_cell 'saed90nm_max:OR4X1.timing' is set in the current block 'css_phy_tx_top_cts', because the actual library setting may not be overwritten. (ATTR-12)
Information: The design specific attribute override for lib_cell 'saed90nm_max:OR4X2.timing' is set in the current block 'css_phy_tx_top_cts', because the actual library setting may not be overwritten. (ATTR-12)
Information: The design specific attribute override for lib_cell 'saed90nm_max:OR4X4.timing' is set in the current block 'css_phy_tx_top_cts', because the actual library setting may not be overwritten. (ATTR-12)
Information: The design specific attribute override for lib_cell 'saed90nm_max:PGX1.timing' is set in the current block 'css_phy_tx_top_cts', because the actual library setting may not be overwritten. (ATTR-12)
Information: The design specific attribute override for lib_cell 'saed90nm_max:PGX2.timing' is set in the current block 'css_phy_tx_top_cts', because the actual library setting may not be overwritten. (ATTR-12)
Information: The design specific attribute override for lib_cell 'saed90nm_max:PGX4.timing' is set in the current block 'css_phy_tx_top_cts', because the actual library setting may not be overwritten. (ATTR-12)
Information: The design specific attribute override for lib_cell 'saed90nm_max:PMT1.timing' is set in the current block 'css_phy_tx_top_cts', because the actual library setting may not be overwritten. (ATTR-12)
Information: The design specific attribute override for lib_cell 'saed90nm_max:PMT2.timing' is set in the current block 'css_phy_tx_top_cts', because the actual library setting may not be overwritten. (ATTR-12)
Information: The design specific attribute override for lib_cell 'saed90nm_max:PMT3.timing' is set in the current block 'css_phy_tx_top_cts', because the actual library setting may not be overwritten. (ATTR-12)
Information: The design specific attribute override for lib_cell 'saed90nm_max:SDFFARX1.timing' is set in the current block 'css_phy_tx_top_cts', because the actual library setting may not be overwritten. (ATTR-12)
Information: The design specific attribute override for lib_cell 'saed90nm_max:SDFFARX2.timing' is set in the current block 'css_phy_tx_top_cts', because the actual library setting may not be overwritten. (ATTR-12)
Information: The design specific attribute override for lib_cell 'saed90nm_max:SDFFASRSX1.timing' is set in the current block 'css_phy_tx_top_cts', because the actual library setting may not be overwritten. (ATTR-12)
Information: The design specific attribute override for lib_cell 'saed90nm_max:SDFFASRSX2.timing' is set in the current block 'css_phy_tx_top_cts', because the actual library setting may not be overwritten. (ATTR-12)
Information: The design specific attribute override for lib_cell 'saed90nm_max:SDFFASRX1.timing' is set in the current block 'css_phy_tx_top_cts', because the actual library setting may not be overwritten. (ATTR-12)
Information: The design specific attribute override for lib_cell 'saed90nm_max:SDFFASRX2.timing' is set in the current block 'css_phy_tx_top_cts', because the actual library setting may not be overwritten. (ATTR-12)
Information: The design specific attribute override for lib_cell 'saed90nm_max:SDFFASX1.timing' is set in the current block 'css_phy_tx_top_cts', because the actual library setting may not be overwritten. (ATTR-12)
Information: The design specific attribute override for lib_cell 'saed90nm_max:SDFFASX2.timing' is set in the current block 'css_phy_tx_top_cts', because the actual library setting may not be overwritten. (ATTR-12)
Information: The design specific attribute override for lib_cell 'saed90nm_max:SDFFNARX1.timing' is set in the current block 'css_phy_tx_top_cts', because the actual library setting may not be overwritten. (ATTR-12)
Information: The design specific attribute override for lib_cell 'saed90nm_max:SDFFNARX2.timing' is set in the current block 'css_phy_tx_top_cts', because the actual library setting may not be overwritten. (ATTR-12)
Information: The design specific attribute override for lib_cell 'saed90nm_max:SDFFNASRX1.timing' is set in the current block 'css_phy_tx_top_cts', because the actual library setting may not be overwritten. (ATTR-12)
Information: The design specific attribute override for lib_cell 'saed90nm_max:SDFFNASRX2.timing' is set in the current block 'css_phy_tx_top_cts', because the actual library setting may not be overwritten. (ATTR-12)
Information: The design specific attribute override for lib_cell 'saed90nm_max:SDFFNASX1.timing' is set in the current block 'css_phy_tx_top_cts', because the actual library setting may not be overwritten. (ATTR-12)
Information: The design specific attribute override for lib_cell 'saed90nm_max:SDFFNASX2.timing' is set in the current block 'css_phy_tx_top_cts', because the actual library setting may not be overwritten. (ATTR-12)
Information: The design specific attribute override for lib_cell 'saed90nm_max:SDFFNX1.timing' is set in the current block 'css_phy_tx_top_cts', because the actual library setting may not be overwritten. (ATTR-12)
Information: The design specific attribute override for lib_cell 'saed90nm_max:SDFFNX2.timing' is set in the current block 'css_phy_tx_top_cts', because the actual library setting may not be overwritten. (ATTR-12)
Information: The design specific attribute override for lib_cell 'saed90nm_max:SDFFSSRX1.timing' is set in the current block 'css_phy_tx_top_cts', because the actual library setting may not be overwritten. (ATTR-12)
Information: The design specific attribute override for lib_cell 'saed90nm_max:SDFFSSRX2.timing' is set in the current block 'css_phy_tx_top_cts', because the actual library setting may not be overwritten. (ATTR-12)
Information: The design specific attribute override for lib_cell 'saed90nm_max:SDFFX1.timing' is set in the current block 'css_phy_tx_top_cts', because the actual library setting may not be overwritten. (ATTR-12)
Information: The design specific attribute override for lib_cell 'saed90nm_max:SDFFX2.timing' is set in the current block 'css_phy_tx_top_cts', because the actual library setting may not be overwritten. (ATTR-12)
Information: The design specific attribute override for lib_cell 'saed90nm_max:SHFILL1.timing' is set in the current block 'css_phy_tx_top_cts', because the actual library setting may not be overwritten. (ATTR-12)
Information: The design specific attribute override for lib_cell 'saed90nm_max:SHFILL128.timing' is set in the current block 'css_phy_tx_top_cts', because the actual library setting may not be overwritten. (ATTR-12)
Information: The design specific attribute override for lib_cell 'saed90nm_max:SHFILL2.timing' is set in the current block 'css_phy_tx_top_cts', because the actual library setting may not be overwritten. (ATTR-12)
Information: The design specific attribute override for lib_cell 'saed90nm_max:SHFILL3.timing' is set in the current block 'css_phy_tx_top_cts', because the actual library setting may not be overwritten. (ATTR-12)
Information: The design specific attribute override for lib_cell 'saed90nm_max:SHFILL64.timing' is set in the current block 'css_phy_tx_top_cts', because the actual library setting may not be overwritten. (ATTR-12)
Information: The design specific attribute override for lib_cell 'saed90nm_max:TIEH.timing' is set in the current block 'css_phy_tx_top_cts', because the actual library setting may not be overwritten. (ATTR-12)
Information: The design specific attribute override for lib_cell 'saed90nm_max:TIEL.timing' is set in the current block 'css_phy_tx_top_cts', because the actual library setting may not be overwritten. (ATTR-12)
Information: The design specific attribute override for lib_cell 'saed90nm_max:TNBUFFX1.timing' is set in the current block 'css_phy_tx_top_cts', because the actual library setting may not be overwritten. (ATTR-12)
Information: The design specific attribute override for lib_cell 'saed90nm_max:TNBUFFX16.timing' is set in the current block 'css_phy_tx_top_cts', because the actual library setting may not be overwritten. (ATTR-12)
Information: The design specific attribute override for lib_cell 'saed90nm_max:TNBUFFX2.timing' is set in the current block 'css_phy_tx_top_cts', because the actual library setting may not be overwritten. (ATTR-12)
Information: The design specific attribute override for lib_cell 'saed90nm_max:TNBUFFX32.timing' is set in the current block 'css_phy_tx_top_cts', because the actual library setting may not be overwritten. (ATTR-12)
Information: The design specific attribute override for lib_cell 'saed90nm_max:TNBUFFX4.timing' is set in the current block 'css_phy_tx_top_cts', because the actual library setting may not be overwritten. (ATTR-12)
Information: The design specific attribute override for lib_cell 'saed90nm_max:TNBUFFX8.timing' is set in the current block 'css_phy_tx_top_cts', because the actual library setting may not be overwritten. (ATTR-12)
Information: The design specific attribute override for lib_cell 'saed90nm_max:XNOR2X1.timing' is set in the current block 'css_phy_tx_top_cts', because the actual library setting may not be overwritten. (ATTR-12)
Information: The design specific attribute override for lib_cell 'saed90nm_max:XNOR2X2.timing' is set in the current block 'css_phy_tx_top_cts', because the actual library setting may not be overwritten. (ATTR-12)
Information: The design specific attribute override for lib_cell 'saed90nm_max:XNOR3X1.timing' is set in the current block 'css_phy_tx_top_cts', because the actual library setting may not be overwritten. (ATTR-12)
Information: The design specific attribute override for lib_cell 'saed90nm_max:XNOR3X2.timing' is set in the current block 'css_phy_tx_top_cts', because the actual library setting may not be overwritten. (ATTR-12)
Information: The design specific attribute override for lib_cell 'saed90nm_max:XOR2X1.timing' is set in the current block 'css_phy_tx_top_cts', because the actual library setting may not be overwritten. (ATTR-12)
Information: The design specific attribute override for lib_cell 'saed90nm_max:XOR2X2.timing' is set in the current block 'css_phy_tx_top_cts', because the actual library setting may not be overwritten. (ATTR-12)
Information: The design specific attribute override for lib_cell 'saed90nm_max:XOR3X1.timing' is set in the current block 'css_phy_tx_top_cts', because the actual library setting may not be overwritten. (ATTR-12)
Information: The design specific attribute override for lib_cell 'saed90nm_max:XOR3X2.timing' is set in the current block 'css_phy_tx_top_cts', because the actual library setting may not be overwritten. (ATTR-12)
Information: The design specific attribute override for lib_cell 'saed90_ndm_physical_only:CGLPPSX2.frame' is set in the current block 'css_phy_tx_top_cts', because the actual library setting may not be overwritten. (ATTR-12)
Information: The design specific attribute override for lib_cell 'saed90_ndm_physical_only:CGLPPSX4.frame' is set in the current block 'css_phy_tx_top_cts', because the actual library setting may not be overwritten. (ATTR-12)
Information: The design specific attribute override for lib_cell 'saed90_ndm_physical_only:RDFFNSRASX2.frame' is set in the current block 'css_phy_tx_top_cts', because the actual library setting may not be overwritten. (ATTR-12)
Information: The design specific attribute override for lib_cell 'saed90_ndm_physical_only:RDFFNSRX1.frame' is set in the current block 'css_phy_tx_top_cts', because the actual library setting may not be overwritten. (ATTR-12)
Information: The design specific attribute override for lib_cell 'saed90_ndm_physical_only:RDFFNSRX2.frame' is set in the current block 'css_phy_tx_top_cts', because the actual library setting may not be overwritten. (ATTR-12)
Information: The design specific attribute override for lib_cell 'saed90_ndm_physical_only:RDFFSRARX1.frame' is set in the current block 'css_phy_tx_top_cts', because the actual library setting may not be overwritten. (ATTR-12)
Information: The design specific attribute override for lib_cell 'saed90_ndm_physical_only:RDFFSRARX2.frame' is set in the current block 'css_phy_tx_top_cts', because the actual library setting may not be overwritten. (ATTR-12)
Information: The design specific attribute override for lib_cell 'saed90_ndm_physical_only:RDFFSRASRX1.frame' is set in the current block 'css_phy_tx_top_cts', because the actual library setting may not be overwritten. (ATTR-12)
Information: The design specific attribute override for lib_cell 'saed90_ndm_physical_only:CGLPPSX8.frame' is set in the current block 'css_phy_tx_top_cts', because the actual library setting may not be overwritten. (ATTR-12)
Information: The design specific attribute override for lib_cell 'saed90_ndm_physical_only:RDFFSRASRX2.frame' is set in the current block 'css_phy_tx_top_cts', because the actual library setting may not be overwritten. (ATTR-12)
Information: The design specific attribute override for lib_cell 'saed90_ndm_physical_only:CGLNPRX2.frame' is set in the current block 'css_phy_tx_top_cts', because the actual library setting may not be overwritten. (ATTR-12)
Information: The design specific attribute override for lib_cell 'saed90_ndm_physical_only:CGLNPRX8.frame' is set in the current block 'css_phy_tx_top_cts', because the actual library setting may not be overwritten. (ATTR-12)
Information: The design specific attribute override for lib_cell 'saed90_ndm_physical_only:CGLNPSX16.frame' is set in the current block 'css_phy_tx_top_cts', because the actual library setting may not be overwritten. (ATTR-12)
Information: The design specific attribute override for lib_cell 'saed90_ndm_physical_only:CGLNPSX2.frame' is set in the current block 'css_phy_tx_top_cts', because the actual library setting may not be overwritten. (ATTR-12)
Information: The design specific attribute override for lib_cell 'saed90_ndm_physical_only:CGLNPSX4.frame' is set in the current block 'css_phy_tx_top_cts', because the actual library setting may not be overwritten. (ATTR-12)
Information: The design specific attribute override for lib_cell 'saed90_ndm_physical_only:CGLNPSX8.frame' is set in the current block 'css_phy_tx_top_cts', because the actual library setting may not be overwritten. (ATTR-12)
Information: The design specific attribute override for lib_cell 'saed90_ndm_physical_only:CGLPPRX2.frame' is set in the current block 'css_phy_tx_top_cts', because the actual library setting may not be overwritten. (ATTR-12)
Information: The design specific attribute override for lib_cell 'saed90_ndm_physical_only:CGLPPRX8.frame' is set in the current block 'css_phy_tx_top_cts', because the actual library setting may not be overwritten. (ATTR-12)
Information: The design specific attribute override for lib_cell 'saed90_ndm_physical_only:LSUPENCLX4.frame' is set in the current block 'css_phy_tx_top_cts', because the actual library setting may not be overwritten. (ATTR-12)
Information: The design specific attribute override for lib_cell 'saed90_ndm_physical_only:CGLPPSX16.frame' is set in the current block 'css_phy_tx_top_cts', because the actual library setting may not be overwritten. (ATTR-12)
Information: The design specific attribute override for lib_cell 'saed90_ndm_physical_only:LSUPENCLX8.frame' is set in the current block 'css_phy_tx_top_cts', because the actual library setting may not be overwritten. (ATTR-12)
Information: The design specific attribute override for lib_cell 'saed90_ndm_physical_only:LSUPENX1.frame' is set in the current block 'css_phy_tx_top_cts', because the actual library setting may not be overwritten. (ATTR-12)
Information: The design specific attribute override for lib_cell 'saed90_ndm_physical_only:LSUPENX2.frame' is set in the current block 'css_phy_tx_top_cts', because the actual library setting may not be overwritten. (ATTR-12)
Information: The design specific attribute override for lib_cell 'saed90_ndm_physical_only:LSUPENX4.frame' is set in the current block 'css_phy_tx_top_cts', because the actual library setting may not be overwritten. (ATTR-12)
Information: The design specific attribute override for lib_cell 'saed90_ndm_physical_only:LSUPENX8.frame' is set in the current block 'css_phy_tx_top_cts', because the actual library setting may not be overwritten. (ATTR-12)
Information: The design specific attribute override for lib_cell 'saed90_ndm_physical_only:LSUPX1.frame' is set in the current block 'css_phy_tx_top_cts', because the actual library setting may not be overwritten. (ATTR-12)
Information: The design specific attribute override for lib_cell 'saed90_ndm_physical_only:LSUPX2.frame' is set in the current block 'css_phy_tx_top_cts', because the actual library setting may not be overwritten. (ATTR-12)
Information: The design specific attribute override for lib_cell 'saed90_ndm_physical_only:LSUPX4.frame' is set in the current block 'css_phy_tx_top_cts', because the actual library setting may not be overwritten. (ATTR-12)
Information: The design specific attribute override for lib_cell 'saed90_ndm_physical_only:LSUPX8.frame' is set in the current block 'css_phy_tx_top_cts', because the actual library setting may not be overwritten. (ATTR-12)
Information: The design specific attribute override for lib_cell 'saed90_ndm_physical_only:RDFFNSRARX1.frame' is set in the current block 'css_phy_tx_top_cts', because the actual library setting may not be overwritten. (ATTR-12)
Information: The design specific attribute override for lib_cell 'saed90_ndm_physical_only:RDFFNSRARX2.frame' is set in the current block 'css_phy_tx_top_cts', because the actual library setting may not be overwritten. (ATTR-12)
Information: The design specific attribute override for lib_cell 'saed90_ndm_physical_only:RDFFNSRASRNX1.frame' is set in the current block 'css_phy_tx_top_cts', because the actual library setting may not be overwritten. (ATTR-12)
Information: The design specific attribute override for lib_cell 'saed90_ndm_physical_only:RDFFNSRASRNX2.frame' is set in the current block 'css_phy_tx_top_cts', because the actual library setting may not be overwritten. (ATTR-12)
Information: The design specific attribute override for lib_cell 'saed90_ndm_physical_only:RDFFNX2.frame' is set in the current block 'css_phy_tx_top_cts', because the actual library setting may not be overwritten. (ATTR-12)
Information: The design specific attribute override for lib_cell 'saed90_ndm_physical_only:RDFFX1.frame' is set in the current block 'css_phy_tx_top_cts', because the actual library setting may not be overwritten. (ATTR-12)
Information: The design specific attribute override for lib_cell 'saed90_ndm_physical_only:RDFFX2.frame' is set in the current block 'css_phy_tx_top_cts', because the actual library setting may not be overwritten. (ATTR-12)
Information: The design specific attribute override for lib_cell 'saed90_ndm_physical_only:RSDFFX1.frame' is set in the current block 'css_phy_tx_top_cts', because the actual library setting may not be overwritten. (ATTR-12)
Information: The design specific attribute override for lib_cell 'saed90_ndm_physical_only:RSDFFX2.frame' is set in the current block 'css_phy_tx_top_cts', because the actual library setting may not be overwritten. (ATTR-12)
Information: The design specific attribute override for lib_cell 'saed90_ndm_physical_only:RDFFNX1.frame' is set in the current block 'css_phy_tx_top_cts', because the actual library setting may not be overwritten. (ATTR-12)
Information: The design specific attribute override for lib_cell 'saed90_ndm_physical_only:RDFFNSRASX1.frame' is set in the current block 'css_phy_tx_top_cts', because the actual library setting may not be overwritten. (ATTR-12)
Information: The design specific attribute override for lib_cell 'saed90_ndm_physical_only:RSDFFNX1.frame' is set in the current block 'css_phy_tx_top_cts', because the actual library setting may not be overwritten. (ATTR-12)
Information: The design specific attribute override for lib_cell 'saed90_ndm_physical_only:RSDFFNX2.frame' is set in the current block 'css_phy_tx_top_cts', because the actual library setting may not be overwritten. (ATTR-12)
Information: The design specific attribute override for lib_cell 'saed90_ndm_physical_only:RDFFSRSSRX1.frame' is set in the current block 'css_phy_tx_top_cts', because the actual library setting may not be overwritten. (ATTR-12)
Information: The design specific attribute override for lib_cell 'saed90_ndm_physical_only:RDFFSRSSRX2.frame' is set in the current block 'css_phy_tx_top_cts', because the actual library setting may not be overwritten. (ATTR-12)
Information: The design specific attribute override for lib_cell 'saed90_ndm_physical_only:RDFFSRX1.frame' is set in the current block 'css_phy_tx_top_cts', because the actual library setting may not be overwritten. (ATTR-12)
Information: The design specific attribute override for lib_cell 'saed90_ndm_physical_only:RDFFSRX2.frame' is set in the current block 'css_phy_tx_top_cts', because the actual library setting may not be overwritten. (ATTR-12)
Information: The design specific attribute override for lib_cell 'saed90_ndm_physical_only:LSDNENCLX1.frame' is set in the current block 'css_phy_tx_top_cts', because the actual library setting may not be overwritten. (ATTR-12)
Information: The design specific attribute override for lib_cell 'saed90_ndm_physical_only:LSDNENCLX2.frame' is set in the current block 'css_phy_tx_top_cts', because the actual library setting may not be overwritten. (ATTR-12)
Information: The design specific attribute override for lib_cell 'saed90_ndm_physical_only:LSDNENX1.frame' is set in the current block 'css_phy_tx_top_cts', because the actual library setting may not be overwritten. (ATTR-12)
Information: The design specific attribute override for lib_cell 'saed90_ndm_physical_only:LSDNENX2.frame' is set in the current block 'css_phy_tx_top_cts', because the actual library setting may not be overwritten. (ATTR-12)
Information: The design specific attribute override for lib_cell 'saed90_ndm_physical_only:LSDNENX4.frame' is set in the current block 'css_phy_tx_top_cts', because the actual library setting may not be overwritten. (ATTR-12)
Information: The design specific attribute override for lib_cell 'saed90_ndm_physical_only:LSDNENX8.frame' is set in the current block 'css_phy_tx_top_cts', because the actual library setting may not be overwritten. (ATTR-12)
Information: The design specific attribute override for lib_cell 'saed90_ndm_physical_only:LSDNX2.frame' is set in the current block 'css_phy_tx_top_cts', because the actual library setting may not be overwritten. (ATTR-12)
Information: The design specific attribute override for lib_cell 'saed90_ndm_physical_only:LSDNX4.frame' is set in the current block 'css_phy_tx_top_cts', because the actual library setting may not be overwritten. (ATTR-12)
Information: The design specific attribute override for lib_cell 'saed90_ndm_physical_only:LSDNX8.frame' is set in the current block 'css_phy_tx_top_cts', because the actual library setting may not be overwritten. (ATTR-12)
Information: The design specific attribute override for lib_cell 'saed90_ndm_physical_only:LSUPENCLX1.frame' is set in the current block 'css_phy_tx_top_cts', because the actual library setting may not be overwritten. (ATTR-12)
Information: The design specific attribute override for lib_cell 'saed90_ndm_physical_only:LSUPENCLX2.frame' is set in the current block 'css_phy_tx_top_cts', because the actual library setting may not be overwritten. (ATTR-12)
Information: The design specific attribute override for lib_cell 'saed90_ndm_physical_only:RSDFFNSRARX1.frame' is set in the current block 'css_phy_tx_top_cts', because the actual library setting may not be overwritten. (ATTR-12)
Information: The design specific attribute override for lib_cell 'saed90_ndm_physical_only:RSDFFNSRARX2.frame' is set in the current block 'css_phy_tx_top_cts', because the actual library setting may not be overwritten. (ATTR-12)
Information: The design specific attribute override for lib_cell 'saed90_ndm_physical_only:RSDFFNSRASRNX1.frame' is set in the current block 'css_phy_tx_top_cts', because the actual library setting may not be overwritten. (ATTR-12)
Information: The design specific attribute override for lib_cell 'saed90_ndm_physical_only:RSDFFNSRASRNX2.frame' is set in the current block 'css_phy_tx_top_cts', because the actual library setting may not be overwritten. (ATTR-12)
Information: The design specific attribute override for lib_cell 'saed90_ndm_physical_only:RSDFFNSRASRQX1.frame' is set in the current block 'css_phy_tx_top_cts', because the actual library setting may not be overwritten. (ATTR-12)
Information: The design specific attribute override for lib_cell 'saed90_ndm_physical_only:RSDFFNSRASRQX2.frame' is set in the current block 'css_phy_tx_top_cts', because the actual library setting may not be overwritten. (ATTR-12)
Information: The design specific attribute override for lib_cell 'saed90_ndm_physical_only:RSDFFNSRASRX1.frame' is set in the current block 'css_phy_tx_top_cts', because the actual library setting may not be overwritten. (ATTR-12)
Information: The design specific attribute override for lib_cell 'saed90_ndm_physical_only:RSDFFNSRASRX2.frame' is set in the current block 'css_phy_tx_top_cts', because the actual library setting may not be overwritten. (ATTR-12)
Information: The design specific attribute override for lib_cell 'saed90_ndm_physical_only:RSDFFNSRASX1.frame' is set in the current block 'css_phy_tx_top_cts', because the actual library setting may not be overwritten. (ATTR-12)
Information: The design specific attribute override for lib_cell 'saed90_ndm_physical_only:RSDFFNSRASX2.frame' is set in the current block 'css_phy_tx_top_cts', because the actual library setting may not be overwritten. (ATTR-12)
Information: The design specific attribute override for lib_cell 'saed90_ndm_physical_only:RSDFFNSRX1.frame' is set in the current block 'css_phy_tx_top_cts', because the actual library setting may not be overwritten. (ATTR-12)
Information: The design specific attribute override for lib_cell 'saed90_ndm_physical_only:RSDFFNSRX2.frame' is set in the current block 'css_phy_tx_top_cts', because the actual library setting may not be overwritten. (ATTR-12)
Information: The design specific attribute override for lib_cell 'saed90_ndm_physical_only:RSDFFSRARX1.frame' is set in the current block 'css_phy_tx_top_cts', because the actual library setting may not be overwritten. (ATTR-12)
Information: The design specific attribute override for lib_cell 'saed90_ndm_physical_only:RSDFFSRARX2.frame' is set in the current block 'css_phy_tx_top_cts', because the actual library setting may not be overwritten. (ATTR-12)
Information: The design specific attribute override for lib_cell 'saed90_ndm_physical_only:RSDFFSRASRX1.frame' is set in the current block 'css_phy_tx_top_cts', because the actual library setting may not be overwritten. (ATTR-12)
Information: The design specific attribute override for lib_cell 'saed90_ndm_physical_only:RSDFFSRASRX2.frame' is set in the current block 'css_phy_tx_top_cts', because the actual library setting may not be overwritten. (ATTR-12)
Information: The design specific attribute override for lib_cell 'saed90_ndm_physical_only:RSDFFSRASX1.frame' is set in the current block 'css_phy_tx_top_cts', because the actual library setting may not be overwritten. (ATTR-12)
Information: The design specific attribute override for lib_cell 'saed90_ndm_physical_only:RSDFFSRASX2.frame' is set in the current block 'css_phy_tx_top_cts', because the actual library setting may not be overwritten. (ATTR-12)
Information: The design specific attribute override for lib_cell 'saed90_ndm_physical_only:RSDFFSRSSRX1.frame' is set in the current block 'css_phy_tx_top_cts', because the actual library setting may not be overwritten. (ATTR-12)
Information: The design specific attribute override for lib_cell 'saed90_ndm_physical_only:RSDFFSRSSRX2.frame' is set in the current block 'css_phy_tx_top_cts', because the actual library setting may not be overwritten. (ATTR-12)
Information: The design specific attribute override for lib_cell 'saed90_ndm_physical_only:RSDFFSRX1.frame' is set in the current block 'css_phy_tx_top_cts', because the actual library setting may not be overwritten. (ATTR-12)
Information: The design specific attribute override for lib_cell 'saed90_ndm_physical_only:RSDFFSRX2.frame' is set in the current block 'css_phy_tx_top_cts', because the actual library setting may not be overwritten. (ATTR-12)
Information: The design specific attribute override for lib_cell 'saed90_ndm_physical_only:RDFFSRASX1.frame' is set in the current block 'css_phy_tx_top_cts', because the actual library setting may not be overwritten. (ATTR-12)
Information: The design specific attribute override for lib_cell 'saed90_ndm_physical_only:RDFFSRASX2.frame' is set in the current block 'css_phy_tx_top_cts', because the actual library setting may not be overwritten. (ATTR-12)
Information: The design specific attribute override for lib_cell 'saed90_ndm_physical_only:RDFFNSRASRQX1.frame' is set in the current block 'css_phy_tx_top_cts', because the actual library setting may not be overwritten. (ATTR-12)
Information: The design specific attribute override for lib_cell 'saed90_ndm_physical_only:RDFFNSRASRQX2.frame' is set in the current block 'css_phy_tx_top_cts', because the actual library setting may not be overwritten. (ATTR-12)
Information: The design specific attribute override for lib_cell 'saed90_ndm_physical_only:RDFFNSRASRX1.frame' is set in the current block 'css_phy_tx_top_cts', because the actual library setting may not be overwritten. (ATTR-12)
Information: The design specific attribute override for lib_cell 'saed90_ndm_physical_only:RDFFNSRASRX2.frame' is set in the current block 'css_phy_tx_top_cts', because the actual library setting may not be overwritten. (ATTR-12)
Information: The design specific attribute override for lib_cell 'saed90_ndm_physical_only:LSDNSSX2.frame' is set in the current block 'css_phy_tx_top_cts', because the actual library setting may not be overwritten. (ATTR-12)
Information: The design specific attribute override for lib_cell 'saed90_ndm_physical_only:LSDNSSX4.frame' is set in the current block 'css_phy_tx_top_cts', because the actual library setting may not be overwritten. (ATTR-12)
Information: The design specific attribute override for lib_cell 'saed90_ndm_physical_only:RDFFARX1.frame' is set in the current block 'css_phy_tx_top_cts', because the actual library setting may not be overwritten. (ATTR-12)
Information: The design specific attribute override for lib_cell 'saed90_ndm_physical_only:RDFFARX2.frame' is set in the current block 'css_phy_tx_top_cts', because the actual library setting may not be overwritten. (ATTR-12)
Information: The design specific attribute override for lib_cell 'saed90_ndm_physical_only:RDFFNARX1.frame' is set in the current block 'css_phy_tx_top_cts', because the actual library setting may not be overwritten. (ATTR-12)
Information: The design specific attribute override for lib_cell 'saed90_ndm_physical_only:RDFFNARX2.frame' is set in the current block 'css_phy_tx_top_cts', because the actual library setting may not be overwritten. (ATTR-12)
Information: The design specific attribute override for lib_cell 'saed90_ndm_physical_only:RSDFFARX1.frame' is set in the current block 'css_phy_tx_top_cts', because the actual library setting may not be overwritten. (ATTR-12)
Information: The design specific attribute override for lib_cell 'saed90_ndm_physical_only:RSDFFARX2.frame' is set in the current block 'css_phy_tx_top_cts', because the actual library setting may not be overwritten. (ATTR-12)
Information: The design specific attribute override for lib_cell 'saed90_ndm_physical_only:RSDFFNARX1.frame' is set in the current block 'css_phy_tx_top_cts', because the actual library setting may not be overwritten. (ATTR-12)
Information: The design specific attribute override for lib_cell 'saed90_ndm_physical_only:RSDFFNARX2.frame' is set in the current block 'css_phy_tx_top_cts', because the actual library setting may not be overwritten. (ATTR-12)
Information: The design specific attribute override for lib_cell 'saed90_ndm_physical_only:LSDNSSX8.frame' is set in the current block 'css_phy_tx_top_cts', because the actual library setting may not be overwritten. (ATTR-12)
Information: The design specific attribute override for lib_cell 'saed90_ndm_physical_only:LSDNX1.frame' is set in the current block 'css_phy_tx_top_cts', because the actual library setting may not be overwritten. (ATTR-12)
Information: The design specific attribute override for lib_cell 'saed90_ndm_physical_only:ISOLANDAOX1.frame' is set in the current block 'css_phy_tx_top_cts', because the actual library setting may not be overwritten. (ATTR-12)
Information: The design specific attribute override for lib_cell 'saed90_ndm_physical_only:ISOLANDAOX2.frame' is set in the current block 'css_phy_tx_top_cts', because the actual library setting may not be overwritten. (ATTR-12)
Information: The design specific attribute override for lib_cell 'saed90_ndm_physical_only:ISOLANDAOX4.frame' is set in the current block 'css_phy_tx_top_cts', because the actual library setting may not be overwritten. (ATTR-12)
Information: The design specific attribute override for lib_cell 'saed90_ndm_physical_only:ISOLANDAOX8.frame' is set in the current block 'css_phy_tx_top_cts', because the actual library setting may not be overwritten. (ATTR-12)
Information: The design specific attribute override for lib_cell 'saed90_ndm_physical_only:ISOLORAOX1.frame' is set in the current block 'css_phy_tx_top_cts', because the actual library setting may not be overwritten. (ATTR-12)
Information: The design specific attribute override for lib_cell 'saed90_ndm_physical_only:ISOLORAOX2.frame' is set in the current block 'css_phy_tx_top_cts', because the actual library setting may not be overwritten. (ATTR-12)
Information: The design specific attribute override for lib_cell 'saed90_ndm_physical_only:ISOLORAOX4.frame' is set in the current block 'css_phy_tx_top_cts', because the actual library setting may not be overwritten. (ATTR-12)
Information: The design specific attribute override for lib_cell 'saed90_ndm_physical_only:ISOLORAOX8.frame' is set in the current block 'css_phy_tx_top_cts', because the actual library setting may not be overwritten. (ATTR-12)
Information: The design specific attribute override for lib_cell 'saed90_ndm_physical_only:LSDNENCLSSX1.frame' is set in the current block 'css_phy_tx_top_cts', because the actual library setting may not be overwritten. (ATTR-12)
Information: The design specific attribute override for lib_cell 'saed90_ndm_physical_only:LSDNENCLSSX2.frame' is set in the current block 'css_phy_tx_top_cts', because the actual library setting may not be overwritten. (ATTR-12)
Information: The design specific attribute override for lib_cell 'saed90_ndm_physical_only:LSDNENCLSSX4.frame' is set in the current block 'css_phy_tx_top_cts', because the actual library setting may not be overwritten. (ATTR-12)
Information: The design specific attribute override for lib_cell 'saed90_ndm_physical_only:LSDNENCLSSX8.frame' is set in the current block 'css_phy_tx_top_cts', because the actual library setting may not be overwritten. (ATTR-12)
Information: The design specific attribute override for lib_cell 'saed90_ndm_physical_only:LSDNENSSX1.frame' is set in the current block 'css_phy_tx_top_cts', because the actual library setting may not be overwritten. (ATTR-12)
Information: The design specific attribute override for lib_cell 'saed90_ndm_physical_only:LSDNENSSX2.frame' is set in the current block 'css_phy_tx_top_cts', because the actual library setting may not be overwritten. (ATTR-12)
Information: The design specific attribute override for lib_cell 'saed90_ndm_physical_only:LSDNENSSX4.frame' is set in the current block 'css_phy_tx_top_cts', because the actual library setting may not be overwritten. (ATTR-12)
Information: The design specific attribute override for lib_cell 'saed90_ndm_physical_only:LSDNENSSX8.frame' is set in the current block 'css_phy_tx_top_cts', because the actual library setting may not be overwritten. (ATTR-12)
Information: The design specific attribute override for lib_cell 'saed90_ndm_physical_only:LSDNSSX1.frame' is set in the current block 'css_phy_tx_top_cts', because the actual library setting may not be overwritten. (ATTR-12)
Information: The design specific attribute override for lib_cell 'saed90_ndm_physical_only:LSDNENCLX8.frame' is set in the current block 'css_phy_tx_top_cts', because the actual library setting may not be overwritten. (ATTR-12)
Information: The design specific attribute override for lib_cell 'saed90_ndm_physical_only:LSDNENCLX4.frame' is set in the current block 'css_phy_tx_top_cts', because the actual library setting may not be overwritten. (ATTR-12)
1
set_lib_cell_purpose -exclude hold [get_lib_cells */*]
Information: The design specific attribute override for lib_cell 'saed90nm_max:AND2X1.timing' is set in the current block 'css_phy_tx_top_cts', because the actual library setting may not be overwritten. (ATTR-12)
Information: The design specific attribute override for lib_cell 'saed90nm_max:AND2X2.timing' is set in the current block 'css_phy_tx_top_cts', because the actual library setting may not be overwritten. (ATTR-12)
Information: The design specific attribute override for lib_cell 'saed90nm_max:AND2X4.timing' is set in the current block 'css_phy_tx_top_cts', because the actual library setting may not be overwritten. (ATTR-12)
Information: The design specific attribute override for lib_cell 'saed90nm_max:AND3X1.timing' is set in the current block 'css_phy_tx_top_cts', because the actual library setting may not be overwritten. (ATTR-12)
Information: The design specific attribute override for lib_cell 'saed90nm_max:AND3X2.timing' is set in the current block 'css_phy_tx_top_cts', because the actual library setting may not be overwritten. (ATTR-12)
Information: The design specific attribute override for lib_cell 'saed90nm_max:AND3X4.timing' is set in the current block 'css_phy_tx_top_cts', because the actual library setting may not be overwritten. (ATTR-12)
Information: The design specific attribute override for lib_cell 'saed90nm_max:AND4X1.timing' is set in the current block 'css_phy_tx_top_cts', because the actual library setting may not be overwritten. (ATTR-12)
Information: The design specific attribute override for lib_cell 'saed90nm_max:AND4X2.timing' is set in the current block 'css_phy_tx_top_cts', because the actual library setting may not be overwritten. (ATTR-12)
Information: The design specific attribute override for lib_cell 'saed90nm_max:AND4X4.timing' is set in the current block 'css_phy_tx_top_cts', because the actual library setting may not be overwritten. (ATTR-12)
Information: The design specific attribute override for lib_cell 'saed90nm_max:ANTENNA.timing' is set in the current block 'css_phy_tx_top_cts', because the actual library setting may not be overwritten. (ATTR-12)
Information: The design specific attribute override for lib_cell 'saed90nm_max:AO21X1.timing' is set in the current block 'css_phy_tx_top_cts', because the actual library setting may not be overwritten. (ATTR-12)
Information: The design specific attribute override for lib_cell 'saed90nm_max:AO21X2.timing' is set in the current block 'css_phy_tx_top_cts', because the actual library setting may not be overwritten. (ATTR-12)
Information: The design specific attribute override for lib_cell 'saed90nm_max:AO221X1.timing' is set in the current block 'css_phy_tx_top_cts', because the actual library setting may not be overwritten. (ATTR-12)
Information: The design specific attribute override for lib_cell 'saed90nm_max:AO221X2.timing' is set in the current block 'css_phy_tx_top_cts', because the actual library setting may not be overwritten. (ATTR-12)
Information: The design specific attribute override for lib_cell 'saed90nm_max:AO222X1.timing' is set in the current block 'css_phy_tx_top_cts', because the actual library setting may not be overwritten. (ATTR-12)
Information: The design specific attribute override for lib_cell 'saed90nm_max:AO222X2.timing' is set in the current block 'css_phy_tx_top_cts', because the actual library setting may not be overwritten. (ATTR-12)
Information: The design specific attribute override for lib_cell 'saed90nm_max:AO22X1.timing' is set in the current block 'css_phy_tx_top_cts', because the actual library setting may not be overwritten. (ATTR-12)
Information: The design specific attribute override for lib_cell 'saed90nm_max:AO22X2.timing' is set in the current block 'css_phy_tx_top_cts', because the actual library setting may not be overwritten. (ATTR-12)
Information: The design specific attribute override for lib_cell 'saed90nm_max:AOBUFX1.timing' is set in the current block 'css_phy_tx_top_cts', because the actual library setting may not be overwritten. (ATTR-12)
Information: The design specific attribute override for lib_cell 'saed90nm_max:AOBUFX2.timing' is set in the current block 'css_phy_tx_top_cts', because the actual library setting may not be overwritten. (ATTR-12)
Information: The design specific attribute override for lib_cell 'saed90nm_max:AOBUFX4.timing' is set in the current block 'css_phy_tx_top_cts', because the actual library setting may not be overwritten. (ATTR-12)
Information: The design specific attribute override for lib_cell 'saed90nm_max:AODFFARX1.timing' is set in the current block 'css_phy_tx_top_cts', because the actual library setting may not be overwritten. (ATTR-12)
Information: The design specific attribute override for lib_cell 'saed90nm_max:AODFFARX2.timing' is set in the current block 'css_phy_tx_top_cts', because the actual library setting may not be overwritten. (ATTR-12)
Information: The design specific attribute override for lib_cell 'saed90nm_max:AODFFNARX1.timing' is set in the current block 'css_phy_tx_top_cts', because the actual library setting may not be overwritten. (ATTR-12)
Information: The design specific attribute override for lib_cell 'saed90nm_max:AODFFNARX2.timing' is set in the current block 'css_phy_tx_top_cts', because the actual library setting may not be overwritten. (ATTR-12)
Information: The design specific attribute override for lib_cell 'saed90nm_max:AOI21X1.timing' is set in the current block 'css_phy_tx_top_cts', because the actual library setting may not be overwritten. (ATTR-12)
Information: The design specific attribute override for lib_cell 'saed90nm_max:AOI21X2.timing' is set in the current block 'css_phy_tx_top_cts', because the actual library setting may not be overwritten. (ATTR-12)
Information: The design specific attribute override for lib_cell 'saed90nm_max:AOI221X1.timing' is set in the current block 'css_phy_tx_top_cts', because the actual library setting may not be overwritten. (ATTR-12)
Information: The design specific attribute override for lib_cell 'saed90nm_max:AOI221X2.timing' is set in the current block 'css_phy_tx_top_cts', because the actual library setting may not be overwritten. (ATTR-12)
Information: The design specific attribute override for lib_cell 'saed90nm_max:AOI222X1.timing' is set in the current block 'css_phy_tx_top_cts', because the actual library setting may not be overwritten. (ATTR-12)
Information: The design specific attribute override for lib_cell 'saed90nm_max:AOI222X2.timing' is set in the current block 'css_phy_tx_top_cts', because the actual library setting may not be overwritten. (ATTR-12)
Information: The design specific attribute override for lib_cell 'saed90nm_max:AOI22X1.timing' is set in the current block 'css_phy_tx_top_cts', because the actual library setting may not be overwritten. (ATTR-12)
Information: The design specific attribute override for lib_cell 'saed90nm_max:AOI22X2.timing' is set in the current block 'css_phy_tx_top_cts', because the actual library setting may not be overwritten. (ATTR-12)
Information: The design specific attribute override for lib_cell 'saed90nm_max:AOINVX1.timing' is set in the current block 'css_phy_tx_top_cts', because the actual library setting may not be overwritten. (ATTR-12)
Information: The design specific attribute override for lib_cell 'saed90nm_max:AOINVX2.timing' is set in the current block 'css_phy_tx_top_cts', because the actual library setting may not be overwritten. (ATTR-12)
Information: The design specific attribute override for lib_cell 'saed90nm_max:AOINVX4.timing' is set in the current block 'css_phy_tx_top_cts', because the actual library setting may not be overwritten. (ATTR-12)
Information: The design specific attribute override for lib_cell 'saed90nm_max:BSLEX1.timing' is set in the current block 'css_phy_tx_top_cts', because the actual library setting may not be overwritten. (ATTR-12)
Information: The design specific attribute override for lib_cell 'saed90nm_max:BSLEX2.timing' is set in the current block 'css_phy_tx_top_cts', because the actual library setting may not be overwritten. (ATTR-12)
Information: The design specific attribute override for lib_cell 'saed90nm_max:BSLEX4.timing' is set in the current block 'css_phy_tx_top_cts', because the actual library setting may not be overwritten. (ATTR-12)
Information: The design specific attribute override for lib_cell 'saed90nm_max:BUSKP.timing' is set in the current block 'css_phy_tx_top_cts', because the actual library setting may not be overwritten. (ATTR-12)
Information: The design specific attribute override for lib_cell 'saed90nm_max:CLOAD1.timing' is set in the current block 'css_phy_tx_top_cts', because the actual library setting may not be overwritten. (ATTR-12)
Information: The design specific attribute override for lib_cell 'saed90nm_max:DCAP.timing' is set in the current block 'css_phy_tx_top_cts', because the actual library setting may not be overwritten. (ATTR-12)
Information: The design specific attribute override for lib_cell 'saed90nm_max:DEC24X1.timing' is set in the current block 'css_phy_tx_top_cts', because the actual library setting may not be overwritten. (ATTR-12)
Information: The design specific attribute override for lib_cell 'saed90nm_max:DEC24X2.timing' is set in the current block 'css_phy_tx_top_cts', because the actual library setting may not be overwritten. (ATTR-12)
Information: The design specific attribute override for lib_cell 'saed90nm_max:DELLN1X2.timing' is set in the current block 'css_phy_tx_top_cts', because the actual library setting may not be overwritten. (ATTR-12)
Information: The design specific attribute override for lib_cell 'saed90nm_max:DELLN2X2.timing' is set in the current block 'css_phy_tx_top_cts', because the actual library setting may not be overwritten. (ATTR-12)
Information: The design specific attribute override for lib_cell 'saed90nm_max:DELLN3X2.timing' is set in the current block 'css_phy_tx_top_cts', because the actual library setting may not be overwritten. (ATTR-12)
Information: The design specific attribute override for lib_cell 'saed90nm_max:DFFARX1.timing' is set in the current block 'css_phy_tx_top_cts', because the actual library setting may not be overwritten. (ATTR-12)
Information: The design specific attribute override for lib_cell 'saed90nm_max:DFFARX2.timing' is set in the current block 'css_phy_tx_top_cts', because the actual library setting may not be overwritten. (ATTR-12)
Information: The design specific attribute override for lib_cell 'saed90nm_max:DFFASRX1.timing' is set in the current block 'css_phy_tx_top_cts', because the actual library setting may not be overwritten. (ATTR-12)
Information: The design specific attribute override for lib_cell 'saed90nm_max:DFFASRX2.timing' is set in the current block 'css_phy_tx_top_cts', because the actual library setting may not be overwritten. (ATTR-12)
Information: The design specific attribute override for lib_cell 'saed90nm_max:DFFASX1.timing' is set in the current block 'css_phy_tx_top_cts', because the actual library setting may not be overwritten. (ATTR-12)
Information: The design specific attribute override for lib_cell 'saed90nm_max:DFFASX2.timing' is set in the current block 'css_phy_tx_top_cts', because the actual library setting may not be overwritten. (ATTR-12)
Information: The design specific attribute override for lib_cell 'saed90nm_max:DFFNARX1.timing' is set in the current block 'css_phy_tx_top_cts', because the actual library setting may not be overwritten. (ATTR-12)
Information: The design specific attribute override for lib_cell 'saed90nm_max:DFFNARX2.timing' is set in the current block 'css_phy_tx_top_cts', because the actual library setting may not be overwritten. (ATTR-12)
Information: The design specific attribute override for lib_cell 'saed90nm_max:DFFNASRNX1.timing' is set in the current block 'css_phy_tx_top_cts', because the actual library setting may not be overwritten. (ATTR-12)
Information: The design specific attribute override for lib_cell 'saed90nm_max:DFFNASRNX2.timing' is set in the current block 'css_phy_tx_top_cts', because the actual library setting may not be overwritten. (ATTR-12)
Information: The design specific attribute override for lib_cell 'saed90nm_max:DFFNASRQX1.timing' is set in the current block 'css_phy_tx_top_cts', because the actual library setting may not be overwritten. (ATTR-12)
Information: The design specific attribute override for lib_cell 'saed90nm_max:DFFNASRQX2.timing' is set in the current block 'css_phy_tx_top_cts', because the actual library setting may not be overwritten. (ATTR-12)
Information: The design specific attribute override for lib_cell 'saed90nm_max:DFFNASRX1.timing' is set in the current block 'css_phy_tx_top_cts', because the actual library setting may not be overwritten. (ATTR-12)
Information: The design specific attribute override for lib_cell 'saed90nm_max:DFFNASRX2.timing' is set in the current block 'css_phy_tx_top_cts', because the actual library setting may not be overwritten. (ATTR-12)
Information: The design specific attribute override for lib_cell 'saed90nm_max:DFFNASX1.timing' is set in the current block 'css_phy_tx_top_cts', because the actual library setting may not be overwritten. (ATTR-12)
Information: The design specific attribute override for lib_cell 'saed90nm_max:DFFNASX2.timing' is set in the current block 'css_phy_tx_top_cts', because the actual library setting may not be overwritten. (ATTR-12)
Information: The design specific attribute override for lib_cell 'saed90nm_max:DFFNX1.timing' is set in the current block 'css_phy_tx_top_cts', because the actual library setting may not be overwritten. (ATTR-12)
Information: The design specific attribute override for lib_cell 'saed90nm_max:DFFNX2.timing' is set in the current block 'css_phy_tx_top_cts', because the actual library setting may not be overwritten. (ATTR-12)
Information: The design specific attribute override for lib_cell 'saed90nm_max:DFFSSRX1.timing' is set in the current block 'css_phy_tx_top_cts', because the actual library setting may not be overwritten. (ATTR-12)
Information: The design specific attribute override for lib_cell 'saed90nm_max:DFFSSRX2.timing' is set in the current block 'css_phy_tx_top_cts', because the actual library setting may not be overwritten. (ATTR-12)
Information: The design specific attribute override for lib_cell 'saed90nm_max:DFFX1.timing' is set in the current block 'css_phy_tx_top_cts', because the actual library setting may not be overwritten. (ATTR-12)
Information: The design specific attribute override for lib_cell 'saed90nm_max:DFFX2.timing' is set in the current block 'css_phy_tx_top_cts', because the actual library setting may not be overwritten. (ATTR-12)
Information: The design specific attribute override for lib_cell 'saed90nm_max:DHFILLHLH2.timing' is set in the current block 'css_phy_tx_top_cts', because the actual library setting may not be overwritten. (ATTR-12)
Information: The design specific attribute override for lib_cell 'saed90nm_max:DHFILLHLHLS11.timing' is set in the current block 'css_phy_tx_top_cts', because the actual library setting may not be overwritten. (ATTR-12)
Information: The design specific attribute override for lib_cell 'saed90nm_max:DHFILLLHL2.timing' is set in the current block 'css_phy_tx_top_cts', because the actual library setting may not be overwritten. (ATTR-12)
Information: The design specific attribute override for lib_cell 'saed90nm_max:FADDX1.timing' is set in the current block 'css_phy_tx_top_cts', because the actual library setting may not be overwritten. (ATTR-12)
Information: The design specific attribute override for lib_cell 'saed90nm_max:FADDX2.timing' is set in the current block 'css_phy_tx_top_cts', because the actual library setting may not be overwritten. (ATTR-12)
Information: The design specific attribute override for lib_cell 'saed90nm_max:HADDX1.timing' is set in the current block 'css_phy_tx_top_cts', because the actual library setting may not be overwritten. (ATTR-12)
Information: The design specific attribute override for lib_cell 'saed90nm_max:HADDX2.timing' is set in the current block 'css_phy_tx_top_cts', because the actual library setting may not be overwritten. (ATTR-12)
Information: The design specific attribute override for lib_cell 'saed90nm_max:HEAD2X16.timing' is set in the current block 'css_phy_tx_top_cts', because the actual library setting may not be overwritten. (ATTR-12)
Information: The design specific attribute override for lib_cell 'saed90nm_max:HEAD2X2.timing' is set in the current block 'css_phy_tx_top_cts', because the actual library setting may not be overwritten. (ATTR-12)
Information: The design specific attribute override for lib_cell 'saed90nm_max:HEAD2X32.timing' is set in the current block 'css_phy_tx_top_cts', because the actual library setting may not be overwritten. (ATTR-12)
Information: The design specific attribute override for lib_cell 'saed90nm_max:HEAD2X4.timing' is set in the current block 'css_phy_tx_top_cts', because the actual library setting may not be overwritten. (ATTR-12)
Information: The design specific attribute override for lib_cell 'saed90nm_max:HEAD2X8.timing' is set in the current block 'css_phy_tx_top_cts', because the actual library setting may not be overwritten. (ATTR-12)
Information: The design specific attribute override for lib_cell 'saed90nm_max:HEADX16.timing' is set in the current block 'css_phy_tx_top_cts', because the actual library setting may not be overwritten. (ATTR-12)
Information: The design specific attribute override for lib_cell 'saed90nm_max:HEADX2.timing' is set in the current block 'css_phy_tx_top_cts', because the actual library setting may not be overwritten. (ATTR-12)
Information: The design specific attribute override for lib_cell 'saed90nm_max:HEADX32.timing' is set in the current block 'css_phy_tx_top_cts', because the actual library setting may not be overwritten. (ATTR-12)
Information: The design specific attribute override for lib_cell 'saed90nm_max:HEADX4.timing' is set in the current block 'css_phy_tx_top_cts', because the actual library setting may not be overwritten. (ATTR-12)
Information: The design specific attribute override for lib_cell 'saed90nm_max:HEADX8.timing' is set in the current block 'css_phy_tx_top_cts', because the actual library setting may not be overwritten. (ATTR-12)
Information: The design specific attribute override for lib_cell 'saed90nm_max:IBUFFX16.timing' is set in the current block 'css_phy_tx_top_cts', because the actual library setting may not be overwritten. (ATTR-12)
Information: The design specific attribute override for lib_cell 'saed90nm_max:IBUFFX2.timing' is set in the current block 'css_phy_tx_top_cts', because the actual library setting may not be overwritten. (ATTR-12)
Information: The design specific attribute override for lib_cell 'saed90nm_max:IBUFFX32.timing' is set in the current block 'css_phy_tx_top_cts', because the actual library setting may not be overwritten. (ATTR-12)
Information: The design specific attribute override for lib_cell 'saed90nm_max:IBUFFX4.timing' is set in the current block 'css_phy_tx_top_cts', because the actual library setting may not be overwritten. (ATTR-12)
Information: The design specific attribute override for lib_cell 'saed90nm_max:IBUFFX8.timing' is set in the current block 'css_phy_tx_top_cts', because the actual library setting may not be overwritten. (ATTR-12)
Information: The design specific attribute override for lib_cell 'saed90nm_max:INVX0.timing' is set in the current block 'css_phy_tx_top_cts', because the actual library setting may not be overwritten. (ATTR-12)
Information: The design specific attribute override for lib_cell 'saed90nm_max:INVX1.timing' is set in the current block 'css_phy_tx_top_cts', because the actual library setting may not be overwritten. (ATTR-12)
Information: The design specific attribute override for lib_cell 'saed90nm_max:INVX16.timing' is set in the current block 'css_phy_tx_top_cts', because the actual library setting may not be overwritten. (ATTR-12)
Information: The design specific attribute override for lib_cell 'saed90nm_max:INVX2.timing' is set in the current block 'css_phy_tx_top_cts', because the actual library setting may not be overwritten. (ATTR-12)
Information: The design specific attribute override for lib_cell 'saed90nm_max:INVX32.timing' is set in the current block 'css_phy_tx_top_cts', because the actual library setting may not be overwritten. (ATTR-12)
Information: The design specific attribute override for lib_cell 'saed90nm_max:INVX4.timing' is set in the current block 'css_phy_tx_top_cts', because the actual library setting may not be overwritten. (ATTR-12)
Information: The design specific attribute override for lib_cell 'saed90nm_max:INVX8.timing' is set in the current block 'css_phy_tx_top_cts', because the actual library setting may not be overwritten. (ATTR-12)
Information: The design specific attribute override for lib_cell 'saed90nm_max:ISOLANDX1.timing' is set in the current block 'css_phy_tx_top_cts', because the actual library setting may not be overwritten. (ATTR-12)
Information: The design specific attribute override for lib_cell 'saed90nm_max:ISOLANDX2.timing' is set in the current block 'css_phy_tx_top_cts', because the actual library setting may not be overwritten. (ATTR-12)
Information: The design specific attribute override for lib_cell 'saed90nm_max:ISOLANDX4.timing' is set in the current block 'css_phy_tx_top_cts', because the actual library setting may not be overwritten. (ATTR-12)
Information: The design specific attribute override for lib_cell 'saed90nm_max:ISOLANDX8.timing' is set in the current block 'css_phy_tx_top_cts', because the actual library setting may not be overwritten. (ATTR-12)
Information: The design specific attribute override for lib_cell 'saed90nm_max:ISOLORX1.timing' is set in the current block 'css_phy_tx_top_cts', because the actual library setting may not be overwritten. (ATTR-12)
Information: The design specific attribute override for lib_cell 'saed90nm_max:ISOLORX2.timing' is set in the current block 'css_phy_tx_top_cts', because the actual library setting may not be overwritten. (ATTR-12)
Information: The design specific attribute override for lib_cell 'saed90nm_max:ISOLORX4.timing' is set in the current block 'css_phy_tx_top_cts', because the actual library setting may not be overwritten. (ATTR-12)
Information: The design specific attribute override for lib_cell 'saed90nm_max:ISOLORX8.timing' is set in the current block 'css_phy_tx_top_cts', because the actual library setting may not be overwritten. (ATTR-12)
Information: The design specific attribute override for lib_cell 'saed90nm_max:LARX1.timing' is set in the current block 'css_phy_tx_top_cts', because the actual library setting may not be overwritten. (ATTR-12)
Information: The design specific attribute override for lib_cell 'saed90nm_max:LARX2.timing' is set in the current block 'css_phy_tx_top_cts', because the actual library setting may not be overwritten. (ATTR-12)
Information: The design specific attribute override for lib_cell 'saed90nm_max:LASRNX1.timing' is set in the current block 'css_phy_tx_top_cts', because the actual library setting may not be overwritten. (ATTR-12)
Information: The design specific attribute override for lib_cell 'saed90nm_max:LASRNX2.timing' is set in the current block 'css_phy_tx_top_cts', because the actual library setting may not be overwritten. (ATTR-12)
Information: The design specific attribute override for lib_cell 'saed90nm_max:LASRQX1.timing' is set in the current block 'css_phy_tx_top_cts', because the actual library setting may not be overwritten. (ATTR-12)
Information: The design specific attribute override for lib_cell 'saed90nm_max:LASRQX2.timing' is set in the current block 'css_phy_tx_top_cts', because the actual library setting may not be overwritten. (ATTR-12)
Information: The design specific attribute override for lib_cell 'saed90nm_max:LASRX1.timing' is set in the current block 'css_phy_tx_top_cts', because the actual library setting may not be overwritten. (ATTR-12)
Information: The design specific attribute override for lib_cell 'saed90nm_max:LASRX2.timing' is set in the current block 'css_phy_tx_top_cts', because the actual library setting may not be overwritten. (ATTR-12)
Information: The design specific attribute override for lib_cell 'saed90nm_max:LASX1.timing' is set in the current block 'css_phy_tx_top_cts', because the actual library setting may not be overwritten. (ATTR-12)
Information: The design specific attribute override for lib_cell 'saed90nm_max:LASX2.timing' is set in the current block 'css_phy_tx_top_cts', because the actual library setting may not be overwritten. (ATTR-12)
Information: The design specific attribute override for lib_cell 'saed90nm_max:LATCHX1.timing' is set in the current block 'css_phy_tx_top_cts', because the actual library setting may not be overwritten. (ATTR-12)
Information: The design specific attribute override for lib_cell 'saed90nm_max:LATCHX2.timing' is set in the current block 'css_phy_tx_top_cts', because the actual library setting may not be overwritten. (ATTR-12)
Information: The design specific attribute override for lib_cell 'saed90nm_max:LNANDX1.timing' is set in the current block 'css_phy_tx_top_cts', because the actual library setting may not be overwritten. (ATTR-12)
Information: The design specific attribute override for lib_cell 'saed90nm_max:LNANDX2.timing' is set in the current block 'css_phy_tx_top_cts', because the actual library setting may not be overwritten. (ATTR-12)
Information: The design specific attribute override for lib_cell 'saed90nm_max:MUX21X1.timing' is set in the current block 'css_phy_tx_top_cts', because the actual library setting may not be overwritten. (ATTR-12)
Information: The design specific attribute override for lib_cell 'saed90nm_max:MUX21X2.timing' is set in the current block 'css_phy_tx_top_cts', because the actual library setting may not be overwritten. (ATTR-12)
Information: The design specific attribute override for lib_cell 'saed90nm_max:MUX41X1.timing' is set in the current block 'css_phy_tx_top_cts', because the actual library setting may not be overwritten. (ATTR-12)
Information: The design specific attribute override for lib_cell 'saed90nm_max:MUX41X2.timing' is set in the current block 'css_phy_tx_top_cts', because the actual library setting may not be overwritten. (ATTR-12)
Information: The design specific attribute override for lib_cell 'saed90nm_max:NAND2X0.timing' is set in the current block 'css_phy_tx_top_cts', because the actual library setting may not be overwritten. (ATTR-12)
Information: The design specific attribute override for lib_cell 'saed90nm_max:NAND2X1.timing' is set in the current block 'css_phy_tx_top_cts', because the actual library setting may not be overwritten. (ATTR-12)
Information: The design specific attribute override for lib_cell 'saed90nm_max:NAND2X2.timing' is set in the current block 'css_phy_tx_top_cts', because the actual library setting may not be overwritten. (ATTR-12)
Information: The design specific attribute override for lib_cell 'saed90nm_max:NAND2X4.timing' is set in the current block 'css_phy_tx_top_cts', because the actual library setting may not be overwritten. (ATTR-12)
Information: The design specific attribute override for lib_cell 'saed90nm_max:NAND3X0.timing' is set in the current block 'css_phy_tx_top_cts', because the actual library setting may not be overwritten. (ATTR-12)
Information: The design specific attribute override for lib_cell 'saed90nm_max:NAND3X1.timing' is set in the current block 'css_phy_tx_top_cts', because the actual library setting may not be overwritten. (ATTR-12)
Information: The design specific attribute override for lib_cell 'saed90nm_max:NAND3X2.timing' is set in the current block 'css_phy_tx_top_cts', because the actual library setting may not be overwritten. (ATTR-12)
Information: The design specific attribute override for lib_cell 'saed90nm_max:NAND3X4.timing' is set in the current block 'css_phy_tx_top_cts', because the actual library setting may not be overwritten. (ATTR-12)
Information: The design specific attribute override for lib_cell 'saed90nm_max:NAND4X0.timing' is set in the current block 'css_phy_tx_top_cts', because the actual library setting may not be overwritten. (ATTR-12)
Information: The design specific attribute override for lib_cell 'saed90nm_max:NAND4X1.timing' is set in the current block 'css_phy_tx_top_cts', because the actual library setting may not be overwritten. (ATTR-12)
Information: The design specific attribute override for lib_cell 'saed90nm_max:NBUFFX16.timing' is set in the current block 'css_phy_tx_top_cts', because the actual library setting may not be overwritten. (ATTR-12)
Information: The design specific attribute override for lib_cell 'saed90nm_max:NBUFFX2.timing' is set in the current block 'css_phy_tx_top_cts', because the actual library setting may not be overwritten. (ATTR-12)
Information: The design specific attribute override for lib_cell 'saed90nm_max:NBUFFX32.timing' is set in the current block 'css_phy_tx_top_cts', because the actual library setting may not be overwritten. (ATTR-12)
Information: The design specific attribute override for lib_cell 'saed90nm_max:NBUFFX4.timing' is set in the current block 'css_phy_tx_top_cts', because the actual library setting may not be overwritten. (ATTR-12)
Information: The design specific attribute override for lib_cell 'saed90nm_max:NBUFFX8.timing' is set in the current block 'css_phy_tx_top_cts', because the actual library setting may not be overwritten. (ATTR-12)
Information: The design specific attribute override for lib_cell 'saed90nm_max:NMT1.timing' is set in the current block 'css_phy_tx_top_cts', because the actual library setting may not be overwritten. (ATTR-12)
Information: The design specific attribute override for lib_cell 'saed90nm_max:NMT2.timing' is set in the current block 'css_phy_tx_top_cts', because the actual library setting may not be overwritten. (ATTR-12)
Information: The design specific attribute override for lib_cell 'saed90nm_max:NMT3.timing' is set in the current block 'css_phy_tx_top_cts', because the actual library setting may not be overwritten. (ATTR-12)
Information: The design specific attribute override for lib_cell 'saed90nm_max:NOR2X0.timing' is set in the current block 'css_phy_tx_top_cts', because the actual library setting may not be overwritten. (ATTR-12)
Information: The design specific attribute override for lib_cell 'saed90nm_max:NOR2X1.timing' is set in the current block 'css_phy_tx_top_cts', because the actual library setting may not be overwritten. (ATTR-12)
Information: The design specific attribute override for lib_cell 'saed90nm_max:NOR2X2.timing' is set in the current block 'css_phy_tx_top_cts', because the actual library setting may not be overwritten. (ATTR-12)
Information: The design specific attribute override for lib_cell 'saed90nm_max:NOR2X4.timing' is set in the current block 'css_phy_tx_top_cts', because the actual library setting may not be overwritten. (ATTR-12)
Information: The design specific attribute override for lib_cell 'saed90nm_max:NOR3X0.timing' is set in the current block 'css_phy_tx_top_cts', because the actual library setting may not be overwritten. (ATTR-12)
Information: The design specific attribute override for lib_cell 'saed90nm_max:NOR3X1.timing' is set in the current block 'css_phy_tx_top_cts', because the actual library setting may not be overwritten. (ATTR-12)
Information: The design specific attribute override for lib_cell 'saed90nm_max:NOR3X2.timing' is set in the current block 'css_phy_tx_top_cts', because the actual library setting may not be overwritten. (ATTR-12)
Information: The design specific attribute override for lib_cell 'saed90nm_max:NOR3X4.timing' is set in the current block 'css_phy_tx_top_cts', because the actual library setting may not be overwritten. (ATTR-12)
Information: The design specific attribute override for lib_cell 'saed90nm_max:NOR4X0.timing' is set in the current block 'css_phy_tx_top_cts', because the actual library setting may not be overwritten. (ATTR-12)
Information: The design specific attribute override for lib_cell 'saed90nm_max:NOR4X1.timing' is set in the current block 'css_phy_tx_top_cts', because the actual library setting may not be overwritten. (ATTR-12)
Information: The design specific attribute override for lib_cell 'saed90nm_max:OA21X1.timing' is set in the current block 'css_phy_tx_top_cts', because the actual library setting may not be overwritten. (ATTR-12)
Information: The design specific attribute override for lib_cell 'saed90nm_max:OA21X2.timing' is set in the current block 'css_phy_tx_top_cts', because the actual library setting may not be overwritten. (ATTR-12)
Information: The design specific attribute override for lib_cell 'saed90nm_max:OA221X1.timing' is set in the current block 'css_phy_tx_top_cts', because the actual library setting may not be overwritten. (ATTR-12)
Information: The design specific attribute override for lib_cell 'saed90nm_max:OA221X2.timing' is set in the current block 'css_phy_tx_top_cts', because the actual library setting may not be overwritten. (ATTR-12)
Information: The design specific attribute override for lib_cell 'saed90nm_max:OA222X1.timing' is set in the current block 'css_phy_tx_top_cts', because the actual library setting may not be overwritten. (ATTR-12)
Information: The design specific attribute override for lib_cell 'saed90nm_max:OA222X2.timing' is set in the current block 'css_phy_tx_top_cts', because the actual library setting may not be overwritten. (ATTR-12)
Information: The design specific attribute override for lib_cell 'saed90nm_max:OA22X1.timing' is set in the current block 'css_phy_tx_top_cts', because the actual library setting may not be overwritten. (ATTR-12)
Information: The design specific attribute override for lib_cell 'saed90nm_max:OA22X2.timing' is set in the current block 'css_phy_tx_top_cts', because the actual library setting may not be overwritten. (ATTR-12)
Information: The design specific attribute override for lib_cell 'saed90nm_max:OAI21X1.timing' is set in the current block 'css_phy_tx_top_cts', because the actual library setting may not be overwritten. (ATTR-12)
Information: The design specific attribute override for lib_cell 'saed90nm_max:OAI21X2.timing' is set in the current block 'css_phy_tx_top_cts', because the actual library setting may not be overwritten. (ATTR-12)
Information: The design specific attribute override for lib_cell 'saed90nm_max:OAI221X1.timing' is set in the current block 'css_phy_tx_top_cts', because the actual library setting may not be overwritten. (ATTR-12)
Information: The design specific attribute override for lib_cell 'saed90nm_max:OAI221X2.timing' is set in the current block 'css_phy_tx_top_cts', because the actual library setting may not be overwritten. (ATTR-12)
Information: The design specific attribute override for lib_cell 'saed90nm_max:OAI222X1.timing' is set in the current block 'css_phy_tx_top_cts', because the actual library setting may not be overwritten. (ATTR-12)
Information: The design specific attribute override for lib_cell 'saed90nm_max:OAI222X2.timing' is set in the current block 'css_phy_tx_top_cts', because the actual library setting may not be overwritten. (ATTR-12)
Information: The design specific attribute override for lib_cell 'saed90nm_max:OAI22X1.timing' is set in the current block 'css_phy_tx_top_cts', because the actual library setting may not be overwritten. (ATTR-12)
Information: The design specific attribute override for lib_cell 'saed90nm_max:OAI22X2.timing' is set in the current block 'css_phy_tx_top_cts', because the actual library setting may not be overwritten. (ATTR-12)
Information: The design specific attribute override for lib_cell 'saed90nm_max:OR2X1.timing' is set in the current block 'css_phy_tx_top_cts', because the actual library setting may not be overwritten. (ATTR-12)
Information: The design specific attribute override for lib_cell 'saed90nm_max:OR2X2.timing' is set in the current block 'css_phy_tx_top_cts', because the actual library setting may not be overwritten. (ATTR-12)
Information: The design specific attribute override for lib_cell 'saed90nm_max:OR2X4.timing' is set in the current block 'css_phy_tx_top_cts', because the actual library setting may not be overwritten. (ATTR-12)
Information: The design specific attribute override for lib_cell 'saed90nm_max:OR3X1.timing' is set in the current block 'css_phy_tx_top_cts', because the actual library setting may not be overwritten. (ATTR-12)
Information: The design specific attribute override for lib_cell 'saed90nm_max:OR3X2.timing' is set in the current block 'css_phy_tx_top_cts', because the actual library setting may not be overwritten. (ATTR-12)
Information: The design specific attribute override for lib_cell 'saed90nm_max:OR3X4.timing' is set in the current block 'css_phy_tx_top_cts', because the actual library setting may not be overwritten. (ATTR-12)
Information: The design specific attribute override for lib_cell 'saed90nm_max:OR4X1.timing' is set in the current block 'css_phy_tx_top_cts', because the actual library setting may not be overwritten. (ATTR-12)
Information: The design specific attribute override for lib_cell 'saed90nm_max:OR4X2.timing' is set in the current block 'css_phy_tx_top_cts', because the actual library setting may not be overwritten. (ATTR-12)
Information: The design specific attribute override for lib_cell 'saed90nm_max:OR4X4.timing' is set in the current block 'css_phy_tx_top_cts', because the actual library setting may not be overwritten. (ATTR-12)
Information: The design specific attribute override for lib_cell 'saed90nm_max:PGX1.timing' is set in the current block 'css_phy_tx_top_cts', because the actual library setting may not be overwritten. (ATTR-12)
Information: The design specific attribute override for lib_cell 'saed90nm_max:PGX2.timing' is set in the current block 'css_phy_tx_top_cts', because the actual library setting may not be overwritten. (ATTR-12)
Information: The design specific attribute override for lib_cell 'saed90nm_max:PGX4.timing' is set in the current block 'css_phy_tx_top_cts', because the actual library setting may not be overwritten. (ATTR-12)
Information: The design specific attribute override for lib_cell 'saed90nm_max:PMT1.timing' is set in the current block 'css_phy_tx_top_cts', because the actual library setting may not be overwritten. (ATTR-12)
Information: The design specific attribute override for lib_cell 'saed90nm_max:PMT2.timing' is set in the current block 'css_phy_tx_top_cts', because the actual library setting may not be overwritten. (ATTR-12)
Information: The design specific attribute override for lib_cell 'saed90nm_max:PMT3.timing' is set in the current block 'css_phy_tx_top_cts', because the actual library setting may not be overwritten. (ATTR-12)
Information: The design specific attribute override for lib_cell 'saed90nm_max:SDFFARX1.timing' is set in the current block 'css_phy_tx_top_cts', because the actual library setting may not be overwritten. (ATTR-12)
Information: The design specific attribute override for lib_cell 'saed90nm_max:SDFFARX2.timing' is set in the current block 'css_phy_tx_top_cts', because the actual library setting may not be overwritten. (ATTR-12)
Information: The design specific attribute override for lib_cell 'saed90nm_max:SDFFASRSX1.timing' is set in the current block 'css_phy_tx_top_cts', because the actual library setting may not be overwritten. (ATTR-12)
Information: The design specific attribute override for lib_cell 'saed90nm_max:SDFFASRSX2.timing' is set in the current block 'css_phy_tx_top_cts', because the actual library setting may not be overwritten. (ATTR-12)
Information: The design specific attribute override for lib_cell 'saed90nm_max:SDFFASRX1.timing' is set in the current block 'css_phy_tx_top_cts', because the actual library setting may not be overwritten. (ATTR-12)
Information: The design specific attribute override for lib_cell 'saed90nm_max:SDFFASRX2.timing' is set in the current block 'css_phy_tx_top_cts', because the actual library setting may not be overwritten. (ATTR-12)
Information: The design specific attribute override for lib_cell 'saed90nm_max:SDFFASX1.timing' is set in the current block 'css_phy_tx_top_cts', because the actual library setting may not be overwritten. (ATTR-12)
Information: The design specific attribute override for lib_cell 'saed90nm_max:SDFFASX2.timing' is set in the current block 'css_phy_tx_top_cts', because the actual library setting may not be overwritten. (ATTR-12)
Information: The design specific attribute override for lib_cell 'saed90nm_max:SDFFNARX1.timing' is set in the current block 'css_phy_tx_top_cts', because the actual library setting may not be overwritten. (ATTR-12)
Information: The design specific attribute override for lib_cell 'saed90nm_max:SDFFNARX2.timing' is set in the current block 'css_phy_tx_top_cts', because the actual library setting may not be overwritten. (ATTR-12)
Information: The design specific attribute override for lib_cell 'saed90nm_max:SDFFNASRX1.timing' is set in the current block 'css_phy_tx_top_cts', because the actual library setting may not be overwritten. (ATTR-12)
Information: The design specific attribute override for lib_cell 'saed90nm_max:SDFFNASRX2.timing' is set in the current block 'css_phy_tx_top_cts', because the actual library setting may not be overwritten. (ATTR-12)
Information: The design specific attribute override for lib_cell 'saed90nm_max:SDFFNASX1.timing' is set in the current block 'css_phy_tx_top_cts', because the actual library setting may not be overwritten. (ATTR-12)
Information: The design specific attribute override for lib_cell 'saed90nm_max:SDFFNASX2.timing' is set in the current block 'css_phy_tx_top_cts', because the actual library setting may not be overwritten. (ATTR-12)
Information: The design specific attribute override for lib_cell 'saed90nm_max:SDFFNX1.timing' is set in the current block 'css_phy_tx_top_cts', because the actual library setting may not be overwritten. (ATTR-12)
Information: The design specific attribute override for lib_cell 'saed90nm_max:SDFFNX2.timing' is set in the current block 'css_phy_tx_top_cts', because the actual library setting may not be overwritten. (ATTR-12)
Information: The design specific attribute override for lib_cell 'saed90nm_max:SDFFSSRX1.timing' is set in the current block 'css_phy_tx_top_cts', because the actual library setting may not be overwritten. (ATTR-12)
Information: The design specific attribute override for lib_cell 'saed90nm_max:SDFFSSRX2.timing' is set in the current block 'css_phy_tx_top_cts', because the actual library setting may not be overwritten. (ATTR-12)
Information: The design specific attribute override for lib_cell 'saed90nm_max:SDFFX1.timing' is set in the current block 'css_phy_tx_top_cts', because the actual library setting may not be overwritten. (ATTR-12)
Information: The design specific attribute override for lib_cell 'saed90nm_max:SDFFX2.timing' is set in the current block 'css_phy_tx_top_cts', because the actual library setting may not be overwritten. (ATTR-12)
Information: The design specific attribute override for lib_cell 'saed90nm_max:SHFILL1.timing' is set in the current block 'css_phy_tx_top_cts', because the actual library setting may not be overwritten. (ATTR-12)
Information: The design specific attribute override for lib_cell 'saed90nm_max:SHFILL128.timing' is set in the current block 'css_phy_tx_top_cts', because the actual library setting may not be overwritten. (ATTR-12)
Information: The design specific attribute override for lib_cell 'saed90nm_max:SHFILL2.timing' is set in the current block 'css_phy_tx_top_cts', because the actual library setting may not be overwritten. (ATTR-12)
Information: The design specific attribute override for lib_cell 'saed90nm_max:SHFILL3.timing' is set in the current block 'css_phy_tx_top_cts', because the actual library setting may not be overwritten. (ATTR-12)
Information: The design specific attribute override for lib_cell 'saed90nm_max:SHFILL64.timing' is set in the current block 'css_phy_tx_top_cts', because the actual library setting may not be overwritten. (ATTR-12)
Information: The design specific attribute override for lib_cell 'saed90nm_max:TIEH.timing' is set in the current block 'css_phy_tx_top_cts', because the actual library setting may not be overwritten. (ATTR-12)
Information: The design specific attribute override for lib_cell 'saed90nm_max:TIEL.timing' is set in the current block 'css_phy_tx_top_cts', because the actual library setting may not be overwritten. (ATTR-12)
Information: The design specific attribute override for lib_cell 'saed90nm_max:TNBUFFX1.timing' is set in the current block 'css_phy_tx_top_cts', because the actual library setting may not be overwritten. (ATTR-12)
Information: The design specific attribute override for lib_cell 'saed90nm_max:TNBUFFX16.timing' is set in the current block 'css_phy_tx_top_cts', because the actual library setting may not be overwritten. (ATTR-12)
Information: The design specific attribute override for lib_cell 'saed90nm_max:TNBUFFX2.timing' is set in the current block 'css_phy_tx_top_cts', because the actual library setting may not be overwritten. (ATTR-12)
Information: The design specific attribute override for lib_cell 'saed90nm_max:TNBUFFX32.timing' is set in the current block 'css_phy_tx_top_cts', because the actual library setting may not be overwritten. (ATTR-12)
Information: The design specific attribute override for lib_cell 'saed90nm_max:TNBUFFX4.timing' is set in the current block 'css_phy_tx_top_cts', because the actual library setting may not be overwritten. (ATTR-12)
Information: The design specific attribute override for lib_cell 'saed90nm_max:TNBUFFX8.timing' is set in the current block 'css_phy_tx_top_cts', because the actual library setting may not be overwritten. (ATTR-12)
Information: The design specific attribute override for lib_cell 'saed90nm_max:XNOR2X1.timing' is set in the current block 'css_phy_tx_top_cts', because the actual library setting may not be overwritten. (ATTR-12)
Information: The design specific attribute override for lib_cell 'saed90nm_max:XNOR2X2.timing' is set in the current block 'css_phy_tx_top_cts', because the actual library setting may not be overwritten. (ATTR-12)
Information: The design specific attribute override for lib_cell 'saed90nm_max:XNOR3X1.timing' is set in the current block 'css_phy_tx_top_cts', because the actual library setting may not be overwritten. (ATTR-12)
Information: The design specific attribute override for lib_cell 'saed90nm_max:XNOR3X2.timing' is set in the current block 'css_phy_tx_top_cts', because the actual library setting may not be overwritten. (ATTR-12)
Information: The design specific attribute override for lib_cell 'saed90nm_max:XOR2X1.timing' is set in the current block 'css_phy_tx_top_cts', because the actual library setting may not be overwritten. (ATTR-12)
Information: The design specific attribute override for lib_cell 'saed90nm_max:XOR2X2.timing' is set in the current block 'css_phy_tx_top_cts', because the actual library setting may not be overwritten. (ATTR-12)
Information: The design specific attribute override for lib_cell 'saed90nm_max:XOR3X1.timing' is set in the current block 'css_phy_tx_top_cts', because the actual library setting may not be overwritten. (ATTR-12)
Information: The design specific attribute override for lib_cell 'saed90nm_max:XOR3X2.timing' is set in the current block 'css_phy_tx_top_cts', because the actual library setting may not be overwritten. (ATTR-12)
Information: The design specific attribute override for lib_cell 'saed90_ndm_physical_only:CGLPPSX2.frame' is set in the current block 'css_phy_tx_top_cts', because the actual library setting may not be overwritten. (ATTR-12)
Information: The design specific attribute override for lib_cell 'saed90_ndm_physical_only:CGLPPSX4.frame' is set in the current block 'css_phy_tx_top_cts', because the actual library setting may not be overwritten. (ATTR-12)
Information: The design specific attribute override for lib_cell 'saed90_ndm_physical_only:RDFFNSRASX2.frame' is set in the current block 'css_phy_tx_top_cts', because the actual library setting may not be overwritten. (ATTR-12)
Information: The design specific attribute override for lib_cell 'saed90_ndm_physical_only:RDFFNSRX1.frame' is set in the current block 'css_phy_tx_top_cts', because the actual library setting may not be overwritten. (ATTR-12)
Information: The design specific attribute override for lib_cell 'saed90_ndm_physical_only:RDFFNSRX2.frame' is set in the current block 'css_phy_tx_top_cts', because the actual library setting may not be overwritten. (ATTR-12)
Information: The design specific attribute override for lib_cell 'saed90_ndm_physical_only:RDFFSRARX1.frame' is set in the current block 'css_phy_tx_top_cts', because the actual library setting may not be overwritten. (ATTR-12)
Information: The design specific attribute override for lib_cell 'saed90_ndm_physical_only:RDFFSRARX2.frame' is set in the current block 'css_phy_tx_top_cts', because the actual library setting may not be overwritten. (ATTR-12)
Information: The design specific attribute override for lib_cell 'saed90_ndm_physical_only:RDFFSRASRX1.frame' is set in the current block 'css_phy_tx_top_cts', because the actual library setting may not be overwritten. (ATTR-12)
Information: The design specific attribute override for lib_cell 'saed90_ndm_physical_only:CGLPPSX8.frame' is set in the current block 'css_phy_tx_top_cts', because the actual library setting may not be overwritten. (ATTR-12)
Information: The design specific attribute override for lib_cell 'saed90_ndm_physical_only:RDFFSRASRX2.frame' is set in the current block 'css_phy_tx_top_cts', because the actual library setting may not be overwritten. (ATTR-12)
Information: The design specific attribute override for lib_cell 'saed90_ndm_physical_only:CGLNPRX2.frame' is set in the current block 'css_phy_tx_top_cts', because the actual library setting may not be overwritten. (ATTR-12)
Information: The design specific attribute override for lib_cell 'saed90_ndm_physical_only:CGLNPRX8.frame' is set in the current block 'css_phy_tx_top_cts', because the actual library setting may not be overwritten. (ATTR-12)
Information: The design specific attribute override for lib_cell 'saed90_ndm_physical_only:CGLNPSX16.frame' is set in the current block 'css_phy_tx_top_cts', because the actual library setting may not be overwritten. (ATTR-12)
Information: The design specific attribute override for lib_cell 'saed90_ndm_physical_only:CGLNPSX2.frame' is set in the current block 'css_phy_tx_top_cts', because the actual library setting may not be overwritten. (ATTR-12)
Information: The design specific attribute override for lib_cell 'saed90_ndm_physical_only:CGLNPSX4.frame' is set in the current block 'css_phy_tx_top_cts', because the actual library setting may not be overwritten. (ATTR-12)
Information: The design specific attribute override for lib_cell 'saed90_ndm_physical_only:CGLNPSX8.frame' is set in the current block 'css_phy_tx_top_cts', because the actual library setting may not be overwritten. (ATTR-12)
Information: The design specific attribute override for lib_cell 'saed90_ndm_physical_only:CGLPPRX2.frame' is set in the current block 'css_phy_tx_top_cts', because the actual library setting may not be overwritten. (ATTR-12)
Information: The design specific attribute override for lib_cell 'saed90_ndm_physical_only:CGLPPRX8.frame' is set in the current block 'css_phy_tx_top_cts', because the actual library setting may not be overwritten. (ATTR-12)
Information: The design specific attribute override for lib_cell 'saed90_ndm_physical_only:LSUPENCLX4.frame' is set in the current block 'css_phy_tx_top_cts', because the actual library setting may not be overwritten. (ATTR-12)
Information: The design specific attribute override for lib_cell 'saed90_ndm_physical_only:CGLPPSX16.frame' is set in the current block 'css_phy_tx_top_cts', because the actual library setting may not be overwritten. (ATTR-12)
Information: The design specific attribute override for lib_cell 'saed90_ndm_physical_only:LSUPENCLX8.frame' is set in the current block 'css_phy_tx_top_cts', because the actual library setting may not be overwritten. (ATTR-12)
Information: The design specific attribute override for lib_cell 'saed90_ndm_physical_only:LSUPENX1.frame' is set in the current block 'css_phy_tx_top_cts', because the actual library setting may not be overwritten. (ATTR-12)
Information: The design specific attribute override for lib_cell 'saed90_ndm_physical_only:LSUPENX2.frame' is set in the current block 'css_phy_tx_top_cts', because the actual library setting may not be overwritten. (ATTR-12)
Information: The design specific attribute override for lib_cell 'saed90_ndm_physical_only:LSUPENX4.frame' is set in the current block 'css_phy_tx_top_cts', because the actual library setting may not be overwritten. (ATTR-12)
Information: The design specific attribute override for lib_cell 'saed90_ndm_physical_only:LSUPENX8.frame' is set in the current block 'css_phy_tx_top_cts', because the actual library setting may not be overwritten. (ATTR-12)
Information: The design specific attribute override for lib_cell 'saed90_ndm_physical_only:LSUPX1.frame' is set in the current block 'css_phy_tx_top_cts', because the actual library setting may not be overwritten. (ATTR-12)
Information: The design specific attribute override for lib_cell 'saed90_ndm_physical_only:LSUPX2.frame' is set in the current block 'css_phy_tx_top_cts', because the actual library setting may not be overwritten. (ATTR-12)
Information: The design specific attribute override for lib_cell 'saed90_ndm_physical_only:LSUPX4.frame' is set in the current block 'css_phy_tx_top_cts', because the actual library setting may not be overwritten. (ATTR-12)
Information: The design specific attribute override for lib_cell 'saed90_ndm_physical_only:LSUPX8.frame' is set in the current block 'css_phy_tx_top_cts', because the actual library setting may not be overwritten. (ATTR-12)
Information: The design specific attribute override for lib_cell 'saed90_ndm_physical_only:RDFFNSRARX1.frame' is set in the current block 'css_phy_tx_top_cts', because the actual library setting may not be overwritten. (ATTR-12)
Information: The design specific attribute override for lib_cell 'saed90_ndm_physical_only:RDFFNSRARX2.frame' is set in the current block 'css_phy_tx_top_cts', because the actual library setting may not be overwritten. (ATTR-12)
Information: The design specific attribute override for lib_cell 'saed90_ndm_physical_only:RDFFNSRASRNX1.frame' is set in the current block 'css_phy_tx_top_cts', because the actual library setting may not be overwritten. (ATTR-12)
Information: The design specific attribute override for lib_cell 'saed90_ndm_physical_only:RDFFNSRASRNX2.frame' is set in the current block 'css_phy_tx_top_cts', because the actual library setting may not be overwritten. (ATTR-12)
Information: The design specific attribute override for lib_cell 'saed90_ndm_physical_only:RDFFNX2.frame' is set in the current block 'css_phy_tx_top_cts', because the actual library setting may not be overwritten. (ATTR-12)
Information: The design specific attribute override for lib_cell 'saed90_ndm_physical_only:RDFFX1.frame' is set in the current block 'css_phy_tx_top_cts', because the actual library setting may not be overwritten. (ATTR-12)
Information: The design specific attribute override for lib_cell 'saed90_ndm_physical_only:RDFFX2.frame' is set in the current block 'css_phy_tx_top_cts', because the actual library setting may not be overwritten. (ATTR-12)
Information: The design specific attribute override for lib_cell 'saed90_ndm_physical_only:RSDFFX1.frame' is set in the current block 'css_phy_tx_top_cts', because the actual library setting may not be overwritten. (ATTR-12)
Information: The design specific attribute override for lib_cell 'saed90_ndm_physical_only:RSDFFX2.frame' is set in the current block 'css_phy_tx_top_cts', because the actual library setting may not be overwritten. (ATTR-12)
Information: The design specific attribute override for lib_cell 'saed90_ndm_physical_only:RDFFNX1.frame' is set in the current block 'css_phy_tx_top_cts', because the actual library setting may not be overwritten. (ATTR-12)
Information: The design specific attribute override for lib_cell 'saed90_ndm_physical_only:RDFFNSRASX1.frame' is set in the current block 'css_phy_tx_top_cts', because the actual library setting may not be overwritten. (ATTR-12)
Information: The design specific attribute override for lib_cell 'saed90_ndm_physical_only:RSDFFNX1.frame' is set in the current block 'css_phy_tx_top_cts', because the actual library setting may not be overwritten. (ATTR-12)
Information: The design specific attribute override for lib_cell 'saed90_ndm_physical_only:RSDFFNX2.frame' is set in the current block 'css_phy_tx_top_cts', because the actual library setting may not be overwritten. (ATTR-12)
Information: The design specific attribute override for lib_cell 'saed90_ndm_physical_only:RDFFSRSSRX1.frame' is set in the current block 'css_phy_tx_top_cts', because the actual library setting may not be overwritten. (ATTR-12)
Information: The design specific attribute override for lib_cell 'saed90_ndm_physical_only:RDFFSRSSRX2.frame' is set in the current block 'css_phy_tx_top_cts', because the actual library setting may not be overwritten. (ATTR-12)
Information: The design specific attribute override for lib_cell 'saed90_ndm_physical_only:RDFFSRX1.frame' is set in the current block 'css_phy_tx_top_cts', because the actual library setting may not be overwritten. (ATTR-12)
Information: The design specific attribute override for lib_cell 'saed90_ndm_physical_only:RDFFSRX2.frame' is set in the current block 'css_phy_tx_top_cts', because the actual library setting may not be overwritten. (ATTR-12)
Information: The design specific attribute override for lib_cell 'saed90_ndm_physical_only:LSDNENCLX1.frame' is set in the current block 'css_phy_tx_top_cts', because the actual library setting may not be overwritten. (ATTR-12)
Information: The design specific attribute override for lib_cell 'saed90_ndm_physical_only:LSDNENCLX2.frame' is set in the current block 'css_phy_tx_top_cts', because the actual library setting may not be overwritten. (ATTR-12)
Information: The design specific attribute override for lib_cell 'saed90_ndm_physical_only:LSDNENX1.frame' is set in the current block 'css_phy_tx_top_cts', because the actual library setting may not be overwritten. (ATTR-12)
Information: The design specific attribute override for lib_cell 'saed90_ndm_physical_only:LSDNENX2.frame' is set in the current block 'css_phy_tx_top_cts', because the actual library setting may not be overwritten. (ATTR-12)
Information: The design specific attribute override for lib_cell 'saed90_ndm_physical_only:LSDNENX4.frame' is set in the current block 'css_phy_tx_top_cts', because the actual library setting may not be overwritten. (ATTR-12)
Information: The design specific attribute override for lib_cell 'saed90_ndm_physical_only:LSDNENX8.frame' is set in the current block 'css_phy_tx_top_cts', because the actual library setting may not be overwritten. (ATTR-12)
Information: The design specific attribute override for lib_cell 'saed90_ndm_physical_only:LSDNX2.frame' is set in the current block 'css_phy_tx_top_cts', because the actual library setting may not be overwritten. (ATTR-12)
Information: The design specific attribute override for lib_cell 'saed90_ndm_physical_only:LSDNX4.frame' is set in the current block 'css_phy_tx_top_cts', because the actual library setting may not be overwritten. (ATTR-12)
Information: The design specific attribute override for lib_cell 'saed90_ndm_physical_only:LSDNX8.frame' is set in the current block 'css_phy_tx_top_cts', because the actual library setting may not be overwritten. (ATTR-12)
Information: The design specific attribute override for lib_cell 'saed90_ndm_physical_only:LSUPENCLX1.frame' is set in the current block 'css_phy_tx_top_cts', because the actual library setting may not be overwritten. (ATTR-12)
Information: The design specific attribute override for lib_cell 'saed90_ndm_physical_only:LSUPENCLX2.frame' is set in the current block 'css_phy_tx_top_cts', because the actual library setting may not be overwritten. (ATTR-12)
Information: The design specific attribute override for lib_cell 'saed90_ndm_physical_only:RSDFFNSRARX1.frame' is set in the current block 'css_phy_tx_top_cts', because the actual library setting may not be overwritten. (ATTR-12)
Information: The design specific attribute override for lib_cell 'saed90_ndm_physical_only:RSDFFNSRARX2.frame' is set in the current block 'css_phy_tx_top_cts', because the actual library setting may not be overwritten. (ATTR-12)
Information: The design specific attribute override for lib_cell 'saed90_ndm_physical_only:RSDFFNSRASRNX1.frame' is set in the current block 'css_phy_tx_top_cts', because the actual library setting may not be overwritten. (ATTR-12)
Information: The design specific attribute override for lib_cell 'saed90_ndm_physical_only:RSDFFNSRASRNX2.frame' is set in the current block 'css_phy_tx_top_cts', because the actual library setting may not be overwritten. (ATTR-12)
Information: The design specific attribute override for lib_cell 'saed90_ndm_physical_only:RSDFFNSRASRQX1.frame' is set in the current block 'css_phy_tx_top_cts', because the actual library setting may not be overwritten. (ATTR-12)
Information: The design specific attribute override for lib_cell 'saed90_ndm_physical_only:RSDFFNSRASRQX2.frame' is set in the current block 'css_phy_tx_top_cts', because the actual library setting may not be overwritten. (ATTR-12)
Information: The design specific attribute override for lib_cell 'saed90_ndm_physical_only:RSDFFNSRASRX1.frame' is set in the current block 'css_phy_tx_top_cts', because the actual library setting may not be overwritten. (ATTR-12)
Information: The design specific attribute override for lib_cell 'saed90_ndm_physical_only:RSDFFNSRASRX2.frame' is set in the current block 'css_phy_tx_top_cts', because the actual library setting may not be overwritten. (ATTR-12)
Information: The design specific attribute override for lib_cell 'saed90_ndm_physical_only:RSDFFNSRASX1.frame' is set in the current block 'css_phy_tx_top_cts', because the actual library setting may not be overwritten. (ATTR-12)
Information: The design specific attribute override for lib_cell 'saed90_ndm_physical_only:RSDFFNSRASX2.frame' is set in the current block 'css_phy_tx_top_cts', because the actual library setting may not be overwritten. (ATTR-12)
Information: The design specific attribute override for lib_cell 'saed90_ndm_physical_only:RSDFFNSRX1.frame' is set in the current block 'css_phy_tx_top_cts', because the actual library setting may not be overwritten. (ATTR-12)
Information: The design specific attribute override for lib_cell 'saed90_ndm_physical_only:RSDFFNSRX2.frame' is set in the current block 'css_phy_tx_top_cts', because the actual library setting may not be overwritten. (ATTR-12)
Information: The design specific attribute override for lib_cell 'saed90_ndm_physical_only:RSDFFSRARX1.frame' is set in the current block 'css_phy_tx_top_cts', because the actual library setting may not be overwritten. (ATTR-12)
Information: The design specific attribute override for lib_cell 'saed90_ndm_physical_only:RSDFFSRARX2.frame' is set in the current block 'css_phy_tx_top_cts', because the actual library setting may not be overwritten. (ATTR-12)
Information: The design specific attribute override for lib_cell 'saed90_ndm_physical_only:RSDFFSRASRX1.frame' is set in the current block 'css_phy_tx_top_cts', because the actual library setting may not be overwritten. (ATTR-12)
Information: The design specific attribute override for lib_cell 'saed90_ndm_physical_only:RSDFFSRASRX2.frame' is set in the current block 'css_phy_tx_top_cts', because the actual library setting may not be overwritten. (ATTR-12)
Information: The design specific attribute override for lib_cell 'saed90_ndm_physical_only:RSDFFSRASX1.frame' is set in the current block 'css_phy_tx_top_cts', because the actual library setting may not be overwritten. (ATTR-12)
Information: The design specific attribute override for lib_cell 'saed90_ndm_physical_only:RSDFFSRASX2.frame' is set in the current block 'css_phy_tx_top_cts', because the actual library setting may not be overwritten. (ATTR-12)
Information: The design specific attribute override for lib_cell 'saed90_ndm_physical_only:RSDFFSRSSRX1.frame' is set in the current block 'css_phy_tx_top_cts', because the actual library setting may not be overwritten. (ATTR-12)
Information: The design specific attribute override for lib_cell 'saed90_ndm_physical_only:RSDFFSRSSRX2.frame' is set in the current block 'css_phy_tx_top_cts', because the actual library setting may not be overwritten. (ATTR-12)
Information: The design specific attribute override for lib_cell 'saed90_ndm_physical_only:RSDFFSRX1.frame' is set in the current block 'css_phy_tx_top_cts', because the actual library setting may not be overwritten. (ATTR-12)
Information: The design specific attribute override for lib_cell 'saed90_ndm_physical_only:RSDFFSRX2.frame' is set in the current block 'css_phy_tx_top_cts', because the actual library setting may not be overwritten. (ATTR-12)
Information: The design specific attribute override for lib_cell 'saed90_ndm_physical_only:RDFFSRASX1.frame' is set in the current block 'css_phy_tx_top_cts', because the actual library setting may not be overwritten. (ATTR-12)
Information: The design specific attribute override for lib_cell 'saed90_ndm_physical_only:RDFFSRASX2.frame' is set in the current block 'css_phy_tx_top_cts', because the actual library setting may not be overwritten. (ATTR-12)
Information: The design specific attribute override for lib_cell 'saed90_ndm_physical_only:RDFFNSRASRQX1.frame' is set in the current block 'css_phy_tx_top_cts', because the actual library setting may not be overwritten. (ATTR-12)
Information: The design specific attribute override for lib_cell 'saed90_ndm_physical_only:RDFFNSRASRQX2.frame' is set in the current block 'css_phy_tx_top_cts', because the actual library setting may not be overwritten. (ATTR-12)
Information: The design specific attribute override for lib_cell 'saed90_ndm_physical_only:RDFFNSRASRX1.frame' is set in the current block 'css_phy_tx_top_cts', because the actual library setting may not be overwritten. (ATTR-12)
Information: The design specific attribute override for lib_cell 'saed90_ndm_physical_only:RDFFNSRASRX2.frame' is set in the current block 'css_phy_tx_top_cts', because the actual library setting may not be overwritten. (ATTR-12)
Information: The design specific attribute override for lib_cell 'saed90_ndm_physical_only:LSDNSSX2.frame' is set in the current block 'css_phy_tx_top_cts', because the actual library setting may not be overwritten. (ATTR-12)
Information: The design specific attribute override for lib_cell 'saed90_ndm_physical_only:LSDNSSX4.frame' is set in the current block 'css_phy_tx_top_cts', because the actual library setting may not be overwritten. (ATTR-12)
Information: The design specific attribute override for lib_cell 'saed90_ndm_physical_only:RDFFARX1.frame' is set in the current block 'css_phy_tx_top_cts', because the actual library setting may not be overwritten. (ATTR-12)
Information: The design specific attribute override for lib_cell 'saed90_ndm_physical_only:RDFFARX2.frame' is set in the current block 'css_phy_tx_top_cts', because the actual library setting may not be overwritten. (ATTR-12)
Information: The design specific attribute override for lib_cell 'saed90_ndm_physical_only:RDFFNARX1.frame' is set in the current block 'css_phy_tx_top_cts', because the actual library setting may not be overwritten. (ATTR-12)
Information: The design specific attribute override for lib_cell 'saed90_ndm_physical_only:RDFFNARX2.frame' is set in the current block 'css_phy_tx_top_cts', because the actual library setting may not be overwritten. (ATTR-12)
Information: The design specific attribute override for lib_cell 'saed90_ndm_physical_only:RSDFFARX1.frame' is set in the current block 'css_phy_tx_top_cts', because the actual library setting may not be overwritten. (ATTR-12)
Information: The design specific attribute override for lib_cell 'saed90_ndm_physical_only:RSDFFARX2.frame' is set in the current block 'css_phy_tx_top_cts', because the actual library setting may not be overwritten. (ATTR-12)
Information: The design specific attribute override for lib_cell 'saed90_ndm_physical_only:RSDFFNARX1.frame' is set in the current block 'css_phy_tx_top_cts', because the actual library setting may not be overwritten. (ATTR-12)
Information: The design specific attribute override for lib_cell 'saed90_ndm_physical_only:RSDFFNARX2.frame' is set in the current block 'css_phy_tx_top_cts', because the actual library setting may not be overwritten. (ATTR-12)
Information: The design specific attribute override for lib_cell 'saed90_ndm_physical_only:LSDNSSX8.frame' is set in the current block 'css_phy_tx_top_cts', because the actual library setting may not be overwritten. (ATTR-12)
Information: The design specific attribute override for lib_cell 'saed90_ndm_physical_only:LSDNX1.frame' is set in the current block 'css_phy_tx_top_cts', because the actual library setting may not be overwritten. (ATTR-12)
Information: The design specific attribute override for lib_cell 'saed90_ndm_physical_only:ISOLANDAOX1.frame' is set in the current block 'css_phy_tx_top_cts', because the actual library setting may not be overwritten. (ATTR-12)
Information: The design specific attribute override for lib_cell 'saed90_ndm_physical_only:ISOLANDAOX2.frame' is set in the current block 'css_phy_tx_top_cts', because the actual library setting may not be overwritten. (ATTR-12)
Information: The design specific attribute override for lib_cell 'saed90_ndm_physical_only:ISOLANDAOX4.frame' is set in the current block 'css_phy_tx_top_cts', because the actual library setting may not be overwritten. (ATTR-12)
Information: The design specific attribute override for lib_cell 'saed90_ndm_physical_only:ISOLANDAOX8.frame' is set in the current block 'css_phy_tx_top_cts', because the actual library setting may not be overwritten. (ATTR-12)
Information: The design specific attribute override for lib_cell 'saed90_ndm_physical_only:ISOLORAOX1.frame' is set in the current block 'css_phy_tx_top_cts', because the actual library setting may not be overwritten. (ATTR-12)
Information: The design specific attribute override for lib_cell 'saed90_ndm_physical_only:ISOLORAOX2.frame' is set in the current block 'css_phy_tx_top_cts', because the actual library setting may not be overwritten. (ATTR-12)
Information: The design specific attribute override for lib_cell 'saed90_ndm_physical_only:ISOLORAOX4.frame' is set in the current block 'css_phy_tx_top_cts', because the actual library setting may not be overwritten. (ATTR-12)
Information: The design specific attribute override for lib_cell 'saed90_ndm_physical_only:ISOLORAOX8.frame' is set in the current block 'css_phy_tx_top_cts', because the actual library setting may not be overwritten. (ATTR-12)
Information: The design specific attribute override for lib_cell 'saed90_ndm_physical_only:LSDNENCLSSX1.frame' is set in the current block 'css_phy_tx_top_cts', because the actual library setting may not be overwritten. (ATTR-12)
Information: The design specific attribute override for lib_cell 'saed90_ndm_physical_only:LSDNENCLSSX2.frame' is set in the current block 'css_phy_tx_top_cts', because the actual library setting may not be overwritten. (ATTR-12)
Information: The design specific attribute override for lib_cell 'saed90_ndm_physical_only:LSDNENCLSSX4.frame' is set in the current block 'css_phy_tx_top_cts', because the actual library setting may not be overwritten. (ATTR-12)
Information: The design specific attribute override for lib_cell 'saed90_ndm_physical_only:LSDNENCLSSX8.frame' is set in the current block 'css_phy_tx_top_cts', because the actual library setting may not be overwritten. (ATTR-12)
Information: The design specific attribute override for lib_cell 'saed90_ndm_physical_only:LSDNENSSX1.frame' is set in the current block 'css_phy_tx_top_cts', because the actual library setting may not be overwritten. (ATTR-12)
Information: The design specific attribute override for lib_cell 'saed90_ndm_physical_only:LSDNENSSX2.frame' is set in the current block 'css_phy_tx_top_cts', because the actual library setting may not be overwritten. (ATTR-12)
Information: The design specific attribute override for lib_cell 'saed90_ndm_physical_only:LSDNENSSX4.frame' is set in the current block 'css_phy_tx_top_cts', because the actual library setting may not be overwritten. (ATTR-12)
Information: The design specific attribute override for lib_cell 'saed90_ndm_physical_only:LSDNENSSX8.frame' is set in the current block 'css_phy_tx_top_cts', because the actual library setting may not be overwritten. (ATTR-12)
Information: The design specific attribute override for lib_cell 'saed90_ndm_physical_only:LSDNSSX1.frame' is set in the current block 'css_phy_tx_top_cts', because the actual library setting may not be overwritten. (ATTR-12)
Information: The design specific attribute override for lib_cell 'saed90_ndm_physical_only:LSDNENCLX8.frame' is set in the current block 'css_phy_tx_top_cts', because the actual library setting may not be overwritten. (ATTR-12)
Information: The design specific attribute override for lib_cell 'saed90_ndm_physical_only:LSDNENCLX4.frame' is set in the current block 'css_phy_tx_top_cts', because the actual library setting may not be overwritten. (ATTR-12)
1
set_lib_cell_purpose -include cts {saed90nm_max/IBUFFX2 saed90nm_max/IBUFFX4 saed90nm_max/IBUFFX8 saed90nm_max/IBUFFX16}
Information: The design specific attribute override for lib_cell 'saed90nm_max:IBUFFX2.timing' is set in the current block 'css_phy_tx_top_cts', because the actual library setting may not be overwritten. (ATTR-12)
Information: The design specific attribute override for lib_cell 'saed90nm_max:IBUFFX4.timing' is set in the current block 'css_phy_tx_top_cts', because the actual library setting may not be overwritten. (ATTR-12)
Information: The design specific attribute override for lib_cell 'saed90nm_max:IBUFFX8.timing' is set in the current block 'css_phy_tx_top_cts', because the actual library setting may not be overwritten. (ATTR-12)
Information: The design specific attribute override for lib_cell 'saed90nm_max:IBUFFX16.timing' is set in the current block 'css_phy_tx_top_cts', because the actual library setting may not be overwritten. (ATTR-12)
1
set_lib_cell_purpose -include cts {saed90nm_max/NBUFFX2 saed90nm_max/NBUFFX4 saed90nm_max/NBUFFX8 saed90nm_max/NBUFFX16}
Information: The design specific attribute override for lib_cell 'saed90nm_max:NBUFFX2.timing' is set in the current block 'css_phy_tx_top_cts', because the actual library setting may not be overwritten. (ATTR-12)
Information: The design specific attribute override for lib_cell 'saed90nm_max:NBUFFX4.timing' is set in the current block 'css_phy_tx_top_cts', because the actual library setting may not be overwritten. (ATTR-12)
Information: The design specific attribute override for lib_cell 'saed90nm_max:NBUFFX8.timing' is set in the current block 'css_phy_tx_top_cts', because the actual library setting may not be overwritten. (ATTR-12)
Information: The design specific attribute override for lib_cell 'saed90nm_max:NBUFFX16.timing' is set in the current block 'css_phy_tx_top_cts', because the actual library setting may not be overwritten. (ATTR-12)
1
set_lib_cell_purpose -include cts {saed90nm_max/INVX2  saed90nm_max/INVX4 saed90nm_max/INVX8 saed90nm_max/INVX16}
Information: The design specific attribute override for lib_cell 'saed90nm_max:INVX2.timing' is set in the current block 'css_phy_tx_top_cts', because the actual library setting may not be overwritten. (ATTR-12)
Information: The design specific attribute override for lib_cell 'saed90nm_max:INVX4.timing' is set in the current block 'css_phy_tx_top_cts', because the actual library setting may not be overwritten. (ATTR-12)
Information: The design specific attribute override for lib_cell 'saed90nm_max:INVX8.timing' is set in the current block 'css_phy_tx_top_cts', because the actual library setting may not be overwritten. (ATTR-12)
Information: The design specific attribute override for lib_cell 'saed90nm_max:INVX16.timing' is set in the current block 'css_phy_tx_top_cts', because the actual library setting may not be overwritten. (ATTR-12)
1
set_lib_cell_purpose -include hold  [get_lib_cells */*DELLN*]
Information: The design specific attribute override for lib_cell 'saed90nm_max:DELLN1X2.timing' is set in the current block 'css_phy_tx_top_cts', because the actual library setting may not be overwritten. (ATTR-12)
Information: The design specific attribute override for lib_cell 'saed90nm_max:DELLN2X2.timing' is set in the current block 'css_phy_tx_top_cts', because the actual library setting may not be overwritten. (ATTR-12)
Information: The design specific attribute override for lib_cell 'saed90nm_max:DELLN3X2.timing' is set in the current block 'css_phy_tx_top_cts', because the actual library setting may not be overwritten. (ATTR-12)
1
create_routing_rule clk_network_NDR_root     -multiplier_spacing 2 -multiplier_width 2
{clk_network_NDR_root}
create_routing_rule clk_network_NDR_internal -multiplier_spacing 2 -multiplier_width 2
{clk_network_NDR_internal}
set_clock_routing_rules -net_type root -clocks {CLK SCAN_CLK} -rules clk_network_NDR_root -max_routing_layer M7 -min_routing_layer M5
1
set_clock_routing_rules -net_type internal -clocks {CLK SCAN_CLK} -rules clk_network_NDR_internal -max_routing_layer M5 -min_routing_layer M3
1
set_clock_routing_rules -net_type sink -clocks {CLK SCAN_CLK} -default_rule  -max_routing_layer M3 -min_routing_layer M1
1
report_ideal_network
****************************************
Report : ideal_network
Design : css_phy_tx_top
Version: O-2018.06-SP1
Date   : Fri Sep 18 06:34:28 2026
****************************************

Ideal network data for scenario 'default':

Source ports                    Latency                        Transition
and pins                  Rise            Fall            Rise            Fall
                       min    max      min    max      min    max      min    max
-------------------------------------------------------------------------------------
clk                    --     --      --      --       --     --       --     --
scan_clk               --     --      --      --       --     --       --     --

1
remove_ideal_network -all
1
remove_clock_latency     [all_clocks]
1
remove_propagated_clock [all_clocks]
1
remove_clock_tree_options -all -target_skew -target_latency
1
set_max_transition 1 -clock_path    [get_clocks {CLK SCAN_CLK}]
1
set_max_capacitance 100 -clock_path [get_clocks {CLK SCAN_CLK}] 
1
set_clock_tree_options -target_skew 0.1 -clocks {CLK SCAN_CLK}
1
set_clock_tree_options -target_latency 0.0 -clocks {CLK SCAN_CLK}
1
report_clock_settings
****************************************
 Report : clock settings
 Design : css_phy_tx_top_cts
 Date   : Fri Sep 18 06:34:29 2026
****************************************


======================================
Configurations 
======================================

##Global
  Corner = default
    Max transition: 0.500
    Max capacitance: 600.000
    Target skew: 0 (default)
    Target latency: Not specified

##CLK
  Corner = default
    Max transition: 1.000
    Max capacitance: 100.000
    Target skew: 0.100
    Target latency: 0.000

##SCAN_CLK
  Corner = default
    Max transition: 1.000
    Max capacitance: 100.000
    Target skew: 0.100
    Target latency: 0.000


======================================
Routing Rules 
======================================

##Global
Routing rule for sink nets: Not specified
Routing rule for internal nets: Not specified
Routing rule for root nets: Not specified
Routing rule for all nets: Not specified
Net-based routing rules (by set_clock_routing_rule): Not specified
Net-based routing rules (by set_routing_rule): Not specified

##CLK
Routing rule for sink nets: Default Min Layer:M1 Max Layer:M3
Routing rule for internal nets: clk_network_NDR_internal  Min Layer:M3 Max Layer:M5
Routing rule for root nets: clk_network_NDR_root  Min Layer:M5 Max Layer:M7
Routing rule for all nets: Not specified
Net-based routing rules (by set_clock_routing_rule): Not specified
Net-based routing rules (by set_routing_rule): Not specified

##SCAN_CLK
Routing rule for sink nets: Default Min Layer:M1 Max Layer:M3
Routing rule for internal nets: clk_network_NDR_internal  Min Layer:M3 Max Layer:M5
Routing rule for root nets: clk_network_NDR_root  Min Layer:M5 Max Layer:M7
Routing rule for all nets: Not specified
Net-based routing rules (by set_clock_routing_rule): Not specified
Net-based routing rules (by set_routing_rule): Not specified


======================================
Buffers and Inverters 
======================================

##Buffers
Name                                   Area      Max Transition       Max Load
------------------------------------------------------------------------------
saed90nm_max/NBUFFX16                26.726               1.024         48.000
saed90nm_max/NBUFFX2                  5.530               1.024         48.000
saed90nm_max/NBUFFX4                 10.138               1.024         48.000
saed90nm_max/NBUFFX8                 14.746               1.024         48.000

##Inverters
Name                                   Area      Max Transition       Max Load
------------------------------------------------------------------------------
saed90nm_max/IBUFFX16                31.334               1.024       3328.000
saed90nm_max/IBUFFX2                 10.138               1.024        416.000
saed90nm_max/IBUFFX4                 12.902               1.024        832.000
saed90nm_max/IBUFFX8                 18.432               1.024       1664.000
saed90nm_max/INVX16                  25.805               1.024       3328.000
saed90nm_max/INVX2                    6.451               1.024        416.000
saed90nm_max/INVX4                    9.216               1.024        832.000
saed90nm_max/INVX8                   14.746               1.024       1664.000


======================================
Spacing Rules 
======================================

##By design
No by design spacing rule is specified

##By clock
No by clock spacing rule is specified

##By libcell
No by libcell spacing rule is specified

##By clock and libcell
No by clock and libcell spacing rule is specified
1
report_clock_tree_options 
****************************************
 Report : target skew and latency
 Design : css_phy_tx_top
 Date   : Fri Sep 18 06:34:29 2026
****************************************

##Target Skew

Clock                        Corner                        Target
-----------------------------------------------------------------
CLK (mode default)           default                       0.1
SCAN_CLK (mode default)      default                       0.1

##Target Latency

Clock                        Corner                        Target
-----------------------------------------------------------------
CLK (mode default)           default                       0
SCAN_CLK (mode default)      default                       0

##Max Level Count

Clock                                  Count
-----------------------------------------------------------------
No max level constraints found.
1
######################3
set_app_options -list {time.enable_si_timing_windows {true}}
time.enable_si_timing_windows true
set_app_options -list {time.si_enable_analysis      {true}}
time.si_enable_analysis true
set_app_options -name time.disable_recovery_removal_checks -value false
time.disable_recovery_removal_checks false
set_app_options -name time.remove_clock_reconvergence_pessimism -value true
time.remove_clock_reconvergence_pessimism true
set_app_options -list {cts.common.max_fanout      {5}}
cts.common.max_fanout 5
set_app_options -list {cts.compile.enable_global_route true}
cts.compile.enable_global_route true
set_app_options -name cts.compile.remove_existing_clock_trees -value true
cts.compile.remove_existing_clock_trees true
set_app_options -list {clock_opt.hold.effort      {high}}
clock_opt.hold.effort high
set_app_options -name clock_opt.flow.optimize_ndr -value true
clock_opt.flow.optimize_ndr true
set_app_options -name clock_opt.flow.enable_clock_power_recovery -value area
clock_opt.flow.enable_clock_power_recovery area
set_app_options -list {clock_opt.flow.enable_ccd      {true}}
clock_opt.flow.enable_ccd true
set_app_options -name ccd.hold_control_effort -value high
ccd.hold_control_effort high
set_app_options -list {cts.common.max_net_length      {100}}
cts.common.max_net_length 100
set_app_options -name cts.common.user_instance_name_prefix -value "CTS_"
cts.common.user_instance_name_prefix CTS_
set_app_options -name opt.common.user_instance_name_prefix -value "OPT_"
opt.common.user_instance_name_prefix OPT_
#########################3
clock_opt -from  build_clock -to build_clock
Use advanced legalizer engine : 0
Warning: the app option 'time.si_enable_analysis' should not be set to be true in pre-route stage, enforce it to be false temporarily. (OPT-215)
Information: The stitching and editing of coupling caps is turned OFF for design 'css_phy_tx_top.dlib:css_phy_tx_top_cts.design'. (TIM-125)
Information: Design Average RC for design css_phy_tx_top_cts  (NEX-011)
Information: r = 0.562500 ohm/um, via_r = 0.900000 ohm/cut, c = 0.101260 ff/um, cc = 0.000000 ff/um (X dir) (NEX-017)
Information: r = 0.562500 ohm/um, via_r = 0.900000 ohm/cut, c = 0.121157 ff/um, cc = 0.000000 ff/um (Y dir) (NEX-017)
Number of Site types in the design = 1
Setting up Chip Core
Chip Core shape: (100000 100000) (9732000 9719200)
Number of unique PDs = 1
Number of Power Domains = 1
Number of Voltage Areas = 1
Number of supply Nets = 2
Number of used supplies = 2

Running clock synthesis step.
************************************************************
* CTS STEP: Design Initialization for Trial Synthesis
************************************************************
Information: All clock objects will be converted from ideal to propagated clock during CTS. (CTS-105)
Information: CTS will work on the following scenarios. (CTS-101)
   default	(Mode: default; Corner: default)
Information: CTS will work on all clocks in active scenarios, including 2 master clocks and 0 generated clocks. (CTS-107)
Information: Clock derating is enabled

CTS related app options set by user:
   cts.common.max_fanout = 5
   cts.common.max_net_length = 100
   cts.common.user_instance_name_prefix = CTS_
   cts.compile.enable_global_route = true
   cts.compile.enable_local_skew = true
   cts.compile.remove_existing_clock_trees = true
   cts.optimize.enable_local_skew = true

Buffer/Inverter reference list for clock tree synthesis:
   saed90nm_max/NBUFFX16
   saed90nm_max/NBUFFX2
   saed90nm_max/NBUFFX4
   saed90nm_max/NBUFFX8
   saed90nm_max/IBUFFX16
   saed90nm_max/IBUFFX2
   saed90nm_max/IBUFFX4
   saed90nm_max/IBUFFX8
   saed90nm_max/INVX16
   saed90nm_max/INVX2
   saed90nm_max/INVX4
   saed90nm_max/INVX8
There is no CTS reference for ICG cells
Information: 'default' is identified as primary corner for initial clock tree building. (CTS-103)
Number of Site types in the design = 1
Setting up Chip Core
Chip Core shape: (100000 100000) (9732000 9719200)
Number of unique PDs = 1
Number of Power Domains = 1
Number of Voltage Areas = 1
Number of supply Nets = 2
Number of used supplies = 2
CTS NDR rule list:
   Clock: CLK (mode default); Net Type: sink;     Rule: default rule; Min Layer: M1; Max Layer: M3
   Clock: CLK (mode default); Net Type: internal; Rule: clk_network_NDR_internal; Min Layer: M3; Max Layer: M5
   Clock: CLK (mode default); Net Type: root;     Rule: clk_network_NDR_root; Min Layer: M5; Max Layer: M7
   Clock: SCAN_CLK (mode default); Net Type: sink;     Rule: default rule; Min Layer: M1; Max Layer: M3
   Clock: SCAN_CLK (mode default); Net Type: internal; Rule: clk_network_NDR_internal; Min Layer: M3; Max Layer: M5
   Clock: SCAN_CLK (mode default); Net Type: root;     Rule: clk_network_NDR_root; Min Layer: M5; Max Layer: M7

Clock cell spacing rule list:
   No clock cell spacing rule is found.
Information: The run time for design initialization is 0 hr : 0 min : 1.82 sec, cpu time is 0 hr : 0 min : 1.76 sec. (CTS-104)
Begin building search trees for block css_phy_tx_top.dlib:css_phy_tx_top_cts.design
Done building search trees for block css_phy_tx_top.dlib:css_phy_tx_top_cts.design (time 0s)
Drc Mode Option: auto
Use advanced legalizer engine : 0
Warning: Routing direction of metal layer PO is neither "horizontal" nor "vertical".  PDC checks will not be performed on this layer. (PDC-003)
PDC app_options settings =========
	place.legalize.enable_prerouted_net_check: 1

Expand check halo by 0.3200 x 0.3200
Scanning PG objects...
PG hash cached 2 nets; 10 viaBoxes; 0 viaMatrices.
PG scanned 484 objects; 117411 vias; 0 staples.
PG scan complete.  Hash key = 2f18b5ba7c1b8ee1
Updating PG structure for 'css_phy_tx_top.dlib:css_phy_tx_top_cts.design'
Loading layers using 4 cores.
Loading layer M2:
Loading layer M1:
Loading layer M3:
Loading layer M4:
Layer M1:  0 straps, 0 other, 0 preroute
Layer M1:  0 secDefs  0 sectors (0 empty)
Loading layer M5:
Layer M2:  0 straps, 48240 other, 0 preroute
Layer M2:  6 secDefs  48240 sectors (0 empty)
Layer M2:    2.000 ave hvObjs/secDef max 2 at {{869.5700 972.0000} {872.4300 972.0400}}
Loading layer M6:
Layer M4:  0 straps, 48240 other, 0 preroute
Layer M4:  6 secDefs  48240 sectors (0 empty)
Layer M4:    2.000 ave hvObjs/secDef max 2 at {{869.5700 972.0000} {872.4300 972.0400}}
Loading layer M7:
Layer M3:  0 straps, 48240 other, 0 preroute
Layer M3:  6 secDefs  48240 sectors (0 empty)
Layer M3:    2.000 ave hvObjs/secDef max 2 at {{869.5700 972.0000} {872.4300 972.0400}}
Loading layer M8:
Layer M5:  0 straps, 48240 other, 0 preroute
Layer M5:  6 secDefs  48240 sectors (0 empty)
Layer M5:    2.000 ave hvObjs/secDef max 2 at {{869.5700 972.0000} {872.4300 972.0400}}
Loading layer M9:
Layer M9:  201 straps, 202 other, 0 preroute
Layer M9:  12 secDefs  403 sectors (0 empty)
Layer M9:   56.000 ave hvObjs/secDef max 143 at {{19.7700 19.5000} {22.2300 962.5000}}
Layer M8:  339 straps, 339 other, 0 preroute
Layer M8:  8 secDefs  678 sectors (0 empty)
Layer M8:   84.875 ave hvObjs/secDef max 145 at {{19.5000 971.8500} {977.2000 971.9900}}
Layer M6:  0 straps, 48240 other, 0 preroute
Layer M6:  6 secDefs  48240 sectors (0 empty)
Layer M6:    2.000 ave hvObjs/secDef max 2 at {{869.5700 972.0000} {872.4300 972.0400}}
Layer M7:  0 straps, 48240 other, 0 preroute
Layer M7:  6 secDefs  48240 sectors (0 empty)
Layer M7:    2.000 ave hvObjs/secDef max 2 at {{869.5700 972.0000} {872.4300 972.0400}}
Saving PG structure for 'css_phy_tx_top.dlib:css_phy_tx_top_cts.design'
Layer M1: wrote 0 secDefs; 0 sectors
Layer M2: wrote 6 secDefs; 48240 sectors
Layer M3: wrote 6 secDefs; 48240 sectors
Layer M4: wrote 6 secDefs; 48240 sectors
Layer M5: wrote 6 secDefs; 48240 sectors
Layer M6: wrote 6 secDefs; 48240 sectors
Layer M7: wrote 6 secDefs; 48240 sectors
Layer M8: wrote 8 secDefs; 678 sectors
Layer M9: wrote 12 secDefs; 403 sectors

Sector Array Stats:
Num Sectors: 290521
Num SecDefs:    56
Shared: 53 count; 5481.5 ave; 8064 max
SecDef Shapes: 44 Below-aligned, 0 Above-aligned, 8 Horizontal, 4 Vertical
Referenced Patterns: 2 count; 3.0 ave; 3 max

Outdated cache file, starting new Place cache for 'css_phy_tx_top.dlib:css_phy_tx_top_cts.design'
Outdated cache file, starting new Access cache for 'css_phy_tx_top.dlib:css_phy_tx_top_cts.design'
Connection checks for layer M2: blocked_pin pin_access_default track_drc pin_extend0
Connection checks for layer M3: blocked_pin pin_access_default track_drc pin_extend1
Connection checks for layer M4: blocked_pin pin_access_default track_drc pin_extend1
Connection checks for layer M5: blocked_pin pin_access_default track_drc pin_extend1
Information: Legalizer's PDC rule check is enabled
Information: Legalizer's advanced rule check is enabled
Information: The stitching and editing of coupling caps is turned OFF for design 'css_phy_tx_top.dlib:css_phy_tx_top_cts.design'. (TIM-125)
 Creating timing abstraction of clock tree(s)
For clock 'CLK' @ corner 'default': latency = 1.891
For clock 'SCAN_CLK' @ corner 'default': latency = 1.430
 Abstraction finished successfully
OCV derate values 1.000 (early) and 1.000 (late)
Information: The stitching and editing of coupling caps is turned OFF for design 'css_phy_tx_top.dlib:css_phy_tx_top_cts.design'. (TIM-125)
Information: Design Average RC for design css_phy_tx_top_cts  (NEX-011)
Information: r = 0.562500 ohm/um, via_r = 0.900000 ohm/cut, c = 0.101260 ff/um, cc = 0.000000 ff/um (X dir) (NEX-017)
Information: r = 0.562500 ohm/um, via_r = 0.900000 ohm/cut, c = 0.121157 ff/um, cc = 0.000000 ff/um (Y dir) (NEX-017)
Information: The stitching and editing of coupling caps is turned OFF for design 'css_phy_tx_top.dlib:css_phy_tx_top_cts.design'. (TIM-125)
Information: The RC mode used is VR for design 'css_phy_tx_top'. (NEX-022)
Information: Update timing completed net estimation for all the timing graph nets (TIM-111)
Information: Net estimation statistics: timing graph nets = 45291, routed nets = 0, across physical hierarchy nets = 0, parasitics cached nets = 2, delay annotated nets = 0, parasitics annotated nets = 0, multi-voltage nets = 0. (TIM-112)

Mode:default          Latency(early)   Latency(late)
Clock        Updated   rise    fall    rise    fall   Corner
------------------------------------------------------------
CLK          Yes     1.8912  1.8912  1.8912  1.8912   default
SCAN_CLK     Yes     1.4297  1.4297  1.4297  1.4297   default

Information: The stitching and editing of coupling caps is turned OFF for design 'css_phy_tx_top.dlib:css_phy_tx_top_cts.design'. (TIM-125)
Information: Update timing completed net estimation for all the timing graph nets (TIM-111)
Information: Net estimation statistics: timing graph nets = 45291, routed nets = 0, across physical hierarchy nets = 0, parasitics cached nets = 45290, delay annotated nets = 0, parasitics annotated nets = 0, multi-voltage nets = 0. (TIM-112)
Information: All clock objects will be converted from ideal to propagated clock during CTS. (CTS-105)
Information: The net parasitics of block css_phy_tx_top are cleared. (TIM-123)
Setting the local skew CTS slack threshold value to 0.050000
Using threshold of 0.050000 to filter timing paths
************************************************************
* CTS STEP: Existing Clock Tree Removal
************************************************************

No buffer or inverter has been removed.
Information: The run time for existing clock tree removal is 0 hr : 0 min : 0.07 sec, cpu time is 0 hr : 0 min : 0.07 sec. (CTS-104)
************************************************************
* CTS STEP: Clock Tree Initialization
************************************************************

Start Auto-Exception Derivations...
 No internal pin was found.
 No conflict pin was found.
 No macro pin was found for clock balance point settings.
 No macro pin was found for disabling self arcs.
Information: The run time for clock tree initialization is 0 hr : 0 min : 0.36 sec, cpu time is 0 hr : 0 min : 0.35 sec. (CTS-104)
Computing global skew target..
Setting target skew for clock: CLK (mode default) as 100.000000
Setting target skew for clock: SCAN_CLK (mode default) as 100.000000
Drc Mode Option: auto
Enable multi-thread Tasks, number of thread is 4
Information: The stitching and editing of coupling caps is turned OFF for design 'css_phy_tx_top.dlib:css_phy_tx_top_cts.design'. (TIM-125)
Information: Design Average RC for design css_phy_tx_top_cts  (NEX-011)
Information: r = 0.562500 ohm/um, via_r = 0.900000 ohm/cut, c = 0.101260 ff/um, cc = 0.000000 ff/um (X dir) (NEX-017)
Information: r = 0.562500 ohm/um, via_r = 0.900000 ohm/cut, c = 0.121157 ff/um, cc = 0.000000 ff/um (Y dir) (NEX-017)
Information: The RC mode used is VR for design 'css_phy_tx_top'. (NEX-022)
Information: Update timing completed net estimation for all the timing graph nets (TIM-111)
Information: Net estimation statistics: timing graph nets = 45291, routed nets = 0, across physical hierarchy nets = 0, parasitics cached nets = 2, delay annotated nets = 0, parasitics annotated nets = 0, multi-voltage nets = 0. (TIM-112)
************************************************************
* CTS STEP: Clock Cell Relocation
************************************************************
Information: Relocated the clock cell 'clk_mux/U2' from (270.16, 963.28) to (491.60, 490.96). (CTS-106)
A total of 1 clock cells have been relocated
Information: The run time for clock cell relocation is 0 hr : 0 min : 0.07 sec, cpu time is 0 hr : 0 min : 0.07 sec. (CTS-104)
Information: The run time for enable resynthesis is 0 hr : 0 min : 0.07 sec, cpu time is 0 hr : 0 min : 0.07 sec. (CTS-104)
************************************************************
* CTS STEP: Gate-By-Gate Clock Tree Synthesis
************************************************************
Warning: Cell contains tie connections which are not connected to real PG. (ZRT-511)
Warning: Ignore contact DIFFCON. (ZRT-015)
Turn off antenna since no rule is specified
Cell Min-Routing-Layer = M2
Cell Max-Routing-Layer = M7
Warning: Ignore 2 top cell ports with no pins. (ZRT-027)
Info: number of net_type_blockage: 0 
Warning: Contact VIA89's lower layer enclosure width does not satisfy end of line enclosure design rule. (ZRT-042)
Warning: Contact VIA89's upper layer enclosure width does not satisfy end of line enclosure design rule. (ZRT-042)
Warning: Contact VIA89's lower layer enclosure height does not satisfy end of line enclosure design rule. (ZRT-042)
Warning: Contact VIA89's upper layer enclosure height does not satisfy end of line enclosure design rule. (ZRT-042)
Warning: Contact VIA89C's lower layer enclosure height does not satisfy end of line enclosure design rule. (ZRT-042)
Warning: Contact VIA89C's upper layer enclosure width does not satisfy end of line enclosure design rule. (ZRT-042)
Warning: Contact VIA89C's lower layer enclosure width does not satisfy end of line enclosure design rule. (ZRT-042)
Warning: Contact VIA89C's upper layer enclosure height does not satisfy end of line enclosure design rule. (ZRT-042)
Via on layer (VIA1) needs more than one tracks
Warning: Layer M1 pitch 0.320 may be too small: wire/via-down 0.315, wire/via-up 0.330. (ZRT-026)
Via on layer (VIA1) needs more than one tracks
Warning: Layer M2 pitch 0.320 may be too small: wire/via-down 0.360, wire/via-up 0.320. (ZRT-026)
Global route buffer aware mode is ON.
-------------------------------------------------------------
 Gate level 2 clock tree synthesis
 driving pin = clk_mux/U2/Q
 Clocks:
     CLK (default), SCAN_CLK (default)
 Design rule constraints:
     max transition  = 1.000000
     max capacitance = 100.000000
 Number of load sinks = 9744
 Number of ignore points = 0
Information: Design Average RC for design css_phy_tx_top_cts  (NEX-011)
Information: r = 0.562500 ohm/um, via_r = 0.900000 ohm/cut, c = 0.101260 ff/um, cc = 0.000000 ff/um (X dir) (NEX-017)
Information: r = 0.562500 ohm/um, via_r = 0.900000 ohm/cut, c = 0.121157 ff/um, cc = 0.000000 ff/um (Y dir) (NEX-017)
 Added 2704 Repeaters. Built 13 Repeater Levels
Information: The RC mode used is CTO for design 'css_phy_tx_top'. (NEX-022)
 Phase delay: clk_mux/U2/IN3 : (1.983 1.727) : skew = 0.256
-------------------------------------------------------------
 Gate level 1 clock tree synthesis
 driving pin = clk
 Clocks:
     CLK (default)
 Design rule constraints:
     max transition  = 1.000000
     max capacitance = 100.000000
 Number of load sinks = 0
 Number of ignore points = 0
 Number of gates with existing phase delay = 1
    1. Phase delay = (max r/f: 1.982918/__ min r/f: 1.727161/__) : skew = 0.255756 : clk_mux/U2/IN3
 Added 12 Repeaters. Built 12 Repeater Levels
 Phase delay: clk : (3.683 3.427) : skew = 0.256
-------------------------------------------------------------
 Gate level 1 clock tree synthesis
 driving pin = scan_clk
 Clocks:
     SCAN_CLK (default)
 Design rule constraints:
     max transition  = 1.000000
     max capacitance = 100.000000
 Number of load sinks = 0
 Number of ignore points = 0
 Number of gates with existing phase delay = 1
    1. Phase delay = (max r/f: 2.041512/__ min r/f: 1.785870/__) : skew = 0.255642 : clk_mux/U2/IN2
 Added 9 Repeaters. Built 9 Repeater Levels
 Phase delay: scan_clk : (3.411 3.156) : skew = 0.256
Information: The run time for gate-by-gate clock tree synthesis is 0 hr : 20 min : 4.07 sec, cpu time is 0 hr : 22 min : 11.34 sec. (CTS-104)
************************************************************
* CTS STEP: DRC Fixing Beyond Exceptions
************************************************************
Information: The run time for DRC fixing beyond exceptions is 0 hr : 0 min : 0.01 sec, cpu time is 0 hr : 0 min : 0.01 sec. (CTS-104)
There are 32 buffers and 2693 inverters added (total area 30084.71) by Clock Tree Synthesis.
Turning off global route buffer aware mode.
************************************************************
* CTS STEP: Clock Net Global Routing
************************************************************
Performing initial clock net global routing ...
Loading parastics information to the router ...
parastics information loaded to the router.
Information: The net parasitics of block css_phy_tx_top are cleared. (TIM-123)
Total number of global routed clock nets: 2728
Information: The run time for clock net global routing is 0 hr : 0 min : 1.87 sec, cpu time is 0 hr : 0 min : 2.25 sec. (CTS-104)
Begin building search trees for block css_phy_tx_top.dlib:css_phy_tx_top_cts.design
Done building search trees for block css_phy_tx_top.dlib:css_phy_tx_top_cts.design (time 0s)
Information: The stitching and editing of coupling caps is turned OFF for design 'css_phy_tx_top.dlib:css_phy_tx_top_cts.design'. (TIM-125)
Information: Design css_phy_tx_top_cts has 48018 nets, 2728 global routed, 0 detail routed. (NEX-024)
Information: The RC mode used is CTO for design 'css_phy_tx_top'. (NEX-022)
Information: Update timing completed net estimation for all the timing graph nets (TIM-111)
Information: Net estimation statistics: timing graph nets = 48016, routed nets = 2728, across physical hierarchy nets = 0, parasitics cached nets = 2728, delay annotated nets = 0, parasitics annotated nets = 0, multi-voltage nets = 0. (TIM-112)
************************************************************
* CTS STEP: Pre-Optimization DRC Fixing
************************************************************
-------------------------------------------------------------
Fixing clock: SCAN_CLK mode: default root: scan_clk

Clock QoR Before Fixing Clock Tree DRC Violation ...
Clock: SCAN_CLK, Mode: default, Root: scan_clk
Information: CTS QoR Pre Initial DRC Fixing: GlobalSkew = 0.2582; ID = 3.4309; NetsWithDRC = 4; Worst Tran/Cap/Fanout/NetLength cost = 0.0000/0.0000/0/33750.0000; ClockBufArea = 30018.3555; ClockCellArea = 30030.3359; Clock = SCAN_CLK; Mode = default; Corner = default; ClockRoot = scan_clk. (CTS-037)

Starting fixing clock tree DRC Violation ...
Resized 0 cell(s), relocated 8 cell(s), cloned 0 cell(s) and inserted 1 buffer(s)/inverter(s)
Cloned 0 non-repeater gate(s)
Ran incremental ZGR 16 time(s) for 32 net(s) and restored ZGR 10 time(s) for 20 net(s)
Clock QoR After Fixing Pre-Opt DRC Violation:
Clock: SCAN_CLK, Mode: default, Root: scan_clk
Information: CTS QoR Post Initial DRC Fixing: GlobalSkew = 0.2582; ID = 3.4309; NetsWithDRC = 0; Worst Tran/Cap/Fanout/NetLength cost = 0.0000/0.0000/0/0.0000; ClockBufArea = 30045.0820; ClockCellArea = 30057.0625; Clock = SCAN_CLK; Mode = default; Corner = default; ClockRoot = scan_clk. (CTS-037)
The elapsed time for fixing DRC violation is 0 hr : 0 min : 1.40 sec, cpu time is 0 hr : 0 min : 1.72 sec.
-------------------------------------------------------------
Fixing clock: CLK mode: default root: clk

Clock QoR Before Fixing Clock Tree DRC Violation ...
Clock: CLK, Mode: default, Root: clk
Information: CTS QoR Pre Initial DRC Fixing: GlobalSkew = 0.2583; ID = 3.6993; NetsWithDRC = 0; Worst Tran/Cap/Fanout/NetLength cost = 0.0000/0.0000/0/0.0000; ClockBufArea = 30061.6699; ClockCellArea = 30073.6504; Clock = CLK; Mode = default; Corner = default; ClockRoot = clk. (CTS-037)

Starting fixing clock tree DRC Violation ...
Resized 0 cell(s), relocated 0 cell(s), cloned 0 cell(s) and inserted 0 buffer(s)/inverter(s)
Cloned 0 non-repeater gate(s)
Ran incremental ZGR 0 time(s) for 0 net(s) and restored ZGR 0 time(s) for 0 net(s)
Clock QoR After Fixing Pre-Opt DRC Violation:
Clock: CLK, Mode: default, Root: clk
Information: CTS QoR Post Initial DRC Fixing: GlobalSkew = 0.2583; ID = 3.6993; NetsWithDRC = 0; Worst Tran/Cap/Fanout/NetLength cost = 0.0000/0.0000/0/0.0000; ClockBufArea = 30061.6699; ClockCellArea = 30073.6504; Clock = CLK; Mode = default; Corner = default; ClockRoot = clk. (CTS-037)
The elapsed time for fixing DRC violation is 0 hr : 0 min : 0.25 sec, cpu time is 0 hr : 0 min : 0.26 sec.
Information: The run time for pre-optimization DRC fixing is 0 hr : 0 min : 1.65 sec, cpu time is 0 hr : 0 min : 1.98 sec. (CTS-104)
************************************************************
* CTS STEP: Skew Latency Optimization and Area Recovery
************************************************************
-------------------------------------------------------------
Optimizing clock tree
clock: SCAN_CLK mode: default root: scan_clk
clock: CLK mode: default root: clk
Clock QoR Before Optimization:
Clock: SCAN_CLK, Mode: default, Root: scan_clk
Information: CTS QoR Pre Optimization: GlobalSkew = 0.2582; ID = 3.4309; NetsWithDRC = 0; Worst Tran/Cap/Fanout/NetLength cost = 0.0000/0.0000/0/0.0000; ClockBufArea = 30045.0820; ClockCellArea = 30057.0625; Clock = SCAN_CLK; Mode = default; Corner = default; ClockRoot = scan_clk. (CTS-037)
Clock: CLK, Mode: default, Root: clk
Information: CTS QoR Pre Optimization: GlobalSkew = 0.2583; ID = 3.6993; NetsWithDRC = 0; Worst Tran/Cap/Fanout/NetLength cost = 0.0000/0.0000/0/0.0000; ClockBufArea = 30061.6699; ClockCellArea = 30073.6504; Clock = CLK; Mode = default; Corner = default; ClockRoot = clk. (CTS-037)

Begin Network Flow Based Optimization:
Default network flow optimizer made 0 successful improvements out of 0 iterations
Resized 0, relocated 0, deleted 0, inserted 0, sizeUp Relocated 0 cells
The elapsed time for network flow optimization is 0 hr : 0 min : 0.23 sec, cpu time is 0 hr : 0 min : 0.23 sec.
Ran incremental ZGR 0 time(s) for 0 net(s) and restored ZGR 0 time(s) for 0 net(s)
Clock Qor After Network Flow Optimization:
Clock: SCAN_CLK, Mode: default, Root: scan_clk
Information: CTS QoR Post Optimization: GlobalSkew = 0.2582; ID = 3.4309; NetsWithDRC = 0; Worst Tran/Cap/Fanout/NetLength cost = 0.0000/0.0000/0/0.0000; ClockBufArea = 30045.0820; ClockCellArea = 30057.0625; Clock = SCAN_CLK; Mode = default; Corner = default; ClockRoot = scan_clk. (CTS-037)
Clock: CLK, Mode: default, Root: clk
Information: CTS QoR Post Optimization: GlobalSkew = 0.2583; ID = 3.6993; NetsWithDRC = 0; Worst Tran/Cap/Fanout/NetLength cost = 0.0000/0.0000/0/0.0000; ClockBufArea = 30061.6699; ClockCellArea = 30073.6504; Clock = CLK; Mode = default; Corner = default; ClockRoot = clk. (CTS-037)

Begin Area Recovery Buffer Removal:
.
AR: deleted 3 cell(s)
Ran incremental ZGR 433 time(s) for 433 net(s) and restored ZGR 0 time(s) for 0 net(s)
Clock QoR After Area Recovery Removal:
Clock: SCAN_CLK, Mode: default, Root: scan_clk
Information: CTS QoR Post Area Recovery: GlobalSkew = 0.2366; ID = 3.4093; NetsWithDRC = 0; Worst Tran/Cap/Fanout/NetLength cost = 0.0000/0.0000/0/0.0000; ClockBufArea = 29994.3945; ClockCellArea = 30006.3750; Clock = SCAN_CLK; Mode = default; Corner = default; ClockRoot = scan_clk. (CTS-037)
Clock: CLK, Mode: default, Root: clk
Information: CTS QoR Post Area Recovery: GlobalSkew = 0.2367; ID = 3.6777; NetsWithDRC = 0; Worst Tran/Cap/Fanout/NetLength cost = 0.0000/0.0000/0/0.0000; ClockBufArea = 30010.9824; ClockCellArea = 30022.9629; Clock = CLK; Mode = default; Corner = default; ClockRoot = clk. (CTS-037)

Begin Area Recovery Resizing:
AR: resized 1623 out of 2724 cell(s)
Ran incremental ZGR 462 time(s) for 2089 net(s) and restored ZGR 4 time(s) for 11 net(s)
Clock QoR After Area Recovery Resizing:
Clock: SCAN_CLK, Mode: default, Root: scan_clk
Information: CTS QoR Post Area Recovery: GlobalSkew = 0.2397; ID = 3.4091; NetsWithDRC = 0; Worst Tran/Cap/Fanout/NetLength cost = 0.0000/0.0000/0/0.0000; ClockBufArea = 18938.8809; ClockCellArea = 18950.8613; Clock = SCAN_CLK; Mode = default; Corner = default; ClockRoot = scan_clk. (CTS-037)
Clock: CLK, Mode: default, Root: clk
Information: CTS QoR Post Area Recovery: GlobalSkew = 0.2396; ID = 3.6774; NetsWithDRC = 0; Worst Tran/Cap/Fanout/NetLength cost = 0.0000/0.0000/0/0.0000; ClockBufArea = 18955.4688; ClockCellArea = 18967.4492; Clock = CLK; Mode = default; Corner = default; ClockRoot = clk. (CTS-037)
The elapsed time for area recovery is 0 hr : 0 min : 45.55 sec, cpu time is 0 hr : 1 min : 7.17 sec.
The elapsed time for optimization of clock tree is 0 hr : 0 min : 46.04 sec, cpu time is 0 hr : 1 min : 8.02 sec.
Information: The stitching and editing of coupling caps is turned OFF for design 'css_phy_tx_top.dlib:css_phy_tx_top_cts.design'. (TIM-125)
Information: Update timing completed net estimation for all the timing graph nets (TIM-111)
Information: Net estimation statistics: timing graph nets = 48014, routed nets = 2726, across physical hierarchy nets = 0, parasitics cached nets = 2726, delay annotated nets = 0, parasitics annotated nets = 0, multi-voltage nets = 0. (TIM-112)

Mode:default          Latency(early)   Latency(late)
Clock        Updated   rise    fall    rise    fall   Corner
------------------------------------------------------------
CLK          Yes     3.6063  3.6063  3.6063  3.6063   default
SCAN_CLK     Yes     3.3380  3.3380  3.3380  3.3380   default

Information: The stitching and editing of coupling caps is turned OFF for design 'css_phy_tx_top.dlib:css_phy_tx_top_cts.design'. (TIM-125)
Information: Design Average RC for design css_phy_tx_top_cts  (NEX-011)
Information: r = 0.562500 ohm/um, via_r = 0.900000 ohm/cut, c = 0.102733 ff/um, cc = 0.000000 ff/um (X dir) (NEX-017)
Information: r = 0.562500 ohm/um, via_r = 0.900000 ohm/cut, c = 0.123192 ff/um, cc = 0.000000 ff/um (Y dir) (NEX-017)
Information: Update timing completed net estimation for all the timing graph nets (TIM-111)
Information: Net estimation statistics: timing graph nets = 48014, routed nets = 2726, across physical hierarchy nets = 0, parasitics cached nets = 48014, delay annotated nets = 0, parasitics annotated nets = 0, multi-voltage nets = 0. (TIM-112)
Information: The stitching and editing of coupling caps is turned OFF for design 'css_phy_tx_top.dlib:css_phy_tx_top_cts.design'. (TIM-125)
Information: Update timing completed net estimation for all the timing graph nets (TIM-111)
Information: Net estimation statistics: timing graph nets = 48014, routed nets = 2726, across physical hierarchy nets = 0, parasitics cached nets = 2726, delay annotated nets = 0, parasitics annotated nets = 0, multi-voltage nets = 0. (TIM-112)
-------------------------------------------------------------
Optimizing clock tree local skew
clock: SCAN_CLK mode: default root: scan_clk
clock: CLK mode: default root: clk
Clock QoR Before Optimization:
Clock: SCAN_CLK, Mode: default, Root: scan_clk
Information: CTS QoR Pre Local Skew Optimization: GlobalSkew = 0.2397; ID = 3.4091; NetsWithDRC = 0; Worst Tran/Cap/Fanout/NetLength cost = 0.0000/0.0000/0/0.0000; ClockBufArea = 18938.8809; ClockCellArea = 18950.8613; Clock = SCAN_CLK; Mode = default; Corner = default; ClockRoot = scan_clk. (CTS-037)
Clock: CLK, Mode: default, Root: clk
Information: CTS QoR Pre Local Skew Optimization: GlobalSkew = 0.2396; ID = 3.6774; NetsWithDRC = 0; Worst Tran/Cap/Fanout/NetLength cost = 0.0000/0.0000/0/0.0000; ClockBufArea = 18955.4688; ClockCellArea = 18967.4492; Clock = CLK; Mode = default; Corner = default; ClockRoot = clk. (CTS-037)

Begin Network Flow Based Optimization:
Total trial resizing 2756 time(s) accepted 501 time(s)
Network Flow Optimization cpu time 00:00:55.59u 00:00:03.48s 00:00:30.45e: 
Ran incremental ZGR 512 time(s) for 1024 net(s) and restored ZGR 11 time(s) for 22 net(s)
Clock Qor After Optimization:
Clock: SCAN_CLK, Mode: default, Root: scan_clk
Information: CTS QoR Post Local Skew Optimization: GlobalSkew = 0.3281; ID = 3.4091; NetsWithDRC = 0; Worst Tran/Cap/Fanout/NetLength cost = 0.0000/0.0000/0/0.0000; ClockBufArea = 22066.7910; ClockCellArea = 22078.7715; Clock = SCAN_CLK; Mode = default; Corner = default; ClockRoot = scan_clk. (CTS-037)
Clock: CLK, Mode: default, Root: clk
Information: CTS QoR Post Local Skew Optimization: GlobalSkew = 0.3280; ID = 3.6774; NetsWithDRC = 0; Worst Tran/Cap/Fanout/NetLength cost = 0.0000/0.0000/0/0.0000; ClockBufArea = 22083.3789; ClockCellArea = 22095.3594; Clock = CLK; Mode = default; Corner = default; ClockRoot = clk. (CTS-037)
The elapsed time for optimization of clock tree is 0 hr : 0 min : 30.70 sec, cpu time is 0 hr : 0 min : 59.71 sec.
Information: The run time for skew latency optimization is 0 hr : 1 min : 25.81 sec, cpu time is 0 hr : 2 min : 24.28 sec. (CTS-104)
************************************************************
* CTS STEP: Post-Optimization DRC Fixing
************************************************************
-------------------------------------------------------------
Fixing clock: SCAN_CLK mode: default root: scan_clk
Resized 0 cell(s), relocated 0 cell(s), cloned 0 cell(s) and inserted 0 buffer(s)/inverter(s)
Cloned 0 non-repeater gate(s)
Ran incremental ZGR 0 time(s) for 0 net(s) and restored ZGR 0 time(s) for 0 net(s)
Clock QoR After Fixing Post-Opt DRC Violation:
Clock: SCAN_CLK, Mode: default, Root: scan_clk
Information: CTS QoR Post Final DRC Fixing: GlobalSkew = 0.3281; ID = 3.4091; NetsWithDRC = 0; Worst Tran/Cap/Fanout/NetLength cost = 0.0000/0.0000/0/0.0000; ClockBufArea = 22066.7910; ClockCellArea = 22078.7715; Clock = SCAN_CLK; Mode = default; Corner = default; ClockRoot = scan_clk. (CTS-037)
The elapsed time for fixing DRC violation is 0 hr : 0 min : 0.40 sec, cpu time is 0 hr : 0 min : 0.53 sec.
-------------------------------------------------------------
Fixing clock: CLK mode: default root: clk
Resized 0 cell(s), relocated 0 cell(s), cloned 0 cell(s) and inserted 0 buffer(s)/inverter(s)
Cloned 0 non-repeater gate(s)
Ran incremental ZGR 0 time(s) for 0 net(s) and restored ZGR 0 time(s) for 0 net(s)
Clock QoR After Fixing Post-Opt DRC Violation:
Clock: CLK, Mode: default, Root: clk
Information: CTS QoR Post Final DRC Fixing: GlobalSkew = 0.3280; ID = 3.6774; NetsWithDRC = 0; Worst Tran/Cap/Fanout/NetLength cost = 0.0000/0.0000/0/0.0000; ClockBufArea = 22083.3789; ClockCellArea = 22095.3594; Clock = CLK; Mode = default; Corner = default; ClockRoot = clk. (CTS-037)
The elapsed time for fixing DRC violation is 0 hr : 0 min : 0.19 sec, cpu time is 0 hr : 0 min : 0.19 sec.
Information: The run time for post-optimization DRC fixing is 0 hr : 0 min : 0.59 sec, cpu time is 0 hr : 0 min : 0.71 sec. (CTS-104)
All together, ran incremental ZGR 1423 time(s) for 3578 net(s) and restoring ZGR invoked 25 time(s) for 53 net(s)
Setting target skew for clock: CLK (mode default corner default) as 100.000000
Setting target skew for clock: SCAN_CLK (mode default corner default) as 100.000000
There are 0 buffers added and 2 inverters reduced by Clock Tree Optimization.
************************************************************
* CTS STEP: Postlude
************************************************************
Place Cache save: 5351 elements -- 0 drcFail 5351 drcOk
Place Cache save: 65 libcells referenced from 1 libs
Place Cache save: used 6 of 56 total secDefs
Access Cache save: 5351 elements -- 0 drcFail 5351 drcOk
Access Cache save: 65 libcells referenced from 1 libs
Access Cache save: used 6 of 56 total secDefs
NPLDRC Place Cache: unique cache elements 5351
NPLDRC Place Cache: hit rate  97.6%  (5351 / 221835)
NPLDRC Access Cache: unique cache elements 5351
NPLDRC Access Cache: hit rate  97.6%  (5351 / 221835)
NPLDRC Pin Status Cache: no calls
NPLDRC Multi Cell Cache: no calls
NPLDRC ViaLadder Cache: no calls
Information: The run time for postlude is 0 hr : 0 min : 0.28 sec, cpu time is 0 hr : 0 min : 0.25 sec. (CTS-104)
************************************************************
* CTS STEP: Summary report
************************************************************
There are 2726 flat clock tree nets.
There are 2724 non-sink instances (total area 22145.13) on clock trees including 0 instances dont_touch.
Clock tree synthesize and optimization added 32 buffers and 2691 inverters (total area 22133.14).
2702 buffers/inverters were inserted below 1 leaf level Gates.
 Compilation of clock trees finished successfully
 Run time for cts 00:17:39.03u 00:07:42.05s 00:22:00.40e: 

No clock balance group was found, so skip the balance
Information: The stitching and editing of coupling caps is turned OFF for design 'css_phy_tx_top.dlib:css_phy_tx_top_cts.design'. (TIM-125)
Information: Update timing completed net estimation for all the timing graph nets (TIM-111)
Information: Net estimation statistics: timing graph nets = 48014, routed nets = 2726, across physical hierarchy nets = 0, parasitics cached nets = 2726, delay annotated nets = 0, parasitics annotated nets = 0, multi-voltage nets = 0. (TIM-112)

Mode:default          Latency(early)   Latency(late)
Clock        Updated   rise    fall    rise    fall   Corner
------------------------------------------------------------
CLK          Yes     3.4343  3.4343  3.6007  3.6007   default
SCAN_CLK     Yes     3.1695  3.1695  3.3324  3.3324   default


Information: The net parasitics of block css_phy_tx_top are cleared. (TIM-123)
Information: The stitching and editing of coupling caps is turned OFF for design 'css_phy_tx_top.dlib:css_phy_tx_top_cts.design'. (TIM-125)
Information: Design css_phy_tx_top_cts has 48016 nets, 2726 global routed, 0 detail routed. (NEX-024)
Information: The RC mode used is CTO for design 'css_phy_tx_top'. (NEX-022)
Information: Design Average RC for design css_phy_tx_top_cts  (NEX-011)
Information: r = 0.562500 ohm/um, via_r = 0.900000 ohm/cut, c = 0.102733 ff/um, cc = 0.000000 ff/um (X dir) (NEX-017)
Information: r = 0.562500 ohm/um, via_r = 0.900000 ohm/cut, c = 0.123192 ff/um, cc = 0.000000 ff/um (Y dir) (NEX-017)
Information: Update timing completed net estimation for all the timing graph nets (TIM-111)
Information: Net estimation statistics: timing graph nets = 48014, routed nets = 2726, across physical hierarchy nets = 0, parasitics cached nets = 48014, delay annotated nets = 0, parasitics annotated nets = 0, multi-voltage nets = 0. (TIM-112)
npo-clock-opt command begin                   CPU:  1106 s (  0.31 hr )  ELAPSE:  1353 s (  0.38 hr )  MEM-PEAK:   813 MB

npo-clock-opt timing update complete          CPU:  1106 s (  0.31 hr )  ELAPSE:  1353 s (  0.38 hr )  MEM-PEAK:   813 MB
INFO: Propagating Switching Activities
INFO: Switching Activity propagation took     0.00091 sec

npo-clock-opt initial QoR
_________________________
Scenario Mapping Table
1: default

Pathgroup Mapping Table
1: **default**
2: **async_default**
3: **clock_gating_default**
4: **in2reg_default**
5: **reg2out_default**
6: **in2out_default**
7: CLK
8: SCAN_CLK

-----------------------------------------------------------------------------------------------------------
Scene  PG      WNS        TNS    NSV      WHV        THV    NHV
    1   1   0.0000     0.0000      0   0.0000     0.0000      0
    1   2   0.0000     0.0000      0   0.0000     0.0000      0
    1   3   0.0000     0.0000      0   0.0000     0.0000      0
    1   4   0.0000     0.0000      0   0.0000     0.0000      0
    1   5   0.0000     0.0000      0   0.0000     0.0000      0
    1   6   0.0000     0.0000      0   0.0000     0.0000      0
    1   7   0.0000     0.0000      0   1.6564 20662.7441  19466
    1   8   0.0000     0.0000      0   1.6565 20662.2031  19466
--------------------------------------------------------------------------------------------------------------------
Scene  PG      WNS        TNS    NSV      WHV        THV    NHV  MaxTrnV   MaxTranC  MaxCapV    Leakage
    1   *   0.0000     0.0000      0   1.6565 20662.7539  19466        -          -        -          -
--------------------------------------------------------------------------------------------------------------------
Scene  PG      WNS        TNS    NSV      WHV        THV    NHV  MaxTrnV   MaxTranC  MaxCapV    Leakage         Area    InstCnt     BufCnt     InvCnt
    *   *   0.0000     0.0000      0   1.6565 20662.7539  19466        -          -        -          -    565119.56      38094       4246       6092
--------------------------------------------------------------------------------------------------------------------

npo-clock-opt initial QoR Summary       WNS        TNS    NSV      WHV        THV    NHV  MaxTrnV  MaxCapV    Leakage         Area    InstCnt
npo-clock-opt initial QoR Summary    0.0000     0.0000      0   1.6565 20662.7539  19466        -        -          -    565119.56      38094
Information: The netlist and extraction change observers are disabled for further incremental timing updates during on-route optimization. (TIM-119)
INFO: using 4 threads
INFO: Cluster Analysis Failed to get worst leakage scenario
npo-clock-opt initialization complete         CPU:  1106 s (  0.31 hr )  ELAPSE:  1353 s (  0.38 hr )  MEM-PEAK:   813 MB
Use advanced legalizer engine : 0
npo-clock-opt optimization summary            SETUP-COST HOLD-COST LDRC-COST        AREA       POWER     ELAPSE (hr)
Number of Site types in the design = 1
Setting up Chip Core
Chip Core shape: (100000 100000) (9732000 9719200)
Number of unique PDs = 1
Number of Power Domains = 1
Number of Voltage Areas = 1
Number of supply Nets = 2
Number of used supplies = 2

    Scenario default  WNS = 0.000000, TNS = 0.000000, NVP = 0

     ELAPSED  WORST NEG TOTAL NEG              MAX       MAX     BUFFER    INVERTER   LVTH      LVTH      PEAK   
      TIME      SLACK     SLACK     AREA    TRAN COST CAP COST    COUNT     COUNT     COUNT    PERCENT   MEMORY  
    --------- --------- --------- --------- --------- --------- --------- --------- --------- --------- ---------
      0:22:35     0.000     0.000 5.651e+05     0.000     0.000      4246      6092         0     0.000       813 

Information: The netlist and extraction change observers are enabled for further incremental timing updates. (TIM-120)
Use advanced legalizer engine : 0

Use advanced legalizer engine : 0
APSINFO: No multi-Vth libcells found, turning off percentage LVT optimization flow
Drc Mode Option: auto
ABF: Best buffer=NBUFFX16: best inverter=INVX16: useInverter=true: effort=low: 11.304: default: 0
ABF: Core Area = 69 X 69 ()
npo-clock-opt optimization Phase 2 Iter  1          0.00      0.00         0       0.565           -           0.377
ORB: timingScenario default timingCorner default
INFO: No leakage and power scenarios. Using regular scenarios instead.
INFO: No active leakage scenarios. Leakage will be turned off
ORB: Nominal = 0.181379  Design MT = inf  Target = 1.259893 (6.946 nominal)  MaxRC = 0.524430
ORB: timingScenario default timingCorner default
INFO: No leakage and power scenarios. Using regular scenarios instead.
INFO: No active leakage scenarios. Leakage will be turned off
ORB: Nominal = 0.181379  Design MT = inf  Target = 1.259893 (6.946 nominal)  MaxRC = 0.524430
npo-clock-opt optimization Phase 2 Iter  2          0.00      0.00         0       0.565           -           0.378

Layer name: M2, Mask name: metal2, Layer number: 12
Layer name: M3, Mask name: metal3, Layer number: 13
Layer name: M4, Mask name: metal4, Layer number: 14
Layer name: M5, Mask name: metal5, Layer number: 15
Layer name: M6, Mask name: metal6, Layer number: 16
Layer name: M7, Mask name: metal7, Layer number: 17
CCL: Total Usage Adjustment : 1
route.global.debug_compact_coef 4
Warning: Cell contains tie connections which are not connected to real PG. (ZRT-511)
Warning: Ignore contact DIFFCON. (ZRT-015)
Turn off antenna since no rule is specified
Cell Min-Routing-Layer = M2
Cell Max-Routing-Layer = M7
Warning: Ignore 2 top cell ports with no pins. (ZRT-027)
Info: number of net_type_blockage: 0 
Via on layer (VIA1) needs more than one tracks
Warning: Layer M1 pitch 0.320 may be too small: wire/via-down 0.315, wire/via-up 0.330. (ZRT-026)
Via on layer (VIA1) needs more than one tracks
Warning: Layer M2 pitch 0.320 may be too small: wire/via-down 0.360, wire/via-up 0.320. (ZRT-026)
Loading parastics information to the router ...
parastics information loaded to the router.
Information: RC layer preference is turned off for this design. (ZRT-613)
Updating congestion ...
Updating congestion ...
route.global.debug_compact_coef 1
INFO: Derive row count 21 from GR congestion map (86/4)
INFO: Derive col count 21 from GR congestion map (86/4)
Drc Mode Option: auto
ABF: Best buffer=NBUFFX16: best inverter=INVX16: useInverter=true: effort=low: 11.304: default: 0
ABF: Core Area = 69 X 69 ()
npo-clock-opt optimization Phase 3 Iter  1          0.00      0.00         0       0.565           -           0.379
npo-clock-opt optimization Phase 3 Iter  2          0.00      0.00         0       0.565           -           0.379
npo-clock-opt optimization Phase 3 Iter  3          0.00      0.00         0       0.565           -           0.379
npo-clock-opt optimization Phase 3 Iter  4          0.00      0.00         0       0.565           -           0.379
PBO-INFO:  LR disabled
npo-clock-opt optimization Phase 3 Iter  5          0.00      0.00         0       0.565           -           0.379
npo-clock-opt optimization Phase 3 Iter  6          0.00      0.00         0       0.565           -           0.379
PBO-INFO:  LR disabled
npo-clock-opt optimization Phase 3 Iter  7          0.00      0.00         0       0.565           -           0.379

npo-clock-opt optimization Phase 4 Iter  1          0.00      0.00         0       0.565           -           0.379
Scenario default::default : setup = true, hold = true
USKEW Characterizer: Characterizing delay with Cell/Wire delay model...
Information: CTS will work on the following scenarios. (CTS-101)
   default	(Mode: default; Corner: default)
Information: CTS will work on all clocks in active scenarios, including 2 master clocks and 0 generated clocks. (CTS-107)
Information: Clock derating is enabled

CTS related app options set by user:
   cts.common.max_fanout = 5
   cts.common.max_net_length = 100
   cts.common.user_instance_name_prefix = CTS_
   cts.compile.enable_global_route = true
   cts.compile.remove_existing_clock_trees = true

Information: 'default' is identified as primary corner for initial clock tree building. (CTS-103)
USKEW Characterizer: corner: default, cornerDelay: 1.000
USKEW Characterizer: corner: default, scalingFactor: 1.000
Information: Useful skew mode is propagated
Initial QoR
    WNS(setup)=671.097 TNS(setup)=0.000 WEIGHTED_TNS(setup)=0.000 SetupCost(setup)=0.000
    WNS(hold)=-1.657 TNS(hold)=-20662.754 WEIGHTED_TNS(hold)=-41324.902
    QOR cost (setup and hold) = 5165.688
    Scenario default  WNS = 0, WEIGHTED_GROUP_SLACK = 0, TNS = 0, NVP = 0
    Scenario default  WNHS = 1.65651, TNHS = 20662.8, NHVP = 19466
Update timer
Best optimized QoR
    WNS(setup)=671.097 TNS(setup)=0.000 WEIGHTED_TNS(setup)=0.000 SetupCost(setup)=0.000
    WNS(hold)=-1.657 TNS(hold)=-20655.844 WEIGHTED_TNS(hold)=-41311.082
    QOR cost (setup and hold) = 5163.961
    Scenario default  WNS = 0, WEIGHTED_GROUP_SLACK = 0, TNS = 0, NVP = 0
    Scenario default  WNHS = 1.65651, TNHS = 20655.8, NHVP = 19466
The following statistics is on total offsets
Offset Statistics at reference corner
     sink count 9747, offset count 190, (distinct) value count 125
     postpone count 98, postpone average 0.0317
     prepone count 92, prepone average -0.0327
     minimum offset -0.0733, maximum offset 0.1008
Useful skew post optimization
Post optimized QoR
    WNS(setup)=671.097 TNS(setup)=0.000 WEIGHTED_TNS(setup)=0.000 SetupCost(setup)=0.000
    WNS(hold)=-1.657 TNS(hold)=-20662.754 WEIGHTED_TNS(hold)=-41324.902
    QOR cost (setup and hold) = 5165.688
    Scenario default  WNS = 0, WEIGHTED_GROUP_SLACK = 0, TNS = 0, NVP = 0
    Scenario default  WNHS = 1.65651, TNHS = 20662.8, NHVP = 19466
Post optimize cpu time 00:00:02.60u 00:00:00.00s 00:00:01.13e: 
The following statistics is on total offsets
Offset Statistics at reference corner
     sink count 9747, offset count 2, (distinct) value count 2
     postpone count 1, postpone average 0.0000
     prepone count 1, prepone average -0.0000
     minimum offset -0.0000, maximum offset 0.0000
INFO: CUS found no improvement for CTS
Final optimized QoR (commit with resolution)
    WNS(setup)=671.097 TNS(setup)=0.000 WEIGHTED_TNS(setup)=0.000 SetupCost(setup)=0.000
    WNS(hold)=-1.657 TNS(hold)=-20662.754 WEIGHTED_TNS(hold)=-41324.902
    QOR cost (setup and hold) = 5165.688
    Scenario default  WNS = 0, WEIGHTED_GROUP_SLACK = 0, TNS = 0, NVP = 0
    Scenario default  WNHS = 1.65651, TNHS = 20662.8, NHVP = 19466
The following statistics is on total offsets
Offset Statistics at reference corner
     sink count 9747, offset count 2, (distinct) value count 2
     postpone count 1, postpone average 0.0000
     prepone count 1, prepone average -0.0000
     minimum offset -0.0000, maximum offset 0.0000
INFO: CUS found no predictable timing improvement after CTS
Useful skew optimization NOT committed
Relaxing offsets
CTS: CPUTIME for useful skew computation: 00:01:27.78u 00:00:02.14s 00:00:38.06e: 
Number of Site types in the design = 1
Setting up Chip Core
Chip Core shape: (100000 100000) (9732000 9719200)
Number of unique PDs = 1
Number of Power Domains = 1
Number of Voltage Areas = 1
Number of supply Nets = 2
Number of used supplies = 2
Information: Terminating the integrated optimization with useful skew. (OPT-033)
Use advanced legalizer engine : 0
Information: Current block utilization is '0.60970', effective utilization is '0.60994'. (OPT-055)

    Scenario default  WNS = 0.000000, TNS = 0.000000, NVP = 0
    Scenario default  WNHS = 1.656514, TNHS = 20662.753646, NHVP = 19466

     ELAPSED  WORST NEG TOTAL NEG              MAX       MAX     BUFFER    INVERTER   LVTH      LVTH      PEAK     MIN DELAY 
      TIME      SLACK     SLACK     AREA    TRAN COST CAP COST    COUNT     COUNT     COUNT    PERCENT   MEMORY       COST   
    --------- --------- --------- --------- --------- --------- --------- --------- --------- --------- --------- -----------
      0:23:26     0.000     0.000 5.651e+05     0.000     0.000      4246      6092         0     0.000       813    -1.657


npo-clock-opt optimization Phase 5 Iter  1          0.00  21819.87         0       0.565           -           0.391
Number of Site types in the design = 1
Setting up Chip Core
Chip Core shape: (100000 100000) (9732000 9719200)
Number of unique PDs = 1
Number of Power Domains = 1
Number of Voltage Areas = 1
Number of supply Nets = 2
Number of used supplies = 2
remove buffers/inverters in clock CLK:
  23 buffer(s) and 2691 inverter(s) have been removed
Begin building search trees for block css_phy_tx_top.dlib:css_phy_tx_top_cts.design
Done building search trees for block css_phy_tx_top.dlib:css_phy_tx_top_cts.design (time 0s)
remove buffers/inverters in clock SCAN_CLK:
  9 buffer(s) and 0 inverter(s) have been removed

A total of 32 buffer(s) and 2691 inverter(s) have been removed.
Remove clock trees finished successfully
synthesize_clock_trees
************************************************************
* CTS STEP: Design Initialization for Clock Synthesis
************************************************************
Information: All clock objects will be converted from ideal to propagated clock during CTS. (CTS-105)
Information: CTS will work on the following scenarios. (CTS-101)
   default	(Mode: default; Corner: default)
Information: CTS will work on all clocks in active scenarios, including 2 master clocks and 0 generated clocks. (CTS-107)
Information: Clock derating is enabled

CTS related app options set by user:
   cts.common.max_fanout = 5
   cts.common.max_net_length = 100
   cts.common.user_instance_name_prefix = CTS_
   cts.compile.enable_cell_relocation = leaf_only
   cts.compile.enable_global_route = true
   cts.compile.enable_local_skew = true
   cts.compile.remove_existing_clock_trees = true
   cts.optimize.enable_local_skew = true

Buffer/Inverter reference list for clock tree synthesis:
   saed90nm_max/NBUFFX16
   saed90nm_max/NBUFFX2
   saed90nm_max/NBUFFX4
   saed90nm_max/NBUFFX8
   saed90nm_max/IBUFFX16
   saed90nm_max/IBUFFX2
   saed90nm_max/IBUFFX4
   saed90nm_max/IBUFFX8
   saed90nm_max/INVX16
   saed90nm_max/INVX2
   saed90nm_max/INVX4
   saed90nm_max/INVX8
There is no CTS reference for ICG cells
Information: 'default' is identified as primary corner for initial clock tree building. (CTS-103)
Number of Site types in the design = 1
Setting up Chip Core
Chip Core shape: (100000 100000) (9732000 9719200)
Number of unique PDs = 1
Number of Power Domains = 1
Number of Voltage Areas = 1
Number of supply Nets = 2
Number of used supplies = 2
CTS NDR rule list:
   Clock: CLK (mode default); Net Type: sink;     Rule: default rule; Min Layer: M1; Max Layer: M3
   Clock: CLK (mode default); Net Type: internal; Rule: clk_network_NDR_internal; Min Layer: M3; Max Layer: M5
   Clock: CLK (mode default); Net Type: root;     Rule: clk_network_NDR_root; Min Layer: M5; Max Layer: M7
   Clock: SCAN_CLK (mode default); Net Type: sink;     Rule: default rule; Min Layer: M1; Max Layer: M3
   Clock: SCAN_CLK (mode default); Net Type: internal; Rule: clk_network_NDR_internal; Min Layer: M3; Max Layer: M5
   Clock: SCAN_CLK (mode default); Net Type: root;     Rule: clk_network_NDR_root; Min Layer: M5; Max Layer: M7

Clock cell spacing rule list:
   No clock cell spacing rule is found.
Information: The run time for design initialization is 0 hr : 0 min : 2.01 sec, cpu time is 0 hr : 0 min : 1.96 sec. (CTS-104)
Drc Mode Option: auto
Use advanced legalizer engine : 0
Warning: Routing direction of metal layer PO is neither "horizontal" nor "vertical".  PDC checks will not be performed on this layer. (PDC-003)
PDC app_options settings =========
	place.legalize.enable_prerouted_net_check: 1

Expand check halo by 0.3200 x 0.3200
Scanning PG objects...
PG hash cached 2 nets; 10 viaBoxes; 0 viaMatrices.
PG scanned 484 objects; 117411 vias; 0 staples.
PG scan complete.  Hash key = 2f18b5ba7c1b8ee1
Reading PG structure for 'css_phy_tx_top.dlib:css_phy_tx_top_cts.design'
Layer M1: read 0 secDefs  0 sectors
Layer M2: read 6 secDefs  48240 sectors
Layer M3: read 6 secDefs  48240 sectors
Layer M4: read 6 secDefs  48240 sectors
Layer M5: read 6 secDefs  48240 sectors
Layer M6: read 6 secDefs  48240 sectors
Layer M7: read 6 secDefs  48240 sectors
Layer M8: read 8 secDefs  678 sectors
Layer M9: read 12 secDefs  403 sectors

Sector Array Stats:
Num Sectors: 290521
Num SecDefs:    56
Shared: 53 count; 5481.5 ave; 8064 max
SecDef Shapes: 44 Below-aligned, 0 Above-aligned, 8 Horizontal, 4 Vertical
Referenced Patterns: 2 count; 3.0 ave; 3 max

Place Cache read: 5351 elements -- 0 drcFail 5351 drcOk
Place Cache read: 65 libcells referenced from 1 libs
Place Cache read: used 6 of 56 total secDefs
Access Cache read: 5351 elements -- 0 drcFail 5351 drcOk
Access Cache read: 65 libcells referenced from 1 libs
Access Cache read: used 6 of 56 total secDefs
Connection checks for layer M2: blocked_pin pin_access_default track_drc pin_extend0
Connection checks for layer M3: blocked_pin pin_access_default track_drc pin_extend1
Connection checks for layer M4: blocked_pin pin_access_default track_drc pin_extend1
Connection checks for layer M5: blocked_pin pin_access_default track_drc pin_extend1
Information: Legalizer's PDC rule check is enabled
Information: Legalizer's advanced rule check is enabled
Information: The stitching and editing of coupling caps is turned OFF for design 'css_phy_tx_top.dlib:css_phy_tx_top_cts.design'. (TIM-125)
 Creating timing abstraction of clock tree(s)
For clock 'CLK' @ corner 'default': latency = 1.591
For clock 'SCAN_CLK' @ corner 'default': latency = 1.538
 Abstraction finished successfully
OCV derate values 1.000 (early) and 1.000 (late)
Information: The net parasitics of block css_phy_tx_top are cleared. (TIM-123)
Information: The stitching and editing of coupling caps is turned OFF for design 'css_phy_tx_top.dlib:css_phy_tx_top_cts.design'. (TIM-125)
Information: Design Average RC for design css_phy_tx_top_cts  (NEX-011)
Information: r = 0.562500 ohm/um, via_r = 0.900000 ohm/cut, c = 0.101490 ff/um, cc = 0.000000 ff/um (X dir) (NEX-017)
Information: r = 0.562500 ohm/um, via_r = 0.900000 ohm/cut, c = 0.121351 ff/um, cc = 0.000000 ff/um (Y dir) (NEX-017)
Information: The stitching and editing of coupling caps is turned OFF for design 'css_phy_tx_top.dlib:css_phy_tx_top_cts.design'. (TIM-125)
Information: The RC mode used is VR for design 'css_phy_tx_top'. (NEX-022)
Information: Update timing completed net estimation for all the timing graph nets (TIM-111)
Information: Net estimation statistics: timing graph nets = 45291, routed nets = 0, across physical hierarchy nets = 0, parasitics cached nets = 2, delay annotated nets = 0, parasitics annotated nets = 0, multi-voltage nets = 0. (TIM-112)

Mode:default          Latency(early)   Latency(late)
Clock        Updated   rise    fall    rise    fall   Corner
------------------------------------------------------------
CLK          Yes     1.5911  1.5911  1.5911  1.5911   default
SCAN_CLK     Yes     1.5375  1.5375  1.5375  1.5375   default

Information: The stitching and editing of coupling caps is turned OFF for design 'css_phy_tx_top.dlib:css_phy_tx_top_cts.design'. (TIM-125)
Information: Update timing completed net estimation for all the timing graph nets (TIM-111)
Information: Net estimation statistics: timing graph nets = 45291, routed nets = 0, across physical hierarchy nets = 0, parasitics cached nets = 45290, delay annotated nets = 0, parasitics annotated nets = 0, multi-voltage nets = 0. (TIM-112)
Information: All clock objects will be converted from ideal to propagated clock during CTS. (CTS-105)
Information: The net parasitics of block css_phy_tx_top are cleared. (TIM-123)
Setting the local skew CTS slack threshold value to 0.050000
Using threshold of 0.050000 to filter timing paths
************************************************************
* CTS STEP: Existing Clock Tree Removal
************************************************************

No buffer or inverter has been removed.
Information: The run time for existing clock tree removal is 0 hr : 0 min : 0.09 sec, cpu time is 0 hr : 0 min : 0.08 sec. (CTS-104)
************************************************************
* CTS STEP: Clock Tree Initialization
************************************************************

Start Auto-Exception Derivations...
 No internal pin was found.
 No conflict pin was found.
 No macro pin was found for clock balance point settings.
 No macro pin was found for disabling self arcs.
Information: The run time for clock tree initialization is 0 hr : 0 min : 0.40 sec, cpu time is 0 hr : 0 min : 0.39 sec. (CTS-104)
Drc Mode Option: auto
Enable multi-thread Tasks, number of thread is 4
Information: The stitching and editing of coupling caps is turned OFF for design 'css_phy_tx_top.dlib:css_phy_tx_top_cts.design'. (TIM-125)
Information: Design Average RC for design css_phy_tx_top_cts  (NEX-011)
Information: r = 0.562500 ohm/um, via_r = 0.900000 ohm/cut, c = 0.101490 ff/um, cc = 0.000000 ff/um (X dir) (NEX-017)
Information: r = 0.562500 ohm/um, via_r = 0.900000 ohm/cut, c = 0.121351 ff/um, cc = 0.000000 ff/um (Y dir) (NEX-017)
Information: The RC mode used is VR for design 'css_phy_tx_top'. (NEX-022)
Information: Update timing completed net estimation for all the timing graph nets (TIM-111)
Information: Net estimation statistics: timing graph nets = 45291, routed nets = 0, across physical hierarchy nets = 0, parasitics cached nets = 2, delay annotated nets = 0, parasitics annotated nets = 0, multi-voltage nets = 0. (TIM-112)
************************************************************
* CTS STEP: Clock Cell Relocation
************************************************************
Information: Relocated the clock cell 'clk_mux/U2' from (491.60, 490.96) to (487.44, 490.96). (CTS-106)
A total of 1 clock cells have been relocated
Information: The run time for clock cell relocation is 0 hr : 0 min : 0.07 sec, cpu time is 0 hr : 0 min : 0.07 sec. (CTS-104)
Information: The run time for enable resynthesis is 0 hr : 0 min : 0.07 sec, cpu time is 0 hr : 0 min : 0.07 sec. (CTS-104)
************************************************************
* CTS STEP: Gate-By-Gate Clock Tree Synthesis
************************************************************
CONG:: clock NDRs defined on this design: 6 rules:
Created 3 new NDRs to be used for SI prevention:
   NDR: default_rule_equivalent_ndr_double_spacing ... (width-mult: 1.00, spacing-mult: 1.00)
   NDR: clk_network_NDR_root_ext_spacing ... (width-mult: 2.00, spacing-mult: 2.00)
   NDR: clk_network_NDR_internal_ext_spacing ... (width-mult: 2.00, spacing-mult: 2.00)
Warning: Cell contains tie connections which are not connected to real PG. (ZRT-511)
Warning: Ignore contact DIFFCON. (ZRT-015)
Turn off antenna since no rule is specified
Cell Min-Routing-Layer = M2
Cell Max-Routing-Layer = M7
Warning: Ignore 2 top cell ports with no pins. (ZRT-027)
Info: number of net_type_blockage: 0 
Warning: Contact VIA89's lower layer enclosure width does not satisfy end of line enclosure design rule. (ZRT-042)
Warning: Contact VIA89's upper layer enclosure width does not satisfy end of line enclosure design rule. (ZRT-042)
Warning: Contact VIA89's lower layer enclosure height does not satisfy end of line enclosure design rule. (ZRT-042)
Warning: Contact VIA89's upper layer enclosure height does not satisfy end of line enclosure design rule. (ZRT-042)
Warning: Contact VIA89C's lower layer enclosure height does not satisfy end of line enclosure design rule. (ZRT-042)
Warning: Contact VIA89C's upper layer enclosure width does not satisfy end of line enclosure design rule. (ZRT-042)
Warning: Contact VIA89C's lower layer enclosure width does not satisfy end of line enclosure design rule. (ZRT-042)
Warning: Contact VIA89C's upper layer enclosure height does not satisfy end of line enclosure design rule. (ZRT-042)
Via on layer (VIA1) needs more than one tracks
Warning: Layer M1 pitch 0.320 may be too small: wire/via-down 0.315, wire/via-up 0.330. (ZRT-026)
Via on layer (VIA1) needs more than one tracks
Warning: Layer M2 pitch 0.320 may be too small: wire/via-down 0.360, wire/via-up 0.320. (ZRT-026)
Global route buffer aware mode is ON.
-------------------------------------------------------------
 Gate level 2 clock tree synthesis
 driving pin = clk_mux/U2/Q
 Clocks:
     CLK (default), SCAN_CLK (default)
 Design rule constraints:
     max transition  = 1.000000
     max capacitance = 100.000000
 Number of load sinks = 9744
 Number of ignore points = 0
Information: Design Average RC for design css_phy_tx_top_cts  (NEX-011)
Information: r = 0.562500 ohm/um, via_r = 0.900000 ohm/cut, c = 0.101490 ff/um, cc = 0.000000 ff/um (X dir) (NEX-017)
Information: r = 0.562500 ohm/um, via_r = 0.900000 ohm/cut, c = 0.121351 ff/um, cc = 0.000000 ff/um (Y dir) (NEX-017)
Loading parastics information to the router ...
parastics information loaded to the router.
 Added 2687 Repeaters. Built 13 Repeater Levels
Information: The RC mode used is CTO for design 'css_phy_tx_top'. (NEX-022)
 Phase delay: clk_mux/U2/IN3 : (1.930 1.678) : skew = 0.252
-------------------------------------------------------------
 Gate level 1 clock tree synthesis
 driving pin = clk
 Clocks:
     CLK (default)
 Design rule constraints:
     max transition  = 1.000000
     max capacitance = 100.000000
 Number of load sinks = 0
 Number of ignore points = 0
 Number of gates with existing phase delay = 1
    1. Phase delay = (max r/f: 1.929703/__ min r/f: 1.677952/__) : skew = 0.251751 : clk_mux/U2/IN3
 Added 13 Repeaters. Built 13 Repeater Levels
 Phase delay: clk : (3.831 3.579) : skew = 0.252
-------------------------------------------------------------
 Gate level 1 clock tree synthesis
 driving pin = scan_clk
 Clocks:
     SCAN_CLK (default)
 Design rule constraints:
     max transition  = 1.000000
     max capacitance = 100.000000
 Number of load sinks = 0
 Number of ignore points = 0
 Number of gates with existing phase delay = 1
    1. Phase delay = (max r/f: 2.173958/__ min r/f: 1.922207/__) : skew = 0.251751 : clk_mux/U2/IN2
 Added 9 Repeaters. Built 9 Repeater Levels
 Phase delay: scan_clk : (3.404 3.152) : skew = 0.252
Information: The run time for gate-by-gate clock tree synthesis is 0 hr : 20 min : 10.16 sec, cpu time is 0 hr : 22 min : 11.12 sec. (CTS-104)
************************************************************
* CTS STEP: DRC Fixing Beyond Exceptions
************************************************************
Information: The run time for DRC fixing beyond exceptions is 0 hr : 0 min : 0.01 sec, cpu time is 0 hr : 0 min : 0.01 sec. (CTS-104)
There are 32 buffers and 2677 inverters added (total area 29617.46) by Clock Tree Synthesis.
Turning off global route buffer aware mode.
************************************************************
* CTS STEP: Clock Net Global Routing
************************************************************
Performing initial clock net global routing ...
Information: The net parasitics of block css_phy_tx_top are cleared. (TIM-123)
Total number of global routed clock nets: 2712
Information: The run time for clock net global routing is 0 hr : 0 min : 1.83 sec, cpu time is 0 hr : 0 min : 2.20 sec. (CTS-104)
Begin building search trees for block css_phy_tx_top.dlib:css_phy_tx_top_cts.design
Done building search trees for block css_phy_tx_top.dlib:css_phy_tx_top_cts.design (time 0s)
Information: The stitching and editing of coupling caps is turned OFF for design 'css_phy_tx_top.dlib:css_phy_tx_top_cts.design'. (TIM-125)
Information: Design css_phy_tx_top_cts has 48002 nets, 2712 global routed, 0 detail routed. (NEX-024)
Information: The RC mode used is CTO for design 'css_phy_tx_top'. (NEX-022)
Information: Update timing completed net estimation for all the timing graph nets (TIM-111)
Information: Net estimation statistics: timing graph nets = 48000, routed nets = 2712, across physical hierarchy nets = 0, parasitics cached nets = 2712, delay annotated nets = 0, parasitics annotated nets = 0, multi-voltage nets = 0. (TIM-112)
************************************************************
* CTS STEP: Pre-Optimization DRC Fixing
************************************************************
-------------------------------------------------------------
Fixing clock: SCAN_CLK mode: default root: scan_clk

Clock QoR Before Fixing Clock Tree DRC Violation ...
Clock: SCAN_CLK, Mode: default, Root: scan_clk
Information: CTS QoR Pre Initial DRC Fixing: GlobalSkew = 0.2514; ID = 3.4212; NetsWithDRC = 10; Worst Tran/Cap/Fanout/NetLength cost = 0.0000/0.0000/0/166600.0000; ClockBufArea = 29545.5742; ClockCellArea = 29557.5547; Clock = SCAN_CLK; Mode = default; Corner = default; ClockRoot = scan_clk. (CTS-037)

Starting fixing clock tree DRC Violation ...
Resized 0 cell(s), relocated 16 cell(s), cloned 0 cell(s) and inserted 0 buffer(s)/inverter(s)
Cloned 0 non-repeater gate(s)
Ran incremental ZGR 23 time(s) for 46 net(s) and restored ZGR 16 time(s) for 32 net(s)
Clock QoR After Fixing Pre-Opt DRC Violation:
Clock: SCAN_CLK, Mode: default, Root: scan_clk
Information: CTS QoR Post Initial DRC Fixing: GlobalSkew = 0.2514; ID = 3.4212; NetsWithDRC = 0; Worst Tran/Cap/Fanout/NetLength cost = 0.0000/0.0000/0/0.0000; ClockBufArea = 29545.5742; ClockCellArea = 29557.5547; Clock = SCAN_CLK; Mode = default; Corner = default; ClockRoot = scan_clk. (CTS-037)
The elapsed time for fixing DRC violation is 0 hr : 0 min : 1.56 sec, cpu time is 0 hr : 0 min : 1.99 sec.
-------------------------------------------------------------
Fixing clock: CLK mode: default root: clk

Clock QoR Before Fixing Clock Tree DRC Violation ...
Clock: CLK, Mode: default, Root: clk
Information: CTS QoR Pre Initial DRC Fixing: GlobalSkew = 0.2514; ID = 3.8446; NetsWithDRC = 0; Worst Tran/Cap/Fanout/NetLength cost = 0.0000/0.0000/0/0.0000; ClockBufArea = 29567.6934; ClockCellArea = 29579.6738; Clock = CLK; Mode = default; Corner = default; ClockRoot = clk. (CTS-037)

Starting fixing clock tree DRC Violation ...
Resized 0 cell(s), relocated 0 cell(s), cloned 0 cell(s) and inserted 0 buffer(s)/inverter(s)
Cloned 0 non-repeater gate(s)
Ran incremental ZGR 0 time(s) for 0 net(s) and restored ZGR 0 time(s) for 0 net(s)
Clock QoR After Fixing Pre-Opt DRC Violation:
Clock: CLK, Mode: default, Root: clk
Information: CTS QoR Post Initial DRC Fixing: GlobalSkew = 0.2514; ID = 3.8446; NetsWithDRC = 0; Worst Tran/Cap/Fanout/NetLength cost = 0.0000/0.0000/0/0.0000; ClockBufArea = 29567.6934; ClockCellArea = 29579.6738; Clock = CLK; Mode = default; Corner = default; ClockRoot = clk. (CTS-037)
The elapsed time for fixing DRC violation is 0 hr : 0 min : 0.27 sec, cpu time is 0 hr : 0 min : 0.27 sec.
Information: The run time for pre-optimization DRC fixing is 0 hr : 0 min : 1.83 sec, cpu time is 0 hr : 0 min : 2.26 sec. (CTS-104)
************************************************************
* CTS STEP: Useful skew computation
************************************************************
Final best QoR
    Scenario default WNHS = 1.656513 TNHS = 20662.720703
The following statistics is on total offsets
Offset Statistics at reference corner
     sink count 9747, offset count 0, (distinct) value count 0
     postpone count 0, postpone average 0.0000
     prepone count 0, prepone average 0.0000
     minimum offset 0.0000, maximum offset 0.0000
CTS: CPUTIME for useful skew computation: 00:00:07.76u 00:00:00.36s 00:00:04.29e: 
Information: The run time for useful skew computation is 0 hr : 0 min : 4.29 sec, cpu time is 0 hr : 0 min : 8.13 sec. (CTS-104)
************************************************************
* CTS STEP: Skew Latency Optimization and Area Recovery
************************************************************
-------------------------------------------------------------
Optimizing clock tree
clock: SCAN_CLK mode: default root: scan_clk
clock: CLK mode: default root: clk
Clock QoR Before Optimization:
Clock: SCAN_CLK, Mode: default, Root: scan_clk
Information: CTS QoR Pre Optimization: GlobalSkew = 0.2514; ID = 3.4212; NetsWithDRC = 0; Worst Tran/Cap/Fanout/NetLength cost = 0.0000/0.0000/0/0.0000; ClockBufArea = 29545.5742; ClockCellArea = 29557.5547; Clock = SCAN_CLK; Mode = default; Corner = default; ClockRoot = scan_clk. (CTS-037)
Clock: CLK, Mode: default, Root: clk
Information: CTS QoR Pre Optimization: GlobalSkew = 0.2514; ID = 3.8446; NetsWithDRC = 0; Worst Tran/Cap/Fanout/NetLength cost = 0.0000/0.0000/0/0.0000; ClockBufArea = 29567.6934; ClockCellArea = 29579.6738; Clock = CLK; Mode = default; Corner = default; ClockRoot = clk. (CTS-037)

Begin Pre-Opt preprocessing:
Pre-Opt preprocessing cpu time 00:00:00.53u 00:00:00.00s 00:00:00.53e: 
Ran incremental ZGR 0 time(s) for 0 net(s) and restored ZGR 0 time(s) for 0 net(s)
Clock Qor After Pre-Opt preprocessing:
Clock: SCAN_CLK, Mode: default, Root: scan_clk
Information: CTS QoR Pre Optimization: GlobalSkew = 0.2514; ID = 3.4212; NetsWithDRC = 0; Worst Tran/Cap/Fanout/NetLength cost = 0.0000/0.0000/0/0.0000; ClockBufArea = 29545.5742; ClockCellArea = 29557.5547; Clock = SCAN_CLK; Mode = default; Corner = default; ClockRoot = scan_clk. (CTS-037)
Clock: CLK, Mode: default, Root: clk
Information: CTS QoR Pre Optimization: GlobalSkew = 0.2514; ID = 3.8446; NetsWithDRC = 0; Worst Tran/Cap/Fanout/NetLength cost = 0.0000/0.0000/0/0.0000; ClockBufArea = 29567.6934; ClockCellArea = 29579.6738; Clock = CLK; Mode = default; Corner = default; ClockRoot = clk. (CTS-037)

Begin Network Flow Based Optimization:
Default network flow optimizer made 0 successful improvements out of 0 iterations
Resized 0, relocated 0, deleted 0, inserted 0, sizeUp Relocated 0 cells
SKEWOPT total number of balance points adjusted 0
The elapsed time for network flow optimization is 0 hr : 0 min : 0.01 sec, cpu time is 0 hr : 0 min : 0.02 sec.
Ran incremental ZGR 0 time(s) for 0 net(s) and restored ZGR 0 time(s) for 0 net(s)
Clock Qor After Network Flow Optimization:
Clock: SCAN_CLK, Mode: default, Root: scan_clk
Information: CTS QoR Post Optimization: GlobalSkew = 0.2514; ID = 3.4212; NetsWithDRC = 0; Worst Tran/Cap/Fanout/NetLength cost = 0.0000/0.0000/0/0.0000; ClockBufArea = 29545.5742; ClockCellArea = 29557.5547; Clock = SCAN_CLK; Mode = default; Corner = default; ClockRoot = scan_clk. (CTS-037)
Clock: CLK, Mode: default, Root: clk
Information: CTS QoR Post Optimization: GlobalSkew = 0.2514; ID = 3.8446; NetsWithDRC = 0; Worst Tran/Cap/Fanout/NetLength cost = 0.0000/0.0000/0/0.0000; ClockBufArea = 29567.6934; ClockCellArea = 29579.6738; Clock = CLK; Mode = default; Corner = default; ClockRoot = clk. (CTS-037)

Begin Layer Optimization:

Beginning layer optimization ...
Clock CLK: 1949 nets unchanged because they are on two layers (skipped)
Clock CLK: 752 nets unchanged because there is no cap variation on their layers
Clock CLK: 0 nets have their layers changed
Clock SCAN_CLK: 9 nets unchanged because there is no cap variation on their layers
All clocks: total net count: 2710
All clocks: total committed/restored net count: 0/0
All clocks: total count of nets with two layers: 1949 (skipped)
All clocks: total count of nets with unchanged layers: 761

Ending layer optimization ...

The elapsed time for layer optimization is 0 hr : 0 min : 2.32 sec, cpu time is 0 hr : 0 min : 3.01 sec.
Ran incremental ZGR 0 time(s) for 0 net(s) and restored ZGR 0 time(s) for 0 net(s)
Clock Qor After Layer Optimization:
Clock: SCAN_CLK, Mode: default, Root: scan_clk
Information: CTS QoR Post Optimization: GlobalSkew = 0.2514; ID = 3.4212; NetsWithDRC = 0; Worst Tran/Cap/Fanout/NetLength cost = 0.0000/0.0000/0/0.0000; ClockBufArea = 29545.5742; ClockCellArea = 29557.5547; Clock = SCAN_CLK; Mode = default; Corner = default; ClockRoot = scan_clk. (CTS-037)
Clock: CLK, Mode: default, Root: clk
Information: CTS QoR Post Optimization: GlobalSkew = 0.2514; ID = 3.8446; NetsWithDRC = 0; Worst Tran/Cap/Fanout/NetLength cost = 0.0000/0.0000/0/0.0000; ClockBufArea = 29567.6934; ClockCellArea = 29579.6738; Clock = CLK; Mode = default; Corner = default; ClockRoot = clk. (CTS-037)

Begin Area Recovery Buffer Removal:
.
AR: deleted 0 cell(s)
Ran incremental ZGR 412 time(s) for 412 net(s) and restored ZGR 0 time(s) for 0 net(s)
Clock QoR After Area Recovery Removal:
Clock: SCAN_CLK, Mode: default, Root: scan_clk
Information: CTS QoR Post Area Recovery: GlobalSkew = 0.2514; ID = 3.4212; NetsWithDRC = 0; Worst Tran/Cap/Fanout/NetLength cost = 0.0000/0.0000/0/0.0000; ClockBufArea = 29545.5742; ClockCellArea = 29557.5547; Clock = SCAN_CLK; Mode = default; Corner = default; ClockRoot = scan_clk. (CTS-037)
Clock: CLK, Mode: default, Root: clk
Information: CTS QoR Post Area Recovery: GlobalSkew = 0.2514; ID = 3.8446; NetsWithDRC = 0; Worst Tran/Cap/Fanout/NetLength cost = 0.0000/0.0000/0/0.0000; ClockBufArea = 29567.6934; ClockCellArea = 29579.6738; Clock = CLK; Mode = default; Corner = default; ClockRoot = clk. (CTS-037)

Begin Area Recovery Resizing:
AR: resized 1621 out of 2710 cell(s)
Ran incremental ZGR 453 time(s) for 2077 net(s) and restored ZGR 2 time(s) for 7 net(s)
Clock QoR After Area Recovery Resizing:
Clock: SCAN_CLK, Mode: default, Root: scan_clk
Information: CTS QoR Post Area Recovery: GlobalSkew = 0.1797; ID = 3.4202; NetsWithDRC = 0; Worst Tran/Cap/Fanout/NetLength cost = 0.0000/0.0000/0/0.0000; ClockBufArea = 18547.1992; ClockCellArea = 18559.1816; Clock = SCAN_CLK; Mode = default; Corner = default; ClockRoot = scan_clk. (CTS-037)
Clock: CLK, Mode: default, Root: clk
Information: CTS QoR Post Area Recovery: GlobalSkew = 0.1797; ID = 3.8436; NetsWithDRC = 0; Worst Tran/Cap/Fanout/NetLength cost = 0.0000/0.0000/0/0.0000; ClockBufArea = 18569.3184; ClockCellArea = 18581.2988; Clock = CLK; Mode = default; Corner = default; ClockRoot = clk. (CTS-037)
The elapsed time for area recovery is 0 hr : 0 min : 46.80 sec, cpu time is 0 hr : 1 min : 8.27 sec.
The elapsed time for optimization of clock tree is 0 hr : 0 min : 50.11 sec, cpu time is 0 hr : 1 min : 12.75 sec.
-------------------------------------------------------------
SI prevention through NDR promotion
NDR promotion for clock: SCAN_CLK mode: default root: scan_clk
Clock QoR Before Optimization:
Clock: SCAN_CLK, Mode: default, Root: scan_clk
Information: CTS QoR Pre Optimization: GlobalSkew = 0.1797; ID = 3.4202; NetsWithDRC = 0; Worst Tran/Cap/Fanout/NetLength cost = 0.0000/0.0000/0/0.0000; ClockBufArea = 18547.1992; ClockCellArea = 18559.1816; Clock = SCAN_CLK; Mode = default; Corner = default; ClockRoot = scan_clk. (CTS-037)
Routing 45288 data signal nets ... 

Start congestion route ...
Information: The run time for congestion route is 0 hr : 0 min : 19.61 sec, cpu time is 0 hr : 0 min : 21.74 sec. (CTS-104)
Begin building search trees for block css_phy_tx_top.dlib:css_phy_tx_top_cts.design
Done building search trees for block css_phy_tx_top.dlib:css_phy_tx_top_cts.design (time 0s)
Information: The RC mode used is CTO for design 'css_phy_tx_top'. (NEX-022)
Information: Update timing completed net estimation for all the timing graph nets (TIM-111)
Information: Net estimation statistics: timing graph nets = 48000, routed nets = 2712, across physical hierarchy nets = 0, parasitics cached nets = 2712, delay annotated nets = 0, parasitics annotated nets = 0, multi-voltage nets = 0. (TIM-112)
Number of processed non-congested nets: 1767/1767 ...
Number of nets for which NDR promotion was successful: 1484
Number of nets for which NDR promotion failed: 283
Clock QoR After Area Congestion Aware NDR Promotion:
Clock: SCAN_CLK, Mode: default, Root: scan_clk
Information: CTS QoR Post Area Recovery: GlobalSkew = 0.1864; ID = 3.4145; NetsWithDRC = 2; Worst Tran/Cap/Fanout/NetLength cost = 0.0000/0.0000/0/15600.0000; ClockBufArea = 18547.1992; ClockCellArea = 18559.1816; Clock = SCAN_CLK; Mode = default; Corner = default; ClockRoot = scan_clk. (CTS-037)
The elapsed time for NDR promotion is 0 hr : 0 min : 59.84 sec, cpu time is 0 hr : 1 min : 15.65 sec.
-------------------------------------------------------------
SI prevention through NDR promotion
NDR promotion for clock: CLK mode: default root: clk
Clock QoR Before Optimization:
Clock: CLK, Mode: default, Root: clk
Information: CTS QoR Pre Optimization: GlobalSkew = 0.1864; ID = 3.8387; NetsWithDRC = 2; Worst Tran/Cap/Fanout/NetLength cost = 0.0000/0.0000/0/15600.0000; ClockBufArea = 18569.3184; ClockCellArea = 18581.2988; Clock = CLK; Mode = default; Corner = default; ClockRoot = clk. (CTS-037)
Number of processed non-congested nets: 1776/1776 ...
Number of nets for which NDR promotion was successful: 1491
Number of nets for which NDR promotion failed: 285
Clock QoR After Area Congestion Aware NDR Promotion:
Clock: CLK, Mode: default, Root: clk
Information: CTS QoR Post Area Recovery: GlobalSkew = 0.1864; ID = 3.8384; NetsWithDRC = 2; Worst Tran/Cap/Fanout/NetLength cost = 0.0000/0.0000/0/15600.0000; ClockBufArea = 18569.3184; ClockCellArea = 18581.2988; Clock = CLK; Mode = default; Corner = default; ClockRoot = clk. (CTS-037)
The elapsed time for NDR promotion is 0 hr : 0 min : 0.90 sec, cpu time is 0 hr : 0 min : 0.95 sec.
Information: The run time for SI prevention through NDR promotion is 0 hr : 1 min : 0.75 sec, cpu time is 0 hr : 1 min : 16.60 sec. (CTS-104)
Information: The stitching and editing of coupling caps is turned OFF for design 'css_phy_tx_top.dlib:css_phy_tx_top_cts.design'. (TIM-125)
Information: Update timing completed net estimation for all the timing graph nets (TIM-111)
Information: Net estimation statistics: timing graph nets = 48000, routed nets = 2712, across physical hierarchy nets = 0, parasitics cached nets = 2712, delay annotated nets = 0, parasitics annotated nets = 0, multi-voltage nets = 0. (TIM-112)

Mode:default          Latency(early)   Latency(late)
Clock        Updated   rise    fall    rise    fall   Corner
------------------------------------------------------------
CLK          Yes     3.7685  3.7685  3.7685  3.7685   default
SCAN_CLK     Yes     3.3446  3.3446  3.3446  3.3446   default

Information: The stitching and editing of coupling caps is turned OFF for design 'css_phy_tx_top.dlib:css_phy_tx_top_cts.design'. (TIM-125)
Information: Design Average RC for design css_phy_tx_top_cts  (NEX-011)
Information: r = 0.562500 ohm/um, via_r = 0.900000 ohm/cut, c = 0.102733 ff/um, cc = 0.000000 ff/um (X dir) (NEX-017)
Information: r = 0.562500 ohm/um, via_r = 0.900000 ohm/cut, c = 0.123192 ff/um, cc = 0.000000 ff/um (Y dir) (NEX-017)
Information: Update timing completed net estimation for all the timing graph nets (TIM-111)
Information: Net estimation statistics: timing graph nets = 48000, routed nets = 2712, across physical hierarchy nets = 0, parasitics cached nets = 48000, delay annotated nets = 0, parasitics annotated nets = 0, multi-voltage nets = 0. (TIM-112)
Information: The stitching and editing of coupling caps is turned OFF for design 'css_phy_tx_top.dlib:css_phy_tx_top_cts.design'. (TIM-125)
Information: Update timing completed net estimation for all the timing graph nets (TIM-111)
Information: Net estimation statistics: timing graph nets = 48000, routed nets = 2712, across physical hierarchy nets = 0, parasitics cached nets = 2712, delay annotated nets = 0, parasitics annotated nets = 0, multi-voltage nets = 0. (TIM-112)
-------------------------------------------------------------
Optimizing clock tree local skew
clock: SCAN_CLK mode: default root: scan_clk
clock: CLK mode: default root: clk
Clock QoR Before Optimization:
Clock: SCAN_CLK, Mode: default, Root: scan_clk
Information: CTS QoR Pre Local Skew Optimization: GlobalSkew = 0.1864; ID = 3.4145; NetsWithDRC = 2; Worst Tran/Cap/Fanout/NetLength cost = 0.0000/0.0000/0/15600.0000; ClockBufArea = 18547.1992; ClockCellArea = 18559.1816; Clock = SCAN_CLK; Mode = default; Corner = default; ClockRoot = scan_clk. (CTS-037)
Clock: CLK, Mode: default, Root: clk
Information: CTS QoR Pre Local Skew Optimization: GlobalSkew = 0.1864; ID = 3.8384; NetsWithDRC = 2; Worst Tran/Cap/Fanout/NetLength cost = 0.0000/0.0000/0/15600.0000; ClockBufArea = 18569.3184; ClockCellArea = 18581.2988; Clock = CLK; Mode = default; Corner = default; ClockRoot = clk. (CTS-037)

Begin Network Flow Based Optimization:
Total trial resizing 2611 time(s) accepted 118 time(s)
AR: local skew for area recovery by removal and sizing
.
AR: deleted 0 cell(s)
AR: resized 20 out of 2710 cell(s)
Info: scanning clock net routing for possible rerouting/topology_adjustments
Info: done scanning clock net routing_topologies, 336 adjustments
Network Flow Optimization cpu time 00:03:07.96u 00:00:22.60s 00:02:05.14e: 
Ran incremental ZGR 586 time(s) for 730 net(s) and restored ZGR 2555 time(s) for 2564 net(s)
Clock Qor After Optimization:
Clock: SCAN_CLK, Mode: default, Root: scan_clk
Information: CTS QoR Post Local Skew Optimization: GlobalSkew = 0.2338; ID = 3.4033; NetsWithDRC = 1; Worst Tran/Cap/Fanout/NetLength cost = 0.0000/0.0000/0/7775.0000; ClockBufArea = 19037.4902; ClockCellArea = 19049.4727; Clock = SCAN_CLK; Mode = default; Corner = default; ClockRoot = scan_clk. (CTS-037)
Clock: CLK, Mode: default, Root: clk
Information: CTS QoR Post Local Skew Optimization: GlobalSkew = 0.2339; ID = 3.8273; NetsWithDRC = 1; Worst Tran/Cap/Fanout/NetLength cost = 0.0000/0.0000/0/7775.0000; ClockBufArea = 19059.6094; ClockCellArea = 19071.5898; Clock = CLK; Mode = default; Corner = default; ClockRoot = clk. (CTS-037)
The elapsed time for optimization of clock tree is 0 hr : 2 min : 5.47 sec, cpu time is 0 hr : 3 min : 31.34 sec.
Information: The run time for skew latency optimization is 0 hr : 3 min : 15.56 sec, cpu time is 0 hr : 5 min : 7.25 sec. (CTS-104)
************************************************************
* CTS STEP: Post-Optimization DRC Fixing
************************************************************
-------------------------------------------------------------
Fixing clock: SCAN_CLK mode: default root: scan_clk
Resized 0 cell(s), relocated 1 cell(s), cloned 0 cell(s) and inserted 0 buffer(s)/inverter(s)
Cloned 0 non-repeater gate(s)
Ran incremental ZGR 2 time(s) for 4 net(s) and restored ZGR 2 time(s) for 3 net(s)
Clock QoR After Fixing Post-Opt DRC Violation:
Clock: SCAN_CLK, Mode: default, Root: scan_clk
Information: CTS QoR Post Final DRC Fixing: GlobalSkew = 0.2338; ID = 3.4033; NetsWithDRC = 0; Worst Tran/Cap/Fanout/NetLength cost = 0.0000/0.0000/0/0.0000; ClockBufArea = 19037.4902; ClockCellArea = 19049.4727; Clock = SCAN_CLK; Mode = default; Corner = default; ClockRoot = scan_clk. (CTS-037)
The elapsed time for fixing DRC violation is 0 hr : 0 min : 0.60 sec, cpu time is 0 hr : 0 min : 0.82 sec.
-------------------------------------------------------------
Fixing clock: CLK mode: default root: clk
Resized 0 cell(s), relocated 0 cell(s), cloned 0 cell(s) and inserted 0 buffer(s)/inverter(s)
Cloned 0 non-repeater gate(s)
Ran incremental ZGR 0 time(s) for 0 net(s) and restored ZGR 0 time(s) for 0 net(s)
Clock QoR After Fixing Post-Opt DRC Violation:
Clock: CLK, Mode: default, Root: clk
Information: CTS QoR Post Final DRC Fixing: GlobalSkew = 0.2339; ID = 3.8273; NetsWithDRC = 0; Worst Tran/Cap/Fanout/NetLength cost = 0.0000/0.0000/0/0.0000; ClockBufArea = 19059.6094; ClockCellArea = 19071.5898; Clock = CLK; Mode = default; Corner = default; ClockRoot = clk. (CTS-037)
The elapsed time for fixing DRC violation is 0 hr : 0 min : 0.23 sec, cpu time is 0 hr : 0 min : 0.23 sec.
Information: The run time for post-optimization DRC fixing is 0 hr : 0 min : 0.84 sec, cpu time is 0 hr : 0 min : 1.05 sec. (CTS-104)
All together, ran incremental ZGR 1476 time(s) for 3269 net(s) and restoring ZGR invoked 2575 time(s) for 2606 net(s)
There are 0 buffers added and 0 inverters added by Clock Tree Optimization.
************************************************************
* CTS STEP: Postlude
************************************************************
Place Cache save: 5474 elements -- 0 drcFail 5474 drcOk
Place Cache save: 65 libcells referenced from 1 libs
Place Cache save: used 6 of 56 total secDefs
Access Cache save: 5474 elements -- 0 drcFail 5474 drcOk
Access Cache save: 65 libcells referenced from 1 libs
Access Cache save: used 6 of 56 total secDefs
NPLDRC Place Cache: unique cache elements 5474
NPLDRC Place Cache: read cache elements 5351
NPLDRC Place Cache: hit rate  99.9%  (123 / 226154)
NPLDRC Access Cache: unique cache elements 5474
NPLDRC Access Cache: read cache elements 5351
NPLDRC Access Cache: hit rate  99.9%  (123 / 226154)
NPLDRC Pin Status Cache: no calls
NPLDRC Multi Cell Cache: no calls
NPLDRC ViaLadder Cache: no calls
Mark clock trees...
Marking clock synthesized attributes

nplDplc2Placer::setParam(effort,1)
nplDplc2Placer::setParam(debug,0)
nplDplc2Placer::setParam(site_check,2)
nplDplc2Placer::setParam(app_firm_wgt,0)

Running Advanced Legalizer....
INFO: Setting bounds and VA...
INFO: Setting up voltage area DEFAULT_VA
INFO: Setting up cell instances...
INFO: All fillers in the reference libraries will be considered during legalization/check legality
Information: Initializing site map 'unit' at {10 10} {973.2 971.92}.
INFO: Init siteMap unit with 3010 sites x 334 rows
Adding rule engine Basic Rules version 1.0.0...
Adding rule engine VT Implant Rules version 1.0.0...
Adding rule engine OD Rules version 1.0.0...
Adding rule engine TPO Rules version 1.0.0...
Adding rule engine Pin Access Rules version 1.0.0...
Adding rule engine Span Rules version 1.0.0...
Adding rule engine Index Rules version 1.0.0...
Adding rule engine Color Rules version 1.0.0...
Adding rule engine Inbound (PPNN) Rules version 1.0.0...
Adding rule engine PG DRC/VINS Rules version 1.0.0...
Adding rule engine Exp Rules version 1.0.0...
Adding rule engine N5 Soft Rules version 1.0.0...
2D rule auto detection will enable the following rules:
spacing_rule
pg_drc
INFO: Initializing CTS constraints...
WARNING: No via0 alignment grid is specified, via0 alignment rule will be ignored
WARNING: Please check place.legalize.via0_alignment_grid_name
Constructing pin color alignment legality info...
Initializing PG drc check engine...
Expand check halo by 0.3200 x 0.3200
Scanning PG objects...
PG hash cached 2 nets; 10 viaBoxes; 0 viaMatrices.
PG scanned 484 objects; 117411 vias; 0 staples.
PG scan complete.  Hash key = 2f18b5ba7c1b8ee1
Reading PG structure for 'css_phy_tx_top.dlib:css_phy_tx_top_cts.design'
Layer M1: read 0 secDefs  0 sectors
Layer M2: read 6 secDefs  48240 sectors
Layer M3: read 6 secDefs  48240 sectors
Layer M4: read 6 secDefs  48240 sectors
Layer M5: read 6 secDefs  48240 sectors
Layer M6: read 6 secDefs  48240 sectors
Layer M7: read 6 secDefs  48240 sectors
Layer M8: read 8 secDefs  678 sectors
Layer M9: read 12 secDefs  403 sectors

Sector Array Stats:
Num Sectors: 290521
Num SecDefs:    56
Shared: 53 count; 5481.5 ave; 8064 max
SecDef Shapes: 44 Below-aligned, 0 Above-aligned, 8 Horizontal, 4 Vertical
Referenced Patterns: 2 count; 3.0 ave; 3 max

Place DRC cache options have changed.
Outdated cache file, starting new Place cache for 'css_phy_tx_top.dlib:css_phy_tx_top_cts.design'
Access DRC cache options have changed.
Outdated cache file, starting new Access cache for 'css_phy_tx_top.dlib:css_phy_tx_top_cts.design'
Connection checks for layer M2: blocked_pin pin_access_default track_drc pin_extend0
Connection checks for layer M3: blocked_pin pin_access_default track_drc pin_extend1
Connection checks for layer M4: blocked_pin pin_access_default track_drc pin_extend1
Connection checks for layer M5: blocked_pin pin_access_default track_drc pin_extend1
INFO: Extracting M1 PG straps
INFO: Constructing BlkInst pin extension data for fast PG check
INFO: Constructing PG-Via/VIB/VINS layer info (VIA1/M2)...
INFO: VIB check extension is 0
INFO: VINS check extension is 0
INFO: PG-Via(pg_via_abut) design rule for layer VIA1 and VIA1 not found
INFO: VIB(vib_abut) design rule for layer M2 and VIA1 not found
INFO: VINS(vins_abut) design rule for layer M2 and VIA1 not found
INFO: Enabling hard placement rule spacing_rule...
INFO: Enabling hard placement rule pg_drc...
INFO: Timing cost factor is 0
Information: Legalizing 25626 moveable cells.
..
Legalization progress 5%...
Legalization progress 10%...
Legalization progress 15%...
Legalization progress 20%...
Legalization progress 25%...
Legalization progress 30%...
Legalization progress 35%...
Legalization progress 40%...
Legalization progress 45%...
Legalization progress 50%...
Legalization progress 55%...
Legalization progress 60%...
Legalization progress 65%...
Legalization progress 70%...
Legalization progress 75%...
Legalization progress 80%...
Legalization progress 85%...
Legalization progress 90%...
Legalization progress 95%...
Legalization progress 100%.
10 references with the lowest legality passing rate:
FADDX1: 89.1% (41 / 46)
AND2X1: 100.0% (177 / 177)
AND2X2: 100.0% (13 / 13)
AND3X1: 100.0% (77 / 77)
AND4X1: 100.0% (14 / 14)
AO21X1: 100.0% (283 / 283)
AO21X2: 100.0% (43 / 43)
AO221X1: 100.0% (80 / 80)
AO222X1: 100.0% (89 / 89)
AO22X1: 100.0% (9894 / 9894)
================ Displacement Report =================
Area: placed=263424, unplaced=0, fixed=346489, blocked=0, total=1005340
Density = 609913/1005340 sites = 60.67%
Inbound cells: 0; 2-row cells: 0; >2-row cells: 0
    Total cell instance count: 38080 (25626 placed, 0 unplaced, 12454 fixed)
        Number of cells moved: 3877 (10.18%)
    Average cell displacement: 0.2250 um (AW: 0.3916 um = 0.1360 rh)
        RMS cell displacement: 1.3275 um (AW: 2.4899 um = 0.8646 rh)
        Max cell displacement: 74.3847 um = 25.8280 rh
           Max displaced cell: u_dqpsk_csk_multiplier/sub_38/U2_2 (871.44 542.8)
Number of large displacements: 9
 Large displacement threshold: 3.0000 rh
 Largest displacement cells:
   Cell: u_dqpsk_csk_multiplier/sub_38/U2_2 (FADDX1)
     Input location: (871.44 542.8)
     Legal location: (825.68 594.64)
     Displacement: 74.3847 um, 25.8280 rh.
   Cell: U6344 (FADDX1)
     Input location: (859.92 133.84)
     Legal location: (918.16 87.76)
     Displacement: 74.2648 um, 25.7864 rh.
   Cell: add_307/U1_3 (FADDX1)
     Input location: (847.44 139.6)
     Legal location: (788.24 93.52)
     Displacement: 73.2863 um, 25.4466 rh.
   Cell: PLACE_HFSBUF_3195_4875 (NBUFFX16)
     Input location: (290 830.8)
     Legal location: (225.68 876.88)
     Displacement: 71.7828 um, 24.9246 rh.
   Cell: u_dqpsk_csk_multiplier/sub_38/U2_5 (FADDX1)
     Input location: (858.96 611.92)
     Legal location: (900.88 565.84)
     Displacement: 71.5384 um, 24.8397 rh.
   Cell: PLACE_HFSBUF_22417_3533 (NBUFFX16)
     Input location: (707.28 525.52)
     Legal location: (643.92 479.44)
     Displacement: 71.0494 um, 24.6699 rh.
   Cell: PLACE_HFSBUF_22256_3859 (NBUFFX16)
     Input location: (733.84 542.8)
     Legal location: (787.6 496.72)
     Displacement: 70.8061 um, 24.5855 rh.
   Cell: add_307/U1_4 (FADDX1)
     Input location: (857.68 139.6)
     Legal location: (808.08 93.52)
     Displacement: 67.7017 um, 23.5076 rh.
   Cell: PLACE_HFSBUF_627_4316 (NBUFFX16)
     Input location: (539.6 767.44)
     Legal location: (593.04 727.12)
     Displacement: 66.9443 um, 23.2445 rh.
======================================================
Place Cache save: 3542 elements -- 0 drcFail 3542 drcOk
Place Cache save: 56 libcells referenced from 1 libs
Place Cache save: used 6 of 56 total secDefs
Access Cache save: 3542 elements -- 5 drcFail 3537 drcOk
Access Cache save: 56 libcells referenced from 1 libs
Access Cache save: used 6 of 56 total secDefs
NPLDRC Place Cache: unique cache elements 3542
NPLDRC Place Cache: hit rate  79.9%  (3542 / 17585)
NPLDRC Access Cache: unique cache elements 3542
NPLDRC Access Cache: hit rate  79.9%  (3542 / 17585)
NPLDRC Pin Status Cache: no calls
NPLDRC Multi Cell Cache: no calls
NPLDRC ViaLadder Cache: no calls
 Successfully legalize placement.
Information: The run time for postlude is 0 hr : 0 min : 8.55 sec, cpu time is 0 hr : 0 min : 8.12 sec. (CTS-104)
************************************************************
* CTS STEP: Summary report
************************************************************
There are 2712 flat clock tree nets.
There are 2710 non-sink instances (total area 19121.36) on clock trees including 0 instances dont_touch.
Clock tree synthesize and optimization added 32 buffers and 2677 inverters (total area 19109.38).
2687 buffers/inverters were inserted below 1 leaf level Gates.
 Compilation of clock trees finished successfully
 Run time for cts 00:21:21.86u 00:07:58.59s 00:24:51.61e: 

Summary of messages during CTS:
===============================================================
  Tag   Count  Type           Description
---------------------------------------------------------------
 No error or warning message.
1

No clock balance group was found, so skip the balance
Information: The stitching and editing of coupling caps is turned OFF for design 'css_phy_tx_top.dlib:css_phy_tx_top_cts.design'. (TIM-125)
Number of Site types in the design = 1
Setting up Chip Core
Chip Core shape: (100000 100000) (9732000 9719200)
Number of unique PDs = 1
Number of Power Domains = 1
Number of Voltage Areas = 1
Number of supply Nets = 2
Number of used supplies = 2
Use advanced legalizer engine : 0
Information: Current block utilization is '0.60650', effective utilization is '0.60667'. (OPT-055)
Information: Update timing completed net estimation for all the timing graph nets (TIM-111)
Information: Net estimation statistics: timing graph nets = 48000, routed nets = 2712, across physical hierarchy nets = 0, parasitics cached nets = 48000, delay annotated nets = 0, parasitics annotated nets = 0, multi-voltage nets = 0. (TIM-112)

    Scenario default  WNS = 0.000000, TNS = 0.000000, NVP = 0

     ELAPSED  WORST NEG TOTAL NEG              MAX       MAX     BUFFER    INVERTER   LVTH      LVTH      PEAK   
      TIME      SLACK     SLACK     AREA    TRAN COST CAP COST    COUNT     COUNT     COUNT    PERCENT   MEMORY  
    --------- --------- --------- --------- --------- --------- --------- --------- --------- --------- ---------
      0:48:33     0.000     0.000 5.621e+05     0.000     0.000      4246      6078         0     0.000       936 


npo-clock-opt optimization Phase 6 Iter  1          0.00      0.00         0       0.562           -           0.809

Enable dominated scenarios

npo-clock-opt optimization complete                 0.00      0.00         0       0.562           -           0.809
Co-efficient Ratio Summary:
4.193421605155  6.578038173730  2.479639287277  7.744187605052  0.487016275644  3.170401433784  -5.567214854587  -2.894454487461  -6.565921317863  -9.017937605874  3.150181756183  9.866238909851  6.078547564085  2.744807541123
8.318115604907  9.699225026083  2.464623950064  1.382370221226  9.387184029619  3.142429406669  -0.968752889964  -6.613180823294  -4.146578893224  -7.876358018112  2.147646059846  0.966533541094  2.700562043881  3.840059264440
3.750206053169  7.663458842299  6.212201167950  7.759678473967  7.862243056717  0.402387977150  -0.032845195897  -0.596111612371  -4.701287496892  -7.205135612169  8.224862244418  1.186524590997  3.334850008244  5.867208931622
7.173894385364  9.669819999761  7.591487347087  7.632106458817  7.671034238617  9.832250888630  -1.878805917928  -3.230072443539  -1.226270137326  -7.050450594780  2.459439029881  6.132651944054  4.100634666110  1.274317789655
4.570746653063  5.624878808820  7.826857253678  4.759133418263  5.409027926377  2.609823652834  -0.626142638674  -6.381676752919  -9.187474122495  -0.513656896621  5.073779199712  6.112611446103  6.181896912107  1.581272165776
7.486041822107  9.584562469756  2.041727387119  3.921160867338  0.650488682345  9.472458902409  -3.368484494994  -4.897111649020  -6.860149344452  -2.000104151691  9.041544488839  2.190849709512  0.915324667443  5.466699108426
Information: The net parasitics of block css_phy_tx_top are cleared. (TIM-123)
Information: The stitching and editing of coupling caps is turned OFF for design 'css_phy_tx_top.dlib:css_phy_tx_top_cts.design'. (TIM-125)
Information: Design css_phy_tx_top_cts has 48002 nets, 2712 global routed, 0 detail routed. (NEX-024)
Information: The RC mode used is CTO for design 'css_phy_tx_top'. (NEX-022)
Information: Design Average RC for design css_phy_tx_top_cts  (NEX-011)
Information: r = 0.562500 ohm/um, via_r = 0.900000 ohm/cut, c = 0.102733 ff/um, cc = 0.000000 ff/um (X dir) (NEX-017)
Information: r = 0.562500 ohm/um, via_r = 0.900000 ohm/cut, c = 0.123192 ff/um, cc = 0.000000 ff/um (Y dir) (NEX-017)
Information: Update timing completed net estimation for all the timing graph nets (TIM-111)
Information: Net estimation statistics: timing graph nets = 48000, routed nets = 2712, across physical hierarchy nets = 0, parasitics cached nets = 48000, delay annotated nets = 0, parasitics annotated nets = 0, multi-voltage nets = 0. (TIM-112)

npo-clock-opt final QoR
_______________________
Scenario Mapping Table
1: default

Pathgroup Mapping Table
1: **default**
2: **async_default**
3: **clock_gating_default**
4: **in2reg_default**
5: **reg2out_default**
6: **in2out_default**
7: CLK
8: SCAN_CLK

-----------------------------------------------------------------------------------------------------------
Scene  PG      WNS        TNS    NSV      WHV        THV    NHV
    1   1   0.0000     0.0000      0   0.0000     0.0000      0
    1   2   0.0000     0.0000      0   0.0000     0.0000      0
    1   3   0.0000     0.0000      0   0.0000     0.0000      0
    1   4   0.0000     0.0000      0   0.0000     0.0000      0
    1   5   0.0000     0.0000      0   0.0000     0.0000      0
    1   6   0.0000     0.0000      0   0.0000     0.0000      0
    1   7   0.0000     0.0000      0   1.5408 20659.8691  19466
    1   8   0.0000     0.0000      0   1.5408 20659.6016  19466
--------------------------------------------------------------------------------------------------------------------
Scene  PG      WNS        TNS    NSV      WHV        THV    NHV  MaxTrnV   MaxTranC  MaxCapV    Leakage
    1   *   0.0000     0.0000      0   1.5408 20659.8340  19466        -          -        -          -
--------------------------------------------------------------------------------------------------------------------
Scene  PG      WNS        TNS    NSV      WHV        THV    NHV  MaxTrnV   MaxTranC  MaxCapV    Leakage         Area    InstCnt     BufCnt     InvCnt
    *   *   0.0000     0.0000      0   1.5408 20659.8340  19466        -          -        -          -    562095.81      38080       4246       6078
--------------------------------------------------------------------------------------------------------------------

npo-clock-opt final QoR Summary         WNS        TNS    NSV      WHV        THV    NHV  MaxTrnV  MaxCapV    Leakage         Area    InstCnt
npo-clock-opt final QoR Summary      0.0000     0.0000      0   1.5408 20659.8340  19466        -        -          -    562095.81      38080

npo-clock-opt command complete                CPU:  2533 s (  0.70 hr )  ELAPSE:  2919 s (  0.81 hr )  MEM-PEAK:   936 MB
npo-clock-opt command statistics  CPU=1428 sec (0.40 hr) ELAPSED=1566 sec (0.43 hr) MEM-PEAK=0.914 GB

Information: The net parasitics of block css_phy_tx_top are cleared. (TIM-123)
Information: Running auto PG connection. (NDM-099)
1
clock_opt -from  route_clock -to route_clock
Use advanced legalizer engine : 0
Warning: the app option 'time.si_enable_analysis' should not be set to be true in pre-route stage, enforce it to be false temporarily. (OPT-215)
Information: The stitching and editing of coupling caps is turned OFF for design 'css_phy_tx_top.dlib:css_phy_tx_top_cts.design'. (TIM-125)
Information: Design css_phy_tx_top_cts has 48002 nets, 2712 global routed, 0 detail routed. (NEX-024)
Number of Site types in the design = 1
Setting up Chip Core
Chip Core shape: (100000 100000) (9732000 9719200)
Number of unique PDs = 1
Number of Power Domains = 1
Number of Voltage Areas = 1
Number of supply Nets = 2
Number of used supplies = 2

Running clock routing step.
set_app_options -as_user_default -list {route.global.global_route_topology_style 1}
route.global.global_route_topology_style 1
route_group -all_clock_nets -reuse_existing_global_route true
Warning: Cell contains tie connections which are not connected to real PG. (ZRT-511)
Warning: Ignore contact DIFFCON. (ZRT-015)
Turn off antenna since no rule is specified
Cell Min-Routing-Layer = M2
Cell Max-Routing-Layer = M7
Warning: Ignore 2 top cell ports with no pins. (ZRT-027)
Info: number of net_type_blockage: 0 
Warning: Contact VIA89's lower layer enclosure width does not satisfy end of line enclosure design rule. (ZRT-042)
Warning: Contact VIA89's upper layer enclosure width does not satisfy end of line enclosure design rule. (ZRT-042)
Warning: Contact VIA89's lower layer enclosure height does not satisfy end of line enclosure design rule. (ZRT-042)
Warning: Contact VIA89's upper layer enclosure height does not satisfy end of line enclosure design rule. (ZRT-042)
Warning: Contact VIA89C's lower layer enclosure height does not satisfy end of line enclosure design rule. (ZRT-042)
Warning: Contact VIA89C's upper layer enclosure width does not satisfy end of line enclosure design rule. (ZRT-042)
Warning: Contact VIA89C's lower layer enclosure width does not satisfy end of line enclosure design rule. (ZRT-042)
Warning: Contact VIA89C's upper layer enclosure height does not satisfy end of line enclosure design rule. (ZRT-042)
Via on layer (VIA1) needs more than one tracks
Warning: Layer M1 pitch 0.320 may be too small: wire/via-down 0.315, wire/via-up 0.330. (ZRT-026)
Via on layer (VIA1) needs more than one tracks
Warning: Layer M2 pitch 0.320 may be too small: wire/via-down 0.360, wire/via-up 0.320. (ZRT-026)
Start Global Route ... 
[Init] Elapsed real time: 0:00:00 
[Init] Elapsed cpu  time: sys=0:00:00 usr=0:00:00 total=0:00:00
[Init] Stage (MB): Used    0  Alloctr    0  Proc    0 
[Init] Total (MB): Used  111  Alloctr  113  Proc 2114 
GR will route in ATREE-style.
Printing options for 'route.common.*'

Printing options for 'route.global.*'
global.deterministic                                    :	 off                 
global.global_route_topology_style                      :	 1                   
global.placement_timing_driven_mode                     :	 false               
global.timing_driven                                    :	 false               

Begin global routing.
Loading parastics information to the router ...
parastics information loaded to the router.
Constructing data structure ...
Design statistics:
Design Bounding Box (0.00,0.00,983.20,981.92)
Number of routing layers = 9
layer M1, dir Hor, min width = 0.14, min space = 0.14 pitch = 0.32
layer M2, dir Ver, min width = 0.16, min space = 0.16 pitch = 0.32
layer M3, dir Hor, min width = 0.16, min space = 0.16 pitch = 0.64
layer M4, dir Ver, min width = 0.16, min space = 0.16 pitch = 0.64
layer M5, dir Hor, min width = 0.16, min space = 0.16 pitch = 1.28
layer M6, dir Ver, min width = 0.16, min space = 0.16 pitch = 1.28
layer M7, dir Hor, min width = 0.16, min space = 0.16 pitch = 2.56
layer M8, dir Ver, min width = 0.16, min space = 0.16 pitch = 3.84
layer M9, dir Hor, min width = 0.45, min space = 0.45 pitch = 5.12
Current Stage stats:
[End of Build Tech Data] Elapsed real time: 0:00:00 
[End of Build Tech Data] Elapsed cpu  time: sys=0:00:00 usr=0:00:00 total=0:00:00
[End of Build Tech Data] Stage (MB): Used    2  Alloctr    2  Proc    0 
[End of Build Tech Data] Total (MB): Used  115  Alloctr  116  Proc 2114 
Net statistics:
Total number of nets     = 48003
Number of nets to route  = 2712
Number of single or zero port nets = 1
Number of nets with min-layer-mode soft = 2712
Number of nets with min-layer-mode soft-cost-medium = 2712
Number of nets with max-layer-mode hard = 2688
2714 nets are fully connected,
 of which 2 are detail routed and 2712 are global routed.
486 nets have non-default rule clk_network_NDR_internal
253 nets have non-default rule clk_network_NDR_internal_ext_spacing
7 nets have non-default rule clk_network_NDR_root
17 nets have non-default rule clk_network_NDR_root_ext_spacing
1221 nets have non-default rule default_rule_equivalent_ndr_double_spacing
Current Stage stats:
[End of Build All Nets] Elapsed real time: 0:00:00 
[End of Build All Nets] Elapsed cpu  time: sys=0:00:00 usr=0:00:00 total=0:00:00
[End of Build All Nets] Stage (MB): Used   15  Alloctr   15  Proc    0 
[End of Build All Nets] Total (MB): Used  130  Alloctr  131  Proc 2114 
Average gCell capacity  2.29	 on layer (1)	 M1
Average gCell capacity  7.87	 on layer (2)	 M2
Average gCell capacity  4.08	 on layer (3)	 M3
Average gCell capacity  4.01	 on layer (4)	 M4
Average gCell capacity  2.05	 on layer (5)	 M5
Average gCell capacity  2.07	 on layer (6)	 M6
Average gCell capacity  1.04	 on layer (7)	 M7
Average gCell capacity  0.49	 on layer (8)	 M8
Average gCell capacity  0.00	 on layer (9)	 M9
Average number of tracks per gCell 9.03	 on layer (1)	 M1
Average number of tracks per gCell 9.01	 on layer (2)	 M2
Average number of tracks per gCell 4.52	 on layer (3)	 M3
Average number of tracks per gCell 4.51	 on layer (4)	 M4
Average number of tracks per gCell 2.26	 on layer (5)	 M5
Average number of tracks per gCell 2.26	 on layer (6)	 M6
Average number of tracks per gCell 1.13	 on layer (7)	 M7
Average number of tracks per gCell 0.76	 on layer (8)	 M8
Average number of tracks per gCell 0.57	 on layer (9)	 M9
Number of gCells = 1043460
Current Stage stats:
[End of Build Congestion map] Elapsed real time: 0:00:01 
[End of Build Congestion map] Elapsed cpu  time: sys=0:00:00 usr=0:00:01 total=0:00:01
[End of Build Congestion map] Stage (MB): Used   11  Alloctr   11  Proc    0 
[End of Build Congestion map] Total (MB): Used  141  Alloctr  143  Proc 2114 
Information: RC layer preference is turned off for this design. (ZRT-613)
Total stats:
[End of Build Data] Elapsed real time: 0:00:01 
[End of Build Data] Elapsed cpu  time: sys=0:00:00 usr=0:00:02 total=0:00:02
[End of Build Data] Stage (MB): Used   29  Alloctr   30  Proc    0 
[End of Build Data] Total (MB): Used  141  Alloctr  143  Proc 2114 
Current Stage stats:
[End of Blocked Pin Detection] Elapsed real time: 0:00:00 
[End of Blocked Pin Detection] Elapsed cpu  time: sys=0:00:00 usr=0:00:00 total=0:00:00
[End of Blocked Pin Detection] Stage (MB): Used    0  Alloctr    0  Proc    0 
[End of Blocked Pin Detection] Total (MB): Used  141  Alloctr  143  Proc 2114 
Information: Using 4 threads for routing. (ZRT-444)
multi gcell levels ON

Start GR phase 0
Current Stage stats:
[End of Initial Routing] Elapsed real time: 0:00:00 
[End of Initial Routing] Elapsed cpu  time: sys=0:00:00 usr=0:00:00 total=0:00:00
[End of Initial Routing] Stage (MB): Used    0  Alloctr    0  Proc    0 
[End of Initial Routing] Total (MB): Used  141  Alloctr  143  Proc 2114 
Initial. Routing result:
Initial. Both Dirs: Overflow =  1202 Max = 6 GRCs =  1381 (0.60%)
Initial. H routing: Overflow =   975 Max = 3 (GRCs = 17) GRCs =  1082 (0.93%)
Initial. V routing: Overflow =   226 Max = 6 (GRCs =  1) GRCs =   299 (0.26%)
Initial. M1         Overflow =   259 Max = 3 (GRCs =  1) GRCs =   270 (0.23%)
Initial. M2         Overflow =   118 Max = 4 (GRCs =  1) GRCs =   194 (0.17%)
Initial. M3         Overflow =   716 Max = 3 (GRCs = 16) GRCs =   812 (0.70%)
Initial. M4         Overflow =   107 Max = 6 (GRCs =  1) GRCs =   105 (0.09%)
Initial. M5         Overflow =     0 Max = 0 (GRCs =  0) GRCs =     0 (0.00%)
Initial. M6         Overflow =     0 Max = 0 (GRCs =  0) GRCs =     0 (0.00%)
Initial. M7         Overflow =     0 Max = 0 (GRCs =  0) GRCs =     0 (0.00%)
Initial. M8         Overflow =     0 Max = 0 (GRCs =  0) GRCs =     0 (0.00%)
Initial. M9         Overflow =     0 Max = 0 (GRCs =  0) GRCs =     0 (0.00%)

Initial. Total Wire Length = 182423.51
Initial. Layer M1 wire length = 7928.26
Initial. Layer M2 wire length = 55435.37
Initial. Layer M3 wire length = 81708.46
Initial. Layer M4 wire length = 33761.71
Initial. Layer M5 wire length = 2497.39
Initial. Layer M6 wire length = 1092.32
Initial. Layer M7 wire length = 0.00
Initial. Layer M8 wire length = 0.00
Initial. Layer M9 wire length = 0.00
Initial. Total Number of Contacts = 35670
Initial. Via VIA12C count = 15503
Initial. Via VIA23C count = 16262
Initial. Via VIA34C count = 3602
Initial. Via VIA45C count = 257
Initial. Via VIA56C count = 46
Initial. Via VIA67C count = 0
Initial. Via VIA78C count = 0
Initial. Via VIA89C count = 0
Initial. completed.

Start GR phase 1
Current Stage stats:
[End of Phase1 Routing] Elapsed real time: 0:00:00 
[End of Phase1 Routing] Elapsed cpu  time: sys=0:00:00 usr=0:00:00 total=0:00:00
[End of Phase1 Routing] Stage (MB): Used    0  Alloctr    0  Proc    0 
[End of Phase1 Routing] Total (MB): Used  141  Alloctr  143  Proc 2114 
phase1. Routing result:
phase1. Both Dirs: Overflow =   514 Max = 5 GRCs =   645 (0.28%)
phase1. H routing: Overflow =   356 Max = 3 (GRCs =  3) GRCs =   416 (0.36%)
phase1. V routing: Overflow =   158 Max = 5 (GRCs =  1) GRCs =   229 (0.20%)
phase1. M1         Overflow =   158 Max = 2 (GRCs =  9) GRCs =   161 (0.14%)
phase1. M2         Overflow =   111 Max = 4 (GRCs =  1) GRCs =   186 (0.16%)
phase1. M3         Overflow =   198 Max = 3 (GRCs =  3) GRCs =   255 (0.22%)
phase1. M4         Overflow =    46 Max = 5 (GRCs =  1) GRCs =    43 (0.04%)
phase1. M5         Overflow =     0 Max = 0 (GRCs =  0) GRCs =     0 (0.00%)
phase1. M6         Overflow =     0 Max = 0 (GRCs =  0) GRCs =     0 (0.00%)
phase1. M7         Overflow =     0 Max = 0 (GRCs =  0) GRCs =     0 (0.00%)
phase1. M8         Overflow =     0 Max = 0 (GRCs =  0) GRCs =     0 (0.00%)
phase1. M9         Overflow =     0 Max = 0 (GRCs =  0) GRCs =     0 (0.00%)

phase1. Total Wire Length = 182645.71
phase1. Layer M1 wire length = 7587.07
phase1. Layer M2 wire length = 55683.78
phase1. Layer M3 wire length = 81666.96
phase1. Layer M4 wire length = 33920.92
phase1. Layer M5 wire length = 2692.48
phase1. Layer M6 wire length = 1094.52
phase1. Layer M7 wire length = 0.00
phase1. Layer M8 wire length = 0.00
phase1. Layer M9 wire length = 0.00
phase1. Total Number of Contacts = 36109
phase1. Via VIA12C count = 15469
phase1. Via VIA23C count = 16351
phase1. Via VIA34C count = 3893
phase1. Via VIA45C count = 346
phase1. Via VIA56C count = 50
phase1. Via VIA67C count = 0
phase1. Via VIA78C count = 0
phase1. Via VIA89C count = 0
phase1. completed.

Start GR phase 2
Current Stage stats:
[End of Phase2 Routing] Elapsed real time: 0:00:00 
[End of Phase2 Routing] Elapsed cpu  time: sys=0:00:00 usr=0:00:00 total=0:00:00
[End of Phase2 Routing] Stage (MB): Used    0  Alloctr    0  Proc    0 
[End of Phase2 Routing] Total (MB): Used  141  Alloctr  143  Proc 2114 
phase2. Routing result:
phase2. Both Dirs: Overflow =   369 Max = 3 GRCs =   415 (0.18%)
phase2. H routing: Overflow =   288 Max = 2 (GRCs = 21) GRCs =   323 (0.28%)
phase2. V routing: Overflow =    80 Max = 3 (GRCs = 11) GRCs =    92 (0.08%)
phase2. M1         Overflow =   154 Max = 2 (GRCs =  9) GRCs =   156 (0.13%)
phase2. M2         Overflow =    44 Max = 3 (GRCs =  2) GRCs =    65 (0.06%)
phase2. M3         Overflow =   134 Max = 2 (GRCs = 12) GRCs =   167 (0.14%)
phase2. M4         Overflow =    36 Max = 3 (GRCs =  9) GRCs =    27 (0.02%)
phase2. M5         Overflow =     0 Max = 0 (GRCs =  0) GRCs =     0 (0.00%)
phase2. M6         Overflow =     0 Max = 0 (GRCs =  0) GRCs =     0 (0.00%)
phase2. M7         Overflow =     0 Max = 0 (GRCs =  0) GRCs =     0 (0.00%)
phase2. M8         Overflow =     0 Max = 0 (GRCs =  0) GRCs =     0 (0.00%)
phase2. M9         Overflow =     0 Max = 0 (GRCs =  0) GRCs =     0 (0.00%)

phase2. Total Wire Length = 182749.26
phase2. Layer M1 wire length = 7583.87
phase2. Layer M2 wire length = 55729.32
phase2. Layer M3 wire length = 81661.32
phase2. Layer M4 wire length = 33945.07
phase2. Layer M5 wire length = 2746.01
phase2. Layer M6 wire length = 1083.67
phase2. Layer M7 wire length = 0.00
phase2. Layer M8 wire length = 0.00
phase2. Layer M9 wire length = 0.00
phase2. Total Number of Contacts = 36162
phase2. Via VIA12C count = 15468
phase2. Via VIA23C count = 16349
phase2. Via VIA34C count = 3928
phase2. Via VIA45C count = 367
phase2. Via VIA56C count = 50
phase2. Via VIA67C count = 0
phase2. Via VIA78C count = 0
phase2. Via VIA89C count = 0
phase2. completed.

Start GR phase 3
Current Stage stats:
[End of Phase3 Routing] Elapsed real time: 0:00:00 
[End of Phase3 Routing] Elapsed cpu  time: sys=0:00:00 usr=0:00:00 total=0:00:00
[End of Phase3 Routing] Stage (MB): Used    0  Alloctr    0  Proc    0 
[End of Phase3 Routing] Total (MB): Used  141  Alloctr  143  Proc 2114 
phase3. Routing result:
phase3. Both Dirs: Overflow =   361 Max = 3 GRCs =   408 (0.18%)
phase3. H routing: Overflow =   282 Max = 2 (GRCs = 20) GRCs =   315 (0.27%)
phase3. V routing: Overflow =    79 Max = 3 (GRCs = 11) GRCs =    93 (0.08%)
phase3. M1         Overflow =   154 Max = 2 (GRCs =  9) GRCs =   156 (0.13%)
phase3. M2         Overflow =    45 Max = 3 (GRCs =  2) GRCs =    68 (0.06%)
phase3. M3         Overflow =   128 Max = 2 (GRCs = 11) GRCs =   159 (0.14%)
phase3. M4         Overflow =    34 Max = 3 (GRCs =  9) GRCs =    25 (0.02%)
phase3. M5         Overflow =     0 Max = 0 (GRCs =  0) GRCs =     0 (0.00%)
phase3. M6         Overflow =     0 Max = 0 (GRCs =  0) GRCs =     0 (0.00%)
phase3. M7         Overflow =     0 Max = 0 (GRCs =  0) GRCs =     0 (0.00%)
phase3. M8         Overflow =     0 Max = 0 (GRCs =  0) GRCs =     0 (0.00%)
phase3. M9         Overflow =     0 Max = 0 (GRCs =  0) GRCs =     0 (0.00%)

phase3. Total Wire Length = 182761.35
phase3. Layer M1 wire length = 7582.55
phase3. Layer M2 wire length = 55737.43
phase3. Layer M3 wire length = 81648.90
phase3. Layer M4 wire length = 33935.45
phase3. Layer M5 wire length = 2776.23
phase3. Layer M6 wire length = 1080.79
phase3. Layer M7 wire length = 0.00
phase3. Layer M8 wire length = 0.00
phase3. Layer M9 wire length = 0.00
phase3. Total Number of Contacts = 36188
phase3. Via VIA12C count = 15468
phase3. Via VIA23C count = 16350
phase3. Via VIA34C count = 3942
phase3. Via VIA45C count = 378
phase3. Via VIA56C count = 50
phase3. Via VIA67C count = 0
phase3. Via VIA78C count = 0
phase3. Via VIA89C count = 0
phase3. completed.
[End of Whole Chip Routing] Elapsed real time: 0:00:02 
[End of Whole Chip Routing] Elapsed cpu  time: sys=0:00:00 usr=0:00:03 total=0:00:03
[End of Whole Chip Routing] Stage (MB): Used   29  Alloctr   30  Proc    0 
[End of Whole Chip Routing] Total (MB): Used  141  Alloctr  143  Proc 2114 

Information: Global Routing terminated early: false (ZRT-103)

Congestion utilization per direction:
Average vertical track utilization   =  3.63 %
Peak    vertical track utilization   = 140.00 %
Average horizontal track utilization =  4.24 %
Peak    horizontal track utilization = 128.57 %

Current Stage stats:
[GR: Done] Elapsed real time: 0:00:00 
[GR: Done] Elapsed cpu  time: sys=0:00:00 usr=0:00:00 total=0:00:00
[GR: Done] Stage (MB): Used  -10  Alloctr  -10  Proc    0 
[GR: Done] Total (MB): Used  133  Alloctr  134  Proc 2114 
GR Total stats:
[GR: Done] Elapsed real time: 0:00:02 
[GR: Done] Elapsed cpu  time: sys=0:00:00 usr=0:00:03 total=0:00:03
[GR: Done] Stage (MB): Used   21  Alloctr   21  Proc    0 
[GR: Done] Total (MB): Used  133  Alloctr  134  Proc 2114 
Updating congestion ...
Updating congestion ...
Final total stats:
[End of Global Routing] Elapsed real time: 0:00:03 
[End of Global Routing] Elapsed cpu  time: sys=0:00:00 usr=0:00:03 total=0:00:03
[End of Global Routing] Stage (MB): Used    0  Alloctr    0  Proc    0 
[End of Global Routing] Total (MB): Used  111  Alloctr  113  Proc 2114 

Start track assignment

Printing options for 'route.common.*'

Printing options for 'route.track.*'
track.timing_driven                                     :	 false               

Information: Using 4 threads for routing. (ZRT-444)
Information: RC layer preference is turned off for this design. (ZRT-613)

[Track Assign: Read routes] Elapsed real time: 0:00:00 
[Track Assign: Read routes] Elapsed cpu  time: sys=0:00:00 usr=0:00:00 total=0:00:00
[Track Assign: Read routes] Stage (MB): Used    9  Alloctr    9  Proc    0 
[Track Assign: Read routes] Total (MB): Used  117  Alloctr  118  Proc 2114 

Start initial assignment

Assign Horizontal partitions, iteration 0
Routed partition 1/23      
Routed partition 2/23      
Routed partition 3/23      
Routed partition 4/23      
Routed partition 5/23      
Routed partition 6/23      
Routed partition 7/23      
Routed partition 8/23      
Routed partition 9/23      
Routed partition 10/23     
Routed partition 11/23     
Routed partition 12/23     
Routed partition 13/23     
Routed partition 14/23     
Routed partition 15/23     
Routed partition 16/23     
Routed partition 17/23     
Routed partition 18/23     
Routed partition 19/23     
Routed partition 20/23     
Routed partition 21/23     
Routed partition 22/23     
Routed partition 23/23     

Assign Vertical partitions, iteration 0
Routed partition 1/23      
Routed partition 2/23      
Routed partition 3/23      
Routed partition 4/23      
Routed partition 5/23      
Routed partition 6/23      
Routed partition 7/23      
Routed partition 8/23      
Routed partition 9/23      
Routed partition 10/23     
Routed partition 11/23     
Routed partition 12/23     
Routed partition 13/23     
Routed partition 14/23     
Routed partition 15/23     
Routed partition 16/23     
Routed partition 17/23     
Routed partition 18/23     
Routed partition 19/23     
Routed partition 20/23     
Routed partition 21/23     
Routed partition 22/23     
Routed partition 23/23     

Number of wires with overlap after iteration 0 = 21069 of 56146


[Track Assign: Iteration 0] Elapsed real time: 0:00:01 
[Track Assign: Iteration 0] Elapsed cpu  time: sys=0:00:00 usr=0:00:05 total=0:00:05
[Track Assign: Iteration 0] Stage (MB): Used   10  Alloctr   10  Proc   90 
[Track Assign: Iteration 0] Total (MB): Used  117  Alloctr  120  Proc 2204 

Reroute to fix overlaps

Assign Horizontal partitions, iteration 1
Routed partition 1/23      
Routed partition 2/23      
Routed partition 3/23      
Routed partition 4/23      
Routed partition 5/23      
Routed partition 6/23      
Routed partition 7/23      
Routed partition 8/23      
Routed partition 9/23      
Routed partition 10/23     
Routed partition 11/23     
Routed partition 12/23     
Routed partition 13/23     
Routed partition 14/23     
Routed partition 15/23     
Routed partition 16/23     
Routed partition 17/23     
Routed partition 18/23     
Routed partition 19/23     
Routed partition 20/23     
Routed partition 21/23     
Routed partition 22/23     
Routed partition 23/23     

Assign Vertical partitions, iteration 1
Routed partition 1/23      
Routed partition 2/23      
Routed partition 3/23      
Routed partition 4/23      
Routed partition 5/23      
Routed partition 6/23      
Routed partition 7/23      
Routed partition 8/23      
Routed partition 9/23      
Routed partition 10/23     
Routed partition 11/23     
Routed partition 12/23     
Routed partition 13/23     
Routed partition 14/23     
Routed partition 15/23     
Routed partition 16/23     
Routed partition 17/23     
Routed partition 18/23     
Routed partition 19/23     
Routed partition 20/23     
Routed partition 21/23     
Routed partition 22/23     
Routed partition 23/23     

[Track Assign: Iteration 1] Elapsed real time: 0:00:03 
[Track Assign: Iteration 1] Elapsed cpu  time: sys=0:00:00 usr=0:00:09 total=0:00:09
[Track Assign: Iteration 1] Stage (MB): Used   10  Alloctr   10  Proc   97 
[Track Assign: Iteration 1] Total (MB): Used  117  Alloctr  120  Proc 2212 

Number of wires with overlap after iteration 1 = 4394 of 37094


Wire length and via report:
---------------------------
Number of M1 wires: 776 		 POLYCON: 0
Number of M2 wires: 19119 		 VIA12C: 15572
Number of M3 wires: 14302 		 VIA23C: 19093
Number of M4 wires: 2663 		 VIA34C: 4046
Number of M5 wires: 209 		 VIA45C: 376
Number of M6 wires: 25 		 VIA56C: 50
Number of M7 wires: 0 		 VIA67C: 0
Number of M8 wires: 0 		 VIA78C: 0
Number of M9 wires: 0 		 VIA89C: 0
Total number of wires: 37094 		 vias: 39137

Total M1 wire length: 1800.7
Total M2 wire length: 58474.2
Total M3 wire length: 82116.5
Total M4 wire length: 33445.4
Total M5 wire length: 2696.7
Total M6 wire length: 1072.8
Total M7 wire length: 0.0
Total M8 wire length: 0.0
Total M9 wire length: 0.0
Total wire length: 179606.3

Longest M1 wire length: 27.8
Longest M2 wire length: 66.8
Longest M3 wire length: 79.4
Longest M4 wire length: 86.1
Longest M5 wire length: 90.2
Longest M6 wire length: 79.7
Longest M7 wire length: 0.0
Longest M8 wire length: 0.0
Longest M9 wire length: 0.0


[Track Assign: Done] Elapsed real time: 0:00:03 
[Track Assign: Done] Elapsed cpu  time: sys=0:00:00 usr=0:00:10 total=0:00:10
[Track Assign: Done] Stage (MB): Used    4  Alloctr    5  Proc   97 
[Track Assign: Done] Total (MB): Used  112  Alloctr  114  Proc 2212 
Printing options for 'route.common.*'

Printing options for 'route.detail.*'
detail.force_end_on_preferred_grid                      :	 true                
detail.timing_driven                                    :	 false               

Printing options for 'route.auto_via_ladder.*'

Information: RC layer preference is turned off for this design. (ZRT-613)
[Dr init] Elapsed real time: 0:00:00 
[Dr init] Elapsed cpu  time: sys=0:00:00 usr=0:00:00 total=0:00:00
[Dr init] Stage (MB): Used    7  Alloctr    7  Proc    0 
[Dr init] Total (MB): Used  120  Alloctr  121  Proc 2212 
Total number of nets = 48003, of which 0 are not extracted
Total number of open nets = 45288, of which 0 are frozen
Information: Using 4 threads for routing. (ZRT-444)
Start DR iteration 0: uniform partition
Routed	1/1156 Partitions, Violations =	1
Routed	5/1156 Partitions, Violations =	2
Routed	10/1156 Partitions, Violations =	9
Routed	15/1156 Partitions, Violations =	10
Routed	20/1156 Partitions, Violations =	12
Routed	25/1156 Partitions, Violations =	17
Routed	30/1156 Partitions, Violations =	23
Routed	35/1156 Partitions, Violations =	22
Routed	40/1156 Partitions, Violations =	23
Routed	45/1156 Partitions, Violations =	22
Routed	50/1156 Partitions, Violations =	27
Routed	55/1156 Partitions, Violations =	22
Routed	60/1156 Partitions, Violations =	26
Routed	65/1156 Partitions, Violations =	23
Routed	70/1156 Partitions, Violations =	26
Routed	75/1156 Partitions, Violations =	40
Routed	80/1156 Partitions, Violations =	41
Routed	85/1156 Partitions, Violations =	48
Routed	90/1156 Partitions, Violations =	48
Routed	95/1156 Partitions, Violations =	45
Routed	100/1156 Partitions, Violations =	49
Routed	105/1156 Partitions, Violations =	57
Routed	110/1156 Partitions, Violations =	68
Routed	115/1156 Partitions, Violations =	76
Routed	120/1156 Partitions, Violations =	79
Routed	125/1156 Partitions, Violations =	80
Routed	130/1156 Partitions, Violations =	85
Routed	135/1156 Partitions, Violations =	92
Routed	140/1156 Partitions, Violations =	105
Routed	145/1156 Partitions, Violations =	121
Routed	150/1156 Partitions, Violations =	129
Routed	155/1156 Partitions, Violations =	132
Routed	160/1156 Partitions, Violations =	112
Routed	165/1156 Partitions, Violations =	150
Routed	170/1156 Partitions, Violations =	161
Routed	175/1156 Partitions, Violations =	167
Routed	180/1156 Partitions, Violations =	168
Routed	185/1156 Partitions, Violations =	171
Routed	190/1156 Partitions, Violations =	172
Routed	195/1156 Partitions, Violations =	149
Routed	200/1156 Partitions, Violations =	175
Routed	205/1156 Partitions, Violations =	178
Routed	210/1156 Partitions, Violations =	180
Routed	215/1156 Partitions, Violations =	182
Routed	220/1156 Partitions, Violations =	189
Routed	225/1156 Partitions, Violations =	197
Routed	230/1156 Partitions, Violations =	196
Routed	235/1156 Partitions, Violations =	196
Routed	240/1156 Partitions, Violations =	205
Routed	245/1156 Partitions, Violations =	205
Routed	250/1156 Partitions, Violations =	210
Routed	255/1156 Partitions, Violations =	211
Routed	260/1156 Partitions, Violations =	210
Routed	265/1156 Partitions, Violations =	211
Routed	270/1156 Partitions, Violations =	215
Routed	275/1156 Partitions, Violations =	220
Routed	280/1156 Partitions, Violations =	219
Routed	285/1156 Partitions, Violations =	230
Routed	290/1156 Partitions, Violations =	225
Routed	295/1156 Partitions, Violations =	226
Routed	300/1156 Partitions, Violations =	231
Routed	305/1156 Partitions, Violations =	231
Routed	310/1156 Partitions, Violations =	250
Routed	315/1156 Partitions, Violations =	257
Routed	320/1156 Partitions, Violations =	257
Routed	325/1156 Partitions, Violations =	249
Routed	330/1156 Partitions, Violations =	250
Routed	335/1156 Partitions, Violations =	254
Routed	340/1156 Partitions, Violations =	263
Routed	345/1156 Partitions, Violations =	262
Routed	350/1156 Partitions, Violations =	262
Routed	355/1156 Partitions, Violations =	266
Routed	360/1156 Partitions, Violations =	266
Routed	365/1156 Partitions, Violations =	277
Routed	370/1156 Partitions, Violations =	280
Routed	375/1156 Partitions, Violations =	279
Routed	380/1156 Partitions, Violations =	287
Routed	385/1156 Partitions, Violations =	293
Routed	390/1156 Partitions, Violations =	290
Routed	395/1156 Partitions, Violations =	300
Routed	400/1156 Partitions, Violations =	313
Routed	405/1156 Partitions, Violations =	314
Routed	410/1156 Partitions, Violations =	312
Routed	415/1156 Partitions, Violations =	313
Routed	420/1156 Partitions, Violations =	315
Routed	425/1156 Partitions, Violations =	305
Routed	430/1156 Partitions, Violations =	306
Routed	435/1156 Partitions, Violations =	314
Routed	440/1156 Partitions, Violations =	312
Routed	445/1156 Partitions, Violations =	315
Routed	450/1156 Partitions, Violations =	324
Routed	455/1156 Partitions, Violations =	334
Routed	460/1156 Partitions, Violations =	336
Routed	465/1156 Partitions, Violations =	336
Routed	470/1156 Partitions, Violations =	340
Routed	475/1156 Partitions, Violations =	337
Routed	480/1156 Partitions, Violations =	340
Routed	485/1156 Partitions, Violations =	343
Routed	490/1156 Partitions, Violations =	339
Routed	495/1156 Partitions, Violations =	345
Routed	500/1156 Partitions, Violations =	350
Routed	505/1156 Partitions, Violations =	360
Routed	510/1156 Partitions, Violations =	365
Routed	515/1156 Partitions, Violations =	367
Routed	520/1156 Partitions, Violations =	367
Routed	525/1156 Partitions, Violations =	375
Routed	530/1156 Partitions, Violations =	378
Routed	535/1156 Partitions, Violations =	377
Routed	540/1156 Partitions, Violations =	396
Routed	545/1156 Partitions, Violations =	399
Routed	550/1156 Partitions, Violations =	406
Routed	555/1156 Partitions, Violations =	406
Routed	560/1156 Partitions, Violations =	409
Routed	565/1156 Partitions, Violations =	412
Routed	570/1156 Partitions, Violations =	408
Routed	575/1156 Partitions, Violations =	407
Routed	580/1156 Partitions, Violations =	405
Routed	585/1156 Partitions, Violations =	415
Routed	590/1156 Partitions, Violations =	413
Routed	595/1156 Partitions, Violations =	426
Routed	600/1156 Partitions, Violations =	436
Routed	605/1156 Partitions, Violations =	435
Routed	610/1156 Partitions, Violations =	441
Routed	615/1156 Partitions, Violations =	453
Routed	620/1156 Partitions, Violations =	451
Routed	625/1156 Partitions, Violations =	457
Routed	630/1156 Partitions, Violations =	460
Routed	635/1156 Partitions, Violations =	461
Routed	640/1156 Partitions, Violations =	459
Routed	645/1156 Partitions, Violations =	467
Routed	650/1156 Partitions, Violations =	469
Routed	655/1156 Partitions, Violations =	470
Routed	660/1156 Partitions, Violations =	473
Routed	665/1156 Partitions, Violations =	473
Routed	670/1156 Partitions, Violations =	480
Routed	675/1156 Partitions, Violations =	485
Routed	680/1156 Partitions, Violations =	492
Routed	685/1156 Partitions, Violations =	488
Routed	690/1156 Partitions, Violations =	491
Routed	695/1156 Partitions, Violations =	492
Routed	700/1156 Partitions, Violations =	491
Routed	705/1156 Partitions, Violations =	497
Routed	710/1156 Partitions, Violations =	506
Routed	715/1156 Partitions, Violations =	504
Routed	720/1156 Partitions, Violations =	514
Routed	725/1156 Partitions, Violations =	517
Routed	730/1156 Partitions, Violations =	523
Routed	735/1156 Partitions, Violations =	525
Routed	740/1156 Partitions, Violations =	528
Routed	745/1156 Partitions, Violations =	522
Routed	750/1156 Partitions, Violations =	531
Routed	755/1156 Partitions, Violations =	533
Routed	760/1156 Partitions, Violations =	528
Routed	765/1156 Partitions, Violations =	526
Routed	770/1156 Partitions, Violations =	528
Routed	775/1156 Partitions, Violations =	533
Routed	780/1156 Partitions, Violations =	534
Routed	785/1156 Partitions, Violations =	545
Routed	790/1156 Partitions, Violations =	544
Routed	795/1156 Partitions, Violations =	549
Routed	800/1156 Partitions, Violations =	551
Routed	805/1156 Partitions, Violations =	551
Routed	810/1156 Partitions, Violations =	549
Routed	815/1156 Partitions, Violations =	553
Routed	820/1156 Partitions, Violations =	550
Routed	825/1156 Partitions, Violations =	558
Routed	830/1156 Partitions, Violations =	560
Routed	835/1156 Partitions, Violations =	564
Routed	840/1156 Partitions, Violations =	565
Routed	845/1156 Partitions, Violations =	570
Routed	850/1156 Partitions, Violations =	571
Routed	855/1156 Partitions, Violations =	570
Routed	860/1156 Partitions, Violations =	579
Routed	865/1156 Partitions, Violations =	578
Routed	870/1156 Partitions, Violations =	580
Routed	875/1156 Partitions, Violations =	580
Routed	880/1156 Partitions, Violations =	579
Routed	885/1156 Partitions, Violations =	581
Routed	890/1156 Partitions, Violations =	584
Routed	895/1156 Partitions, Violations =	585
Routed	900/1156 Partitions, Violations =	589
Routed	905/1156 Partitions, Violations =	600
Routed	910/1156 Partitions, Violations =	605
Routed	915/1156 Partitions, Violations =	615
Routed	920/1156 Partitions, Violations =	627
Routed	925/1156 Partitions, Violations =	616
Routed	930/1156 Partitions, Violations =	620
Routed	935/1156 Partitions, Violations =	627
Routed	940/1156 Partitions, Violations =	626
Routed	945/1156 Partitions, Violations =	626
Routed	950/1156 Partitions, Violations =	631
Routed	955/1156 Partitions, Violations =	630
Routed	960/1156 Partitions, Violations =	632
Routed	965/1156 Partitions, Violations =	633
Routed	970/1156 Partitions, Violations =	639
Routed	975/1156 Partitions, Violations =	638
Routed	980/1156 Partitions, Violations =	654
Routed	985/1156 Partitions, Violations =	658
Routed	990/1156 Partitions, Violations =	668
Routed	995/1156 Partitions, Violations =	655
Routed	1000/1156 Partitions, Violations =	661
Routed	1005/1156 Partitions, Violations =	670
Routed	1010/1156 Partitions, Violations =	675
Routed	1015/1156 Partitions, Violations =	674
Routed	1020/1156 Partitions, Violations =	679
Routed	1025/1156 Partitions, Violations =	679
Routed	1030/1156 Partitions, Violations =	679
Routed	1035/1156 Partitions, Violations =	680
Routed	1040/1156 Partitions, Violations =	684
Routed	1045/1156 Partitions, Violations =	691
Routed	1050/1156 Partitions, Violations =	698
Routed	1055/1156 Partitions, Violations =	701
Routed	1060/1156 Partitions, Violations =	694
Routed	1065/1156 Partitions, Violations =	708
Routed	1070/1156 Partitions, Violations =	717
Routed	1075/1156 Partitions, Violations =	713
Routed	1080/1156 Partitions, Violations =	721
Routed	1085/1156 Partitions, Violations =	736
Routed	1090/1156 Partitions, Violations =	732
Routed	1095/1156 Partitions, Violations =	733
Routed	1100/1156 Partitions, Violations =	741
Routed	1105/1156 Partitions, Violations =	751
Routed	1110/1156 Partitions, Violations =	758
Routed	1115/1156 Partitions, Violations =	758
Routed	1120/1156 Partitions, Violations =	766
Routed	1125/1156 Partitions, Violations =	753
Routed	1130/1156 Partitions, Violations =	758
Routed	1135/1156 Partitions, Violations =	760
Routed	1140/1156 Partitions, Violations =	756
Routed	1145/1156 Partitions, Violations =	746
Routed	1150/1156 Partitions, Violations =	750
Routed	1155/1156 Partitions, Violations =	753

DRC-SUMMARY:
	@@@@@@@ TOTAL VIOLATIONS =	753
	Diff net spacing : 476
	Diff net var rule spacing : 26
	Diff net via-cut spacing : 1
	Less than NDR width : 1
	Same net spacing : 35
	Same net via-cut spacing : 1
	Short : 101
	Internal-only types : 112

[Iter 0] Elapsed real time: 0:00:11 
[Iter 0] Elapsed cpu  time: sys=0:00:00 usr=0:00:42 total=0:00:42
[Iter 0] Stage (MB): Used   16  Alloctr   16  Proc    0 
[Iter 0] Total (MB): Used  129  Alloctr  131  Proc 2212 

End DR iteration 0 with 1156 parts

Start DR iteration 1: non-uniform partition
Routed	1/429 Partitions, Violations =	708
Routed	2/429 Partitions, Violations =	708
Routed	4/429 Partitions, Violations =	695
Routed	6/429 Partitions, Violations =	676
Routed	8/429 Partitions, Violations =	673
Routed	10/429 Partitions, Violations =	664
Routed	12/429 Partitions, Violations =	664
Routed	14/429 Partitions, Violations =	643
Routed	16/429 Partitions, Violations =	643
Routed	18/429 Partitions, Violations =	634
Routed	20/429 Partitions, Violations =	620
Routed	22/429 Partitions, Violations =	605
Routed	24/429 Partitions, Violations =	597
Routed	26/429 Partitions, Violations =	597
Routed	28/429 Partitions, Violations =	575
Routed	30/429 Partitions, Violations =	573
Routed	32/429 Partitions, Violations =	573
Routed	34/429 Partitions, Violations =	560
Routed	36/429 Partitions, Violations =	556
Routed	38/429 Partitions, Violations =	546
Routed	40/429 Partitions, Violations =	526
Routed	42/429 Partitions, Violations =	524
Routed	44/429 Partitions, Violations =	517
Routed	46/429 Partitions, Violations =	514
Routed	48/429 Partitions, Violations =	508
Routed	50/429 Partitions, Violations =	504
Routed	52/429 Partitions, Violations =	492
Routed	54/429 Partitions, Violations =	485
Routed	56/429 Partitions, Violations =	480
Routed	58/429 Partitions, Violations =	479
Routed	60/429 Partitions, Violations =	474
Routed	62/429 Partitions, Violations =	474
Routed	64/429 Partitions, Violations =	469
Routed	66/429 Partitions, Violations =	468
Routed	68/429 Partitions, Violations =	465
Routed	70/429 Partitions, Violations =	465
Routed	72/429 Partitions, Violations =	461
Routed	74/429 Partitions, Violations =	459
Routed	76/429 Partitions, Violations =	459
Routed	78/429 Partitions, Violations =	456
Routed	80/429 Partitions, Violations =	453
Routed	82/429 Partitions, Violations =	453
Routed	84/429 Partitions, Violations =	449
Routed	86/429 Partitions, Violations =	449
Routed	88/429 Partitions, Violations =	446
Routed	90/429 Partitions, Violations =	444
Routed	92/429 Partitions, Violations =	440
Routed	94/429 Partitions, Violations =	440
Routed	96/429 Partitions, Violations =	437
Routed	98/429 Partitions, Violations =	436
Routed	100/429 Partitions, Violations =	432
Routed	102/429 Partitions, Violations =	432
Routed	104/429 Partitions, Violations =	429
Routed	106/429 Partitions, Violations =	426
Routed	109/429 Partitions, Violations =	426
Routed	110/429 Partitions, Violations =	423
Routed	112/429 Partitions, Violations =	422
Routed	114/429 Partitions, Violations =	418
Routed	116/429 Partitions, Violations =	416
Routed	118/429 Partitions, Violations =	414
Routed	120/429 Partitions, Violations =	412
Routed	122/429 Partitions, Violations =	412
Routed	124/429 Partitions, Violations =	402
Routed	126/429 Partitions, Violations =	399
Routed	128/429 Partitions, Violations =	399
Routed	130/429 Partitions, Violations =	395
Routed	132/429 Partitions, Violations =	395
Routed	134/429 Partitions, Violations =	391
Routed	136/429 Partitions, Violations =	391
Routed	138/429 Partitions, Violations =	386
Routed	140/429 Partitions, Violations =	386
Routed	142/429 Partitions, Violations =	382
Routed	144/429 Partitions, Violations =	380
Routed	146/429 Partitions, Violations =	378
Routed	148/429 Partitions, Violations =	378
Routed	150/429 Partitions, Violations =	376
Routed	152/429 Partitions, Violations =	372
Routed	154/429 Partitions, Violations =	370
Routed	156/429 Partitions, Violations =	370
Routed	158/429 Partitions, Violations =	366
Routed	160/429 Partitions, Violations =	362
Routed	162/429 Partitions, Violations =	360
Routed	164/429 Partitions, Violations =	359
Routed	166/429 Partitions, Violations =	358
Routed	168/429 Partitions, Violations =	356
Routed	170/429 Partitions, Violations =	352
Routed	172/429 Partitions, Violations =	352
Routed	174/429 Partitions, Violations =	346
Routed	176/429 Partitions, Violations =	343
Routed	178/429 Partitions, Violations =	343
Routed	180/429 Partitions, Violations =	341
Routed	182/429 Partitions, Violations =	339
Routed	184/429 Partitions, Violations =	335
Routed	186/429 Partitions, Violations =	336
Routed	188/429 Partitions, Violations =	329
Routed	190/429 Partitions, Violations =	327
Routed	192/429 Partitions, Violations =	327
Routed	194/429 Partitions, Violations =	323
Routed	196/429 Partitions, Violations =	322
Routed	198/429 Partitions, Violations =	322
Routed	200/429 Partitions, Violations =	319
Routed	202/429 Partitions, Violations =	315
Routed	204/429 Partitions, Violations =	314
Routed	206/429 Partitions, Violations =	311
Routed	208/429 Partitions, Violations =	310
Routed	210/429 Partitions, Violations =	308
Routed	212/429 Partitions, Violations =	305
Routed	214/429 Partitions, Violations =	305
Routed	216/429 Partitions, Violations =	303
Routed	218/429 Partitions, Violations =	299
Routed	220/429 Partitions, Violations =	299
Routed	222/429 Partitions, Violations =	295
Routed	224/429 Partitions, Violations =	295
Routed	226/429 Partitions, Violations =	292
Routed	228/429 Partitions, Violations =	285
Routed	230/429 Partitions, Violations =	285
Routed	232/429 Partitions, Violations =	282
Routed	234/429 Partitions, Violations =	280
Routed	236/429 Partitions, Violations =	278
Routed	238/429 Partitions, Violations =	276
Routed	240/429 Partitions, Violations =	272
Routed	242/429 Partitions, Violations =	272
Routed	244/429 Partitions, Violations =	266
Routed	246/429 Partitions, Violations =	268
Routed	248/429 Partitions, Violations =	262
Routed	250/429 Partitions, Violations =	261
Routed	252/429 Partitions, Violations =	259
Routed	254/429 Partitions, Violations =	257
Routed	256/429 Partitions, Violations =	256
Routed	258/429 Partitions, Violations =	253
Routed	260/429 Partitions, Violations =	252
Routed	262/429 Partitions, Violations =	249
Routed	264/429 Partitions, Violations =	248
Routed	266/429 Partitions, Violations =	244
Routed	268/429 Partitions, Violations =	244
Routed	270/429 Partitions, Violations =	242
Routed	272/429 Partitions, Violations =	236
Routed	274/429 Partitions, Violations =	234
Routed	276/429 Partitions, Violations =	234
Routed	278/429 Partitions, Violations =	230
Routed	280/429 Partitions, Violations =	229
Routed	282/429 Partitions, Violations =	228
Routed	284/429 Partitions, Violations =	224
Routed	286/429 Partitions, Violations =	219
Routed	288/429 Partitions, Violations =	216
Routed	290/429 Partitions, Violations =	210
Routed	292/429 Partitions, Violations =	209
Routed	294/429 Partitions, Violations =	209
Routed	296/429 Partitions, Violations =	207
Routed	298/429 Partitions, Violations =	203
Routed	300/429 Partitions, Violations =	202
Routed	302/429 Partitions, Violations =	201
Routed	304/429 Partitions, Violations =	197
Routed	306/429 Partitions, Violations =	195
Routed	308/429 Partitions, Violations =	195
Routed	310/429 Partitions, Violations =	191
Routed	312/429 Partitions, Violations =	190
Routed	314/429 Partitions, Violations =	187
Routed	316/429 Partitions, Violations =	186
Routed	318/429 Partitions, Violations =	183
Routed	320/429 Partitions, Violations =	182
Routed	322/429 Partitions, Violations =	180
Routed	324/429 Partitions, Violations =	179
Routed	326/429 Partitions, Violations =	176
Routed	328/429 Partitions, Violations =	173
Routed	330/429 Partitions, Violations =	173
Routed	332/429 Partitions, Violations =	168
Routed	334/429 Partitions, Violations =	167
Routed	336/429 Partitions, Violations =	165
Routed	338/429 Partitions, Violations =	163
Routed	340/429 Partitions, Violations =	153
Routed	342/429 Partitions, Violations =	140
Routed	344/429 Partitions, Violations =	137
Routed	346/429 Partitions, Violations =	123
Routed	348/429 Partitions, Violations =	118
Routed	350/429 Partitions, Violations =	110
Routed	352/429 Partitions, Violations =	110
Routed	354/429 Partitions, Violations =	97
Routed	356/429 Partitions, Violations =	95
Routed	358/429 Partitions, Violations =	92
Routed	360/429 Partitions, Violations =	84
Routed	362/429 Partitions, Violations =	75
Routed	364/429 Partitions, Violations =	73
Routed	366/429 Partitions, Violations =	71
Routed	368/429 Partitions, Violations =	68
Routed	370/429 Partitions, Violations =	67
Routed	372/429 Partitions, Violations =	60
Routed	374/429 Partitions, Violations =	59
Routed	376/429 Partitions, Violations =	57
Routed	378/429 Partitions, Violations =	56
Routed	380/429 Partitions, Violations =	54
Routed	382/429 Partitions, Violations =	52
Routed	384/429 Partitions, Violations =	50
Routed	386/429 Partitions, Violations =	48
Routed	388/429 Partitions, Violations =	47
Routed	390/429 Partitions, Violations =	45
Routed	392/429 Partitions, Violations =	42
Routed	394/429 Partitions, Violations =	40
Routed	396/429 Partitions, Violations =	38
Routed	398/429 Partitions, Violations =	36
Routed	400/429 Partitions, Violations =	35
Routed	402/429 Partitions, Violations =	32
Routed	404/429 Partitions, Violations =	31
Routed	406/429 Partitions, Violations =	30
Routed	408/429 Partitions, Violations =	28
Routed	410/429 Partitions, Violations =	26
Routed	412/429 Partitions, Violations =	25
Routed	414/429 Partitions, Violations =	23
Routed	416/429 Partitions, Violations =	21
Routed	418/429 Partitions, Violations =	20
Routed	420/429 Partitions, Violations =	18
Routed	422/429 Partitions, Violations =	15
Routed	424/429 Partitions, Violations =	13
Routed	426/429 Partitions, Violations =	11
Routed	428/429 Partitions, Violations =	9

DRC-SUMMARY:
	@@@@@@@ TOTAL VIOLATIONS =	9
	Internal-only types : 9

[Iter 1] Elapsed real time: 0:00:13 
[Iter 1] Elapsed cpu  time: sys=0:00:00 usr=0:00:48 total=0:00:48
[Iter 1] Stage (MB): Used   16  Alloctr   16  Proc    0 
[Iter 1] Total (MB): Used  129  Alloctr  131  Proc 2212 

End DR iteration 1 with 429 parts

Start DR iteration 2: non-uniform partition
Routed	1/9 Partitions, Violations =	7
Routed	2/9 Partitions, Violations =	7
Routed	3/9 Partitions, Violations =	6
Routed	4/9 Partitions, Violations =	4
Routed	5/9 Partitions, Violations =	4
Routed	6/9 Partitions, Violations =	2
Routed	7/9 Partitions, Violations =	2
Routed	8/9 Partitions, Violations =	1
Routed	9/9 Partitions, Violations =	0

DRC-SUMMARY:
	@@@@@@@ TOTAL VIOLATIONS =	0

[Iter 2] Elapsed real time: 0:00:13 
[Iter 2] Elapsed cpu  time: sys=0:00:00 usr=0:00:48 total=0:00:48
[Iter 2] Stage (MB): Used   16  Alloctr   16  Proc    0 
[Iter 2] Total (MB): Used  129  Alloctr  131  Proc 2212 

End DR iteration 2 with 9 parts

Finish DR since reached 0 DRC

Information: Detail Routing terminated early because DRCs were not converging: false (ZRT-312)
[DR] Elapsed real time: 0:00:13 
[DR] Elapsed cpu  time: sys=0:00:00 usr=0:00:48 total=0:00:48
[DR] Stage (MB): Used    1  Alloctr    1  Proc    0 
[DR] Total (MB): Used  114  Alloctr  115  Proc 2212 
[DR: Done] Elapsed real time: 0:00:13 
[DR: Done] Elapsed cpu  time: sys=0:00:00 usr=0:00:48 total=0:00:48
[DR: Done] Stage (MB): Used    1  Alloctr    1  Proc    0 
[DR: Done] Total (MB): Used  114  Alloctr  115  Proc 2212 

DR finished with 0 open nets, of which 0 are frozen

DR finished with 0 violations

DRC-SUMMARY:
	@@@@@@@ TOTAL VIOLATIONS =	0



Total Wire Length =                    179915 micron
Total Number of Contacts =             37100
Total Number of Wires =                38081
Total Number of PtConns =              5333
Total Number of Routed Wires =       38081
Total Routed Wire Length =           178775 micron
Total Number of Routed Contacts =       37100
	Layer          M1 :       1665 micron
	Layer          M2 :      60088 micron
	Layer          M3 :      81008 micron
	Layer          M4 :      33449 micron
	Layer          M5 :       2636 micron
	Layer          M6 :       1068 micron
	Layer          M7 :          0 micron
	Layer          M8 :          0 micron
	Layer          M9 :          0 micron
	Via        VIA56C :         44
	Via        VIA45C :        370
	Via        VIA34C :       3929
	Via   VIA34C(rot) :         37
	Via        VIA23C :      17273
	Via   VIA23C(rot) :          8
	Via        VIA12C :         25
	Via   VIA12C(rot) :       9377
	Via        VIA12B :       1679
	Via   VIA12B(rot) :       4358

 
Redundant via conversion report:
--------------------------------

  Total optimized via conversion rate =  0.00% (0 / 37100 vias)
 
    Layer VIA1       =  0.00% (0      / 15439   vias)
        Un-optimized =  0.00% (0       vias)
        Un-mapped    = 100.00% (15439   vias)
    Layer VIA2       =  0.00% (0      / 17281   vias)
        Un-optimized =  0.00% (0       vias)
        Un-mapped    = 100.00% (17281   vias)
    Layer VIA3       =  0.00% (0      / 3966    vias)
        Un-optimized =  0.00% (0       vias)
        Un-mapped    = 100.00% (3966    vias)
    Layer VIA4       =  0.00% (0      / 370     vias)
        Un-optimized =  0.00% (0       vias)
        Un-mapped    = 100.00% (370     vias)
    Layer VIA5       =  0.00% (0      / 44      vias)
        Un-optimized =  0.00% (0       vias)
        Un-mapped    = 100.00% (44      vias)
 
  Total double via conversion rate    =  0.00% (0 / 37100 vias)
 
    Layer VIA1       =  0.00% (0      / 15439   vias)
    Layer VIA2       =  0.00% (0      / 17281   vias)
    Layer VIA3       =  0.00% (0      / 3966    vias)
    Layer VIA4       =  0.00% (0      / 370     vias)
    Layer VIA5       =  0.00% (0      / 44      vias)
 
  The optimized via conversion rate based on total routed via count =  0.00% (0 / 37100 vias)
 
    Layer VIA1       =  0.00% (0      / 15439   vias)
        Un-optimized =  0.00% (0       vias)
        Un-mapped    = 100.00% (15439   vias)
    Layer VIA2       =  0.00% (0      / 17281   vias)
        Un-optimized =  0.00% (0       vias)
        Un-mapped    = 100.00% (17281   vias)
    Layer VIA3       =  0.00% (0      / 3966    vias)
        Un-optimized =  0.00% (0       vias)
        Un-mapped    = 100.00% (3966    vias)
    Layer VIA4       =  0.00% (0      / 370     vias)
        Un-optimized =  0.00% (0       vias)
        Un-mapped    = 100.00% (370     vias)
    Layer VIA5       =  0.00% (0      / 44      vias)
        Un-optimized =  0.00% (0       vias)
        Un-mapped    = 100.00% (44      vias)
 

Total number of nets = 48003
0 open nets, of which 0 are frozen
Total number of excluded ports = 0 ports of 0 unplaced cells connected to 0 nets
                                 0 ports without pins of 0 cells connected to 0 nets
                                 0 ports of 0 cover cells connected to 0 non-pg nets
Total number of DRCs = 0
Total number of antenna violations = antenna checking not active
Information: Routes in non-preferred voltage areas = 0 (ZRT-559)

Topology ECO not run, no qualifying violations or in frozen nets.
Updating the database ...
Design 'css_phy_tx_top_cts' has missing meta data file '__private_meta_data_:DRC_report_by_check_pg_drc', for attached data file 'DRC_report_by_check_pg_drc'
Design 'css_phy_tx_top_cts' has missing meta data file '__private_meta_data_:__css_phy_tx_top_placement_check_legality.err', for attached data file '__css_phy_tx_top_placement_check_legality.err'
Design 'css_phy_tx_top_cts' has missing meta data file '__private_meta_data_:css_phy_tx_top_floorplan_dppinassgn.err', for attached data file 'css_phy_tx_top_floorplan_dppinassgn.err'
Design 'css_phy_tx_top_cts' has missing meta data file '__private_meta_data_:css_phy_tx_top_placement_floatingPG.err', for attached data file 'css_phy_tx_top_placement_floatingPG.err'
Design 'css_phy_tx_top_cts' has missing meta data file '__private_meta_data_:css_phy_tx_top_placement_missingVia.err', for attached data file 'css_phy_tx_top_placement_missingVia.err'
Design 'css_phy_tx_top_cts' has missing meta data file '__private_meta_data_:css_phy_tx_top_powerplan_floatingPG.err', for attached data file 'css_phy_tx_top_powerplan_floatingPG.err'
Design 'css_phy_tx_top_cts' has missing meta data file '__private_meta_data_:css_phy_tx_top_powerplan_missingVia.err', for attached data file 'css_phy_tx_top_powerplan_missingVia.err'
set_app_options -as_user_default -list {route.global.global_route_topology_style 0}
route.global.global_route_topology_style 0
Information: The stitching and editing of coupling caps is turned OFF for design 'css_phy_tx_top.dlib:css_phy_tx_top_cts.design'. (TIM-125)
Begin building search trees for block css_phy_tx_top.dlib:css_phy_tx_top_cts.design
Done building search trees for block css_phy_tx_top.dlib:css_phy_tx_top_cts.design (time 0s)
Information: Design css_phy_tx_top_cts has 48002 nets, 0 global routed, 2712 detail routed. (NEX-024)
Information: The stitching and editing of coupling caps is turned OFF for design 'css_phy_tx_top.dlib:css_phy_tx_top_cts.design'. (TIM-125)
Information: The RC mode used is CTO for design 'css_phy_tx_top'. (NEX-022)
Information: Update timing completed net estimation for all the timing graph nets (TIM-111)
Information: Net estimation statistics: timing graph nets = 48000, routed nets = 2712, across physical hierarchy nets = 0, parasitics cached nets = 2712, delay annotated nets = 0, parasitics annotated nets = 0, multi-voltage nets = 0. (TIM-112)

Mode:default          Latency(early)   Latency(late)
Clock        Updated   rise    fall    rise    fall   Corner
------------------------------------------------------------
CLK          Yes     3.5575  3.5575  3.7328  3.7328   default
SCAN_CLK     Yes     3.1481  3.1481  3.3136  3.3136   default


Information: The net parasitics of block css_phy_tx_top are cleared. (TIM-123)
Information: Running auto PG connection. (NDM-099)
1
clock_opt -from final_opto  -to final_opto
Use advanced legalizer engine : 0
Warning: the app option 'time.si_enable_analysis' should not be set to be true in pre-route stage, enforce it to be false temporarily. (OPT-215)
Information: The stitching and editing of coupling caps is turned OFF for design 'css_phy_tx_top.dlib:css_phy_tx_top_cts.design'. (TIM-125)
Information: Design css_phy_tx_top_cts has 48002 nets, 0 global routed, 2712 detail routed. (NEX-024)
Number of Site types in the design = 1
Setting up Chip Core
Chip Core shape: (100000 100000) (9732000 9719200)
Number of unique PDs = 1
Number of Power Domains = 1
Number of Voltage Areas = 1
Number of supply Nets = 2
Number of used supplies = 2

Information: The stitching and editing of coupling caps is turned OFF for design 'css_phy_tx_top.dlib:css_phy_tx_top_cts.design'. (TIM-125)
Information: Design css_phy_tx_top_cts has 48002 nets, 0 global routed, 2712 detail routed. (NEX-024)
Information: The RC mode used is CTO for design 'css_phy_tx_top'. (NEX-022)
Information: Design Average RC for design css_phy_tx_top_cts  (NEX-011)
Information: r = 0.562500 ohm/um, via_r = 0.900000 ohm/cut, c = 0.102733 ff/um, cc = 0.000000 ff/um (X dir) (NEX-017)
Information: r = 0.562500 ohm/um, via_r = 0.900000 ohm/cut, c = 0.123192 ff/um, cc = 0.000000 ff/um (Y dir) (NEX-017)
Information: Update timing completed net estimation for all the timing graph nets (TIM-111)
Information: Net estimation statistics: timing graph nets = 48000, routed nets = 2712, across physical hierarchy nets = 0, parasitics cached nets = 48000, delay annotated nets = 0, parasitics annotated nets = 0, multi-voltage nets = 0. (TIM-112)
npo-clock-opt command begin                   CPU:  2633 s (  0.73 hr )  ELAPSE:  2958 s (  0.82 hr )  MEM-PEAK:  1033 MB
Information: Removed 0 routing shapes from 46634 signal nets

npo-clock-opt timing update complete          CPU:  2633 s (  0.73 hr )  ELAPSE:  2958 s (  0.82 hr )  MEM-PEAK:  1033 MB
INFO: Propagating Switching Activities
INFO: Switching Activity propagation took     0.00166 sec

npo-clock-opt initial QoR
_________________________
Scenario Mapping Table
1: default

Pathgroup Mapping Table
1: **default**
2: **async_default**
3: **clock_gating_default**
4: **in2reg_default**
5: **reg2out_default**
6: **in2out_default**
7: CLK
8: SCAN_CLK

-----------------------------------------------------------------------------------------------------------
Scene  PG      WNS        TNS    NSV      WHV        THV    NHV
    1   1   0.0000     0.0000      0   0.0000     0.0000      0
    1   2   0.0000     0.0000      0   0.0000     0.0000      0
    1   3   0.0000     0.0000      0   0.0000     0.0000      0
    1   4   0.0000     0.0000      0   0.0000     0.0000      0
    1   5   0.0000     0.0000      0   0.0000     0.0000      0
    1   6   0.0000     0.0000      0   0.0000     0.0000      0
    1   7   0.0000     0.0000      0   1.5373 20657.1309  19466
    1   8   0.0000     0.0000      0   1.5373 20656.9082  19466
--------------------------------------------------------------------------------------------------------------------
Scene  PG      WNS        TNS    NSV      WHV        THV    NHV  MaxTrnV   MaxTranC  MaxCapV    Leakage
    1   *   0.0000     0.0000      0   1.5373 20657.1113  19466        -          -        -          -
--------------------------------------------------------------------------------------------------------------------
Scene  PG      WNS        TNS    NSV      WHV        THV    NHV  MaxTrnV   MaxTranC  MaxCapV    Leakage         Area    InstCnt     BufCnt     InvCnt
    *   *   0.0000     0.0000      0   1.5373 20657.1113  19466        -          -        -          -    562095.81      38080       4246       6078
--------------------------------------------------------------------------------------------------------------------

npo-clock-opt initial QoR Summary       WNS        TNS    NSV      WHV        THV    NHV  MaxTrnV  MaxCapV    Leakage         Area    InstCnt
npo-clock-opt initial QoR Summary    0.0000     0.0000      0   1.5373 20657.1113  19466        -        -          -    562095.81      38080
Information: The netlist and extraction change observers are disabled for further incremental timing updates during on-route optimization. (TIM-119)
INFO: using 4 threads
INFO: Cluster Analysis Failed to get worst leakage scenario
npo-clock-opt initialization complete         CPU:  2633 s (  0.73 hr )  ELAPSE:  2959 s (  0.82 hr )  MEM-PEAK:  1033 MB
Use advanced legalizer engine : 0
npo-clock-opt optimization summary            SETUP-COST HOLD-COST LDRC-COST        AREA       POWER     ELAPSE (hr)
Number of Site types in the design = 1
Setting up Chip Core
Chip Core shape: (100000 100000) (9732000 9719200)
Number of unique PDs = 1
Number of Power Domains = 1
Number of Voltage Areas = 1
Number of supply Nets = 2
Number of used supplies = 2
Information: The netlist and extraction change observers are enabled for further incremental timing updates. (TIM-120)
Use advanced legalizer engine : 0

Running post-clock optimization step.
Turning on CRPR.

Use advanced legalizer engine : 0
npo-clock-opt optimization Phase 2 Iter  1          0.00      0.00         0       0.562           -           0.823
ORB: timingScenario default timingCorner default
INFO: No leakage and power scenarios. Using regular scenarios instead.
INFO: No active leakage scenarios. Leakage will be turned off
ORB: Nominal = 0.181379  Design MT = inf  Target = 1.259893 (6.946 nominal)  MaxRC = 0.524430
ORB: timingScenario default timingCorner default
INFO: No leakage and power scenarios. Using regular scenarios instead.
INFO: No active leakage scenarios. Leakage will be turned off
ORB: Nominal = 0.181379  Design MT = inf  Target = 1.259893 (6.946 nominal)  MaxRC = 0.524430
npo-clock-opt optimization Phase 2 Iter  2          0.00      0.00         0       0.562           -           0.824

npo-clock-opt optimization Phase 3 Iter  1          0.00      0.00         0       0.562           -           0.824
Running post-clock timing-driven placement.
Information: Current block utilization is '0.60650', effective utilization is '0.60667'. (OPT-055)
----------------------------------------------------------------
Running congestion-aware direct-timing-driven placement
Information: Current block utilization is '0.60650', effective utilization is '0.60667'. (OPT-055)
chip utilization before DTDP: 0.61
Start Timing-driven placement

Placement Options:
Effort:                        medium_effort       
Timing Driven:                 true                
Buffering Aware Timing Driven: false               
Seed locs:                     true                
Incremental:                   false               
Congestion:                    true                
Congestion Effort:             medium              

Printing options for 'place.coarse.*' (non-default only)
place.coarse.auto_density_control                       :	 true                
place.coarse.auto_timing_control                        :	 true                
place.coarse.continue_on_missing_scandef                :	 true                
place.coarse.detect_detours                             :	 true                
place.coarse.legalizer_driven_placement                 :	 true                

ORB: timingScenario default timingCorner default
INFO: No leakage and power scenarios. Using regular scenarios instead.
INFO: No active leakage scenarios. Leakage will be turned off
ORB: Nominal = 0.181379  Design MT = inf  Target = 1.259893 (6.946 nominal)  MaxRC = 0.524430
Start transferring placement data.
Completed transferring placement data.
Use advanced legalizer engine : 0
Start Global Route ... 
[Init] Elapsed real time: 0:00:00 
[Init] Elapsed cpu  time: sys=0:00:00 usr=0:00:00 total=0:00:00
[Init] Stage (MB): Used    0  Alloctr    0  Proc    0 
[Init] Total (MB): Used    5  Alloctr    5  Proc 2212 
Printing options for 'route.common.*'

Printing options for 'route.global.*'
global.deterministic                                    :	 off                 
global.placement_timing_driven_mode                     :	 false               
global.timing_driven                                    :	 false               

Begin global routing.
Warning: Cell contains tie connections which are not connected to real PG. (ZRT-511)
Warning: Ignore contact DIFFCON. (ZRT-015)
Turn off antenna since no rule is specified
Cell Min-Routing-Layer = M2
Cell Max-Routing-Layer = M7
Warning: Ignore 2 top cell ports with no pins. (ZRT-027)
Info: number of net_type_blockage: 0 
Via on layer (VIA1) needs more than one tracks
Warning: Layer M1 pitch 0.320 may be too small: wire/via-down 0.315, wire/via-up 0.330. (ZRT-026)
Via on layer (VIA1) needs more than one tracks
Warning: Layer M2 pitch 0.320 may be too small: wire/via-down 0.360, wire/via-up 0.320. (ZRT-026)
Current Stage stats:
[End of Read DB] Elapsed real time: 0:00:01 
[End of Read DB] Elapsed cpu  time: sys=0:00:00 usr=0:00:05 total=0:00:05
[End of Read DB] Stage (MB): Used  107  Alloctr  108  Proc   32 
[End of Read DB] Total (MB): Used  112  Alloctr  114  Proc 2244 
Loading parastics information to the router ...
parastics information loaded to the router.
Constructing data structure ...
Design statistics:
Design Bounding Box (0.00,0.00,983.20,981.92)
Number of routing layers = 9
layer M1, dir Hor, min width = 0.14, min space = 0.14 pitch = 0.32
layer M2, dir Ver, min width = 0.16, min space = 0.16 pitch = 0.32
layer M3, dir Hor, min width = 0.16, min space = 0.16 pitch = 0.64
layer M4, dir Ver, min width = 0.16, min space = 0.16 pitch = 0.64
layer M5, dir Hor, min width = 0.16, min space = 0.16 pitch = 1.28
layer M6, dir Ver, min width = 0.16, min space = 0.16 pitch = 1.28
layer M7, dir Hor, min width = 0.16, min space = 0.16 pitch = 2.56
layer M8, dir Ver, min width = 0.16, min space = 0.16 pitch = 3.84
layer M9, dir Hor, min width = 0.45, min space = 0.45 pitch = 5.12
Current Stage stats:
[End of Build Tech Data] Elapsed real time: 0:00:00 
[End of Build Tech Data] Elapsed cpu  time: sys=0:00:00 usr=0:00:00 total=0:00:00
[End of Build Tech Data] Stage (MB): Used    2  Alloctr    2  Proc    0 
[End of Build Tech Data] Total (MB): Used  115  Alloctr  117  Proc 2244 
Net statistics:
Total number of nets     = 48003
Number of nets to route  = 45288
Number of single or zero port nets = 1
Number of nets with min-layer-mode soft = 2712
Number of nets with min-layer-mode soft-cost-medium = 2712
Number of nets with max-layer-mode hard = 2688
2714 nets are fully connected,
 of which 2714 are detail routed and 0 are global routed.
486 nets have non-default rule clk_network_NDR_internal
253 nets have non-default rule clk_network_NDR_internal_ext_spacing
7 nets have non-default rule clk_network_NDR_root
17 nets have non-default rule clk_network_NDR_root_ext_spacing
1221 nets have non-default rule default_rule_equivalent_ndr_double_spacing
Current Stage stats:
[End of Build All Nets] Elapsed real time: 0:00:00 
[End of Build All Nets] Elapsed cpu  time: sys=0:00:00 usr=0:00:01 total=0:00:01
[End of Build All Nets] Stage (MB): Used   15  Alloctr   15  Proc    0 
[End of Build All Nets] Total (MB): Used  130  Alloctr  132  Proc 2244 
Average gCell capacity  2.29	 on layer (1)	 M1
Average gCell capacity  7.60	 on layer (2)	 M2
Average gCell capacity  3.77	 on layer (3)	 M3
Average gCell capacity  3.83	 on layer (4)	 M4
Average gCell capacity  2.04	 on layer (5)	 M5
Average gCell capacity  2.06	 on layer (6)	 M6
Average gCell capacity  1.04	 on layer (7)	 M7
Average gCell capacity  0.49	 on layer (8)	 M8
Average gCell capacity  0.00	 on layer (9)	 M9
Average number of tracks per gCell 9.03	 on layer (1)	 M1
Average number of tracks per gCell 9.01	 on layer (2)	 M2
Average number of tracks per gCell 4.52	 on layer (3)	 M3
Average number of tracks per gCell 4.51	 on layer (4)	 M4
Average number of tracks per gCell 2.26	 on layer (5)	 M5
Average number of tracks per gCell 2.26	 on layer (6)	 M6
Average number of tracks per gCell 1.13	 on layer (7)	 M7
Average number of tracks per gCell 0.76	 on layer (8)	 M8
Average number of tracks per gCell 0.57	 on layer (9)	 M9
Number of gCells = 1043460
Current Stage stats:
[End of Build Congestion map] Elapsed real time: 0:00:01 
[End of Build Congestion map] Elapsed cpu  time: sys=0:00:00 usr=0:00:01 total=0:00:01
[End of Build Congestion map] Stage (MB): Used   11  Alloctr   11  Proc    0 
[End of Build Congestion map] Total (MB): Used  142  Alloctr  144  Proc 2244 
Information: RC layer preference is turned off for this design. (ZRT-613)
Total stats:
[End of Build Data] Elapsed real time: 0:00:02 
[End of Build Data] Elapsed cpu  time: sys=0:00:00 usr=0:00:03 total=0:00:03
[End of Build Data] Stage (MB): Used   30  Alloctr   30  Proc    0 
[End of Build Data] Total (MB): Used  142  Alloctr  144  Proc 2244 
Current Stage stats:
[End of Blocked Pin Detection] Elapsed real time: 0:00:03 
[End of Blocked Pin Detection] Elapsed cpu  time: sys=0:00:00 usr=0:00:03 total=0:00:03
[End of Blocked Pin Detection] Stage (MB): Used    0  Alloctr    0  Proc    0 
[End of Blocked Pin Detection] Total (MB): Used  142  Alloctr  144  Proc 2244 
Information: Using 4 threads for routing. (ZRT-444)
placement fast mode ON
multi gcell levels ON

Start GR phase 0
10% of nets complete Elapsed cpu time: 0:00:00 Elapsed real time: 0:00:00
20% of nets complete Elapsed cpu time: 0:00:00 Elapsed real time: 0:00:00
30% of nets complete Elapsed cpu time: 0:00:01 Elapsed real time: 0:00:01
40% of nets complete Elapsed cpu time: 0:00:01 Elapsed real time: 0:00:01
50% of nets complete Elapsed cpu time: 0:00:01 Elapsed real time: 0:00:01
60% of nets complete Elapsed cpu time: 0:00:02 Elapsed real time: 0:00:02
70% of nets complete Elapsed cpu time: 0:00:02 Elapsed real time: 0:00:02
80% of nets complete Elapsed cpu time: 0:00:03 Elapsed real time: 0:00:03
90% of nets complete Elapsed cpu time: 0:00:04 Elapsed real time: 0:00:04
Current Stage stats:
[End of Initial Routing] Elapsed real time: 0:00:09 
[End of Initial Routing] Elapsed cpu  time: sys=0:00:00 usr=0:00:09 total=0:00:09
[End of Initial Routing] Stage (MB): Used   23  Alloctr   23  Proc    0 
[End of Initial Routing] Total (MB): Used  166  Alloctr  168  Proc 2244 
Initial. Routing result:
Initial. Both Dirs: Overflow = 10042 Max = 5 GRCs = 22966 (9.90%)
Initial. H routing: Overflow =  6982 Max = 5 (GRCs =   1) GRCs = 19213 (16.57%)
Initial. V routing: Overflow =  3059 Max = 5 (GRCs =   9) GRCs =  3753 (3.24%)
Initial. M1         Overflow =     0 Max = 0 (GRCs =   0) GRCs =     0 (0.00%)
Initial. M2         Overflow =  2463 Max = 5 (GRCs =   9) GRCs =  3127 (2.70%)
Initial. M3         Overflow =  5354 Max = 5 (GRCs =   1) GRCs = 17585 (15.17%)
Initial. M4         Overflow =   481 Max = 2 (GRCs =  12) GRCs =   511 (0.44%)
Initial. M5         Overflow =   978 Max = 1 (GRCs = 978) GRCs =   978 (0.84%)
Initial. M6         Overflow =   115 Max = 1 (GRCs = 115) GRCs =   115 (0.10%)
Initial. M7         Overflow =   650 Max = 1 (GRCs = 650) GRCs =   650 (0.56%)
Initial. M8         Overflow =     0 Max = 0 (GRCs =   0) GRCs =     0 (0.00%)
Initial. M9         Overflow =     0 Max = 0 (GRCs =   0) GRCs =     0 (0.00%)

Initial. Total Wire Length = 1806681.49
Initial. Layer M1 wire length = 25.43
Initial. Layer M2 wire length = 479975.38
Initial. Layer M3 wire length = 551433.12
Initial. Layer M4 wire length = 304395.90
Initial. Layer M5 wire length = 311649.47
Initial. Layer M6 wire length = 63637.35
Initial. Layer M7 wire length = 95564.83
Initial. Layer M8 wire length = 0.00
Initial. Layer M9 wire length = 0.00
Initial. Total Number of Contacts = 351984
Initial. Via VIA12C count = 150875
Initial. Via VIA23C count = 153755
Initial. Via VIA34C count = 24617
Initial. Via VIA45C count = 17511
Initial. Via VIA56C count = 2956
Initial. Via VIA67C count = 2270
Initial. Via VIA78C count = 0
Initial. Via VIA89C count = 0
Initial. completed.

Start GR phase 1
10% of nets complete Elapsed cpu time: 0:00:04 Elapsed real time: 0:00:04
20% of nets complete Elapsed cpu time: 0:00:06 Elapsed real time: 0:00:06
30% of nets complete Elapsed cpu time: 0:00:07 Elapsed real time: 0:00:07
40% of nets complete Elapsed cpu time: 0:00:08 Elapsed real time: 0:00:08
50% of nets complete Elapsed cpu time: 0:00:08 Elapsed real time: 0:00:08
60% of nets complete Elapsed cpu time: 0:00:09 Elapsed real time: 0:00:09
70% of nets complete Elapsed cpu time: 0:00:09 Elapsed real time: 0:00:09
80% of nets complete Elapsed cpu time: 0:00:09 Elapsed real time: 0:00:09
90% of nets complete Elapsed cpu time: 0:00:09 Elapsed real time: 0:00:09
Current Stage stats:
[End of Phase1 Routing] Elapsed real time: 0:00:09 
[End of Phase1 Routing] Elapsed cpu  time: sys=0:00:00 usr=0:00:09 total=0:00:09
[End of Phase1 Routing] Stage (MB): Used    2  Alloctr    2  Proc    0 
[End of Phase1 Routing] Total (MB): Used  168  Alloctr  171  Proc 2244 
phase1. Routing result:
phase1. Both Dirs: Overflow =  3187 Max = 5 GRCs = 10527 (4.54%)
phase1. H routing: Overflow =  1078 Max = 4 (GRCs =  1) GRCs =  7925 (6.84%)
phase1. V routing: Overflow =  2109 Max = 5 (GRCs = 11) GRCs =  2602 (2.24%)
phase1. M1         Overflow =     0 Max = 0 (GRCs =  0) GRCs =     0 (0.00%)
phase1. M2         Overflow =  2100 Max = 5 (GRCs = 11) GRCs =  2574 (2.22%)
phase1. M3         Overflow =  1042 Max = 4 (GRCs =  1) GRCs =  7889 (6.80%)
phase1. M4         Overflow =     9 Max = 1 (GRCs = 28) GRCs =    28 (0.02%)
phase1. M5         Overflow =    22 Max = 1 (GRCs = 22) GRCs =    22 (0.02%)
phase1. M6         Overflow =     0 Max = 0 (GRCs =  0) GRCs =     0 (0.00%)
phase1. M7         Overflow =    14 Max = 1 (GRCs = 14) GRCs =    14 (0.01%)
phase1. M8         Overflow =     0 Max = 0 (GRCs =  0) GRCs =     0 (0.00%)
phase1. M9         Overflow =     0 Max = 0 (GRCs =  0) GRCs =     0 (0.00%)

phase1. Total Wire Length = 1858205.39
phase1. Layer M1 wire length = 423.56
phase1. Layer M2 wire length = 491678.61
phase1. Layer M3 wire length = 527810.47
phase1. Layer M4 wire length = 316986.77
phase1. Layer M5 wire length = 321505.81
phase1. Layer M6 wire length = 89160.76
phase1. Layer M7 wire length = 110639.39
phase1. Layer M8 wire length = 0.00
phase1. Layer M9 wire length = 0.00
phase1. Total Number of Contacts = 363646
phase1. Via VIA12C count = 150784
phase1. Via VIA23C count = 153275
phase1. Via VIA34C count = 29393
phase1. Via VIA45C count = 22090
phase1. Via VIA56C count = 4654
phase1. Via VIA67C count = 3450
phase1. Via VIA78C count = 0
phase1. Via VIA89C count = 0
phase1. completed.

Start GR phase 2
10% of nets complete Elapsed cpu time: 0:00:01 Elapsed real time: 0:00:01
20% of nets complete Elapsed cpu time: 0:00:01 Elapsed real time: 0:00:01
30% of nets complete Elapsed cpu time: 0:00:02 Elapsed real time: 0:00:01
40% of nets complete Elapsed cpu time: 0:00:02 Elapsed real time: 0:00:01
50% of nets complete Elapsed cpu time: 0:00:02 Elapsed real time: 0:00:01
60% of nets complete Elapsed cpu time: 0:00:02 Elapsed real time: 0:00:01
70% of nets complete Elapsed cpu time: 0:00:02 Elapsed real time: 0:00:01
80% of nets complete Elapsed cpu time: 0:00:02 Elapsed real time: 0:00:01
90% of nets complete Elapsed cpu time: 0:00:02 Elapsed real time: 0:00:01
Current Stage stats:
[End of Phase2 Routing] Elapsed real time: 0:00:01 
[End of Phase2 Routing] Elapsed cpu  time: sys=0:00:00 usr=0:00:02 total=0:00:02
[End of Phase2 Routing] Stage (MB): Used    0  Alloctr    0  Proc    0 
[End of Phase2 Routing] Total (MB): Used  168  Alloctr  171  Proc 2244 
phase2. Routing result:
phase2. Both Dirs: Overflow =  1456 Max = 4 GRCs =  1608 (0.69%)
phase2. H routing: Overflow =   276 Max = 3 (GRCs =  2) GRCs =   330 (0.28%)
phase2. V routing: Overflow =  1179 Max = 4 (GRCs =  3) GRCs =  1278 (1.10%)
phase2. M1         Overflow =     0 Max = 1 (GRCs =  1) GRCs =     1 (0.00%)
phase2. M2         Overflow =  1179 Max = 4 (GRCs =  3) GRCs =  1278 (1.10%)
phase2. M3         Overflow =   276 Max = 3 (GRCs =  2) GRCs =   329 (0.28%)
phase2. M4         Overflow =     0 Max = 0 (GRCs =  0) GRCs =     0 (0.00%)
phase2. M5         Overflow =     0 Max = 0 (GRCs =  0) GRCs =     0 (0.00%)
phase2. M6         Overflow =     0 Max = 0 (GRCs =  0) GRCs =     0 (0.00%)
phase2. M7         Overflow =     0 Max = 0 (GRCs =  0) GRCs =     0 (0.00%)
phase2. M8         Overflow =     0 Max = 0 (GRCs =  0) GRCs =     0 (0.00%)
phase2. M9         Overflow =     0 Max = 0 (GRCs =  0) GRCs =     0 (0.00%)

phase2. Total Wire Length = 1865227.07
phase2. Layer M1 wire length = 460.98
phase2. Layer M2 wire length = 500108.21
phase2. Layer M3 wire length = 529773.47
phase2. Layer M4 wire length = 315385.38
phase2. Layer M5 wire length = 320445.35
phase2. Layer M6 wire length = 88933.38
phase2. Layer M7 wire length = 110120.31
phase2. Layer M8 wire length = 0.00
phase2. Layer M9 wire length = 0.00
phase2. Total Number of Contacts = 364127
phase2. Via VIA12C count = 150793
phase2. Via VIA23C count = 153764
phase2. Via VIA34C count = 29369
phase2. Via VIA45C count = 22085
phase2. Via VIA56C count = 4670
phase2. Via VIA67C count = 3446
phase2. Via VIA78C count = 0
phase2. Via VIA89C count = 0
phase2. completed.
[End of Whole Chip Routing] Elapsed real time: 0:00:27 
[End of Whole Chip Routing] Elapsed cpu  time: sys=0:00:00 usr=0:00:28 total=0:00:28
[End of Whole Chip Routing] Stage (MB): Used   56  Alloctr   56  Proc    0 
[End of Whole Chip Routing] Total (MB): Used  168  Alloctr  171  Proc 2244 

Information: Global Routing terminated early: false (ZRT-103)

Congestion utilization per direction:
Average vertical track utilization   = 29.92 %
Peak    vertical track utilization   = 166.67 %
Average horizontal track utilization = 41.25 %
Peak    horizontal track utilization = 166.67 %

Current Stage stats:
[GR: Done] Elapsed real time: 0:00:00 
[GR: Done] Elapsed cpu  time: sys=0:00:00 usr=0:00:00 total=0:00:00
[GR: Done] Stage (MB): Used  -11  Alloctr  -10  Proc    0 
[GR: Done] Total (MB): Used  158  Alloctr  162  Proc 2244 
GR Total stats:
[GR: Done] Elapsed real time: 0:00:29 
[GR: Done] Elapsed cpu  time: sys=0:00:00 usr=0:00:33 total=0:00:33
[GR: Done] Stage (MB): Used  153  Alloctr  156  Proc   32 
[GR: Done] Total (MB): Used  158  Alloctr  162  Proc 2244 
Writing out congestion map...
Updating congestion ...
Updating congestion ...
[DBOUT] Elapsed real time: 0:00:00 
[DBOUT] Elapsed cpu  time: sys=0:00:00 usr=0:00:00 total=0:00:00
[DBOUT] Stage (MB): Used -137  Alloctr -139  Proc    0 
[DBOUT] Total (MB): Used    4  Alloctr    5  Proc 2244 
Final total stats:
[End of Global Routing] Elapsed real time: 0:00:29 
[End of Global Routing] Elapsed cpu  time: sys=0:00:00 usr=0:00:34 total=0:00:34
[End of Global Routing] Stage (MB): Used    0  Alloctr    0  Proc   32 
[End of Global Routing] Total (MB): Used    4  Alloctr    5  Proc 2244 
----------------------------------------------------------------
running legalize_placement
Information: The net parasitics of block css_phy_tx_top are cleared. (TIM-123)
nplDplc2Placer::setParam(effort,1)
nplDplc2Placer::setParam(debug,0)
nplDplc2Placer::setParam(site_check,2)
nplDplc2Placer::setParam(app_firm_wgt,0)
Warning: Routing direction of metal layer PO is neither "horizontal" nor "vertical".  PDC checks will not be performed on this layer. (PDC-003)
PDC app_options settings =========
	place.legalize.enable_prerouted_net_check: 1

Expand check halo by 0.3200 x 0.3200
Scanning PG objects...
PG hash cached 2 nets; 10 viaBoxes; 0 viaMatrices.
PG scanned 484 objects; 117411 vias; 0 staples.
PG scan complete.  Hash key = 2f18b5ba7c1b8ee1
Reading PG structure for 'css_phy_tx_top.dlib:css_phy_tx_top_cts.design'
Layer M1: read 0 secDefs  0 sectors
Layer M2: read 6 secDefs  48240 sectors
Layer M3: read 6 secDefs  48240 sectors
Layer M4: read 6 secDefs  48240 sectors
Layer M5: read 6 secDefs  48240 sectors
Layer M6: read 6 secDefs  48240 sectors
Layer M7: read 6 secDefs  48240 sectors
Layer M8: read 8 secDefs  678 sectors
Layer M9: read 12 secDefs  403 sectors

Sector Array Stats:
Num Sectors: 290521
Num SecDefs:    56
Shared: 53 count; 5481.5 ave; 8064 max
SecDef Shapes: 44 Below-aligned, 0 Above-aligned, 8 Horizontal, 4 Vertical
Referenced Patterns: 2 count; 3.0 ave; 3 max

Place DRC cache options have changed.
Outdated cache file, starting new Place cache for 'css_phy_tx_top.dlib:css_phy_tx_top_cts.design'
Access DRC cache options have changed.
Outdated cache file, starting new Access cache for 'css_phy_tx_top.dlib:css_phy_tx_top_cts.design'
Connection checks for layer M2: blocked_pin pin_access_default track_drc pin_extend0
Connection checks for layer M3: blocked_pin pin_access_default track_drc pin_extend1
Connection checks for layer M4: blocked_pin pin_access_default track_drc pin_extend1
Connection checks for layer M5: blocked_pin pin_access_default track_drc pin_extend1

Legalizing Top Level Design css_phy_tx_top ... 
Warning: Routing direction of metal layer PO is neither "horizontal" nor "vertical".  PDC checks will not be performed on this layer. (PDC-003)
=====> Processed 63 ref cells (0 fillers) from library

Initial legalization


Bounds/Regions In This Design:
        Area    Num Cells  Exclusive Name
 (square um)
      926521        38080        Yes DEFAULT_VA

Writing Waste to frontier_placer_waste.out

****************************************
  Report : Cell Displacements
****************************************

(no cells placed)


Finding violations for search and repair.
Design has no advanced rules
Checking legality
Checking cell legality:
0%....10%....20%....30%....40%....50%....60%....70%....80%....90%....100%
Sorting rows.
Checking spacing rule legality.
0%....10%....20%....30%....40%....50%....60%....70%....80%....90%....100%
Checking packing rule legality.


There are 0 movable cell violations.
Done.

Place Cache save: 7014 elements -- 0 drcFail 7014 drcOk
Place Cache save: 63 libcells referenced from 1 libs
Place Cache save: used 6 of 56 total secDefs
Access Cache save: 7014 elements -- 95 drcFail 6919 drcOk
Access Cache save: 63 libcells referenced from 1 libs
Access Cache save: used 6 of 56 total secDefs
NPLDRC Place Cache: unique cache elements 7014
NPLDRC Place Cache: hit rate  93.6%  (7014 / 110135)
NPLDRC Access Cache: unique cache elements 7014
NPLDRC Access Cache: hit rate  93.6%  (7014 / 110135)
NPLDRC Pin Status Cache: no calls
NPLDRC Multi Cell Cache: no calls
NPLDRC ViaLadder Cache: no calls
Legalization succeeded.
Total Legalizer CPU: 38.016
----------------------------------------------------------------
Using per-layer congestion maps for congestion reduction.
Information: 48.95% of design has horizontal routing density above target_routing_density of 0.80.
Information: 8.59% of design has vertical routing density above target_routing_density of 0.80.
Running placement using 4 thread(s)
Information: Automatic density control has selected the following settings: max_density 0.80, congestion_driven_max_util 0.93. (PLACE-027)
coarse place 100% done.
Pre expansion grows the cell areas with an average factor 0.253 (damping factor 1.000).
Information: Reducing cell density for 92.7% of the movable cells to alleviate congestion. This changes the average cell density in non-congested areas from 0.64 to 0.81. (PLACE-030)
Information: Coarse placer weighted wire length estimate = 2.00575e+10
Information: The stitching and editing of coupling caps is turned OFF for design 'css_phy_tx_top.dlib:css_phy_tx_top_cts.design'. (TIM-125)
Information: Design css_phy_tx_top_cts has 48002 nets, 0 global routed, 2712 detail routed. (NEX-024)
Information: The RC mode used is CTO for design 'css_phy_tx_top'. (NEX-022)
Information: Design Average RC for design css_phy_tx_top_cts  (NEX-011)
Information: r = 0.562500 ohm/um, via_r = 0.900000 ohm/cut, c = 0.102733 ff/um, cc = 0.000000 ff/um (X dir) (NEX-017)
Information: r = 0.562500 ohm/um, via_r = 0.900000 ohm/cut, c = 0.123192 ff/um, cc = 0.000000 ff/um (Y dir) (NEX-017)
Information: Update timing completed net estimation for all the timing graph nets (TIM-111)
Information: Net estimation statistics: timing graph nets = 48000, routed nets = 2712, across physical hierarchy nets = 0, parasitics cached nets = 48000, delay annotated nets = 0, parasitics annotated nets = 0, multi-voltage nets = 0. (TIM-112)
ORB: timingScenario default timingCorner default
INFO: No leakage and power scenarios. Using regular scenarios instead.
INFO: No active leakage scenarios. Leakage will be turned off
ORB: Nominal = 0.181379  Design MT = inf  Target = 1.259893 (6.946 nominal)  MaxRC = 0.524430
eLpp: using low effort
Warning: turning eLpp off because no active dynamic power scenarios were found
Start transferring placement data.
Information: Automatic timing control is enabled.
DTDP placement: scenario=default
Completed transferring placement data.
Running placement using 4 thread(s)
Information: Automatic density control has selected the following settings: max_density 0.80, congestion_driven_max_util 0.93. (PLACE-027)
coarse place 50% done.
coarse place 60% done.
coarse place 70% done.
coarse place 80% done.
coarse place 90% done.
coarse place 100% done.
Information: Coarse placer weighted wire length estimate = 1.98739e+10
Completed Timing-driven placement, Elapsed time =   0: 1:47 
Moved 25608 out of 38062 cells, ratio = 0.672797
Total displacement = 229161.390625(um)
Max displacement = 551.824097(um), clk_mux/U1 (268.880005, 963.280029, 0) => (487.066803, 629.642700, 0)
Displacement histogram:
  0 ~  10% cells displacement <=      2.11(um)
  0 ~  20% cells displacement <=      3.26(um)
  0 ~  30% cells displacement <=      4.41(um)
  0 ~  40% cells displacement <=      5.58(um)
  0 ~  50% cells displacement <=      6.80(um)
  0 ~  60% cells displacement <=      8.23(um)
  0 ~  70% cells displacement <=     10.04(um)
  0 ~  80% cells displacement <=     12.62(um)
  0 ~  90% cells displacement <=     17.35(um)
  0 ~ 100% cells displacement <=    551.82(um)
----------------------------------------------------------------
Fixing logic constant
Fixing logic constant
Information: The stitching and editing of coupling caps is turned OFF for design 'css_phy_tx_top.dlib:css_phy_tx_top_cts.design'. (TIM-125)
Information: Design css_phy_tx_top_cts has 48002 nets, 0 global routed, 2712 detail routed. (NEX-024)
Information: The RC mode used is CTO for design 'css_phy_tx_top'. (NEX-022)
Information: Design Average RC for design css_phy_tx_top_cts  (NEX-011)
Information: r = 0.562500 ohm/um, via_r = 0.900000 ohm/cut, c = 0.102295 ff/um, cc = 0.000000 ff/um (X dir) (NEX-017)
Information: r = 0.562500 ohm/um, via_r = 0.900000 ohm/cut, c = 0.122819 ff/um, cc = 0.000000 ff/um (Y dir) (NEX-017)
Information: Update timing completed net estimation for all the timing graph nets (TIM-111)
Information: Net estimation statistics: timing graph nets = 48000, routed nets = 2712, across physical hierarchy nets = 0, parasitics cached nets = 48000, delay annotated nets = 0, parasitics annotated nets = 0, multi-voltage nets = 0. (TIM-112)
Use advanced legalizer engine : 0
----------------------------------------------------------------
Running legalize_placement
Start Legalization
nplDplc2Placer::setParam(effort,1)
nplDplc2Placer::setParam(debug,0)
nplDplc2Placer::setParam(site_check,2)
nplDplc2Placer::setParam(app_firm_wgt,0)

Running Advanced Legalizer....
INFO: Setting bounds and VA...
INFO: Setting up voltage area DEFAULT_VA
INFO: Setting up cell instances...
INFO: All fillers in the reference libraries will be considered during legalization/check legality
Information: Initializing site map 'unit' at {10 10} {973.2 971.92}.
INFO: Init siteMap unit with 3010 sites x 334 rows
Adding rule engine Basic Rules version 1.0.0...
Adding rule engine VT Implant Rules version 1.0.0...
Adding rule engine OD Rules version 1.0.0...
Adding rule engine TPO Rules version 1.0.0...
Adding rule engine Pin Access Rules version 1.0.0...
Adding rule engine Span Rules version 1.0.0...
Adding rule engine Index Rules version 1.0.0...
Adding rule engine Color Rules version 1.0.0...
Adding rule engine Inbound (PPNN) Rules version 1.0.0...
Adding rule engine PG DRC/VINS Rules version 1.0.0...
Adding rule engine Exp Rules version 1.0.0...
Adding rule engine N5 Soft Rules version 1.0.0...
2D rule auto detection will enable the following rules:
spacing_rule
pg_drc
INFO: Initializing CTS constraints...
WARNING: No via0 alignment grid is specified, via0 alignment rule will be ignored
WARNING: Please check place.legalize.via0_alignment_grid_name
Constructing pin color alignment legality info...
Initializing PG drc check engine...
Expand check halo by 0.3200 x 0.3200
Scanning PG objects...
PG hash cached 2 nets; 10 viaBoxes; 0 viaMatrices.
PG scanned 484 objects; 117411 vias; 0 staples.
PG scan complete.  Hash key = 2f18b5ba7c1b8ee1
Reading PG structure for 'css_phy_tx_top.dlib:css_phy_tx_top_cts.design'
Layer M1: read 0 secDefs  0 sectors
Layer M2: read 6 secDefs  48240 sectors
Layer M3: read 6 secDefs  48240 sectors
Layer M4: read 6 secDefs  48240 sectors
Layer M5: read 6 secDefs  48240 sectors
Layer M6: read 6 secDefs  48240 sectors
Layer M7: read 6 secDefs  48240 sectors
Layer M8: read 8 secDefs  678 sectors
Layer M9: read 12 secDefs  403 sectors

Sector Array Stats:
Num Sectors: 290521
Num SecDefs:    56
Shared: 53 count; 5481.5 ave; 8064 max
SecDef Shapes: 44 Below-aligned, 0 Above-aligned, 8 Horizontal, 4 Vertical
Referenced Patterns: 2 count; 3.0 ave; 3 max

Place Cache read: 7014 elements -- 0 drcFail 7014 drcOk
Place Cache read: 63 libcells referenced from 1 libs
Place Cache read: used 6 of 56 total secDefs
Access Cache read: 7014 elements -- 95 drcFail 6919 drcOk
Access Cache read: 63 libcells referenced from 1 libs
Access Cache read: used 6 of 56 total secDefs
Connection checks for layer M2: blocked_pin pin_access_default track_drc pin_extend0
Connection checks for layer M3: blocked_pin pin_access_default track_drc pin_extend1
Connection checks for layer M4: blocked_pin pin_access_default track_drc pin_extend1
Connection checks for layer M5: blocked_pin pin_access_default track_drc pin_extend1
INFO: Extracting M1 PG straps
INFO: Constructing BlkInst pin extension data for fast PG check
INFO: Constructing PG-Via/VIB/VINS layer info (VIA1/M2)...
INFO: VIB check extension is 0
INFO: VINS check extension is 0
INFO: PG-Via(pg_via_abut) design rule for layer VIA1 and VIA1 not found
INFO: VIB(vib_abut) design rule for layer M2 and VIA1 not found
INFO: VINS(vins_abut) design rule for layer M2 and VIA1 not found
INFO: Enabling hard placement rule spacing_rule...
INFO: Enabling hard placement rule pg_drc...
INFO: Timing cost factor is 0
Information: Legalizing 35370 moveable cells.
..
Legalization progress 5%...
Legalization progress 10%...
Legalization progress 15%...
Legalization progress 20%...
Legalization progress 25%...
Legalization progress 30%...
Legalization progress 35%...
Legalization progress 40%...
Legalization progress 45%...
Legalization progress 50%...
Legalization progress 55%...
Legalization progress 60%...
Legalization progress 65%...
Legalization progress 70%...
Legalization progress 75%...
Legalization progress 80%...
Legalization progress 85%...
Legalization progress 90%...
Legalization progress 95%...
Legalization progress 100%.
10 references with the lowest legality passing rate:
AND3X1: 50.3% (78 / 155)
FADDX1: 92.7% (38 / 41)
AND2X1: 100.0% (176 / 176)
AND2X2: 100.0% (13 / 13)
AND4X1: 100.0% (14 / 14)
AO21X1: 100.0% (282 / 282)
AO21X2: 100.0% (43 / 43)
AO221X1: 100.0% (80 / 80)
AO222X1: 100.0% (85 / 85)
AO22X1: 100.0% (9714 / 9714)
================ Displacement Report =================
Area: placed=589165, unplaced=0, fixed=20748, blocked=0, total=1005340
Density = 609913/1005340 sites = 60.67%
Inbound cells: 0; 2-row cells: 0; >2-row cells: 0
    Total cell instance count: 38080 (35370 placed, 0 unplaced, 2710 fixed)
        Number of cells moved: 25681 (67.44%)
    Average cell displacement: 0.4720 um (AW: 0.3324 um = 0.1154 rh)
        RMS cell displacement: 1.0610 um (AW: 1.2873 um = 0.4470 rh)
        Max cell displacement: 73.4034 um = 25.4873 rh
           Max displaced cell: U6344 (806.569 98.047)
Number of large displacements: 9
 Large displacement threshold: 3.0000 rh
 Largest displacement cells:
   Cell: U6344 (FADDX1)
     Input location: (806.569 98.047)
     Legal location: (761.04 53.2)
     Displacement: 73.4034 um, 25.4873 rh.
   Cell: u_dqpsk_csk_multiplier/sub_38/U2_1 (FADDX1)
     Input location: (924.583 593.036)
     Legal location: (872.72 542.8)
     Displacement: 72.2039 um, 25.0708 rh.
   Cell: SpareCell_3_1 (SDFFX1)
     Input location: (504.978 558.64)
     Legal location: (547.28 600.4)
     Displacement: 69.1893 um, 24.0240 rh.
   Cell: u_form_ppdu/PLACE_HFSBUF_2234_5132 (NBUFFX16)
     Input location: (412.087 250.603)
     Legal location: (454.48 208.72)
     Displacement: 68.3656 um, 23.7381 rh.
   Cell: u_controller/add_106/U1_3 (FADDX1)
     Input location: (925.061 63.8296)
     Legal location: (870.8 105.04)
     Displacement: 68.1364 um, 23.6585 rh.
   Cell: u_csk_sequencer/U123 (XOR2X1)
     Input location: (867.981 556.761)
     Legal location: (857.36 542.8)
     Displacement: 12.5173 um, 4.3463 rh.
   Cell: u_controller/payload_ram_reg[78][2] (SDFFX1)
     Input location: (874 542.8)
     Legal location: (882.96 542.8)
     Displacement: 8.9600 um, 3.1111 rh.
   Cell: u_csk_sequencer/gap_counter_reg[0] (SDFFARX1)
     Input location: (884.56 542.8)
     Legal location: (893.52 542.8)
     Displacement: 8.9600 um, 3.1111 rh.
   Cell: dqpsk_mem_real_reg[878][1] (SDFFX1)
     Input location: (545.36 600.4)
     Legal location: (536.72 600.4)
     Displacement: 8.6400 um, 3.0000 rh.
======================================================
Place Cache save: 7943 elements -- 0 drcFail 7943 drcOk
Place Cache save: 63 libcells referenced from 1 libs
Place Cache save: used 6 of 56 total secDefs
Access Cache save: 7943 elements -- 106 drcFail 7837 drcOk
Access Cache save: 63 libcells referenced from 1 libs
Access Cache save: used 6 of 56 total secDefs
NPLDRC Place Cache: unique cache elements 7943
NPLDRC Place Cache: read cache elements 7014
NPLDRC Place Cache: hit rate  96.6%  (929 / 27366)
NPLDRC Access Cache: unique cache elements 7943
NPLDRC Access Cache: read cache elements 7014
NPLDRC Access Cache: hit rate  96.6%  (929 / 27366)
NPLDRC Pin Status Cache: no calls
NPLDRC Multi Cell Cache: no calls
NPLDRC ViaLadder Cache: no calls
Completed Legalization, Elapsed time =   0: 0: 5 
Moved 25663 out of 38062 cells, ratio = 0.674242
Total displacement = 63061.804688(um)
Max displacement = 102.098801(um), u_dqpsk_csk_multiplier/sub_38/U2_1 (924.583130, 593.035706, 0) => (872.719971, 542.799988, 0)
Displacement histogram:
  0 ~  10% cells displacement <=      0.25(um)
  0 ~  20% cells displacement <=      0.45(um)
  0 ~  30% cells displacement <=      0.69(um)
  0 ~  40% cells displacement <=      0.96(um)
  0 ~  50% cells displacement <=      1.29(um)
  0 ~  60% cells displacement <=      2.11(um)
  0 ~  70% cells displacement <=      3.38(um)
  0 ~  80% cells displacement <=      4.63(um)
  0 ~  90% cells displacement <=      6.44(um)
  0 ~ 100% cells displacement <=    102.10(um)
Information: The net parasitics of block css_phy_tx_top are cleared. (TIM-123)
Legalization succeeded.
----------------------------------------------------------------
Information: The stitching and editing of coupling caps is turned OFF for design 'css_phy_tx_top.dlib:css_phy_tx_top_cts.design'. (TIM-125)
Information: Design css_phy_tx_top_cts has 48002 nets, 0 global routed, 2712 detail routed. (NEX-024)
Information: The RC mode used is CTO for design 'css_phy_tx_top'. (NEX-022)
Information: Design Average RC for design css_phy_tx_top_cts  (NEX-011)
Information: r = 0.562500 ohm/um, via_r = 0.900000 ohm/cut, c = 0.102515 ff/um, cc = 0.000000 ff/um (X dir) (NEX-017)
Information: r = 0.562500 ohm/um, via_r = 0.900000 ohm/cut, c = 0.123006 ff/um, cc = 0.000000 ff/um (Y dir) (NEX-017)
Information: Update timing completed net estimation for all the timing graph nets (TIM-111)
Information: Net estimation statistics: timing graph nets = 48000, routed nets = 2712, across physical hierarchy nets = 0, parasitics cached nets = 48000, delay annotated nets = 0, parasitics annotated nets = 0, multi-voltage nets = 0. (TIM-112)
Done with post-clock timing-driven placement.


npo-clock-opt optimization Phase 5 Iter  1          0.00      0.00         0       0.562           -           0.857
Running final optimization step.
Number of Site types in the design = 1
Setting up Chip Core
Chip Core shape: (100000 100000) (9732000 9719200)
Number of unique PDs = 1
Number of Power Domains = 1
Number of Voltage Areas = 1
Number of supply Nets = 2
Number of used supplies = 2

Use advanced legalizer engine : 0
Use advanced legalizer engine : 0
npo-clock-opt optimization Phase 6 Iter  1          0.00      0.00         0       0.562           -           0.858
ORB: timingScenario default timingCorner default
INFO: No leakage and power scenarios. Using regular scenarios instead.
INFO: No active leakage scenarios. Leakage will be turned off
ORB: Nominal = 0.181379  Design MT = inf  Target = 1.259893 (6.946 nominal)  MaxRC = 0.524430
ORB: timingScenario default timingCorner default
INFO: No leakage and power scenarios. Using regular scenarios instead.
INFO: No active leakage scenarios. Leakage will be turned off
ORB: Nominal = 0.181379  Design MT = inf  Target = 1.259893 (6.946 nominal)  MaxRC = 0.524430
npo-clock-opt optimization Phase 6 Iter  2          0.00      0.00         0       0.562           -           0.859

npo-clock-opt optimization Phase 7 Iter  1          0.00      0.00         0       0.562           -           0.860
Running CCD-tns_area prior to Phase III of datapath opto
xform.liba_use_cache 0
Information: CTS will work on the following scenarios. (CTS-101)
   default	(Mode: default; Corner: default)
Information: CTS will work on all clocks in active scenarios, including 2 master clocks and 0 generated clocks. (CTS-107)
Information: Clock derating is enabled

CTS related app options set by user:
   cts.common.max_fanout = 5
   cts.common.max_net_length = 100
   cts.common.user_instance_name_prefix = CTS_
   cts.compile.enable_global_route = true
   cts.compile.remove_existing_clock_trees = true

Buffer/Inverter reference list for clock tree synthesis:
   saed90nm_max/NBUFFX16
   saed90nm_max/NBUFFX2
   saed90nm_max/NBUFFX4
   saed90nm_max/NBUFFX8
   saed90nm_max/IBUFFX16
   saed90nm_max/IBUFFX2
   saed90nm_max/IBUFFX4
   saed90nm_max/IBUFFX8
   saed90nm_max/INVX16
   saed90nm_max/INVX2
   saed90nm_max/INVX4
   saed90nm_max/INVX8
There is no CTS reference for ICG cells
There is no CTS reference for register cells
Information: 'default' is identified as primary corner for initial clock tree building. (CTS-103)
Number of Site types in the design = 1
Setting up Chip Core
Chip Core shape: (100000 100000) (9732000 9719200)
Number of unique PDs = 1
Number of Power Domains = 1
Number of Voltage Areas = 1
Number of supply Nets = 2
Number of used supplies = 2
CTS NDR rule list:
   Clock: CLK (mode default); Net Type: sink;     Rule: default rule; Min Layer: M1; Max Layer: M3
   Clock: CLK (mode default); Net Type: internal; Rule: clk_network_NDR_internal; Min Layer: M3; Max Layer: M5
   Clock: CLK (mode default); Net Type: root;     Rule: clk_network_NDR_root; Min Layer: M5; Max Layer: M7
   Clock: SCAN_CLK (mode default); Net Type: sink;     Rule: default rule; Min Layer: M1; Max Layer: M3
   Clock: SCAN_CLK (mode default); Net Type: internal; Rule: clk_network_NDR_internal; Min Layer: M3; Max Layer: M5
   Clock: SCAN_CLK (mode default); Net Type: root;     Rule: clk_network_NDR_root; Min Layer: M5; Max Layer: M7

Clock cell spacing rule list:
   No clock cell spacing rule is found.
Scenario default::default : setup = true, hold = true
Use advanced legalizer engine : 0
Warning: Routing direction of metal layer PO is neither "horizontal" nor "vertical".  PDC checks will not be performed on this layer. (PDC-003)
PDC app_options settings =========
	place.legalize.enable_prerouted_net_check: 1

Expand check halo by 0.3200 x 0.3200
Scanning PG objects...
PG hash cached 2 nets; 10 viaBoxes; 0 viaMatrices.
PG scanned 484 objects; 117411 vias; 0 staples.
PG scan complete.  Hash key = 2f18b5ba7c1b8ee1
Reading PG structure for 'css_phy_tx_top.dlib:css_phy_tx_top_cts.design'
Layer M1: read 0 secDefs  0 sectors
Layer M2: read 6 secDefs  48240 sectors
Layer M3: read 6 secDefs  48240 sectors
Layer M4: read 6 secDefs  48240 sectors
Layer M5: read 6 secDefs  48240 sectors
Layer M6: read 6 secDefs  48240 sectors
Layer M7: read 6 secDefs  48240 sectors
Layer M8: read 8 secDefs  678 sectors
Layer M9: read 12 secDefs  403 sectors

Sector Array Stats:
Num Sectors: 290521
Num SecDefs:    56
Shared: 53 count; 5481.5 ave; 8064 max
SecDef Shapes: 44 Below-aligned, 0 Above-aligned, 8 Horizontal, 4 Vertical
Referenced Patterns: 2 count; 3.0 ave; 3 max

Place Cache read: 7943 elements -- 0 drcFail 7943 drcOk
Place Cache read: 63 libcells referenced from 1 libs
Place Cache read: used 6 of 56 total secDefs
Access Cache read: 7943 elements -- 106 drcFail 7837 drcOk
Access Cache read: 63 libcells referenced from 1 libs
Access Cache read: used 6 of 56 total secDefs
Connection checks for layer M2: blocked_pin pin_access_default track_drc pin_extend0
Connection checks for layer M3: blocked_pin pin_access_default track_drc pin_extend1
Connection checks for layer M4: blocked_pin pin_access_default track_drc pin_extend1
Connection checks for layer M5: blocked_pin pin_access_default track_drc pin_extend1
Information: Legalizer's PDC rule check is enabled
Information: Legalizer's advanced rule check is enabled
CCD initialization runtime: cpu 4.393053, elapsed 3.158020, speed up 1.391078.

CCD app options set by user:
   ccd.hold_control_effort = high
   clock_opt.flow.enable_ccd = true
   clock_opt.flow.enable_clock_power_recovery = area
   clock_opt.flow.optimize_ndr = true
   clock_opt.hold.effort = high
Information: The netlist and extraction change observers are disabled for further incremental timing updates during on-route optimization. (TIM-119)
Information: The timing has been updated before disabling netlist and extraction change observers. (TIM-121)
CCD: using 4 threads
CTSSC route status detected: clock (VR 0, GR 0, DR 43487), data (VR 45295, GR 0, DR 0); stage = preroute, isPostRoute = FALSE
Total power = 0.000000, Leakage = 0.000000, Internal = 0.000000, Switching = 0.000000

CCD: Initial QOR:
    Scenario default  WNS = 0.000000, WEIGHTED_GROUP_SLACK = 0.000000, TNS = 0.000000, NVP = 0
    Scenario default  WNHS = 1.537724, TNHS = 20667.025758, NHVP = 19466
RepeaterCount 2709, RepeaterArea 19109.376000, CellCount 2710, CellArea 19121.356800, FlopCount 9744, FlopArea 300202.905600, LatchCount 0, LatchArea 0.000000
Total power = 0.000000, Leakage = 0.000000, Internal = 0.000000, Switching = 0.000000

    Optimization Summary 		

-------------------------------------------------

	# Drivers Attempted               =          0
	# Skipped during isValid and estimate          =          0
	# Failed subgraph evaluation           =          0
	# Failed main graph committ          =          0
	# Successful main graph commit      =          0
	# NumCTCells changed               =          0


	# Flow total CPU                  =     0.7117
	# Flow total elapsed                  =     0.7118
	# Flow total speed up                =     0.9999

-------------------------------------------------


CCD: After Fast mode setup optimization:
    Scenario default  WNS = 0.000000, WEIGHTED_GROUP_SLACK = 0.000000, TNS = 0.000000, NVP = 0
    Scenario default  WNHS = 1.537724, TNHS = 20667.025758, NHVP = 19466
RepeaterCount 2709, RepeaterArea 19109.376000, CellCount 2710, CellArea 19121.356800, FlopCount 9744, FlopArea 300202.905600, LatchCount 0, LatchArea 0.000000

    Optimization Summary 		

-------------------------------------------------

	# Drivers Attempted               =          0
	# Skipped during isValid and estimate          =          0
	# Failed subgraph evaluation           =          0
	# Failed main graph committ          =          0
	# Successful main graph commit      =          0
	# NumCTCells changed               =          0


	# Flow total CPU                  =     0.5674
	# Flow total elapsed                  =     0.5674
	# Flow total speed up                =     1.0000

-------------------------------------------------


CCD: After CG based optimization:
    Scenario default  WNS = 0.000000, WEIGHTED_GROUP_SLACK = 0.000000, TNS = 0.000000, NVP = 0
    Scenario default  WNHS = 1.537724, TNHS = 20667.025758, NHVP = 19466
RepeaterCount 2709, RepeaterArea 19109.376000, CellCount 2710, CellArea 19121.356800, FlopCount 9744, FlopArea 300202.905600, LatchCount 0, LatchArea 0.000000
Total power = 0.000000, Leakage = 0.000000, Internal = 0.000000, Switching = 0.000000
Begin building search trees for block css_phy_tx_top.dlib:SCRATCH_DESIGN_2147483648.design
Begin building search trees for block css_phy_tx_top.dlib:SCRATCH_DESIGN_2147483650.design
Begin building search trees for block css_phy_tx_top.dlib:SCRATCH_DESIGN_2147483651.design
Begin building search trees for block css_phy_tx_top.dlib:SCRATCH_DESIGN_2147483649.design
Done building search trees for block css_phy_tx_top.dlib:SCRATCH_DESIGN_2147483648.design (time 0s)
Done building search trees for block css_phy_tx_top.dlib:SCRATCH_DESIGN_2147483650.design (time 0s)
Done building search trees for block css_phy_tx_top.dlib:SCRATCH_DESIGN_2147483651.design (time 0s)
Done building search trees for block css_phy_tx_top.dlib:SCRATCH_DESIGN_2147483649.design (time 0s)
Begin building search trees for block css_phy_tx_top.dlib:SCRATCH_DESIGN_2147483652.design
Begin building search trees for block css_phy_tx_top.dlib:SCRATCH_DESIGN_2147483653.design
Begin building search trees for block css_phy_tx_top.dlib:SCRATCH_DESIGN_2147483654.design
Begin building search trees for block css_phy_tx_top.dlib:SCRATCH_DESIGN_2147483655.design
Done building search trees for block css_phy_tx_top.dlib:SCRATCH_DESIGN_2147483652.design (time 0s)
Done building search trees for block css_phy_tx_top.dlib:SCRATCH_DESIGN_2147483653.design (time 0s)
Done building search trees for block css_phy_tx_top.dlib:SCRATCH_DESIGN_2147483654.design (time 0s)
Done building search trees for block css_phy_tx_top.dlib:SCRATCH_DESIGN_2147483655.design (time 0s)
69,69|26,26|8,8|1,1|2,2|4,4|1,1|3,3|2,2|4,4|2,2|1,1|
    Optimization Summary 		

-------------------------------------------------

	# Drivers Attempted               =        128
	# Skipped during isValid and estimate          =          0
	# Failed subgraph evaluation           =          5
	# Failed main graph committ          =          0
	# Successful main graph commit      =        123
	# Subgraph evaluation success rate in percent =     0.9609
	# Sg2Main acceptance ratio in percent      =     1.0000
	# NumCTCells changed               =          0


	# Flow total CPU                  =    27.1821
	# Flow total elapsed                  =     8.9856
	# Flow total speed up                =     3.0251
	# Commit CPU                      =    23.9134
	# Commit elapsed                  =     6.9967
	# Commit speed up                     =     3.4178
	# Generator CPU                      =     0.9121
	# Generator elapsed                  =     0.9121
	# Generator speed up                     =     1.0000
	# Filter CPU                      =     1.0135
	# Filter elapsed                  =     0.2844
	# Filter speed up                     =     3.5642
	# Sg CPU                      =     0.7730
	# Sg elapsed                  =     0.2224
	# Sg speed up                     =     3.4752
	# The rest of flow speed up          =     1.6435

-------------------------------------------------


CCD: After area optimization:
    Scenario default  WNS = 0.000000, WEIGHTED_GROUP_SLACK = 0.000000, TNS = 0.000000, NVP = 0
    Scenario default  WNHS = 1.510377, TNHS = 20673.916870, NHVP = 19466
RepeaterCount 2709, RepeaterArea 18490.982400, CellCount 2710, CellArea 18502.963200, FlopCount 9744, FlopArea 300202.905600, LatchCount 0, LatchArea 0.000000
Total power = 0.000000, Leakage = 0.000000, Internal = 0.000000, Switching = 0.000000
Information: The netlist and extraction change observers are enabled for further incremental timing updates. (TIM-120)
 CCD flow runtime: cpu 30.282139, elapsed 12.170517, speed up 2.488156.
Place Cache save: 7950 elements -- 0 drcFail 7950 drcOk
Place Cache save: 64 libcells referenced from 1 libs
Place Cache save: used 6 of 56 total secDefs
Access Cache save: 7950 elements -- 106 drcFail 7844 drcOk
Access Cache save: 64 libcells referenced from 1 libs
Access Cache save: used 6 of 56 total secDefs
NPLDRC Place Cache: unique cache elements 7950
NPLDRC Place Cache: read cache elements 7943
NPLDRC Place Cache: hit rate 100.0%  (7 / 38210)
NPLDRC Access Cache: unique cache elements 7950
NPLDRC Access Cache: read cache elements 7943
NPLDRC Access Cache: hit rate 100.0%  (7 / 38210)
NPLDRC Pin Status Cache: no calls
NPLDRC Multi Cell Cache: no calls
NPLDRC ViaLadder Cache: no calls
Mark clock trees...
Marking clock synthesized attributes

nplDplc2Placer::setParam(effort,1)
nplDplc2Placer::setParam(debug,0)
nplDplc2Placer::setParam(site_check,2)
nplDplc2Placer::setParam(app_firm_wgt,0)

Running Advanced Legalizer....
INFO: Setting bounds and VA...
INFO: Setting up voltage area DEFAULT_VA
INFO: Setting up cell instances...
INFO: All fillers in the reference libraries will be considered during legalization/check legality
Information: Initializing site map 'unit' at {10 10} {973.2 971.92}.
INFO: Init siteMap unit with 3010 sites x 334 rows
Adding rule engine Basic Rules version 1.0.0...
Adding rule engine VT Implant Rules version 1.0.0...
Adding rule engine OD Rules version 1.0.0...
Adding rule engine TPO Rules version 1.0.0...
Adding rule engine Pin Access Rules version 1.0.0...
Adding rule engine Span Rules version 1.0.0...
Adding rule engine Index Rules version 1.0.0...
Adding rule engine Color Rules version 1.0.0...
Adding rule engine Inbound (PPNN) Rules version 1.0.0...
Adding rule engine PG DRC/VINS Rules version 1.0.0...
Adding rule engine Exp Rules version 1.0.0...
Adding rule engine N5 Soft Rules version 1.0.0...
2D rule auto detection will enable the following rules:
spacing_rule
pg_drc
INFO: Initializing CTS constraints...
WARNING: No via0 alignment grid is specified, via0 alignment rule will be ignored
WARNING: Please check place.legalize.via0_alignment_grid_name
Constructing pin color alignment legality info...
Initializing PG drc check engine...
Expand check halo by 0.3200 x 0.3200
Scanning PG objects...
PG hash cached 2 nets; 10 viaBoxes; 0 viaMatrices.
PG scanned 484 objects; 117411 vias; 0 staples.
PG scan complete.  Hash key = 2f18b5ba7c1b8ee1
Reading PG structure for 'css_phy_tx_top.dlib:css_phy_tx_top_cts.design'
Layer M1: read 0 secDefs  0 sectors
Layer M2: read 6 secDefs  48240 sectors
Layer M3: read 6 secDefs  48240 sectors
Layer M4: read 6 secDefs  48240 sectors
Layer M5: read 6 secDefs  48240 sectors
Layer M6: read 6 secDefs  48240 sectors
Layer M7: read 6 secDefs  48240 sectors
Layer M8: read 8 secDefs  678 sectors
Layer M9: read 12 secDefs  403 sectors

Sector Array Stats:
Num Sectors: 290521
Num SecDefs:    56
Shared: 53 count; 5481.5 ave; 8064 max
SecDef Shapes: 44 Below-aligned, 0 Above-aligned, 8 Horizontal, 4 Vertical
Referenced Patterns: 2 count; 3.0 ave; 3 max

Place Cache read: 7950 elements -- 0 drcFail 7950 drcOk
Place Cache read: 64 libcells referenced from 1 libs
Place Cache read: used 6 of 56 total secDefs
Access Cache read: 7950 elements -- 106 drcFail 7844 drcOk
Access Cache read: 64 libcells referenced from 1 libs
Access Cache read: used 6 of 56 total secDefs
Connection checks for layer M2: blocked_pin pin_access_default track_drc pin_extend0
Connection checks for layer M3: blocked_pin pin_access_default track_drc pin_extend1
Connection checks for layer M4: blocked_pin pin_access_default track_drc pin_extend1
Connection checks for layer M5: blocked_pin pin_access_default track_drc pin_extend1
INFO: Extracting M1 PG straps
INFO: Constructing BlkInst pin extension data for fast PG check
INFO: Constructing PG-Via/VIB/VINS layer info (VIA1/M2)...
INFO: VIB check extension is 0
INFO: VINS check extension is 0
INFO: PG-Via(pg_via_abut) design rule for layer VIA1 and VIA1 not found
INFO: VIB(vib_abut) design rule for layer M2 and VIA1 not found
INFO: VINS(vins_abut) design rule for layer M2 and VIA1 not found
INFO: Enabling hard placement rule spacing_rule...
INFO: Enabling hard placement rule pg_drc...
INFO: Timing cost factor is 0
Information: Legalizing 35370 moveable cells.
..
Legalization progress 5%...
Legalization progress 10%...
Legalization progress 15%...
Legalization progress 20%...
Legalization progress 25%...
Legalization progress 30%...
Legalization progress 35%...
Legalization progress 40%...
Legalization progress 45%...
Legalization progress 50%...
Legalization progress 55%...
Legalization progress 60%...
Legalization progress 65%...
Legalization progress 70%...
Legalization progress 75%...
Legalization progress 80%...
Legalization progress 85%...
Legalization progress 90%...
Legalization progress 95%...
Legalization progress 100%.
10 references with the lowest legality passing rate:
AND2X1: 100.0% (175 / 175)
AND2X2: 100.0% (13 / 13)
AND3X1: 100.0% (77 / 77)
AND4X1: 100.0% (14 / 14)
AO21X1: 100.0% (278 / 278)
AO21X2: 100.0% (43 / 43)
AO221X1: 100.0% (79 / 79)
AO222X1: 100.0% (85 / 85)
AO22X1: 100.0% (9702 / 9702)
AOI21X1: 100.0% (12 / 12)
================ Displacement Report =================
Area: placed=589165, unplaced=0, fixed=20077, blocked=0, total=1005340
Density = 609242/1005340 sites = 60.60%
Inbound cells: 0; 2-row cells: 0; >2-row cells: 0
    Total cell instance count: 38080 (35370 placed, 0 unplaced, 2710 fixed)
No cells moved
======================================================
NPLDRC Place Cache: unique cache elements 7950
NPLDRC Place Cache: read cache elements 7950
NPLDRC Place Cache: hit rate 100.0%  (0 / 27185)
NPLDRC Access Cache: unique cache elements 7950
NPLDRC Access Cache: read cache elements 7950
NPLDRC Access Cache: hit rate 100.0%  (0 / 27185)
NPLDRC Pin Status Cache: no calls
NPLDRC Multi Cell Cache: no calls
NPLDRC ViaLadder Cache: no calls
 CCD using TA only patch routing
Warning: Cell contains tie connections which are not connected to real PG. (ZRT-511)
Warning: Ignore contact DIFFCON. (ZRT-015)
Turn off antenna since no rule is specified
Cell Min-Routing-Layer = M2
Cell Max-Routing-Layer = M7
Warning: Ignore 2 top cell ports with no pins. (ZRT-027)
Info: number of net_type_blockage: 0 
Warning: Contact VIA89's lower layer enclosure width does not satisfy end of line enclosure design rule. (ZRT-042)
Warning: Contact VIA89's upper layer enclosure width does not satisfy end of line enclosure design rule. (ZRT-042)
Warning: Contact VIA89's lower layer enclosure height does not satisfy end of line enclosure design rule. (ZRT-042)
Warning: Contact VIA89's upper layer enclosure height does not satisfy end of line enclosure design rule. (ZRT-042)
Warning: Contact VIA89C's lower layer enclosure height does not satisfy end of line enclosure design rule. (ZRT-042)
Warning: Contact VIA89C's upper layer enclosure width does not satisfy end of line enclosure design rule. (ZRT-042)
Warning: Contact VIA89C's lower layer enclosure width does not satisfy end of line enclosure design rule. (ZRT-042)
Warning: Contact VIA89C's upper layer enclosure height does not satisfy end of line enclosure design rule. (ZRT-042)
Via on layer (VIA1) needs more than one tracks
Warning: Layer M1 pitch 0.320 may be too small: wire/via-down 0.315, wire/via-up 0.330. (ZRT-026)
Via on layer (VIA1) needs more than one tracks
Warning: Layer M2 pitch 0.320 may be too small: wire/via-down 0.360, wire/via-up 0.320. (ZRT-026)
Start Global Route ... 
[Init] Elapsed real time: 0:00:00 
[Init] Elapsed cpu  time: sys=0:00:00 usr=0:00:00 total=0:00:00
[Init] Stage (MB): Used    0  Alloctr    0  Proc    0 
[Init] Total (MB): Used  112  Alloctr  114  Proc 2244 
Printing options for 'route.common.*'

Printing options for 'route.global.*'
global.deterministic                                    :	 off                 
global.placement_timing_driven_mode                     :	 false               
global.timing_driven                                    :	 false               

Begin global routing.
Loading parastics information to the router ...
parastics information loaded to the router.
Constructing data structure ...
Design statistics:
Design Bounding Box (0.00,0.00,983.20,981.92)
Number of routing layers = 9
layer M1, dir Hor, min width = 0.14, min space = 0.14 pitch = 0.32
layer M2, dir Ver, min width = 0.16, min space = 0.16 pitch = 0.32
layer M3, dir Hor, min width = 0.16, min space = 0.16 pitch = 0.64
layer M4, dir Ver, min width = 0.16, min space = 0.16 pitch = 0.64
layer M5, dir Hor, min width = 0.16, min space = 0.16 pitch = 1.28
layer M6, dir Ver, min width = 0.16, min space = 0.16 pitch = 1.28
layer M7, dir Hor, min width = 0.16, min space = 0.16 pitch = 2.56
layer M8, dir Ver, min width = 0.16, min space = 0.16 pitch = 3.84
layer M9, dir Hor, min width = 0.45, min space = 0.45 pitch = 5.12
Current Stage stats:
[End of Build Tech Data] Elapsed real time: 0:00:00 
[End of Build Tech Data] Elapsed cpu  time: sys=0:00:00 usr=0:00:00 total=0:00:00
[End of Build Tech Data] Stage (MB): Used    2  Alloctr    2  Proc    0 
[End of Build Tech Data] Total (MB): Used  115  Alloctr  117  Proc 2244 
Warning: No existing global route is available for reuse in incremental global routing. (ZRT-586)
Net statistics:
Total number of nets     = 48003
Number of nets to route  = 2712
Number of single or zero port nets = 1
Number of nets with min-layer-mode soft = 2712
Number of nets with min-layer-mode soft-cost-medium = 2712
Number of nets with max-layer-mode hard = 2688
239 nets are partially connected,
 of which 239 are detail routed and 0 are global routed.
2475 nets are fully connected,
 of which 2475 are detail routed and 0 are global routed.
486 nets have non-default rule clk_network_NDR_internal
253 nets have non-default rule clk_network_NDR_internal_ext_spacing
7 nets have non-default rule clk_network_NDR_root
17 nets have non-default rule clk_network_NDR_root_ext_spacing
1221 nets have non-default rule default_rule_equivalent_ndr_double_spacing
Current Stage stats:
[End of Build All Nets] Elapsed real time: 0:00:00 
[End of Build All Nets] Elapsed cpu  time: sys=0:00:00 usr=0:00:01 total=0:00:01
[End of Build All Nets] Stage (MB): Used   15  Alloctr   15  Proc    0 
[End of Build All Nets] Total (MB): Used  131  Alloctr  133  Proc 2244 
Average gCell capacity  1.96	 on layer (1)	 M1
Average gCell capacity  7.60	 on layer (2)	 M2
Average gCell capacity  3.77	 on layer (3)	 M3
Average gCell capacity  3.83	 on layer (4)	 M4
Average gCell capacity  2.04	 on layer (5)	 M5
Average gCell capacity  2.06	 on layer (6)	 M6
Average gCell capacity  1.04	 on layer (7)	 M7
Average gCell capacity  0.49	 on layer (8)	 M8
Average gCell capacity  0.00	 on layer (9)	 M9
Average number of tracks per gCell 9.03	 on layer (1)	 M1
Average number of tracks per gCell 9.01	 on layer (2)	 M2
Average number of tracks per gCell 4.52	 on layer (3)	 M3
Average number of tracks per gCell 4.51	 on layer (4)	 M4
Average number of tracks per gCell 2.26	 on layer (5)	 M5
Average number of tracks per gCell 2.26	 on layer (6)	 M6
Average number of tracks per gCell 1.13	 on layer (7)	 M7
Average number of tracks per gCell 0.76	 on layer (8)	 M8
Average number of tracks per gCell 0.57	 on layer (9)	 M9
Number of gCells = 1043460
Current Stage stats:
[End of Build Congestion map] Elapsed real time: 0:00:01 
[End of Build Congestion map] Elapsed cpu  time: sys=0:00:00 usr=0:00:01 total=0:00:01
[End of Build Congestion map] Stage (MB): Used   11  Alloctr   11  Proc    0 
[End of Build Congestion map] Total (MB): Used  142  Alloctr  144  Proc 2244 
Information: RC layer preference is turned off for this design. (ZRT-613)
Total stats:
[End of Build Data] Elapsed real time: 0:00:01 
[End of Build Data] Elapsed cpu  time: sys=0:00:00 usr=0:00:02 total=0:00:02
[End of Build Data] Stage (MB): Used   29  Alloctr   29  Proc    0 
[End of Build Data] Total (MB): Used  142  Alloctr  144  Proc 2244 
Current Stage stats:
[End of Blocked Pin Detection] Elapsed real time: 0:00:00 
[End of Blocked Pin Detection] Elapsed cpu  time: sys=0:00:00 usr=0:00:00 total=0:00:00
[End of Blocked Pin Detection] Stage (MB): Used    0  Alloctr    0  Proc    0 
[End of Blocked Pin Detection] Total (MB): Used  142  Alloctr  144  Proc 2244 
Information: Using 4 threads for routing. (ZRT-444)
multi gcell levels ON

Start GR phase 0
Current Stage stats:
[End of Initial Routing] Elapsed real time: 0:00:00 
[End of Initial Routing] Elapsed cpu  time: sys=0:00:00 usr=0:00:00 total=0:00:00
[End of Initial Routing] Stage (MB): Used    0  Alloctr    0  Proc    0 
[End of Initial Routing] Total (MB): Used  142  Alloctr  144  Proc 2244 
Initial. Routing result:
Initial. Both Dirs: Overflow =    18 Max = 2 GRCs =   105 (0.05%)
Initial. H routing: Overflow =    13 Max = 2 (GRCs =  1) GRCs =    69 (0.06%)
Initial. V routing: Overflow =     4 Max = 1 (GRCs = 36) GRCs =    36 (0.03%)
Initial. M1         Overflow =     1 Max = 1 (GRCs =  1) GRCs =     1 (0.00%)
Initial. M2         Overflow =     4 Max = 1 (GRCs = 36) GRCs =    36 (0.03%)
Initial. M3         Overflow =    12 Max = 2 (GRCs =  1) GRCs =    68 (0.06%)
Initial. M4         Overflow =     0 Max = 0 (GRCs =  0) GRCs =     0 (0.00%)
Initial. M5         Overflow =     0 Max = 0 (GRCs =  0) GRCs =     0 (0.00%)
Initial. M6         Overflow =     0 Max = 0 (GRCs =  0) GRCs =     0 (0.00%)
Initial. M7         Overflow =     0 Max = 0 (GRCs =  0) GRCs =     0 (0.00%)
Initial. M8         Overflow =     0 Max = 0 (GRCs =  0) GRCs =     0 (0.00%)
Initial. M9         Overflow =     0 Max = 0 (GRCs =  0) GRCs =     0 (0.00%)

Initial. Total Wire Length = 269.45
Initial. Layer M1 wire length = 16.61
Initial. Layer M2 wire length = 53.55
Initial. Layer M3 wire length = 193.69
Initial. Layer M4 wire length = 5.60
Initial. Layer M5 wire length = 0.00
Initial. Layer M6 wire length = 0.00
Initial. Layer M7 wire length = 0.00
Initial. Layer M8 wire length = 0.00
Initial. Layer M9 wire length = 0.00
Initial. Total Number of Contacts = 200
Initial. Via VIA12C count = 102
Initial. Via VIA23C count = 94
Initial. Via VIA34C count = 4
Initial. Via VIA45C count = 0
Initial. Via VIA56C count = 0
Initial. Via VIA67C count = 0
Initial. Via VIA78C count = 0
Initial. Via VIA89C count = 0
Initial. completed.

Start GR phase 1
Current Stage stats:
[End of Phase1 Routing] Elapsed real time: 0:00:00 
[End of Phase1 Routing] Elapsed cpu  time: sys=0:00:00 usr=0:00:00 total=0:00:00
[End of Phase1 Routing] Stage (MB): Used    0  Alloctr    0  Proc    0 
[End of Phase1 Routing] Total (MB): Used  142  Alloctr  144  Proc 2244 
phase1. Routing result:
phase1. Both Dirs: Overflow =    18 Max = 2 GRCs =   105 (0.05%)
phase1. H routing: Overflow =    13 Max = 2 (GRCs =  1) GRCs =    69 (0.06%)
phase1. V routing: Overflow =     4 Max = 1 (GRCs = 36) GRCs =    36 (0.03%)
phase1. M1         Overflow =     1 Max = 1 (GRCs =  1) GRCs =     1 (0.00%)
phase1. M2         Overflow =     4 Max = 1 (GRCs = 36) GRCs =    36 (0.03%)
phase1. M3         Overflow =    12 Max = 2 (GRCs =  1) GRCs =    68 (0.06%)
phase1. M4         Overflow =     0 Max = 0 (GRCs =  0) GRCs =     0 (0.00%)
phase1. M5         Overflow =     0 Max = 0 (GRCs =  0) GRCs =     0 (0.00%)
phase1. M6         Overflow =     0 Max = 0 (GRCs =  0) GRCs =     0 (0.00%)
phase1. M7         Overflow =     0 Max = 0 (GRCs =  0) GRCs =     0 (0.00%)
phase1. M8         Overflow =     0 Max = 0 (GRCs =  0) GRCs =     0 (0.00%)
phase1. M9         Overflow =     0 Max = 0 (GRCs =  0) GRCs =     0 (0.00%)

phase1. Total Wire Length = 269.46
phase1. Layer M1 wire length = 16.61
phase1. Layer M2 wire length = 53.55
phase1. Layer M3 wire length = 193.69
phase1. Layer M4 wire length = 5.60
phase1. Layer M5 wire length = 0.00
phase1. Layer M6 wire length = 0.00
phase1. Layer M7 wire length = 0.00
phase1. Layer M8 wire length = 0.00
phase1. Layer M9 wire length = 0.00
phase1. Total Number of Contacts = 200
phase1. Via VIA12C count = 102
phase1. Via VIA23C count = 94
phase1. Via VIA34C count = 4
phase1. Via VIA45C count = 0
phase1. Via VIA56C count = 0
phase1. Via VIA67C count = 0
phase1. Via VIA78C count = 0
phase1. Via VIA89C count = 0
phase1. completed.

Start GR phase 2
Current Stage stats:
[End of Phase2 Routing] Elapsed real time: 0:00:00 
[End of Phase2 Routing] Elapsed cpu  time: sys=0:00:00 usr=0:00:00 total=0:00:00
[End of Phase2 Routing] Stage (MB): Used    0  Alloctr    0  Proc    0 
[End of Phase2 Routing] Total (MB): Used  142  Alloctr  144  Proc 2244 
phase2. Routing result:
phase2. Both Dirs: Overflow =    16 Max = 2 GRCs =    82 (0.04%)
phase2. H routing: Overflow =    12 Max = 2 (GRCs =  1) GRCs =    53 (0.05%)
phase2. V routing: Overflow =     3 Max = 1 (GRCs = 29) GRCs =    29 (0.03%)
phase2. M1         Overflow =     1 Max = 1 (GRCs =  1) GRCs =     1 (0.00%)
phase2. M2         Overflow =     3 Max = 1 (GRCs = 29) GRCs =    29 (0.03%)
phase2. M3         Overflow =    11 Max = 2 (GRCs =  1) GRCs =    52 (0.04%)
phase2. M4         Overflow =     0 Max = 0 (GRCs =  0) GRCs =     0 (0.00%)
phase2. M5         Overflow =     0 Max = 0 (GRCs =  0) GRCs =     0 (0.00%)
phase2. M6         Overflow =     0 Max = 0 (GRCs =  0) GRCs =     0 (0.00%)
phase2. M7         Overflow =     0 Max = 0 (GRCs =  0) GRCs =     0 (0.00%)
phase2. M8         Overflow =     0 Max = 0 (GRCs =  0) GRCs =     0 (0.00%)
phase2. M9         Overflow =     0 Max = 0 (GRCs =  0) GRCs =     0 (0.00%)

phase2. Total Wire Length = 269.45
phase2. Layer M1 wire length = 16.61
phase2. Layer M2 wire length = 53.55
phase2. Layer M3 wire length = 193.69
phase2. Layer M4 wire length = 5.60
phase2. Layer M5 wire length = 0.00
phase2. Layer M6 wire length = 0.00
phase2. Layer M7 wire length = 0.00
phase2. Layer M8 wire length = 0.00
phase2. Layer M9 wire length = 0.00
phase2. Total Number of Contacts = 200
phase2. Via VIA12C count = 102
phase2. Via VIA23C count = 94
phase2. Via VIA34C count = 4
phase2. Via VIA45C count = 0
phase2. Via VIA56C count = 0
phase2. Via VIA67C count = 0
phase2. Via VIA78C count = 0
phase2. Via VIA89C count = 0
phase2. completed.

Start GR phase 3
Current Stage stats:
[End of Phase3 Routing] Elapsed real time: 0:00:00 
[End of Phase3 Routing] Elapsed cpu  time: sys=0:00:00 usr=0:00:00 total=0:00:00
[End of Phase3 Routing] Stage (MB): Used    0  Alloctr    0  Proc    0 
[End of Phase3 Routing] Total (MB): Used  142  Alloctr  144  Proc 2244 
phase3. Routing result:
phase3. Both Dirs: Overflow =    16 Max = 2 GRCs =    82 (0.04%)
phase3. H routing: Overflow =    12 Max = 2 (GRCs =  1) GRCs =    53 (0.05%)
phase3. V routing: Overflow =     3 Max = 1 (GRCs = 29) GRCs =    29 (0.03%)
phase3. M1         Overflow =     1 Max = 1 (GRCs =  1) GRCs =     1 (0.00%)
phase3. M2         Overflow =     3 Max = 1 (GRCs = 29) GRCs =    29 (0.03%)
phase3. M3         Overflow =    11 Max = 2 (GRCs =  1) GRCs =    52 (0.04%)
phase3. M4         Overflow =     0 Max = 0 (GRCs =  0) GRCs =     0 (0.00%)
phase3. M5         Overflow =     0 Max = 0 (GRCs =  0) GRCs =     0 (0.00%)
phase3. M6         Overflow =     0 Max = 0 (GRCs =  0) GRCs =     0 (0.00%)
phase3. M7         Overflow =     0 Max = 0 (GRCs =  0) GRCs =     0 (0.00%)
phase3. M8         Overflow =     0 Max = 0 (GRCs =  0) GRCs =     0 (0.00%)
phase3. M9         Overflow =     0 Max = 0 (GRCs =  0) GRCs =     0 (0.00%)

phase3. Total Wire Length = 269.45
phase3. Layer M1 wire length = 16.61
phase3. Layer M2 wire length = 53.55
phase3. Layer M3 wire length = 193.69
phase3. Layer M4 wire length = 5.60
phase3. Layer M5 wire length = 0.00
phase3. Layer M6 wire length = 0.00
phase3. Layer M7 wire length = 0.00
phase3. Layer M8 wire length = 0.00
phase3. Layer M9 wire length = 0.00
phase3. Total Number of Contacts = 200
phase3. Via VIA12C count = 102
phase3. Via VIA23C count = 94
phase3. Via VIA34C count = 4
phase3. Via VIA45C count = 0
phase3. Via VIA56C count = 0
phase3. Via VIA67C count = 0
phase3. Via VIA78C count = 0
phase3. Via VIA89C count = 0
phase3. completed.
[End of Whole Chip Routing] Elapsed real time: 0:00:02 
[End of Whole Chip Routing] Elapsed cpu  time: sys=0:00:00 usr=0:00:03 total=0:00:03
[End of Whole Chip Routing] Stage (MB): Used   29  Alloctr   29  Proc    0 
[End of Whole Chip Routing] Total (MB): Used  142  Alloctr  144  Proc 2244 

Information: Global Routing terminated early: false (ZRT-103)

Congestion utilization per direction:
Average vertical track utilization   =  0.69 %
Peak    vertical track utilization   = 66.67 %
Average horizontal track utilization =  0.84 %
Peak    horizontal track utilization = 100.00 %

Current Stage stats:
[GR: Done] Elapsed real time: 0:00:00 
[GR: Done] Elapsed cpu  time: sys=0:00:00 usr=0:00:00 total=0:00:00
[GR: Done] Stage (MB): Used  -10  Alloctr  -10  Proc    0 
[GR: Done] Total (MB): Used  133  Alloctr  135  Proc 2244 
GR Total stats:
[GR: Done] Elapsed real time: 0:00:02 
[GR: Done] Elapsed cpu  time: sys=0:00:00 usr=0:00:03 total=0:00:03
[GR: Done] Stage (MB): Used   21  Alloctr   21  Proc    0 
[GR: Done] Total (MB): Used  133  Alloctr  135  Proc 2244 
Updating congestion ...
Updating congestion ...
Final total stats:
[End of Global Routing] Elapsed real time: 0:00:02 
[End of Global Routing] Elapsed cpu  time: sys=0:00:00 usr=0:00:04 total=0:00:04
[End of Global Routing] Stage (MB): Used    0  Alloctr    0  Proc    0 
[End of Global Routing] Total (MB): Used  112  Alloctr  114  Proc 2244 

Start track assignment

Printing options for 'route.common.*'

Printing options for 'route.track.*'
track.timing_driven                                     :	 false               

Information: Using 4 threads for routing. (ZRT-444)
Information: RC layer preference is turned off for this design. (ZRT-613)

[Track Assign: Read routes] Elapsed real time: 0:00:00 
[Track Assign: Read routes] Elapsed cpu  time: sys=0:00:00 usr=0:00:00 total=0:00:00
[Track Assign: Read routes] Stage (MB): Used    8  Alloctr    8  Proc    0 
[Track Assign: Read routes] Total (MB): Used  117  Alloctr  118  Proc 2244 

Start initial assignment

Assign Horizontal partitions, iteration 0
Routed partition 1/23      
Routed partition 2/23      
Routed partition 3/23      
Routed partition 4/23      
Routed partition 5/23      
Routed partition 6/23      
Routed partition 7/23      
Routed partition 8/23      
Routed partition 9/23      
Routed partition 10/23     
Routed partition 11/23     
Routed partition 12/23     
Routed partition 13/23     
Routed partition 14/23     
Routed partition 15/23     
Routed partition 16/23     
Routed partition 17/23     
Routed partition 18/23     
Routed partition 19/23     
Routed partition 20/23     
Routed partition 21/23     
Routed partition 22/23     
Routed partition 23/23     

Assign Vertical partitions, iteration 0
Routed partition 1/23      
Routed partition 2/23      
Routed partition 3/23      
Routed partition 4/23      
Routed partition 5/23      
Routed partition 6/23      
Routed partition 7/23      
Routed partition 8/23      
Routed partition 9/23      
Routed partition 10/23     
Routed partition 11/23     
Routed partition 12/23     
Routed partition 13/23     
Routed partition 14/23     
Routed partition 15/23     
Routed partition 16/23     
Routed partition 17/23     
Routed partition 18/23     
Routed partition 19/23     
Routed partition 20/23     
Routed partition 21/23     
Routed partition 22/23     
Routed partition 23/23     

Number of wires with overlap after iteration 0 = 438 of 890


[Track Assign: Iteration 0] Elapsed real time: 0:00:00 
[Track Assign: Iteration 0] Elapsed cpu  time: sys=0:00:00 usr=0:00:02 total=0:00:02
[Track Assign: Iteration 0] Stage (MB): Used    9  Alloctr    9  Proc    0 
[Track Assign: Iteration 0] Total (MB): Used  118  Alloctr  119  Proc 2244 

Reroute to fix overlaps

Assign Horizontal partitions, iteration 1
Routed partition 1/23      
Routed partition 2/23      
Routed partition 3/23      
Routed partition 4/23      
Routed partition 5/23      
Routed partition 6/23      
Routed partition 7/23      
Routed partition 8/23      
Routed partition 9/23      
Routed partition 10/23     
Routed partition 11/23     
Routed partition 12/23     
Routed partition 13/23     
Routed partition 14/23     
Routed partition 15/23     
Routed partition 16/23     
Routed partition 17/23     
Routed partition 18/23     
Routed partition 19/23     
Routed partition 20/23     
Routed partition 21/23     
Routed partition 22/23     
Routed partition 23/23     

Assign Vertical partitions, iteration 1
Routed partition 1/23      
Routed partition 2/23      
Routed partition 3/23      
Routed partition 4/23      
Routed partition 5/23      
Routed partition 6/23      
Routed partition 7/23      
Routed partition 8/23      
Routed partition 9/23      
Routed partition 10/23     
Routed partition 11/23     
Routed partition 12/23     
Routed partition 13/23     
Routed partition 14/23     
Routed partition 15/23     
Routed partition 16/23     
Routed partition 17/23     
Routed partition 18/23     
Routed partition 19/23     
Routed partition 20/23     
Routed partition 21/23     
Routed partition 22/23     
Routed partition 23/23     

[Track Assign: Iteration 1] Elapsed real time: 0:00:01 
[Track Assign: Iteration 1] Elapsed cpu  time: sys=0:00:00 usr=0:00:04 total=0:00:04
[Track Assign: Iteration 1] Stage (MB): Used    9  Alloctr    9  Proc    0 
[Track Assign: Iteration 1] Total (MB): Used  118  Alloctr  119  Proc 2244 

Number of wires with overlap after iteration 1 = 248 of 617


Wire length and via report:
---------------------------
Number of M1 wires: 261 		 POLYCON: 0
Number of M2 wires: 195 		 VIA12C: 264
Number of M3 wires: 160 		 VIA23C: 226
Number of M4 wires: 1 		 VIA34C: 2
Number of M5 wires: 0 		 VIA45C: 0
Number of M6 wires: 0 		 VIA56C: 0
Number of M7 wires: 0 		 VIA67C: 0
Number of M8 wires: 0 		 VIA78C: 0
Number of M9 wires: 0 		 VIA89C: 0
Total number of wires: 617 		 vias: 492

Total M1 wire length: 107.5
Total M2 wire length: 113.1
Total M3 wire length: 244.8
Total M4 wire length: 1.3
Total M5 wire length: 0.0
Total M6 wire length: 0.0
Total M7 wire length: 0.0
Total M8 wire length: 0.0
Total M9 wire length: 0.0
Total wire length: 466.7

Longest M1 wire length: 3.5
Longest M2 wire length: 5.1
Longest M3 wire length: 9.0
Longest M4 wire length: 1.3
Longest M5 wire length: 0.0
Longest M6 wire length: 0.0
Longest M7 wire length: 0.0
Longest M8 wire length: 0.0
Longest M9 wire length: 0.0


[Track Assign: Done] Elapsed real time: 0:00:01 
[Track Assign: Done] Elapsed cpu  time: sys=0:00:00 usr=0:00:04 total=0:00:04
[Track Assign: Done] Stage (MB): Used    4  Alloctr    4  Proc    0 
[Track Assign: Done] Total (MB): Used  112  Alloctr  114  Proc 2244 
Skip detail route
Updating the database ...
Information: The net parasitics of block css_phy_tx_top are cleared. (TIM-123)
1
Done with CCD-tns_area prior to Phase III of datapath opto
Begin building search trees for block css_phy_tx_top.dlib:css_phy_tx_top_cts.design
Done building search trees for block css_phy_tx_top.dlib:css_phy_tx_top_cts.design (time 0s)
Information: The stitching and editing of coupling caps is turned OFF for design 'css_phy_tx_top.dlib:css_phy_tx_top_cts.design'. (TIM-125)
Information: Design css_phy_tx_top_cts has 48002 nets, 0 global routed, 2712 detail routed. (NEX-024)
Number of Site types in the design = 1
Setting up Chip Core
Chip Core shape: (100000 100000) (9732000 9719200)
Number of unique PDs = 1
Number of Power Domains = 1
Number of Voltage Areas = 1
Number of supply Nets = 2
Number of used supplies = 2
Information: The RC mode used is CTO for design 'css_phy_tx_top'. (NEX-022)
Information: Design Average RC for design css_phy_tx_top_cts  (NEX-011)
Information: r = 0.562500 ohm/um, via_r = 0.900000 ohm/cut, c = 0.102515 ff/um, cc = 0.000000 ff/um (X dir) (NEX-017)
Information: r = 0.562500 ohm/um, via_r = 0.900000 ohm/cut, c = 0.123006 ff/um, cc = 0.000000 ff/um (Y dir) (NEX-017)
Information: Update timing completed net estimation for all the timing graph nets (TIM-111)
Information: Net estimation statistics: timing graph nets = 48000, routed nets = 2712, across physical hierarchy nets = 0, parasitics cached nets = 48000, delay annotated nets = 0, parasitics annotated nets = 0, multi-voltage nets = 0. (TIM-112)
Use advanced legalizer engine : 0

Use advanced legalizer engine : 0
npo-clock-opt optimization Phase 8 Iter  1          0.00      0.00         0       0.561           -           0.870
ORB: timingScenario default timingCorner default
INFO: No leakage and power scenarios. Using regular scenarios instead.
INFO: No active leakage scenarios. Leakage will be turned off
ORB: Nominal = 0.181379  Design MT = inf  Target = 1.259893 (6.946 nominal)  MaxRC = 0.524430
ORB: timingScenario default timingCorner default
INFO: No leakage and power scenarios. Using regular scenarios instead.
INFO: No active leakage scenarios. Leakage will be turned off
ORB: Nominal = 0.181379  Design MT = inf  Target = 1.259893 (6.946 nominal)  MaxRC = 0.524430
npo-clock-opt optimization Phase 8 Iter  2          0.00      0.00         0       0.561           -           0.871

CCL: Total Usage Adjustment : 1
route.global.debug_compact_coef 4
Warning: Cell contains tie connections which are not connected to real PG. (ZRT-511)
Warning: Ignore contact DIFFCON. (ZRT-015)
Turn off antenna since no rule is specified
Cell Min-Routing-Layer = M2
Cell Max-Routing-Layer = M7
Warning: Ignore 2 top cell ports with no pins. (ZRT-027)
Info: number of net_type_blockage: 0 
Via on layer (VIA1) needs more than one tracks
Warning: Layer M1 pitch 0.320 may be too small: wire/via-down 0.315, wire/via-up 0.330. (ZRT-026)
Via on layer (VIA1) needs more than one tracks
Warning: Layer M2 pitch 0.320 may be too small: wire/via-down 0.360, wire/via-up 0.320. (ZRT-026)
Loading parastics information to the router ...
parastics information loaded to the router.
Information: RC layer preference is turned off for this design. (ZRT-613)
Updating congestion ...
Updating congestion ...
route.global.debug_compact_coef 1
INFO: Derive row count 21 from GR congestion map (86/4)
INFO: Derive col count 21 from GR congestion map (86/4)
npo-clock-opt optimization Phase 9 Iter  1          0.00      0.00         0       0.561           -           0.872
npo-clock-opt optimization Phase 9 Iter  2          0.00      0.00         0       0.561           -           0.872
npo-clock-opt optimization Phase 9 Iter  3          0.00      0.00         0       0.561           -           0.872
npo-clock-opt optimization Phase 9 Iter  4          0.00      0.00         0       0.561           -           0.872
npo-clock-opt optimization Phase 9 Iter  5          0.00      0.00         0       0.561           -           0.872
npo-clock-opt optimization Phase 9 Iter  6          0.00      0.00         0       0.561           -           0.872
npo-clock-opt optimization Phase 9 Iter  7          0.00      0.00         0       0.561           -           0.872

npo-clock-opt optimization Phase 10 Iter  1         0.00      0.00         0       0.561           -           0.872

npo-clock-opt optimization Phase 11 Iter  1         0.00      0.00         0       0.561           -           0.872

Use advanced legalizer engine : 0
npo-clock-opt optimization Phase 12 Iter  1         0.00      0.00         0       0.561           -           0.873
npo-clock-opt optimization Phase 12 Iter  2         0.00      0.00         0       0.561           -           0.873

npo-clock-opt optimization Phase 13 Iter  1         0.00      0.00         0       0.561           -           0.873

CCL: Total Usage Adjustment : 1
route.global.debug_compact_coef 4
Warning: Cell contains tie connections which are not connected to real PG. (ZRT-511)
Warning: Ignore contact DIFFCON. (ZRT-015)
Turn off antenna since no rule is specified
Cell Min-Routing-Layer = M2
Cell Max-Routing-Layer = M7
Warning: Ignore 2 top cell ports with no pins. (ZRT-027)
Info: number of net_type_blockage: 0 
Via on layer (VIA1) needs more than one tracks
Warning: Layer M1 pitch 0.320 may be too small: wire/via-down 0.315, wire/via-up 0.330. (ZRT-026)
Via on layer (VIA1) needs more than one tracks
Warning: Layer M2 pitch 0.320 may be too small: wire/via-down 0.360, wire/via-up 0.320. (ZRT-026)
Loading parastics information to the router ...
parastics information loaded to the router.
Information: RC layer preference is turned off for this design. (ZRT-613)
Updating congestion ...
Updating congestion ...
route.global.debug_compact_coef 1
INFO: Derive row count 21 from GR congestion map (86/4)
INFO: Derive col count 21 from GR congestion map (86/4)
Use advanced legalizer engine : 0
npo-clock-opt optimization Phase 14 Iter  1         0.00      0.00         0       0.561           -           0.874
npo-clock-opt optimization Phase 14 Iter  2         0.00      0.00         0       0.561           -           0.874
npo-clock-opt optimization Phase 14 Iter  3         0.00      0.00         0       0.561           -           0.874
PBO-INFO:  LR disabled
npo-clock-opt optimization Phase 14 Iter  4         0.00      0.00         0       0.561           -           0.874
PBO-INFO:  LR disabled
npo-clock-opt optimization Phase 14 Iter  5         0.00      0.00         0       0.561           -           0.874

npo-clock-opt optimization Phase 15 Iter  1         0.00      0.00         0       0.561           -           0.874

npo-clock-opt optimization Phase 16 Iter  1         0.00      0.00         0       0.561           -           0.874
{LOPT_M6_M7}
{LOPT_M3_M7}
Layer bins has 1 layers:
--------------------------------------------
Layer bin    = 0
Routing rule = { NDR = LOPT_M3_M7  MinLayer = M3(13)  MaxLayer = M7(17)  MaxVoltg = uninit }
Delay per mm = 0.178
Stage delay  = 0.165273 (ns)
Stage length = 931 (um)
Demand cost  = 1.000000
--------------------------------------------
CCL: Total Usage Adjustment : 1
Calling route_global to generate congestion map
Multi-thread GR for layer opto ...
Start Global Route ... 
[Init] Elapsed real time: 0:00:00 
[Init] Elapsed cpu  time: sys=0:00:00 usr=0:00:00 total=0:00:00
[Init] Stage (MB): Used    0  Alloctr    0  Proc    0 
[Init] Total (MB): Used    5  Alloctr    5  Proc 2244 
Printing options for 'route.common.*'
common.allow_pg_as_shield                               :	 true                
common.check_and_update_via_regions_by_design_tech_file :	 false               
common.check_shield                                     :	 true                
common.clock_topology                                   :	 normal              
common.color_based_dpt_flow                             :	 false               
common.comb_distance                                    :	 2                   
common.concurrent_redundant_via_effort_level            :	 low                 
common.concurrent_redundant_via_mode                    :	 off                 
common.connect_floating_shapes                          :	 false               
common.connect_within_pins_by_layer_name                :	                     
common.continue_with_frozen_global_route                :	 false               
common.crosstalk_effort_level                           :	 low                 
common.derive_connect_within_pin_via_region             :	 false               
common.eco_route_concurrent_redundant_via_effort_level  :	 low                 
common.eco_route_concurrent_redundant_via_mode          :	 off                 
common.enable_multi_thread                              :	 true                
common.extra_nonpreferred_direction_wire_cost_multiplier_by_layer_name:	                     
common.extra_preferred_direction_wire_cost_multiplier_by_layer_name:	                     
common.extra_via_cost_multiplier_by_layer_name          :	                     
common.extra_via_off_grid_cost_multiplier_by_layer_name :	                     
common.floorplan_aware_hier_va_gr                       :	 true                
common.forbid_new_metal_by_layer_name                   :	                     
common.forbid_odd_pitch_jog_by_layer_name               :	                     
common.freeze_layer_by_layer_name                       :	                     
common.freeze_via_to_frozen_layer_by_layer_name         :	                     
common.global_max_layer_mode                            :	 soft                
common.global_min_layer_mode                            :	 soft                
common.high_resistance_flow                             :	 true                
common.ignore_var_spacing_to_blockage                   :	 false               
common.ignore_var_spacing_to_pg                         :	 false               
common.ignore_var_spacing_to_shield                     :	 true                
common.mark_clock_nets_minor_change                     :	 true                
common.min_edge_offset_for_macro_pin_connection_by_layer_name:	                     
common.min_edge_offset_for_top_level_pin_connection_by_layer_name:	                     
common.min_max_layer_distance_threshold                 :	 0                   
common.min_shield_length_by_layer_name                  :	                     
common.net_max_layer_mode                               :	 hard                
common.net_max_layer_mode_soft_cost                     :	 medium              
common.net_min_layer_mode                               :	 soft                
common.net_min_layer_mode_soft_cost                     :	 medium              
common.number_of_secondary_pg_pin_connections           :	 0                   
common.number_of_vias_over_global_max_layer             :	 1                   
common.number_of_vias_over_net_max_layer                :	 1                   
common.number_of_vias_under_global_min_layer            :	 1                   
common.number_of_vias_under_net_min_layer               :	 1                   
common.optimize_for_pin_access                          :	 false               
common.pg_shield_distance_threshold                     :	 0                   
common.pin_spacing_control_mode                         :	 true                
common.post_detail_route_fix_soft_violations            :	 false               
common.post_detail_route_redundant_via_insertion        :	 off                 
common.post_eco_route_fix_soft_violations               :	 false               
common.post_group_route_fix_soft_violations             :	 false               
common.post_incremental_detail_route_fix_soft_violations:	 false               
common.rc_driven_setup_effort_level                     :	 medium              
common.redundant_via_exclude_weight_group_by_layer_name :	                     
common.redundant_via_include_weight_group_by_layer_name :	                     
common.reroute_clock_shapes                             :	 false               
common.reroute_user_shapes                              :	 false               
common.reshield_modified_nets                           :	 off                 
common.rotate_default_vias                              :	 true                
common.route_soft_rule_effort_level                     :	 medium              
common.route_top_boundary_mode                          :	 stay_inside         
common.routing_rule_effort_level                        :	                     
common.secondary_pg_pin_effort_level                    :	 hard                
common.separate_tie_off_from_secondary_pg               :	 false               
common.shielding_nets                                   :	                     
common.single_connection_to_pins                        :	 off                 
common.skip_pnet_ignore_shapes                          :	 false               
common.soft_rule_weight_to_effort_level_map             :	 {low low} {medium medium} {high high}
common.threshold_noise_ratio                            :	 0.35                
common.tie_off_mode                                     :	 all                 
common.track_auto_fill                                  :	 true                
common.verbose_level                                    :	 1                   
common.via_array_mode                                   :	 all                 
common.via_ladder_top_layer_overrides_net_min_layer     :	 false               
common.via_on_grid_by_layer_name                        :	                     
common.virtual_flat                                     :	 false               
common.voltage_area_aware                               :	 relaxed             
common.wide_macro_pin_as_fat_wire                       :	 false               
common.wire_on_grid_by_layer_name                       :	                     

Printing options for 'route.global.*'
global.auto_gcell                                       :	 true                
global.coarse_grid_refinement                           :	 true                
global.congestion_consistent_mode                       :	 true                
global.connect_pins_outside_routing_corridor            :	 true                
global.crosstalk_driven                                 :	 false               
global.custom_track_modeling_enhancement                :	 false               
global.debug_compact_coef                               :	 1                   
global.deterministic                                    :	 off                 
global.double_pattern_utilization_by_layer_name         :	                     
global.effort_level                                     :	 medium              
global.exclude_blocked_gcells_from_congestion_report    :	 false               
global.export_soft_congestion_maps                      :	 false               
global.extra_blocked_layer_utilization_reduction        :	 0                   
global.force_full_effort                                :	 false               
global.force_rerun_after_global_route_opt               :	 false               
global.interactive_multithread_mode                     :	 true                
global.macro_boundary_track_utilization                 :	 100                 
global.macro_boundary_width                             :	 5                   
global.macro_corner_track_utilization                   :	 100                 
global.ndr_dr_shape_as_blockage                         :	 true                
global.pin_access_factor                                :	 1                   
global.placement_timing_driven_mode                     :	 false               
global.report_congestion_enable_cell_snapping           :	 false               
global.report_congestion_ignore_buffers                 :	 false               
global.river_routing_extra_effort                       :	 false               
global.routing_corridor_fast_mode                       :	 true                
global.stats_silent_mode                                :	 true                
global.timing_driven                                    :	 false               
global.timing_driven_effort_level                       :	 high                
global.use_partially_blocked_track_on_zero_cap_gcell    :	 false               
global.via_cut_modeling                                 :	 false               
global.via_density                                      :	 0                   
global.via_optimization                                 :	 true                
global.voltage_area_corner_track_utilization            :	 100                 

Begin global routing.
Warning: Cell contains tie connections which are not connected to real PG. (ZRT-511)
Successfully added cut lay CO
Successfully added cut lay VIA1
Successfully added cut lay VIA2
Successfully added cut lay VIA3
Successfully added cut lay VIA4
Successfully added cut lay VIA5
Successfully added cut lay VIA6
Successfully added cut lay VIA7
Successfully added cut lay VIA8
Warning: Ignore contact DIFFCON. (ZRT-015)
Turn off antenna since no rule is specified
Cell Min-Routing-Layer = M2
Cell Max-Routing-Layer = M7
track auto-fill added 2 tracks on M1
track auto-fill added 0 tracks on M2
track auto-fill added 2 tracks on M3
track auto-fill added 2 tracks on M4
track auto-fill added 2 tracks on M5
track auto-fill added 2 tracks on M6
track auto-fill added 2 tracks on M7
track auto-fill added 2 tracks on M8
track auto-fill added 2 tracks on M9
Found 0 pin access route guide groups.
Warning: Ignore 2 top cell ports with no pins. (ZRT-027)
Info: number of net_type_blockage: 0 
auto selected default vias for NDR rule LOPT_M3_M7 layer VIA1:
  VIA12C-R
  VIA12B-R
  VIA12B
  VIA12C
auto selected default vias for NDR rule LOPT_M3_M7 layer VIA2:
  VIA23C
  VIA23C-R
auto selected default vias for NDR rule LOPT_M3_M7 layer VIA3:
  VIA34C
  VIA34C-R
auto selected default vias for NDR rule LOPT_M3_M7 layer VIA4:
  VIA45C
  VIA45C-R
auto selected default vias for NDR rule LOPT_M3_M7 layer VIA5:
  VIA56C
  VIA56C-R
auto selected default vias for NDR rule LOPT_M3_M7 layer VIA6:
  VIA67C
  VIA67C-R
auto selected default vias for NDR rule LOPT_M3_M7 layer VIA7:
  VIA78C
  VIA78C-R
auto selected default vias for NDR rule LOPT_M3_M7 layer VIA8:
  VIA89C
  VIA89C-R
auto selected default vias for NDR rule LOPT_M6_M7 layer VIA1:
  VIA12C-R
  VIA12B-R
  VIA12B
  VIA12C
auto selected default vias for NDR rule LOPT_M6_M7 layer VIA2:
  VIA23C
  VIA23C-R
auto selected default vias for NDR rule LOPT_M6_M7 layer VIA3:
  VIA34C
  VIA34C-R
auto selected default vias for NDR rule LOPT_M6_M7 layer VIA4:
  VIA45C
  VIA45C-R
auto selected default vias for NDR rule LOPT_M6_M7 layer VIA5:
  VIA56C
  VIA56C-R
auto selected default vias for NDR rule LOPT_M6_M7 layer VIA6:
  VIA67C
  VIA67C-R
auto selected default vias for NDR rule LOPT_M6_M7 layer VIA7:
  VIA78C
  VIA78C-R
auto selected default vias for NDR rule LOPT_M6_M7 layer VIA8:
  VIA89C
  VIA89C-R
auto selected default vias for NDR rule clk_network_NDR_internal layer VIA1:
  VIA12C-R
  VIA12B-R
  VIA12B
  VIA12C
auto selected default vias for NDR rule clk_network_NDR_internal layer VIA2:
  VIA23C
  VIA23C-R
auto selected default vias for NDR rule clk_network_NDR_internal layer VIA3:
  VIA34C
  VIA34C-R
auto selected default vias for NDR rule clk_network_NDR_internal layer VIA4:
  VIA45C
  VIA45C-R
auto selected default vias for NDR rule clk_network_NDR_internal layer VIA5:
  VIA56C
  VIA56C-R
auto selected default vias for NDR rule clk_network_NDR_internal layer VIA6:
  VIA67C
  VIA67C-R
auto selected default vias for NDR rule clk_network_NDR_internal layer VIA7:
  VIA78C
  VIA78C-R
auto selected default vias for NDR rule clk_network_NDR_internal layer VIA8:
  VIA89C
  VIA89C-R
auto selected default vias for NDR rule clk_network_NDR_internal_ext_spacing layer VIA1:
  VIA12C-R
  VIA12B-R
  VIA12B
  VIA12C
auto selected default vias for NDR rule clk_network_NDR_internal_ext_spacing layer VIA2:
  VIA23C
  VIA23C-R
auto selected default vias for NDR rule clk_network_NDR_internal_ext_spacing layer VIA3:
  VIA34C
  VIA34C-R
auto selected default vias for NDR rule clk_network_NDR_internal_ext_spacing layer VIA4:
  VIA45C
  VIA45C-R
auto selected default vias for NDR rule clk_network_NDR_internal_ext_spacing layer VIA5:
  VIA56C
  VIA56C-R
auto selected default vias for NDR rule clk_network_NDR_internal_ext_spacing layer VIA6:
  VIA67C
  VIA67C-R
auto selected default vias for NDR rule clk_network_NDR_internal_ext_spacing layer VIA7:
  VIA78C
  VIA78C-R
auto selected default vias for NDR rule clk_network_NDR_internal_ext_spacing layer VIA8:
  VIA89C
  VIA89C-R
auto selected default vias for NDR rule clk_network_NDR_root layer VIA1:
  VIA12C-R
  VIA12B-R
  VIA12B
  VIA12C
auto selected default vias for NDR rule clk_network_NDR_root layer VIA2:
  VIA23C
  VIA23C-R
auto selected default vias for NDR rule clk_network_NDR_root layer VIA3:
  VIA34C
  VIA34C-R
auto selected default vias for NDR rule clk_network_NDR_root layer VIA4:
  VIA45C
  VIA45C-R
auto selected default vias for NDR rule clk_network_NDR_root layer VIA5:
  VIA56C
  VIA56C-R
auto selected default vias for NDR rule clk_network_NDR_root layer VIA6:
  VIA67C
  VIA67C-R
auto selected default vias for NDR rule clk_network_NDR_root layer VIA7:
  VIA78C
  VIA78C-R
auto selected default vias for NDR rule clk_network_NDR_root layer VIA8:
  VIA89C
  VIA89C-R
auto selected default vias for NDR rule clk_network_NDR_root_ext_spacing layer VIA1:
  VIA12C-R
  VIA12B-R
  VIA12B
  VIA12C
auto selected default vias for NDR rule clk_network_NDR_root_ext_spacing layer VIA2:
  VIA23C
  VIA23C-R
auto selected default vias for NDR rule clk_network_NDR_root_ext_spacing layer VIA3:
  VIA34C
  VIA34C-R
auto selected default vias for NDR rule clk_network_NDR_root_ext_spacing layer VIA4:
  VIA45C
  VIA45C-R
auto selected default vias for NDR rule clk_network_NDR_root_ext_spacing layer VIA5:
  VIA56C
  VIA56C-R
auto selected default vias for NDR rule clk_network_NDR_root_ext_spacing layer VIA6:
  VIA67C
  VIA67C-R
auto selected default vias for NDR rule clk_network_NDR_root_ext_spacing layer VIA7:
  VIA78C
  VIA78C-R
auto selected default vias for NDR rule clk_network_NDR_root_ext_spacing layer VIA8:
  VIA89C
  VIA89C-R
auto selected default vias for NDR rule default_rule_equivalent_ndr_double_spacing layer VIA1:
  VIA12C-R
  VIA12B-R
  VIA12B
  VIA12C
auto selected default vias for NDR rule default_rule_equivalent_ndr_double_spacing layer VIA2:
  VIA23C
  VIA23C-R
auto selected default vias for NDR rule default_rule_equivalent_ndr_double_spacing layer VIA3:
  VIA34C
  VIA34C-R
auto selected default vias for NDR rule default_rule_equivalent_ndr_double_spacing layer VIA4:
  VIA45C
  VIA45C-R
auto selected default vias for NDR rule default_rule_equivalent_ndr_double_spacing layer VIA5:
  VIA56C
  VIA56C-R
auto selected default vias for NDR rule default_rule_equivalent_ndr_double_spacing layer VIA6:
  VIA67C
  VIA67C-R
auto selected default vias for NDR rule default_rule_equivalent_ndr_double_spacing layer VIA7:
  VIA78C
  VIA78C-R
auto selected default vias for NDR rule default_rule_equivalent_ndr_double_spacing layer VIA8:
  VIA89C
  VIA89C-R
Via on layer (VIA1) needs more than one tracks
Warning: Layer M1 pitch 0.320 may be too small: wire/via-down 0.315, wire/via-up 0.330. (ZRT-026)
Via on layer (VIA1) needs more than one tracks
Warning: Layer M2 pitch 0.320 may be too small: wire/via-down 0.360, wire/via-up 0.320. (ZRT-026)
Total number of nets = 48003, of which 0 are not extracted
Total number of open nets = 45288, of which 0 are frozen
soft rule LOPT_M3_M7_3_8_wire is redundant
soft rule LOPT_M6_M7_3_8_wire is redundant
[DBIn Done] Elapsed real time: 0:00:01 
[DBIn Done] Elapsed cpu  time: sys=0:00:00 usr=0:00:04 total=0:00:04
[DBIn Done] Stage (MB): Used  109  Alloctr  110  Proc    0 
[DBIn Done] Total (MB): Used  114  Alloctr  116  Proc 2244 
Current Stage stats:
[End of Read DB] Elapsed real time: 0:00:02 
[End of Read DB] Elapsed cpu  time: sys=0:00:00 usr=0:00:04 total=0:00:04
[End of Read DB] Stage (MB): Used  107  Alloctr  109  Proc    0 
[End of Read DB] Total (MB): Used  112  Alloctr  114  Proc 2244 
Loading parastics information to the router ...
parastics information loaded to the router.
Constructing data structure ...
Design statistics:
Design Bounding Box (0.00,0.00,983.20,981.92)
Number of routing layers = 9
layer M1, dir Hor, min width = 0.14, min space = 0.14 pitch = 0.32
layer M2, dir Ver, min width = 0.16, min space = 0.16 pitch = 0.32
layer M3, dir Hor, min width = 0.16, min space = 0.16 pitch = 0.64
layer M4, dir Ver, min width = 0.16, min space = 0.16 pitch = 0.64
layer M5, dir Hor, min width = 0.16, min space = 0.16 pitch = 1.28
layer M6, dir Ver, min width = 0.16, min space = 0.16 pitch = 1.28
layer M7, dir Hor, min width = 0.16, min space = 0.16 pitch = 2.56
layer M8, dir Ver, min width = 0.16, min space = 0.16 pitch = 3.84
layer M9, dir Hor, min width = 0.45, min space = 0.45 pitch = 5.12
Current Stage stats:
[End of Build Tech Data] Elapsed real time: 0:00:00 
[End of Build Tech Data] Elapsed cpu  time: sys=0:00:00 usr=0:00:00 total=0:00:00
[End of Build Tech Data] Stage (MB): Used    3  Alloctr    3  Proc    0 
[End of Build Tech Data] Total (MB): Used  116  Alloctr  117  Proc 2244 
Net statistics:
Total number of nets     = 48003
Number of nets to route  = 45288
Number of single or zero port nets = 1
Number of nets with min-layer-mode soft = 2712
Number of nets with min-layer-mode soft-cost-medium = 2712
Number of nets with max-layer-mode hard = 2688
2714 nets are fully connected,
 of which 2714 are detail routed and 0 are global routed.
486 nets have non-default rule clk_network_NDR_internal
253 nets have non-default rule clk_network_NDR_internal_ext_spacing
7 nets have non-default rule clk_network_NDR_root
17 nets have non-default rule clk_network_NDR_root_ext_spacing
1221 nets have non-default rule default_rule_equivalent_ndr_double_spacing
Current Stage stats:
[End of Build All Nets] Elapsed real time: 0:00:00 
[End of Build All Nets] Elapsed cpu  time: sys=0:00:00 usr=0:00:01 total=0:00:01
[End of Build All Nets] Stage (MB): Used   15  Alloctr   15  Proc    0 
[End of Build All Nets] Total (MB): Used  131  Alloctr  133  Proc 2244 
Average gCell capacity  1.96	 on layer (1)	 M1
Average gCell capacity  7.59	 on layer (2)	 M2
Average gCell capacity  3.77	 on layer (3)	 M3
Average gCell capacity  3.83	 on layer (4)	 M4
Average gCell capacity  2.04	 on layer (5)	 M5
Average gCell capacity  2.06	 on layer (6)	 M6
Average gCell capacity  1.04	 on layer (7)	 M7
Average gCell capacity  0.49	 on layer (8)	 M8
Average gCell capacity  0.00	 on layer (9)	 M9
Average number of tracks per gCell 9.03	 on layer (1)	 M1
Average number of tracks per gCell 9.01	 on layer (2)	 M2
Average number of tracks per gCell 4.52	 on layer (3)	 M3
Average number of tracks per gCell 4.51	 on layer (4)	 M4
Average number of tracks per gCell 2.26	 on layer (5)	 M5
Average number of tracks per gCell 2.26	 on layer (6)	 M6
Average number of tracks per gCell 1.13	 on layer (7)	 M7
Average number of tracks per gCell 0.76	 on layer (8)	 M8
Average number of tracks per gCell 0.57	 on layer (9)	 M9
Number of gCells = 1043460
Current Stage stats:
[End of Build Congestion map] Elapsed real time: 0:00:01 
[End of Build Congestion map] Elapsed cpu  time: sys=0:00:00 usr=0:00:01 total=0:00:01
[End of Build Congestion map] Stage (MB): Used   11  Alloctr   11  Proc    0 
[End of Build Congestion map] Total (MB): Used  142  Alloctr  145  Proc 2244 
Information: RC layer preference is turned off for this design. (ZRT-613)
Total stats:
[End of Build Data] Elapsed real time: 0:00:02 
[End of Build Data] Elapsed cpu  time: sys=0:00:00 usr=0:00:03 total=0:00:03
[End of Build Data] Stage (MB): Used   30  Alloctr   30  Proc    0 
[End of Build Data] Total (MB): Used  143  Alloctr  145  Proc 2244 
Current Stage stats:
[End of Blocked Pin Detection] Elapsed real time: 0:00:03 
[End of Blocked Pin Detection] Elapsed cpu  time: sys=0:00:00 usr=0:00:03 total=0:00:03
[End of Blocked Pin Detection] Stage (MB): Used    0  Alloctr    0  Proc    0 
[End of Blocked Pin Detection] Total (MB): Used  143  Alloctr  145  Proc 2244 
Information: Using 4 threads for routing. (ZRT-444)
placement fast mode ON
multi gcell levels ON

Start GR phase 0
10% of nets complete Elapsed cpu time: 0:00:00 Elapsed real time: 0:00:00
12.21 % of the nets are routed.
20% of nets complete Elapsed cpu time: 0:00:00 Elapsed real time: 0:00:00
24.41 % of the nets are routed.
30% of nets complete Elapsed cpu time: 0:00:00 Elapsed real time: 0:00:00
36.62 % of the nets are routed.
40% of nets complete Elapsed cpu time: 0:00:01 Elapsed real time: 0:00:01
48.83 % of the nets are routed.
50% of nets complete Elapsed cpu time: 0:00:01 Elapsed real time: 0:00:01
60% of nets complete Elapsed cpu time: 0:00:01 Elapsed real time: 0:00:01
61.03 % of the nets are routed.
70% of nets complete Elapsed cpu time: 0:00:02 Elapsed real time: 0:00:02
73.24 % of the nets are routed.
80% of nets complete Elapsed cpu time: 0:00:02 Elapsed real time: 0:00:02
85.44 % of the nets are routed.
90% of nets complete Elapsed cpu time: 0:00:04 Elapsed real time: 0:00:04
97.65 % of the nets are routed.
Current Stage stats:
[End of Initial Routing] Elapsed real time: 0:00:08 
[End of Initial Routing] Elapsed cpu  time: sys=0:00:00 usr=0:00:08 total=0:00:08
[End of Initial Routing] Stage (MB): Used   23  Alloctr   23  Proc    0 
[End of Initial Routing] Total (MB): Used  166  Alloctr  169  Proc 2244 
Initial. Routing result:
Initial. Both Dirs: Overflow =  8227 Max = 5 GRCs = 21289 (9.18%)
Initial. H routing: Overflow =  5523 Max = 4 (GRCs =   8) GRCs = 17791 (15.35%)
Initial. V routing: Overflow =  2704 Max = 5 (GRCs =   6) GRCs =  3498 (3.02%)
Initial. M1         Overflow =     0 Max = 0 (GRCs =   0) GRCs =     0 (0.00%)
Initial. M2         Overflow =  2139 Max = 5 (GRCs =   6) GRCs =  2896 (2.50%)
Initial. M3         Overflow =  4278 Max = 4 (GRCs =   8) GRCs = 16547 (14.27%)
Initial. M4         Overflow =   485 Max = 2 (GRCs =   7) GRCs =   522 (0.45%)
Initial. M5         Overflow =   887 Max = 2 (GRCs =   1) GRCs =   886 (0.76%)
Initial. M6         Overflow =    80 Max = 1 (GRCs =  80) GRCs =    80 (0.07%)
Initial. M7         Overflow =   358 Max = 1 (GRCs = 358) GRCs =   358 (0.31%)
Initial. M8         Overflow =     0 Max = 0 (GRCs =   0) GRCs =     0 (0.00%)
Initial. M9         Overflow =     0 Max = 0 (GRCs =   0) GRCs =     0 (0.00%)

Initial. Total Wire Length = 1795540.98
Initial. Layer M1 wire length = 26.18
Initial. Layer M2 wire length = 494644.37
Initial. Layer M3 wire length = 550561.52
Initial. Layer M4 wire length = 297442.48
Initial. Layer M5 wire length = 305608.13
Initial. Layer M6 wire length = 58479.76
Initial. Layer M7 wire length = 88778.54
Initial. Layer M8 wire length = 0.00
Initial. Layer M9 wire length = 0.00
Initial. Total Number of Contacts = 352084
Initial. Via VIA12C count = 151636
Initial. Via VIA23C count = 154826
Initial. Via VIA34C count = 23966
Initial. Via VIA45C count = 16890
Initial. Via VIA56C count = 2672
Initial. Via VIA67C count = 2094
Initial. Via VIA78C count = 0
Initial. Via VIA89C count = 0
Initial. completed.

Start GR phase 1
10% of nets complete Elapsed cpu time: 0:00:03 Elapsed real time: 0:00:03
20% of nets complete Elapsed cpu time: 0:00:05 Elapsed real time: 0:00:05
30% of nets complete Elapsed cpu time: 0:00:06 Elapsed real time: 0:00:06
40% of nets complete Elapsed cpu time: 0:00:07 Elapsed real time: 0:00:07
50% of nets complete Elapsed cpu time: 0:00:07 Elapsed real time: 0:00:07
60% of nets complete Elapsed cpu time: 0:00:08 Elapsed real time: 0:00:08
70% of nets complete Elapsed cpu time: 0:00:08 Elapsed real time: 0:00:08
80% of nets complete Elapsed cpu time: 0:00:08 Elapsed real time: 0:00:08
90% of nets complete Elapsed cpu time: 0:00:08 Elapsed real time: 0:00:08
Current Stage stats:
[End of Phase1 Routing] Elapsed real time: 0:00:08 
[End of Phase1 Routing] Elapsed cpu  time: sys=0:00:00 usr=0:00:08 total=0:00:08
[End of Phase1 Routing] Stage (MB): Used    2  Alloctr    2  Proc    0 
[End of Phase1 Routing] Total (MB): Used  169  Alloctr  172  Proc 2244 
phase1. Routing result:
phase1. Both Dirs: Overflow =  2556 Max = 5 GRCs =  9373 (4.04%)
phase1. H routing: Overflow =   781 Max = 4 (GRCs =  4) GRCs =  7082 (6.11%)
phase1. V routing: Overflow =  1775 Max = 5 (GRCs =  6) GRCs =  2291 (1.98%)
phase1. M1         Overflow =     0 Max = 0 (GRCs =  0) GRCs =     0 (0.00%)
phase1. M2         Overflow =  1761 Max = 5 (GRCs =  6) GRCs =  2270 (1.96%)
phase1. M3         Overflow =   758 Max = 4 (GRCs =  4) GRCs =  7059 (6.09%)
phase1. M4         Overflow =     6 Max = 1 (GRCs = 14) GRCs =    14 (0.01%)
phase1. M5         Overflow =     4 Max = 1 (GRCs =  4) GRCs =     4 (0.00%)
phase1. M6         Overflow =     7 Max = 1 (GRCs =  7) GRCs =     7 (0.01%)
phase1. M7         Overflow =    19 Max = 1 (GRCs = 19) GRCs =    19 (0.02%)
phase1. M8         Overflow =     0 Max = 0 (GRCs =  0) GRCs =     0 (0.00%)
phase1. M9         Overflow =     0 Max = 0 (GRCs =  0) GRCs =     0 (0.00%)

phase1. Total Wire Length = 1840094.76
phase1. Layer M1 wire length = 477.08
phase1. Layer M2 wire length = 502884.40
phase1. Layer M3 wire length = 522167.52
phase1. Layer M4 wire length = 310465.19
phase1. Layer M5 wire length = 318024.07
phase1. Layer M6 wire length = 82507.38
phase1. Layer M7 wire length = 103569.12
phase1. Layer M8 wire length = 0.00
phase1. Layer M9 wire length = 0.00
phase1. Total Number of Contacts = 363354
phase1. Via VIA12C count = 151544
phase1. Via VIA23C count = 154079
phase1. Via VIA34C count = 28711
phase1. Via VIA45C count = 21383
phase1. Via VIA56C count = 4454
phase1. Via VIA67C count = 3183
phase1. Via VIA78C count = 0
phase1. Via VIA89C count = 0
phase1. completed.

Start GR phase 2
10% of nets complete Elapsed cpu time: 0:00:01 Elapsed real time: 0:00:01
20% of nets complete Elapsed cpu time: 0:00:01 Elapsed real time: 0:00:01
30% of nets complete Elapsed cpu time: 0:00:01 Elapsed real time: 0:00:01
40% of nets complete Elapsed cpu time: 0:00:01 Elapsed real time: 0:00:01
50% of nets complete Elapsed cpu time: 0:00:01 Elapsed real time: 0:00:01
60% of nets complete Elapsed cpu time: 0:00:01 Elapsed real time: 0:00:01
70% of nets complete Elapsed cpu time: 0:00:01 Elapsed real time: 0:00:01
80% of nets complete Elapsed cpu time: 0:00:01 Elapsed real time: 0:00:01
90% of nets complete Elapsed cpu time: 0:00:01 Elapsed real time: 0:00:01
Current Stage stats:
[End of Phase2 Routing] Elapsed real time: 0:00:01 
[End of Phase2 Routing] Elapsed cpu  time: sys=0:00:00 usr=0:00:01 total=0:00:01
[End of Phase2 Routing] Stage (MB): Used    0  Alloctr    0  Proc    0 
[End of Phase2 Routing] Total (MB): Used  169  Alloctr  172  Proc 2244 
phase2. Routing result:
phase2. Both Dirs: Overflow =  1172 Max = 3 GRCs =  1300 (0.56%)
phase2. H routing: Overflow =   189 Max = 3 (GRCs =  5) GRCs =   243 (0.21%)
phase2. V routing: Overflow =   983 Max = 3 (GRCs = 15) GRCs =  1057 (0.91%)
phase2. M1         Overflow =     0 Max = 0 (GRCs =  0) GRCs =     0 (0.00%)
phase2. M2         Overflow =   983 Max = 3 (GRCs = 15) GRCs =  1057 (0.91%)
phase2. M3         Overflow =   189 Max = 3 (GRCs =  5) GRCs =   243 (0.21%)
phase2. M4         Overflow =     0 Max = 0 (GRCs =  0) GRCs =     0 (0.00%)
phase2. M5         Overflow =     0 Max = 0 (GRCs =  0) GRCs =     0 (0.00%)
phase2. M6         Overflow =     0 Max = 0 (GRCs =  0) GRCs =     0 (0.00%)
phase2. M7         Overflow =     0 Max = 0 (GRCs =  0) GRCs =     0 (0.00%)
phase2. M8         Overflow =     0 Max = 0 (GRCs =  0) GRCs =     0 (0.00%)
phase2. M9         Overflow =     0 Max = 0 (GRCs =  0) GRCs =     0 (0.00%)

phase2. Total Wire Length = 1843056.56
phase2. Layer M1 wire length = 487.07
phase2. Layer M2 wire length = 507009.76
phase2. Layer M3 wire length = 523587.21
phase2. Layer M4 wire length = 309196.45
phase2. Layer M5 wire length = 317137.59
phase2. Layer M6 wire length = 82510.18
phase2. Layer M7 wire length = 103128.31
phase2. Layer M8 wire length = 0.00
phase2. Layer M9 wire length = 0.00
phase2. Total Number of Contacts = 363535
phase2. Via VIA12C count = 151543
phase2. Via VIA23C count = 154364
phase2. Via VIA34C count = 28688
phase2. Via VIA45C count = 21337
phase2. Via VIA56C count = 4437
phase2. Via VIA67C count = 3166
phase2. Via VIA78C count = 0
phase2. Via VIA89C count = 0
phase2. completed.
Number of multi gcell level routed nets = 5
[End of Whole Chip Routing] Elapsed real time: 0:00:24 
[End of Whole Chip Routing] Elapsed cpu  time: sys=0:00:00 usr=0:00:25 total=0:00:25
[End of Whole Chip Routing] Stage (MB): Used   56  Alloctr   57  Proc    0 
[End of Whole Chip Routing] Total (MB): Used  169  Alloctr  172  Proc 2244 

Information: Global Routing terminated early: false (ZRT-103)

Congestion utilization per direction:
Average vertical track utilization   = 29.78 %
Peak    vertical track utilization   = 166.67 %
Average horizontal track utilization = 42.17 %
Peak    horizontal track utilization = 175.00 %

Current Stage stats:
[GR: Done] Elapsed real time: 0:00:00 
[GR: Done] Elapsed cpu  time: sys=0:00:00 usr=0:00:00 total=0:00:00
[GR: Done] Stage (MB): Used  -11  Alloctr  -10  Proc    0 
[GR: Done] Total (MB): Used  159  Alloctr  162  Proc 2244 
GR Total stats:
[GR: Done] Elapsed real time: 0:00:26 
[GR: Done] Elapsed cpu  time: sys=0:00:00 usr=0:00:30 total=0:00:30
[GR: Done] Stage (MB): Used  154  Alloctr  156  Proc    0 
[GR: Done] Total (MB): Used  159  Alloctr  162  Proc 2244 
Writing out congestion map...
Updating congestion ...
Updating congestion ...
[DBOUT] Elapsed real time: 0:00:00 
[DBOUT] Elapsed cpu  time: sys=0:00:00 usr=0:00:00 total=0:00:00
[DBOUT] Stage (MB): Used -137  Alloctr -139  Proc    0 
[DBOUT] Total (MB): Used    4  Alloctr    5  Proc 2244 
Final total stats:
[End of Global Routing] Elapsed real time: 0:00:26 
[End of Global Routing] Elapsed cpu  time: sys=0:00:00 usr=0:00:30 total=0:00:30
[End of Global Routing] Stage (MB): Used    0  Alloctr    0  Proc    0 
[End of Global Routing] Total (MB): Used    4  Alloctr    5  Proc 2244 
INFO: Derive row count 85 from GR congestion map (340/4)
INFO: Derive col count 85 from GR congestion map (341/4)
Convert timing mode ...
APS-LP[ 1 ]: Congestion map has been initialized.
{ICC2_GENERATED_DEFAULT_SPACING_RULE}
Total number of nets with NDR annotated: 0

npo-clock-opt optimization Phase 17 Iter  1         0.00      0.00         0       0.561           -           0.884

npo-clock-opt optimization Phase 18 Iter  1         0.00      0.00         0       0.561           -           0.884

Use advanced legalizer engine : 0
npo-clock-opt optimization Phase 19 Iter  1         0.00      0.00         0       0.561           -           0.884

Use advanced legalizer engine : 0
npo-clock-opt optimization Phase 20 Iter  1         0.00      0.00         0       0.561           -           0.885
npo-clock-opt optimization Phase 20 Iter  2         0.00      0.00         0       0.561           -           0.885

npo-clock-opt optimization Phase 21 Iter  1         0.00  20674.19         0       0.561           -           0.885
npo-clock-opt optimization Phase 21 Iter  2         0.00  20674.19         0       0.561           -           0.885
Begin building search trees for block css_phy_tx_top.dlib:SCRATCH_DESIGN_2147483648.design
Done building search trees for block css_phy_tx_top.dlib:SCRATCH_DESIGN_2147483648.design (time 0s)
Begin building search trees for block css_phy_tx_top.dlib:SCRATCH_DESIGN_2147483651.design
Begin building search trees for block css_phy_tx_top.dlib:SCRATCH_DESIGN_2147483649.design
Begin building search trees for block css_phy_tx_top.dlib:SCRATCH_DESIGN_2147483650.design
Done building search trees for block css_phy_tx_top.dlib:SCRATCH_DESIGN_2147483650.design (time 0s)
Done building search trees for block css_phy_tx_top.dlib:SCRATCH_DESIGN_2147483649.design (time 0s)
Done building search trees for block css_phy_tx_top.dlib:SCRATCH_DESIGN_2147483651.design (time 0s)
Information: The RC mode used is CTO for design 'css_phy_tx_top'. (NEX-022)
Information: Update timing completed net estimation for all the timing graph nets (TIM-111)
Information: Net estimation statistics: timing graph nets = 61884, routed nets = 2712, across physical hierarchy nets = 0, parasitics cached nets = 61884, delay annotated nets = 0, parasitics annotated nets = 0, multi-voltage nets = 0. (TIM-112)
npo-clock-opt optimization Phase 21 Iter  3         0.00      3.02         0       0.783           -           0.896
npo-clock-opt optimization Phase 21 Iter  4         0.00      1.80         0       0.783           -           0.896

npo-clock-opt optimization Phase 22 Iter  1         0.00      0.00         0       0.783           -           0.896

npo-clock-opt optimization Phase 23 Iter  1         0.00      0.00         0       0.783           -           0.896

npo-clock-opt optimization Phase 24 Iter  1         0.00      0.00         0       0.783           -           0.896
----------------------------------------------------------------
running legalize_placement
Information: The net parasitics of block css_phy_tx_top are cleared. (TIM-123)
nplDplc2Placer::setParam(effort,1)
nplDplc2Placer::setParam(debug,0)
nplDplc2Placer::setParam(site_check,2)
nplDplc2Placer::setParam(app_firm_wgt,0)

Running Advanced Legalizer....
INFO: Setting bounds and VA...
INFO: Setting up voltage area DEFAULT_VA
INFO: Setting up cell instances...
INFO: All fillers in the reference libraries will be considered during legalization/check legality
Information: Initializing site map 'unit' at {10 10} {973.2 971.92}.
INFO: Init siteMap unit with 3010 sites x 334 rows
Adding rule engine Basic Rules version 1.0.0...
Adding rule engine VT Implant Rules version 1.0.0...
Adding rule engine OD Rules version 1.0.0...
Adding rule engine TPO Rules version 1.0.0...
Adding rule engine Pin Access Rules version 1.0.0...
Adding rule engine Span Rules version 1.0.0...
Adding rule engine Index Rules version 1.0.0...
Adding rule engine Color Rules version 1.0.0...
Adding rule engine Inbound (PPNN) Rules version 1.0.0...
Adding rule engine PG DRC/VINS Rules version 1.0.0...
Adding rule engine Exp Rules version 1.0.0...
Adding rule engine N5 Soft Rules version 1.0.0...
2D rule auto detection will enable the following rules:
spacing_rule
pg_drc
INFO: Initializing CTS constraints...
WARNING: No via0 alignment grid is specified, via0 alignment rule will be ignored
WARNING: Please check place.legalize.via0_alignment_grid_name
Constructing pin color alignment legality info...
Initializing PG drc check engine...
Expand check halo by 0.3200 x 0.3200
Scanning PG objects...
PG hash cached 2 nets; 10 viaBoxes; 0 viaMatrices.
PG scanned 484 objects; 117411 vias; 0 staples.
PG scan complete.  Hash key = 2f18b5ba7c1b8ee1
Reading PG structure for 'css_phy_tx_top.dlib:css_phy_tx_top_cts.design'
Layer M1: read 0 secDefs  0 sectors
Layer M2: read 6 secDefs  48240 sectors
Layer M3: read 6 secDefs  48240 sectors
Layer M4: read 6 secDefs  48240 sectors
Layer M5: read 6 secDefs  48240 sectors
Layer M6: read 6 secDefs  48240 sectors
Layer M7: read 6 secDefs  48240 sectors
Layer M8: read 8 secDefs  678 sectors
Layer M9: read 12 secDefs  403 sectors

Sector Array Stats:
Num Sectors: 290521
Num SecDefs:    56
Shared: 53 count; 5481.5 ave; 8064 max
SecDef Shapes: 44 Below-aligned, 0 Above-aligned, 8 Horizontal, 4 Vertical
Referenced Patterns: 2 count; 3.0 ave; 3 max

Place Cache read: 7950 elements -- 0 drcFail 7950 drcOk
Place Cache read: 64 libcells referenced from 1 libs
Place Cache read: used 6 of 56 total secDefs
Access Cache read: 7950 elements -- 106 drcFail 7844 drcOk
Access Cache read: 64 libcells referenced from 1 libs
Access Cache read: used 6 of 56 total secDefs
Connection checks for layer M2: blocked_pin pin_access_default track_drc pin_extend0
Connection checks for layer M3: blocked_pin pin_access_default track_drc pin_extend1
Connection checks for layer M4: blocked_pin pin_access_default track_drc pin_extend1
Connection checks for layer M5: blocked_pin pin_access_default track_drc pin_extend1
INFO: Extracting M1 PG straps
INFO: Constructing BlkInst pin extension data for fast PG check
INFO: Constructing PG-Via/VIB/VINS layer info (VIA1/M2)...
INFO: VIB check extension is 0
INFO: VINS check extension is 0
INFO: PG-Via(pg_via_abut) design rule for layer VIA1 and VIA1 not found
INFO: VIB(vib_abut) design rule for layer M2 and VIA1 not found
INFO: VINS(vins_abut) design rule for layer M2 and VIA1 not found
INFO: Enabling hard placement rule spacing_rule...
INFO: Enabling hard placement rule pg_drc...
INFO: Timing cost factor is 0
Information: Legalizing 49775 moveable cells.
..
Legalization progress 5%...
Legalization progress 10%...
Legalization progress 15%...
Legalization progress 20%...
Legalization progress 25%...
Legalization progress 30%...
Legalization progress 35%...
Legalization progress 40%...
Legalization progress 45%...
Legalization progress 50%...
Legalization progress 55%...
Legalization progress 60%...
Legalization progress 65%...
Legalization progress 70%...
Legalization progress 75%...
Legalization progress 80%...
Legalization progress 85%...
Legalization progress 90%...
Legalization progress 95%...
Legalization progress 100%.
10 references with the lowest legality passing rate:
AND3X1: 77.7% (87 / 112)
AND2X1: 100.0% (203 / 203)
AND2X2: 100.0% (15 / 15)
AND4X1: 100.0% (14 / 14)
AO21X1: 100.0% (508 / 508)
AO21X2: 100.0% (66 / 66)
AO221X1: 100.0% (100 / 100)
AO222X1: 100.0% (411 / 411)
AO222X2: 100.0% (6 / 6)
AO22X1: 100.0% (11939 / 11939)
================ Displacement Report =================
Area: placed=829341, unplaced=0, fixed=20077, blocked=0, total=1005340
Density = 849418/1005340 sites = 84.49%
Inbound cells: 0; 2-row cells: 0; >2-row cells: 0
    Total cell instance count: 52485 (49775 placed, 0 unplaced, 2710 fixed)
        Number of cells moved: 35128 (66.93%)
    Average cell displacement: 1.8889 um (AW: 1.8816 um = 0.6533 rh)
        RMS cell displacement: 3.2895 um (AW: 3.5632 um = 1.2372 rh)
        Max cell displacement: 99.5627 um = 34.5704 rh
           Max displaced cell: u_interleaver/i_out_reg[8] (559.76 35.92)
Number of large displacements: 596
 Large displacement threshold: 3.0000 rh
 Largest displacement cells:
   Cell: u_interleaver/i_out_reg[8] (SDFFARX1)
     Input location: (559.76 35.92)
     Legal location: (496.08 99.28)
     Displacement: 99.5627 um, 34.5704 rh.
   Cell: u_interleaver/i_out_reg[43] (SDFFARX1)
     Input location: (531.6 41.68)
     Legal location: (468.88 99.28)
     Displacement: 97.0028 um, 33.6815 rh.
   Cell: u_interleaver/q_out_reg[25] (SDFFARX1)
     Input location: (619.92 82)
     Legal location: (561.68 139.6)
     Displacement: 91.7061 um, 31.8424 rh.
   Cell: u_controller/chip_counter_reg[1] (SDFFARX1)
     Input location: (918.8 110.8)
     Legal location: (853.52 47.44)
     Displacement: 88.9905 um, 30.8995 rh.
   Cell: u_interleaver/i_temp_reg[10] (SDFFARX1)
     Input location: (567.76 12.88)
     Legal location: (638.8 64.72)
     Displacement: 87.9435 um, 30.5360 rh.
   Cell: u_interleaver/q_out_reg[2] (SDFFARX1)
     Input location: (662.16 122.32)
     Legal location: (726.8 179.92)
     Displacement: 86.5800 um, 30.0625 rh.
   Cell: dqpsk_mem_real_reg[789][0] (SDFFX1)
     Input location: (725.52 548.56)
     Legal location: (791.76 496.72)
     Displacement: 84.1138 um, 29.2062 rh.
   Cell: u_interleaver/q_out_reg[31] (SDFFARX1)
     Input location: (635.6 64.72)
     Legal location: (589.2 12.88)
     Displacement: 80.8512 um, 28.0733 rh.
   Cell: dqpsk_mem_imag_reg[788][1] (SDFFX1)
     Input location: (698.64 560.08)
     Legal location: (761.04 514)
     Displacement: 77.5701 um, 26.9341 rh.
   Cell: u_form_ppdu/OPT_copt_h_inst_61570 (NBUFFX16)
     Input location: (606.64 74.9625)
     Legal location: (660.88 122.32)
     Displacement: 72.0049 um, 25.0017 rh.
======================================================
Place Cache save: 9004 elements -- 0 drcFail 9004 drcOk
Place Cache save: 71 libcells referenced from 1 libs
Place Cache save: used 6 of 56 total secDefs
Access Cache save: 9004 elements -- 106 drcFail 8898 drcOk
Access Cache save: 71 libcells referenced from 1 libs
Access Cache save: used 6 of 56 total secDefs
NPLDRC Place Cache: unique cache elements 9004
NPLDRC Place Cache: read cache elements 7950
NPLDRC Place Cache: hit rate  98.2%  (1054 / 59039)
NPLDRC Access Cache: unique cache elements 9004
NPLDRC Access Cache: read cache elements 7950
NPLDRC Access Cache: hit rate  98.2%  (1054 / 59039)
NPLDRC Pin Status Cache: no calls
NPLDRC Multi Cell Cache: no calls
NPLDRC ViaLadder Cache: no calls
Legalization succeeded.
Total Legalizer CPU: 13.610
----------------------------------------------------------------
Information: The stitching and editing of coupling caps is turned OFF for design 'css_phy_tx_top.dlib:css_phy_tx_top_cts.design'. (TIM-125)
Information: Design css_phy_tx_top_cts has 62407 nets, 0 global routed, 2712 detail routed. (NEX-024)
Information: The RC mode used is CTO for design 'css_phy_tx_top'. (NEX-022)
Information: Design Average RC for design css_phy_tx_top_cts  (NEX-011)
Information: r = 0.562500 ohm/um, via_r = 0.900000 ohm/cut, c = 0.103600 ff/um, cc = 0.000000 ff/um (X dir) (NEX-017)
Information: r = 0.562500 ohm/um, via_r = 0.900000 ohm/cut, c = 0.124450 ff/um, cc = 0.000000 ff/um (Y dir) (NEX-017)
Information: Update timing completed net estimation for all the timing graph nets (TIM-111)
Information: Net estimation statistics: timing graph nets = 62405, routed nets = 2712, across physical hierarchy nets = 0, parasitics cached nets = 62405, delay annotated nets = 0, parasitics annotated nets = 0, multi-voltage nets = 0. (TIM-112)
Use advanced legalizer engine : 0

Use advanced legalizer engine : 0
npo-clock-opt optimization Phase 25 Iter  1         0.00      0.00         0       0.783           -           0.902
npo-clock-opt optimization Phase 25 Iter  2         0.00      0.00         0       0.783           -           0.902
npo-clock-opt optimization Phase 25 Iter  3         0.00      0.00         0       0.783           -           0.902
PBO-INFO:  LR disabled
npo-clock-opt optimization Phase 25 Iter  4         0.00      0.00         0       0.783           -           0.902
PBO-INFO:  LR disabled
npo-clock-opt optimization Phase 25 Iter  5         0.00      0.00         0       0.783           -           0.902
npo-clock-opt optimization Phase 25 Iter  6         0.00      0.00         0       0.783           -           0.902

npo-clock-opt optimization Phase 26 Iter  1         0.00      0.00         0       0.783           -           0.902
Running CCD-wnsh_area
xform.liba_use_cache 0
Information: CTS will work on the following scenarios. (CTS-101)
   default	(Mode: default; Corner: default)
Information: CTS will work on all clocks in active scenarios, including 2 master clocks and 0 generated clocks. (CTS-107)
Information: Clock derating is enabled

CTS related app options set by user:
   cts.common.max_fanout = 5
   cts.common.max_net_length = 100
   cts.common.user_instance_name_prefix = CTS_
   cts.compile.enable_global_route = true
   cts.compile.remove_existing_clock_trees = true

Buffer/Inverter reference list for clock tree synthesis:
   saed90nm_max/NBUFFX16
   saed90nm_max/NBUFFX2
   saed90nm_max/NBUFFX4
   saed90nm_max/NBUFFX8
   saed90nm_max/IBUFFX16
   saed90nm_max/IBUFFX2
   saed90nm_max/IBUFFX4
   saed90nm_max/IBUFFX8
   saed90nm_max/INVX16
   saed90nm_max/INVX2
   saed90nm_max/INVX4
   saed90nm_max/INVX8
There is no CTS reference for ICG cells
There is no CTS reference for register cells
Information: 'default' is identified as primary corner for initial clock tree building. (CTS-103)
Number of Site types in the design = 1
Setting up Chip Core
Chip Core shape: (100000 100000) (9732000 9719200)
Number of unique PDs = 1
Number of Power Domains = 1
Number of Voltage Areas = 1
Number of supply Nets = 2
Number of used supplies = 2
CTS NDR rule list:
   Clock: CLK (mode default); Net Type: sink;     Rule: default rule; Min Layer: M1; Max Layer: M3
   Clock: CLK (mode default); Net Type: internal; Rule: clk_network_NDR_internal; Min Layer: M3; Max Layer: M5
   Clock: CLK (mode default); Net Type: root;     Rule: clk_network_NDR_root; Min Layer: M5; Max Layer: M7
   Clock: SCAN_CLK (mode default); Net Type: sink;     Rule: default rule; Min Layer: M1; Max Layer: M3
   Clock: SCAN_CLK (mode default); Net Type: internal; Rule: clk_network_NDR_internal; Min Layer: M3; Max Layer: M5
   Clock: SCAN_CLK (mode default); Net Type: root;     Rule: clk_network_NDR_root; Min Layer: M5; Max Layer: M7

Clock cell spacing rule list:
   No clock cell spacing rule is found.
Scenario default::default : setup = true, hold = true
Use advanced legalizer engine : 0
Warning: Routing direction of metal layer PO is neither "horizontal" nor "vertical".  PDC checks will not be performed on this layer. (PDC-003)
PDC app_options settings =========
	place.legalize.enable_prerouted_net_check: 1

Expand check halo by 0.3200 x 0.3200
Scanning PG objects...
PG hash cached 2 nets; 10 viaBoxes; 0 viaMatrices.
PG scanned 484 objects; 117411 vias; 0 staples.
PG scan complete.  Hash key = 2f18b5ba7c1b8ee1
Reading PG structure for 'css_phy_tx_top.dlib:css_phy_tx_top_cts.design'
Layer M1: read 0 secDefs  0 sectors
Layer M2: read 6 secDefs  48240 sectors
Layer M3: read 6 secDefs  48240 sectors
Layer M4: read 6 secDefs  48240 sectors
Layer M5: read 6 secDefs  48240 sectors
Layer M6: read 6 secDefs  48240 sectors
Layer M7: read 6 secDefs  48240 sectors
Layer M8: read 8 secDefs  678 sectors
Layer M9: read 12 secDefs  403 sectors

Sector Array Stats:
Num Sectors: 290521
Num SecDefs:    56
Shared: 53 count; 5481.5 ave; 8064 max
SecDef Shapes: 44 Below-aligned, 0 Above-aligned, 8 Horizontal, 4 Vertical
Referenced Patterns: 2 count; 3.0 ave; 3 max

Place Cache read: 9004 elements -- 0 drcFail 9004 drcOk
Place Cache read: 71 libcells referenced from 1 libs
Place Cache read: used 6 of 56 total secDefs
Access Cache read: 9004 elements -- 106 drcFail 8898 drcOk
Access Cache read: 71 libcells referenced from 1 libs
Access Cache read: used 6 of 56 total secDefs
Connection checks for layer M2: blocked_pin pin_access_default track_drc pin_extend0
Connection checks for layer M3: blocked_pin pin_access_default track_drc pin_extend1
Connection checks for layer M4: blocked_pin pin_access_default track_drc pin_extend1
Connection checks for layer M5: blocked_pin pin_access_default track_drc pin_extend1
Information: Legalizer's PDC rule check is enabled
Information: Legalizer's advanced rule check is enabled
CCD initialization runtime: cpu 8.287055, elapsed 4.907278, speed up 1.688727.

CCD app options set by user:
   ccd.hold_control_effort = high
   clock_opt.flow.enable_ccd = true
   clock_opt.flow.enable_clock_power_recovery = area
   clock_opt.flow.optimize_ndr = true
   clock_opt.hold.effort = high
Information: The netlist and extraction change observers are disabled for further incremental timing updates during on-route optimization. (TIM-119)
Information: The timing has been updated before disabling netlist and extraction change observers. (TIM-121)
CCD: using 4 threads
CTSSC route status detected: clock (VR 0, GR 0, DR 40998), data (VR 59700, GR 0, DR 0); stage = preroute, isPostRoute = FALSE
Total power = 0.000000, Leakage = 0.000000, Internal = 0.000000, Switching = 0.000000

CCD: Initial QOR:
    Scenario default  WNS = 0.000000, WEIGHTED_GROUP_SLACK = 0.000000, TNS = 0.000000, NVP = 0
    Scenario default  WNHS = 0.890340, TNHS = 1.777386, NHVP = 2
RepeaterCount 2709, RepeaterArea 18490.982400, CellCount 2710, CellArea 18502.963200, FlopCount 9744, FlopArea 300202.905600, LatchCount 0, LatchArea 0.000000
Total power = 0.000000, Leakage = 0.000000, Internal = 0.000000, Switching = 0.000000

    Optimization Summary 		

-------------------------------------------------

	# Drivers Attempted               =          0
	# Skipped during isValid and estimate          =          0
	# Failed subgraph evaluation           =          0
	# Failed main graph committ          =          0
	# Successful main graph commit      =          0
	# NumCTCells changed               =          0


	# Flow total CPU                  =     0.5705
	# Flow total elapsed                  =     0.5705
	# Flow total speed up                =     1.0000

-------------------------------------------------


CCD: After CG based optimization:
    Scenario default  WNS = 0.000000, WEIGHTED_GROUP_SLACK = 0.000000, TNS = 0.000000, NVP = 0
    Scenario default  WNHS = 0.890340, TNHS = 1.777386, NHVP = 2
RepeaterCount 2709, RepeaterArea 18490.982400, CellCount 2710, CellArea 18502.963200, FlopCount 9744, FlopArea 300202.905600, LatchCount 0, LatchArea 0.000000
Total power = 0.000000, Leakage = 0.000000, Internal = 0.000000, Switching = 0.000000

    Optimization Summary 		

-------------------------------------------------

	# Drivers Attempted               =          0
	# Skipped during isValid and estimate          =          0
	# Failed subgraph evaluation           =          0
	# Failed main graph committ          =          0
	# Successful main graph commit      =          0
	# NumCTCells changed               =          0


	# Flow total CPU                  =     1.3658
	# Flow total elapsed                  =     1.3660
	# Flow total speed up                =     0.9999

-------------------------------------------------


CCD: After SC THS sizedown optimization:
    Scenario default  WNS = 0.000000, WEIGHTED_GROUP_SLACK = 0.000000, TNS = 0.000000, NVP = 0
    Scenario default  WNHS = 0.890340, TNHS = 1.777386, NHVP = 2
RepeaterCount 2709, RepeaterArea 18490.982400, CellCount 2710, CellArea 18502.963200, FlopCount 9744, FlopArea 300202.905600, LatchCount 0, LatchArea 0.000000

    Optimization Summary 		

-------------------------------------------------

	# Drivers Attempted               =          0
	# Skipped during isValid and estimate          =          0
	# Failed subgraph evaluation           =          0
	# Failed main graph committ          =          0
	# Successful main graph commit      =          0
	# NumCTCells changed               =          0


	# Flow total CPU                  =     1.2128
	# Flow total elapsed                  =     1.2134
	# Flow total speed up                =     0.9996

-------------------------------------------------


CCD: After SC THS sizeup optimization:
    Scenario default  WNS = 0.000000, WEIGHTED_GROUP_SLACK = 0.000000, TNS = 0.000000, NVP = 0
    Scenario default  WNHS = 0.890340, TNHS = 1.777386, NHVP = 2
RepeaterCount 2709, RepeaterArea 18490.982400, CellCount 2710, CellArea 18502.963200, FlopCount 9744, FlopArea 300202.905600, LatchCount 0, LatchArea 0.000000

CCD: After SC THS cluster-buffer optimization:
    Scenario default  WNS = 0.000000, WEIGHTED_GROUP_SLACK = 0.000000, TNS = 0.000000, NVP = 0
    Scenario default  WNHS = 0.890340, TNHS = 1.777386, NHVP = 2
RepeaterCount 2709, RepeaterArea 18490.982400, CellCount 2710, CellArea 18502.963200, FlopCount 9744, FlopArea 300202.905600, LatchCount 0, LatchArea 0.000000

    Optimization Summary 		

-------------------------------------------------

	# Drivers Attempted               =          0
	# Skipped during isValid and estimate          =          0
	# Failed subgraph evaluation           =          0
	# Failed main graph committ          =          0
	# Successful main graph commit      =          0
	# NumCTCells changed               =          0


	# Flow total CPU                  =     1.2114
	# Flow total elapsed                  =     1.2119
	# Flow total speed up                =     0.9996

-------------------------------------------------


CCD: After SC THS partial-buffer optimization:
    Scenario default  WNS = 0.000000, WEIGHTED_GROUP_SLACK = 0.000000, TNS = 0.000000, NVP = 0
    Scenario default  WNHS = 0.890340, TNHS = 1.777386, NHVP = 2
RepeaterCount 2709, RepeaterArea 18490.982400, CellCount 2710, CellArea 18502.963200, FlopCount 9744, FlopArea 300202.905600, LatchCount 0, LatchArea 0.000000
Begin building search trees for block css_phy_tx_top.dlib:SCRATCH_DESIGN_2147483648.design
Begin building search trees for block css_phy_tx_top.dlib:SCRATCH_DESIGN_2147483650.design
Begin building search trees for block css_phy_tx_top.dlib:SCRATCH_DESIGN_2147483649.design
Begin building search trees for block css_phy_tx_top.dlib:SCRATCH_DESIGN_2147483651.design
Done building search trees for block css_phy_tx_top.dlib:SCRATCH_DESIGN_2147483648.design (time 0s)
Done building search trees for block css_phy_tx_top.dlib:SCRATCH_DESIGN_2147483650.design (time 0s)
Done building search trees for block css_phy_tx_top.dlib:SCRATCH_DESIGN_2147483649.design (time 0s)
Done building search trees for block css_phy_tx_top.dlib:SCRATCH_DESIGN_2147483651.design (time 0s)
Begin building search trees for block css_phy_tx_top.dlib:SCRATCH_DESIGN_2147483652.design
Begin building search trees for block css_phy_tx_top.dlib:SCRATCH_DESIGN_2147483653.design
Begin building search trees for block css_phy_tx_top.dlib:SCRATCH_DESIGN_2147483654.design
Begin building search trees for block css_phy_tx_top.dlib:SCRATCH_DESIGN_2147483655.design
Done building search trees for block css_phy_tx_top.dlib:SCRATCH_DESIGN_2147483652.design (time 0s)
Done building search trees for block css_phy_tx_top.dlib:SCRATCH_DESIGN_2147483653.design (time 0s)
Done building search trees for block css_phy_tx_top.dlib:SCRATCH_DESIGN_2147483654.design (time 0s)
Done building search trees for block css_phy_tx_top.dlib:SCRATCH_DESIGN_2147483655.design (time 0s)
44,44|14,1,15|6,6|7,7|4,4|3,3|2,2|2,2|1,1|1,1|1,1|1,1|1,1|1,1|
    Optimization Summary 		

-------------------------------------------------

	# Drivers Attempted               =         89
	# Skipped during isValid and estimate          =          0
	# Failed subgraph evaluation           =          0
	# Failed main graph committ          =          1
	# Successful main graph commit      =         88
	# Subgraph evaluation success rate in percent =     1.0000
	# Sg2Main acceptance ratio in percent      =     0.9888
	# NumCTCells changed               =          0


	# Flow total CPU                  =    33.2348
	# Flow total elapsed                  =     9.8317
	# Flow total speed up                =     3.3804
	# Commit CPU                      =    30.8038
	# Commit elapsed                  =     8.0582
	# Commit speed up                     =     3.8227
	# Generator CPU                      =     0.9080
	# Generator elapsed                  =     0.9088
	# Generator speed up                     =     0.9991
	# Filter CPU                      =     0.4403
	# Filter elapsed                  =     0.1240
	# Filter speed up                     =     3.5513
	# Sg CPU                      =     0.4844
	# Sg elapsed                  =     0.1417
	# Sg speed up                     =     3.4184
	# The rest of flow speed up          =     1.3707

-------------------------------------------------


CCD: After area optimization:
    Scenario default  WNS = 0.000000, WEIGHTED_GROUP_SLACK = 0.000000, TNS = 0.000000, NVP = 0
    Scenario default  WNHS = 0.890340, TNHS = 1.778464, NHVP = 3
RepeaterCount 2709, RepeaterArea 18077.184000, CellCount 2710, CellArea 18089.164800, FlopCount 9744, FlopArea 300202.905600, LatchCount 0, LatchArea 0.000000
Total power = 0.000000, Leakage = 0.000000, Internal = 0.000000, Switching = 0.000000
Information: The netlist and extraction change observers are enabled for further incremental timing updates. (TIM-120)
 CCD flow runtime: cpu 40.508293, elapsed 17.243702, speed up 2.349164.
Place Cache save: 9007 elements -- 0 drcFail 9007 drcOk
Place Cache save: 71 libcells referenced from 1 libs
Place Cache save: used 6 of 56 total secDefs
Access Cache save: 9007 elements -- 106 drcFail 8901 drcOk
Access Cache save: 71 libcells referenced from 1 libs
Access Cache save: used 6 of 56 total secDefs
NPLDRC Place Cache: unique cache elements 9007
NPLDRC Place Cache: read cache elements 9004
NPLDRC Place Cache: hit rate 100.0%  (3 / 56780)
NPLDRC Access Cache: unique cache elements 9007
NPLDRC Access Cache: read cache elements 9004
NPLDRC Access Cache: hit rate 100.0%  (3 / 56780)
NPLDRC Pin Status Cache: no calls
NPLDRC Multi Cell Cache: no calls
NPLDRC ViaLadder Cache: no calls
Mark clock trees...
Marking clock synthesized attributes

nplDplc2Placer::setParam(effort,1)
nplDplc2Placer::setParam(debug,0)
nplDplc2Placer::setParam(site_check,2)
nplDplc2Placer::setParam(app_firm_wgt,0)

Running Advanced Legalizer....
INFO: Setting bounds and VA...
INFO: Setting up voltage area DEFAULT_VA
INFO: Setting up cell instances...
INFO: All fillers in the reference libraries will be considered during legalization/check legality
Information: Initializing site map 'unit' at {10 10} {973.2 971.92}.
INFO: Init siteMap unit with 3010 sites x 334 rows
Adding rule engine Basic Rules version 1.0.0...
Adding rule engine VT Implant Rules version 1.0.0...
Adding rule engine OD Rules version 1.0.0...
Adding rule engine TPO Rules version 1.0.0...
Adding rule engine Pin Access Rules version 1.0.0...
Adding rule engine Span Rules version 1.0.0...
Adding rule engine Index Rules version 1.0.0...
Adding rule engine Color Rules version 1.0.0...
Adding rule engine Inbound (PPNN) Rules version 1.0.0...
Adding rule engine PG DRC/VINS Rules version 1.0.0...
Adding rule engine Exp Rules version 1.0.0...
Adding rule engine N5 Soft Rules version 1.0.0...
2D rule auto detection will enable the following rules:
spacing_rule
pg_drc
INFO: Initializing CTS constraints...
WARNING: No via0 alignment grid is specified, via0 alignment rule will be ignored
WARNING: Please check place.legalize.via0_alignment_grid_name
Constructing pin color alignment legality info...
Initializing PG drc check engine...
Expand check halo by 0.3200 x 0.3200
Scanning PG objects...
PG hash cached 2 nets; 10 viaBoxes; 0 viaMatrices.
PG scanned 484 objects; 117411 vias; 0 staples.
PG scan complete.  Hash key = 2f18b5ba7c1b8ee1
Reading PG structure for 'css_phy_tx_top.dlib:css_phy_tx_top_cts.design'
Layer M1: read 0 secDefs  0 sectors
Layer M2: read 6 secDefs  48240 sectors
Layer M3: read 6 secDefs  48240 sectors
Layer M4: read 6 secDefs  48240 sectors
Layer M5: read 6 secDefs  48240 sectors
Layer M6: read 6 secDefs  48240 sectors
Layer M7: read 6 secDefs  48240 sectors
Layer M8: read 8 secDefs  678 sectors
Layer M9: read 12 secDefs  403 sectors

Sector Array Stats:
Num Sectors: 290521
Num SecDefs:    56
Shared: 53 count; 5481.5 ave; 8064 max
SecDef Shapes: 44 Below-aligned, 0 Above-aligned, 8 Horizontal, 4 Vertical
Referenced Patterns: 2 count; 3.0 ave; 3 max

Place Cache read: 9007 elements -- 0 drcFail 9007 drcOk
Place Cache read: 71 libcells referenced from 1 libs
Place Cache read: used 6 of 56 total secDefs
Access Cache read: 9007 elements -- 106 drcFail 8901 drcOk
Access Cache read: 71 libcells referenced from 1 libs
Access Cache read: used 6 of 56 total secDefs
Connection checks for layer M2: blocked_pin pin_access_default track_drc pin_extend0
Connection checks for layer M3: blocked_pin pin_access_default track_drc pin_extend1
Connection checks for layer M4: blocked_pin pin_access_default track_drc pin_extend1
Connection checks for layer M5: blocked_pin pin_access_default track_drc pin_extend1
INFO: Extracting M1 PG straps
INFO: Constructing BlkInst pin extension data for fast PG check
INFO: Constructing PG-Via/VIB/VINS layer info (VIA1/M2)...
INFO: VIB check extension is 0
INFO: VINS check extension is 0
INFO: PG-Via(pg_via_abut) design rule for layer VIA1 and VIA1 not found
INFO: VIB(vib_abut) design rule for layer M2 and VIA1 not found
INFO: VINS(vins_abut) design rule for layer M2 and VIA1 not found
INFO: Enabling hard placement rule spacing_rule...
INFO: Enabling hard placement rule pg_drc...
INFO: Timing cost factor is 0
Information: Legalizing 49775 moveable cells.
..
Legalization progress 5%...
Legalization progress 10%...
Legalization progress 15%...
Legalization progress 20%...
Legalization progress 25%...
Legalization progress 30%...
Legalization progress 35%...
Legalization progress 40%...
Legalization progress 45%...
Legalization progress 50%...
Legalization progress 55%...
Legalization progress 60%...
Legalization progress 65%...
Legalization progress 70%...
Legalization progress 75%...
Legalization progress 80%...
Legalization progress 85%...
Legalization progress 90%...
Legalization progress 95%...
Legalization progress 100%.
10 references with the lowest legality passing rate:
AND2X1: 100.0% (175 / 175)
AND2X2: 100.0% (13 / 13)
AND3X1: 100.0% (77 / 77)
AND4X1: 100.0% (14 / 14)
AO21X1: 100.0% (277 / 277)
AO21X2: 100.0% (44 / 44)
AO221X1: 100.0% (79 / 79)
AO222X1: 100.0% (84 / 84)
AO222X2: 100.0% (1 / 1)
AO22X1: 100.0% (9696 / 9696)
================ Displacement Report =================
Area: placed=829341, unplaced=0, fixed=19628, blocked=0, total=1005340
Density = 848969/1005340 sites = 84.45%
Inbound cells: 0; 2-row cells: 0; >2-row cells: 0
    Total cell instance count: 52485 (49775 placed, 0 unplaced, 2710 fixed)
No cells moved
======================================================
NPLDRC Place Cache: unique cache elements 9007
NPLDRC Place Cache: read cache elements 9007
NPLDRC Place Cache: hit rate 100.0%  (0 / 39909)
NPLDRC Access Cache: unique cache elements 9007
NPLDRC Access Cache: read cache elements 9007
NPLDRC Access Cache: hit rate 100.0%  (0 / 39909)
NPLDRC Pin Status Cache: no calls
NPLDRC Multi Cell Cache: no calls
NPLDRC ViaLadder Cache: no calls
 CCD using TA only patch routing
Warning: Cell contains tie connections which are not connected to real PG. (ZRT-511)
Warning: Ignore contact DIFFCON. (ZRT-015)
Turn off antenna since no rule is specified
Cell Min-Routing-Layer = M2
Cell Max-Routing-Layer = M7
Warning: Ignore 2 top cell ports with no pins. (ZRT-027)
Info: number of net_type_blockage: 0 
Warning: Contact VIA89's lower layer enclosure width does not satisfy end of line enclosure design rule. (ZRT-042)
Warning: Contact VIA89's upper layer enclosure width does not satisfy end of line enclosure design rule. (ZRT-042)
Warning: Contact VIA89's lower layer enclosure height does not satisfy end of line enclosure design rule. (ZRT-042)
Warning: Contact VIA89's upper layer enclosure height does not satisfy end of line enclosure design rule. (ZRT-042)
Warning: Contact VIA89C's lower layer enclosure height does not satisfy end of line enclosure design rule. (ZRT-042)
Warning: Contact VIA89C's upper layer enclosure width does not satisfy end of line enclosure design rule. (ZRT-042)
Warning: Contact VIA89C's lower layer enclosure width does not satisfy end of line enclosure design rule. (ZRT-042)
Warning: Contact VIA89C's upper layer enclosure height does not satisfy end of line enclosure design rule. (ZRT-042)
Via on layer (VIA1) needs more than one tracks
Warning: Layer M1 pitch 0.320 may be too small: wire/via-down 0.315, wire/via-up 0.330. (ZRT-026)
Via on layer (VIA1) needs more than one tracks
Warning: Layer M2 pitch 0.320 may be too small: wire/via-down 0.360, wire/via-up 0.320. (ZRT-026)
soft rule ICC2_GENERATED_DEFAULT_SPACING_RULE_3_8_wire is redundant
soft rule LOPT_M3_M7_3_8_wire is redundant
soft rule LOPT_M6_M7_3_8_wire is redundant
Start Global Route ... 
[Init] Elapsed real time: 0:00:00 
[Init] Elapsed cpu  time: sys=0:00:00 usr=0:00:00 total=0:00:00
[Init] Stage (MB): Used    0  Alloctr    0  Proc    0 
[Init] Total (MB): Used  121  Alloctr  123  Proc 2355 
Printing options for 'route.common.*'

Printing options for 'route.global.*'
global.crosstalk_driven                                 :	 false               
global.debug_compact_coef                               :	 1                   
global.deterministic                                    :	 off                 
global.placement_timing_driven_mode                     :	 false               
global.timing_driven                                    :	 false               

Begin global routing.
Loading parastics information to the router ...
parastics information loaded to the router.
Constructing data structure ...
Design statistics:
Design Bounding Box (0.00,0.00,983.20,981.92)
Number of routing layers = 9
layer M1, dir Hor, min width = 0.14, min space = 0.14 pitch = 0.32
layer M2, dir Ver, min width = 0.16, min space = 0.16 pitch = 0.32
layer M3, dir Hor, min width = 0.16, min space = 0.16 pitch = 0.64
layer M4, dir Ver, min width = 0.16, min space = 0.16 pitch = 0.64
layer M5, dir Hor, min width = 0.16, min space = 0.16 pitch = 1.28
layer M6, dir Ver, min width = 0.16, min space = 0.16 pitch = 1.28
layer M7, dir Hor, min width = 0.16, min space = 0.16 pitch = 2.56
layer M8, dir Ver, min width = 0.16, min space = 0.16 pitch = 3.84
layer M9, dir Hor, min width = 0.45, min space = 0.45 pitch = 5.12
Current Stage stats:
[End of Build Tech Data] Elapsed real time: 0:00:00 
[End of Build Tech Data] Elapsed cpu  time: sys=0:00:00 usr=0:00:00 total=0:00:00
[End of Build Tech Data] Stage (MB): Used    3  Alloctr    3  Proc    0 
[End of Build Tech Data] Total (MB): Used  124  Alloctr  126  Proc 2372 
Warning: No existing global route is available for reuse in incremental global routing. (ZRT-586)
Net statistics:
Total number of nets     = 62408
Number of nets to route  = 2712
Number of single or zero port nets = 1
Number of nets with min-layer-mode soft = 2712
Number of nets with min-layer-mode soft-cost-medium = 2712
Number of nets with max-layer-mode hard = 2688
1912 nets are partially connected,
 of which 1912 are detail routed and 0 are global routed.
802 nets are fully connected,
 of which 802 are detail routed and 0 are global routed.
486 nets have non-default rule clk_network_NDR_internal
253 nets have non-default rule clk_network_NDR_internal_ext_spacing
7 nets have non-default rule clk_network_NDR_root
17 nets have non-default rule clk_network_NDR_root_ext_spacing
1221 nets have non-default rule default_rule_equivalent_ndr_double_spacing
Current Stage stats:
[End of Build All Nets] Elapsed real time: 0:00:00 
[End of Build All Nets] Elapsed cpu  time: sys=0:00:00 usr=0:00:01 total=0:00:01
[End of Build All Nets] Stage (MB): Used   18  Alloctr   19  Proc    0 
[End of Build All Nets] Total (MB): Used  143  Alloctr  146  Proc 2372 
Average gCell capacity  0.84	 on layer (1)	 M1
Average gCell capacity  7.59	 on layer (2)	 M2
Average gCell capacity  3.77	 on layer (3)	 M3
Average gCell capacity  3.83	 on layer (4)	 M4
Average gCell capacity  2.04	 on layer (5)	 M5
Average gCell capacity  2.06	 on layer (6)	 M6
Average gCell capacity  1.04	 on layer (7)	 M7
Average gCell capacity  0.49	 on layer (8)	 M8
Average gCell capacity  0.00	 on layer (9)	 M9
Average number of tracks per gCell 9.03	 on layer (1)	 M1
Average number of tracks per gCell 9.01	 on layer (2)	 M2
Average number of tracks per gCell 4.52	 on layer (3)	 M3
Average number of tracks per gCell 4.51	 on layer (4)	 M4
Average number of tracks per gCell 2.26	 on layer (5)	 M5
Average number of tracks per gCell 2.26	 on layer (6)	 M6
Average number of tracks per gCell 1.13	 on layer (7)	 M7
Average number of tracks per gCell 0.76	 on layer (8)	 M8
Average number of tracks per gCell 0.57	 on layer (9)	 M9
Number of gCells = 1043460
Current Stage stats:
[End of Build Congestion map] Elapsed real time: 0:00:01 
[End of Build Congestion map] Elapsed cpu  time: sys=0:00:00 usr=0:00:01 total=0:00:01
[End of Build Congestion map] Stage (MB): Used   11  Alloctr   11  Proc    0 
[End of Build Congestion map] Total (MB): Used  154  Alloctr  157  Proc 2372 
Information: RC layer preference is turned off for this design. (ZRT-613)
Total stats:
[End of Build Data] Elapsed real time: 0:00:02 
[End of Build Data] Elapsed cpu  time: sys=0:00:00 usr=0:00:03 total=0:00:03
[End of Build Data] Stage (MB): Used   33  Alloctr   34  Proc    0 
[End of Build Data] Total (MB): Used  155  Alloctr  157  Proc 2372 
Current Stage stats:
[End of Blocked Pin Detection] Elapsed real time: 0:00:00 
[End of Blocked Pin Detection] Elapsed cpu  time: sys=0:00:00 usr=0:00:00 total=0:00:00
[End of Blocked Pin Detection] Stage (MB): Used    0  Alloctr    0  Proc    0 
[End of Blocked Pin Detection] Total (MB): Used  155  Alloctr  157  Proc 2372 
Information: Using 4 threads for routing. (ZRT-444)
multi gcell levels ON

Start GR phase 0
Current Stage stats:
[End of Initial Routing] Elapsed real time: 0:00:00 
[End of Initial Routing] Elapsed cpu  time: sys=0:00:00 usr=0:00:00 total=0:00:00
[End of Initial Routing] Stage (MB): Used    0  Alloctr    0  Proc    0 
[End of Initial Routing] Total (MB): Used  155  Alloctr  158  Proc 2372 
Initial. Routing result:
Initial. Both Dirs: Overflow =    36 Max = 3 GRCs =   252 (0.11%)
Initial. H routing: Overflow =    16 Max = 2 (GRCs =  1) GRCs =   163 (0.14%)
Initial. V routing: Overflow =    19 Max = 3 (GRCs =  1) GRCs =    89 (0.08%)
Initial. M1         Overflow =     0 Max = 0 (GRCs =  0) GRCs =     0 (0.00%)
Initial. M2         Overflow =    19 Max = 3 (GRCs =  1) GRCs =    88 (0.08%)
Initial. M3         Overflow =    16 Max = 2 (GRCs =  1) GRCs =   163 (0.14%)
Initial. M4         Overflow =     0 Max = 1 (GRCs =  1) GRCs =     1 (0.00%)
Initial. M5         Overflow =     0 Max = 0 (GRCs =  0) GRCs =     0 (0.00%)
Initial. M6         Overflow =     0 Max = 0 (GRCs =  0) GRCs =     0 (0.00%)
Initial. M7         Overflow =     0 Max = 0 (GRCs =  0) GRCs =     0 (0.00%)
Initial. M8         Overflow =     0 Max = 0 (GRCs =  0) GRCs =     0 (0.00%)
Initial. M9         Overflow =     0 Max = 0 (GRCs =  0) GRCs =     0 (0.00%)

Initial. Total Wire Length = 9978.57
Initial. Layer M1 wire length = 1.99
Initial. Layer M2 wire length = 3440.84
Initial. Layer M3 wire length = 6520.66
Initial. Layer M4 wire length = 15.07
Initial. Layer M5 wire length = 0.00
Initial. Layer M6 wire length = 0.00
Initial. Layer M7 wire length = 0.00
Initial. Layer M8 wire length = 0.00
Initial. Layer M9 wire length = 0.00
Initial. Total Number of Contacts = 6715
Initial. Via VIA12C count = 3270
Initial. Via VIA23C count = 3434
Initial. Via VIA34C count = 11
Initial. Via VIA45C count = 0
Initial. Via VIA56C count = 0
Initial. Via VIA67C count = 0
Initial. Via VIA78C count = 0
Initial. Via VIA89C count = 0
Initial. completed.

Start GR phase 1
Current Stage stats:
[End of Phase1 Routing] Elapsed real time: 0:00:00 
[End of Phase1 Routing] Elapsed cpu  time: sys=0:00:00 usr=0:00:00 total=0:00:00
[End of Phase1 Routing] Stage (MB): Used    0  Alloctr    0  Proc    0 
[End of Phase1 Routing] Total (MB): Used  155  Alloctr  158  Proc 2372 
phase1. Routing result:
phase1. Both Dirs: Overflow =    36 Max = 3 GRCs =   252 (0.11%)
phase1. H routing: Overflow =    16 Max = 2 (GRCs =  1) GRCs =   163 (0.14%)
phase1. V routing: Overflow =    19 Max = 3 (GRCs =  1) GRCs =    89 (0.08%)
phase1. M1         Overflow =     0 Max = 0 (GRCs =  0) GRCs =     0 (0.00%)
phase1. M2         Overflow =    19 Max = 3 (GRCs =  1) GRCs =    88 (0.08%)
phase1. M3         Overflow =    16 Max = 2 (GRCs =  1) GRCs =   163 (0.14%)
phase1. M4         Overflow =     0 Max = 1 (GRCs =  1) GRCs =     1 (0.00%)
phase1. M5         Overflow =     0 Max = 0 (GRCs =  0) GRCs =     0 (0.00%)
phase1. M6         Overflow =     0 Max = 0 (GRCs =  0) GRCs =     0 (0.00%)
phase1. M7         Overflow =     0 Max = 0 (GRCs =  0) GRCs =     0 (0.00%)
phase1. M8         Overflow =     0 Max = 0 (GRCs =  0) GRCs =     0 (0.00%)
phase1. M9         Overflow =     0 Max = 0 (GRCs =  0) GRCs =     0 (0.00%)

phase1. Total Wire Length = 9978.56
phase1. Layer M1 wire length = 1.99
phase1. Layer M2 wire length = 3440.84
phase1. Layer M3 wire length = 6520.66
phase1. Layer M4 wire length = 15.07
phase1. Layer M5 wire length = 0.00
phase1. Layer M6 wire length = 0.00
phase1. Layer M7 wire length = 0.00
phase1. Layer M8 wire length = 0.00
phase1. Layer M9 wire length = 0.00
phase1. Total Number of Contacts = 6715
phase1. Via VIA12C count = 3270
phase1. Via VIA23C count = 3434
phase1. Via VIA34C count = 11
phase1. Via VIA45C count = 0
phase1. Via VIA56C count = 0
phase1. Via VIA67C count = 0
phase1. Via VIA78C count = 0
phase1. Via VIA89C count = 0
phase1. completed.

Start GR phase 2
Current Stage stats:
[End of Phase2 Routing] Elapsed real time: 0:00:00 
[End of Phase2 Routing] Elapsed cpu  time: sys=0:00:00 usr=0:00:00 total=0:00:00
[End of Phase2 Routing] Stage (MB): Used    0  Alloctr    0  Proc    0 
[End of Phase2 Routing] Total (MB): Used  155  Alloctr  158  Proc 2372 
phase2. Routing result:
phase2. Both Dirs: Overflow =    14 Max = 3 GRCs =    81 (0.03%)
phase2. H routing: Overflow =     8 Max = 1 (GRCs = 52) GRCs =    52 (0.04%)
phase2. V routing: Overflow =     6 Max = 3 (GRCs =  1) GRCs =    29 (0.03%)
phase2. M1         Overflow =     0 Max = 0 (GRCs =  0) GRCs =     0 (0.00%)
phase2. M2         Overflow =     6 Max = 3 (GRCs =  1) GRCs =    29 (0.03%)
phase2. M3         Overflow =     8 Max = 1 (GRCs = 52) GRCs =    52 (0.04%)
phase2. M4         Overflow =     0 Max = 0 (GRCs =  0) GRCs =     0 (0.00%)
phase2. M5         Overflow =     0 Max = 0 (GRCs =  0) GRCs =     0 (0.00%)
phase2. M6         Overflow =     0 Max = 0 (GRCs =  0) GRCs =     0 (0.00%)
phase2. M7         Overflow =     0 Max = 0 (GRCs =  0) GRCs =     0 (0.00%)
phase2. M8         Overflow =     0 Max = 0 (GRCs =  0) GRCs =     0 (0.00%)
phase2. M9         Overflow =     0 Max = 0 (GRCs =  0) GRCs =     0 (0.00%)

phase2. Total Wire Length = 9978.57
phase2. Layer M1 wire length = 1.99
phase2. Layer M2 wire length = 3440.84
phase2. Layer M3 wire length = 6520.66
phase2. Layer M4 wire length = 15.07
phase2. Layer M5 wire length = 0.00
phase2. Layer M6 wire length = 0.00
phase2. Layer M7 wire length = 0.00
phase2. Layer M8 wire length = 0.00
phase2. Layer M9 wire length = 0.00
phase2. Total Number of Contacts = 6715
phase2. Via VIA12C count = 3270
phase2. Via VIA23C count = 3434
phase2. Via VIA34C count = 11
phase2. Via VIA45C count = 0
phase2. Via VIA56C count = 0
phase2. Via VIA67C count = 0
phase2. Via VIA78C count = 0
phase2. Via VIA89C count = 0
phase2. completed.

Start GR phase 3
Current Stage stats:
[End of Phase3 Routing] Elapsed real time: 0:00:00 
[End of Phase3 Routing] Elapsed cpu  time: sys=0:00:00 usr=0:00:00 total=0:00:00
[End of Phase3 Routing] Stage (MB): Used    0  Alloctr    0  Proc    0 
[End of Phase3 Routing] Total (MB): Used  155  Alloctr  158  Proc 2372 
phase3. Routing result:
phase3. Both Dirs: Overflow =    14 Max = 3 GRCs =    81 (0.03%)
phase3. H routing: Overflow =     8 Max = 1 (GRCs = 52) GRCs =    52 (0.04%)
phase3. V routing: Overflow =     6 Max = 3 (GRCs =  1) GRCs =    29 (0.03%)
phase3. M1         Overflow =     0 Max = 0 (GRCs =  0) GRCs =     0 (0.00%)
phase3. M2         Overflow =     6 Max = 3 (GRCs =  1) GRCs =    29 (0.03%)
phase3. M3         Overflow =     8 Max = 1 (GRCs = 52) GRCs =    52 (0.04%)
phase3. M4         Overflow =     0 Max = 0 (GRCs =  0) GRCs =     0 (0.00%)
phase3. M5         Overflow =     0 Max = 0 (GRCs =  0) GRCs =     0 (0.00%)
phase3. M6         Overflow =     0 Max = 0 (GRCs =  0) GRCs =     0 (0.00%)
phase3. M7         Overflow =     0 Max = 0 (GRCs =  0) GRCs =     0 (0.00%)
phase3. M8         Overflow =     0 Max = 0 (GRCs =  0) GRCs =     0 (0.00%)
phase3. M9         Overflow =     0 Max = 0 (GRCs =  0) GRCs =     0 (0.00%)

phase3. Total Wire Length = 9978.56
phase3. Layer M1 wire length = 1.99
phase3. Layer M2 wire length = 3440.84
phase3. Layer M3 wire length = 6520.66
phase3. Layer M4 wire length = 15.07
phase3. Layer M5 wire length = 0.00
phase3. Layer M6 wire length = 0.00
phase3. Layer M7 wire length = 0.00
phase3. Layer M8 wire length = 0.00
phase3. Layer M9 wire length = 0.00
phase3. Total Number of Contacts = 6715
phase3. Via VIA12C count = 3270
phase3. Via VIA23C count = 3434
phase3. Via VIA34C count = 11
phase3. Via VIA45C count = 0
phase3. Via VIA56C count = 0
phase3. Via VIA67C count = 0
phase3. Via VIA78C count = 0
phase3. Via VIA89C count = 0
phase3. completed.
[End of Whole Chip Routing] Elapsed real time: 0:00:03 
[End of Whole Chip Routing] Elapsed cpu  time: sys=0:00:00 usr=0:00:04 total=0:00:04
[End of Whole Chip Routing] Stage (MB): Used   34  Alloctr   34  Proc    0 
[End of Whole Chip Routing] Total (MB): Used  155  Alloctr  158  Proc 2372 

Information: Global Routing terminated early: false (ZRT-103)

Congestion utilization per direction:
Average vertical track utilization   =  0.86 %
Peak    vertical track utilization   = 100.00 %
Average horizontal track utilization =  1.30 %
Peak    horizontal track utilization = 100.00 %

Current Stage stats:
[GR: Done] Elapsed real time: 0:00:00 
[GR: Done] Elapsed cpu  time: sys=0:00:00 usr=0:00:00 total=0:00:00
[GR: Done] Stage (MB): Used  -10  Alloctr  -10  Proc    0 
[GR: Done] Total (MB): Used  146  Alloctr  149  Proc 2372 
GR Total stats:
[GR: Done] Elapsed real time: 0:00:03 
[GR: Done] Elapsed cpu  time: sys=0:00:00 usr=0:00:05 total=0:00:05
[GR: Done] Stage (MB): Used   25  Alloctr   26  Proc   16 
[GR: Done] Total (MB): Used  146  Alloctr  149  Proc 2372 
Updating congestion ...
Updating congestion ...
Final total stats:
[End of Global Routing] Elapsed real time: 0:00:04 
[End of Global Routing] Elapsed cpu  time: sys=0:00:00 usr=0:00:05 total=0:00:05
[End of Global Routing] Stage (MB): Used    0  Alloctr    0  Proc   16 
[End of Global Routing] Total (MB): Used  121  Alloctr  123  Proc 2372 

Start track assignment

Printing options for 'route.common.*'

Printing options for 'route.track.*'
track.crosstalk_driven                                  :	 false               
track.timing_driven                                     :	 false               

Information: Using 4 threads for routing. (ZRT-444)
Information: RC layer preference is turned off for this design. (ZRT-613)

[Track Assign: Read routes] Elapsed real time: 0:00:00 
[Track Assign: Read routes] Elapsed cpu  time: sys=0:00:00 usr=0:00:00 total=0:00:00
[Track Assign: Read routes] Stage (MB): Used   10  Alloctr   10  Proc    0 
[Track Assign: Read routes] Total (MB): Used  127  Alloctr  129  Proc 2372 

Start initial assignment

Assign Horizontal partitions, iteration 0
Routed partition 1/23      
Routed partition 2/23      
Routed partition 3/23      
Routed partition 4/23      
Routed partition 5/23      
Routed partition 6/23      
Routed partition 7/23      
Routed partition 8/23      
Routed partition 9/23      
Routed partition 10/23     
Routed partition 11/23     
Routed partition 12/23     
Routed partition 13/23     
Routed partition 14/23     
Routed partition 15/23     
Routed partition 16/23     
Routed partition 17/23     
Routed partition 18/23     
Routed partition 19/23     
Routed partition 20/23     
Routed partition 21/23     
Routed partition 22/23     
Routed partition 23/23     

Assign Vertical partitions, iteration 0
Routed partition 1/23      
Routed partition 2/23      
Routed partition 4/23      
Routed partition 4/23      
Routed partition 5/23      
Routed partition 6/23      
Routed partition 7/23      
Routed partition 8/23      
Routed partition 9/23      
Routed partition 10/23     
Routed partition 11/23     
Routed partition 12/23     
Routed partition 13/23     
Routed partition 14/23     
Routed partition 15/23     
Routed partition 16/23     
Routed partition 17/23     
Routed partition 18/23     
Routed partition 19/23     
Routed partition 20/23     
Routed partition 21/23     
Routed partition 22/23     
Routed partition 23/23     

Number of wires with overlap after iteration 0 = 6326 of 16431


[Track Assign: Iteration 0] Elapsed real time: 0:00:01 
[Track Assign: Iteration 0] Elapsed cpu  time: sys=0:00:00 usr=0:00:04 total=0:00:04
[Track Assign: Iteration 0] Stage (MB): Used   11  Alloctr   11  Proc   97 
[Track Assign: Iteration 0] Total (MB): Used  128  Alloctr  130  Proc 2469 

Reroute to fix overlaps

Assign Horizontal partitions, iteration 1
Routed partition 1/23      
Routed partition 2/23      
Routed partition 3/23      
Routed partition 4/23      
Routed partition 5/23      
Routed partition 6/23      
Routed partition 7/23      
Routed partition 8/23      
Routed partition 9/23      
Routed partition 10/23     
Routed partition 11/23     
Routed partition 12/23     
Routed partition 13/23     
Routed partition 14/23     
Routed partition 15/23     
Routed partition 16/23     
Routed partition 17/23     
Routed partition 18/23     
Routed partition 19/23     
Routed partition 20/23     
Routed partition 21/23     
Routed partition 22/23     
Routed partition 23/23     

Assign Vertical partitions, iteration 1
Routed partition 1/23      
Routed partition 2/23      
Routed partition 3/23      
Routed partition 4/23      
Routed partition 5/23      
Routed partition 6/23      
Routed partition 7/23      
Routed partition 8/23      
Routed partition 9/23      
Routed partition 10/23     
Routed partition 11/23     
Routed partition 12/23     
Routed partition 13/23     
Routed partition 14/23     
Routed partition 15/23     
Routed partition 16/23     
Routed partition 17/23     
Routed partition 18/23     
Routed partition 19/23     
Routed partition 20/23     
Routed partition 21/23     
Routed partition 22/23     
Routed partition 23/23     

[Track Assign: Iteration 1] Elapsed real time: 0:00:02 
[Track Assign: Iteration 1] Elapsed cpu  time: sys=0:00:00 usr=0:00:08 total=0:00:08
[Track Assign: Iteration 1] Stage (MB): Used   11  Alloctr   11  Proc   97 
[Track Assign: Iteration 1] Total (MB): Used  128  Alloctr  130  Proc 2469 

Number of wires with overlap after iteration 1 = 1407 of 7317


Wire length and via report:
---------------------------
Number of M1 wires: 614 		 POLYCON: 0
Number of M2 wires: 2486 		 VIA12C: 5816
Number of M3 wires: 4212 		 VIA23C: 6649
Number of M4 wires: 5 		 VIA34C: 7
Number of M5 wires: 0 		 VIA45C: 0
Number of M6 wires: 0 		 VIA56C: 0
Number of M7 wires: 0 		 VIA67C: 0
Number of M8 wires: 0 		 VIA78C: 0
Number of M9 wires: 0 		 VIA89C: 0
Total number of wires: 7317 		 vias: 12472

Total M1 wire length: 215.1
Total M2 wire length: 4163.7
Total M3 wire length: 8857.9
Total M4 wire length: 9.4
Total M5 wire length: 0.0
Total M6 wire length: 0.0
Total M7 wire length: 0.0
Total M8 wire length: 0.0
Total M9 wire length: 0.0
Total wire length: 13246.1

Longest M1 wire length: 3.3
Longest M2 wire length: 58.2
Longest M3 wire length: 70.4
Longest M4 wire length: 2.6
Longest M5 wire length: 0.0
Longest M6 wire length: 0.0
Longest M7 wire length: 0.0
Longest M8 wire length: 0.0
Longest M9 wire length: 0.0


[Track Assign: Done] Elapsed real time: 0:00:02 
[Track Assign: Done] Elapsed cpu  time: sys=0:00:00 usr=0:00:09 total=0:00:09
[Track Assign: Done] Stage (MB): Used    4  Alloctr    5  Proc   97 
[Track Assign: Done] Total (MB): Used  121  Alloctr  123  Proc 2469 
Skip detail route
Updating the database ...
Information: The net parasitics of block css_phy_tx_top are cleared. (TIM-123)
1
Done with CCD-wnsh_area
Begin building search trees for block css_phy_tx_top.dlib:css_phy_tx_top_cts.design
Done building search trees for block css_phy_tx_top.dlib:css_phy_tx_top_cts.design (time 0s)
Information: The stitching and editing of coupling caps is turned OFF for design 'css_phy_tx_top.dlib:css_phy_tx_top_cts.design'. (TIM-125)
Information: Design css_phy_tx_top_cts has 62407 nets, 0 global routed, 2712 detail routed. (NEX-024)
Number of Site types in the design = 1
Setting up Chip Core
Chip Core shape: (100000 100000) (9732000 9719200)
Number of unique PDs = 1
Number of Power Domains = 1
Number of Voltage Areas = 1
Number of supply Nets = 2
Number of used supplies = 2
Information: The RC mode used is CTO for design 'css_phy_tx_top'. (NEX-022)
Information: Design Average RC for design css_phy_tx_top_cts  (NEX-011)
Information: r = 0.562500 ohm/um, via_r = 0.900000 ohm/cut, c = 0.103600 ff/um, cc = 0.000000 ff/um (X dir) (NEX-017)
Information: r = 0.562500 ohm/um, via_r = 0.900000 ohm/cut, c = 0.124450 ff/um, cc = 0.000000 ff/um (Y dir) (NEX-017)
Information: Update timing completed net estimation for all the timing graph nets (TIM-111)
Information: Net estimation statistics: timing graph nets = 62405, routed nets = 2712, across physical hierarchy nets = 0, parasitics cached nets = 62405, delay annotated nets = 0, parasitics annotated nets = 0, multi-voltage nets = 0. (TIM-112)

Use advanced legalizer engine : 0
Use advanced legalizer engine : 0
npo-clock-opt optimization Phase 27 Iter  1         0.00      0.00         0       0.782           -           0.917
npo-clock-opt optimization Phase 27 Iter  2         0.00      0.00         0       0.782           -           0.917
npo-clock-opt optimization Phase 27 Iter  3         0.00      0.00         0       0.782           -           0.917
PBO-INFO:  LR disabled
npo-clock-opt optimization Phase 27 Iter  4         0.00      0.00         0       0.782           -           0.917
PBO-INFO:  LR disabled
npo-clock-opt optimization Phase 27 Iter  5         0.00      0.00         0       0.782           -           0.917
npo-clock-opt optimization Phase 27 Iter  6         0.00      0.00         0       0.782           -           0.917

npo-clock-opt optimization Phase 28 Iter  1         0.00      0.00         0       0.782           -           0.917
npo-clock-opt optimization Phase 28 Iter  2         0.00      0.00         0       0.782           -           0.917

npo-clock-opt optimization Phase 29 Iter  1         0.00      0.00         0       0.782           -           0.917
ORB: timingScenario default timingCorner default
INFO: No leakage and power scenarios. Using regular scenarios instead.
INFO: No active leakage scenarios. Leakage will be turned off
ORB: Nominal = 0.181379  Design MT = inf  Target = 1.259893 (6.946 nominal)  MaxRC = 0.524430
ORB: timingScenario default timingCorner default
INFO: No leakage and power scenarios. Using regular scenarios instead.
INFO: No active leakage scenarios. Leakage will be turned off
ORB: Nominal = 0.181379  Design MT = inf  Target = 1.259893 (6.946 nominal)  MaxRC = 0.524430
npo-clock-opt optimization Phase 29 Iter  2         0.00      0.00         0       0.782           -           0.918

npo-clock-opt optimization Phase 30 Iter  1         0.00      0.00         0       0.782           -           0.919
Begin building search trees for block css_phy_tx_top.dlib:SCRATCH_DESIGN_2147483650.design
Begin building search trees for block css_phy_tx_top.dlib:SCRATCH_DESIGN_2147483648.design
Begin building search trees for block css_phy_tx_top.dlib:SCRATCH_DESIGN_2147483649.design
Begin building search trees for block css_phy_tx_top.dlib:SCRATCH_DESIGN_2147483651.design
Done building search trees for block css_phy_tx_top.dlib:SCRATCH_DESIGN_2147483650.design (time 0s)
Done building search trees for block css_phy_tx_top.dlib:SCRATCH_DESIGN_2147483648.design (time 0s)
Done building search trees for block css_phy_tx_top.dlib:SCRATCH_DESIGN_2147483649.design (time 0s)
Done building search trees for block css_phy_tx_top.dlib:SCRATCH_DESIGN_2147483651.design (time 0s)

npo-clock-opt optimization Phase 31 Iter  1         0.00      1.81         0       0.782           -           0.922
npo-clock-opt optimization Phase 31 Iter  2         0.00      1.81         0       0.782           -           0.922
Begin building search trees for block css_phy_tx_top.dlib:SCRATCH_DESIGN_2147483648.design
Begin building search trees for block css_phy_tx_top.dlib:SCRATCH_DESIGN_2147483650.design
Begin building search trees for block css_phy_tx_top.dlib:SCRATCH_DESIGN_2147483649.design
Done building search trees for block css_phy_tx_top.dlib:SCRATCH_DESIGN_2147483648.design (time 0s)
Done building search trees for block css_phy_tx_top.dlib:SCRATCH_DESIGN_2147483650.design (time 0s)
Done building search trees for block css_phy_tx_top.dlib:SCRATCH_DESIGN_2147483649.design (time 0s)
npo-clock-opt optimization Phase 31 Iter  3         0.00      1.78         0       0.782           -           0.922
Begin building search trees for block css_phy_tx_top.dlib:SCRATCH_DESIGN_2147483651.design
Done building search trees for block css_phy_tx_top.dlib:SCRATCH_DESIGN_2147483651.design (time 0s)
npo-clock-opt optimization Phase 31 Iter  4         0.00      1.78         0       0.782           -           0.922

npo-clock-opt optimization Phase 32 Iter  1         0.00      0.00         0       0.782           -           0.922
----------------------------------------------------------------
running legalize_placement
Information: The net parasitics of block css_phy_tx_top are cleared. (TIM-123)
nplDplc2Placer::setParam(effort,1)
nplDplc2Placer::setParam(debug,0)
nplDplc2Placer::setParam(site_check,2)
nplDplc2Placer::setParam(app_firm_wgt,0)

Running Advanced Legalizer....
INFO: Setting bounds and VA...
INFO: Setting up voltage area DEFAULT_VA
INFO: Setting up cell instances...
INFO: All fillers in the reference libraries will be considered during legalization/check legality
Information: Initializing site map 'unit' at {10 10} {973.2 971.92}.
INFO: Init siteMap unit with 3010 sites x 334 rows
Adding rule engine Basic Rules version 1.0.0...
Adding rule engine VT Implant Rules version 1.0.0...
Adding rule engine OD Rules version 1.0.0...
Adding rule engine TPO Rules version 1.0.0...
Adding rule engine Pin Access Rules version 1.0.0...
Adding rule engine Span Rules version 1.0.0...
Adding rule engine Index Rules version 1.0.0...
Adding rule engine Color Rules version 1.0.0...
Adding rule engine Inbound (PPNN) Rules version 1.0.0...
Adding rule engine PG DRC/VINS Rules version 1.0.0...
Adding rule engine Exp Rules version 1.0.0...
Adding rule engine N5 Soft Rules version 1.0.0...
2D rule auto detection will enable the following rules:
spacing_rule
pg_drc
INFO: Initializing CTS constraints...
WARNING: No via0 alignment grid is specified, via0 alignment rule will be ignored
WARNING: Please check place.legalize.via0_alignment_grid_name
Constructing pin color alignment legality info...
Initializing PG drc check engine...
Expand check halo by 0.3200 x 0.3200
Scanning PG objects...
PG hash cached 2 nets; 10 viaBoxes; 0 viaMatrices.
PG scanned 484 objects; 117411 vias; 0 staples.
PG scan complete.  Hash key = 2f18b5ba7c1b8ee1
Reading PG structure for 'css_phy_tx_top.dlib:css_phy_tx_top_cts.design'
Layer M1: read 0 secDefs  0 sectors
Layer M2: read 6 secDefs  48240 sectors
Layer M3: read 6 secDefs  48240 sectors
Layer M4: read 6 secDefs  48240 sectors
Layer M5: read 6 secDefs  48240 sectors
Layer M6: read 6 secDefs  48240 sectors
Layer M7: read 6 secDefs  48240 sectors
Layer M8: read 8 secDefs  678 sectors
Layer M9: read 12 secDefs  403 sectors

Sector Array Stats:
Num Sectors: 290521
Num SecDefs:    56
Shared: 53 count; 5481.5 ave; 8064 max
SecDef Shapes: 44 Below-aligned, 0 Above-aligned, 8 Horizontal, 4 Vertical
Referenced Patterns: 2 count; 3.0 ave; 3 max

Place Cache read: 9007 elements -- 0 drcFail 9007 drcOk
Place Cache read: 71 libcells referenced from 1 libs
Place Cache read: used 6 of 56 total secDefs
Access Cache read: 9007 elements -- 106 drcFail 8901 drcOk
Access Cache read: 71 libcells referenced from 1 libs
Access Cache read: used 6 of 56 total secDefs
Connection checks for layer M2: blocked_pin pin_access_default track_drc pin_extend0
Connection checks for layer M3: blocked_pin pin_access_default track_drc pin_extend1
Connection checks for layer M4: blocked_pin pin_access_default track_drc pin_extend1
Connection checks for layer M5: blocked_pin pin_access_default track_drc pin_extend1
INFO: Extracting M1 PG straps
INFO: Constructing BlkInst pin extension data for fast PG check
INFO: Constructing PG-Via/VIB/VINS layer info (VIA1/M2)...
INFO: VIB check extension is 0
INFO: VINS check extension is 0
INFO: PG-Via(pg_via_abut) design rule for layer VIA1 and VIA1 not found
INFO: VIB(vib_abut) design rule for layer M2 and VIA1 not found
INFO: VINS(vins_abut) design rule for layer M2 and VIA1 not found
INFO: Enabling hard placement rule spacing_rule...
INFO: Enabling hard placement rule pg_drc...
INFO: Timing cost factor is 0
Information: Legalizing 49663 moveable cells.
..
Legalization progress 5%...
Legalization progress 10%...
Legalization progress 15%...
Legalization progress 20%...
Legalization progress 25%...
Legalization progress 30%...
Legalization progress 35%...
Legalization progress 40%...
Legalization progress 45%...
Legalization progress 50%...
Legalization progress 55%...
Legalization progress 60%...
Legalization progress 65%...
Legalization progress 70%...
Legalization progress 75%...
Legalization progress 80%...
Legalization progress 85%...
Legalization progress 90%...
Legalization progress 95%...
Legalization progress 100%.
10 references with the lowest legality passing rate:
AND2X1: 100.0% (176 / 176)
AND2X2: 100.0% (13 / 13)
AND3X1: 100.0% (77 / 77)
AND4X1: 100.0% (14 / 14)
AO21X1: 100.0% (280 / 280)
AO21X2: 100.0% (44 / 44)
AO221X1: 100.0% (79 / 79)
AO222X1: 100.0% (84 / 84)
AO222X2: 100.0% (1 / 1)
AO22X1: 100.0% (9696 / 9696)
================ Displacement Report =================
Area: placed=828374, unplaced=0, fixed=19628, blocked=0, total=1005340
Density = 848002/1005340 sites = 84.35%
Inbound cells: 0; 2-row cells: 0; >2-row cells: 0
    Total cell instance count: 52373 (49663 placed, 0 unplaced, 2710 fixed)
        Number of cells moved: 9 (0.02%)
    Average cell displacement: 0.0006 um (AW: 0.0003 um = 0.0001 rh)
        RMS cell displacement: 0.0543 um (AW: 0.0344 um = 0.0119 rh)
        Max cell displacement: 7.7874 um = 2.7040 rh
           Max displaced cell: u_interleaver/OPT_copt_h_inst_62249 (522.82 51.915)
Number of large displacements: 0
 Large displacement threshold: 3.0000 rh
======================================================
NPLDRC Place Cache: unique cache elements 9007
NPLDRC Place Cache: read cache elements 9007
NPLDRC Place Cache: hit rate 100.0%  (0 / 39844)
NPLDRC Access Cache: unique cache elements 9007
NPLDRC Access Cache: read cache elements 9007
NPLDRC Access Cache: hit rate 100.0%  (0 / 39844)
NPLDRC Pin Status Cache: no calls
NPLDRC Multi Cell Cache: no calls
NPLDRC ViaLadder Cache: no calls
Legalization succeeded.
Total Legalizer CPU: 4.714
----------------------------------------------------------------
Information: The stitching and editing of coupling caps is turned OFF for design 'css_phy_tx_top.dlib:css_phy_tx_top_cts.design'. (TIM-125)
Information: Design css_phy_tx_top_cts has 62295 nets, 0 global routed, 2712 detail routed. (NEX-024)
Information: The RC mode used is CTO for design 'css_phy_tx_top'. (NEX-022)
Information: Design Average RC for design css_phy_tx_top_cts  (NEX-011)
Information: r = 0.562500 ohm/um, via_r = 0.900000 ohm/cut, c = 0.103600 ff/um, cc = 0.000000 ff/um (X dir) (NEX-017)
Information: r = 0.562500 ohm/um, via_r = 0.900000 ohm/cut, c = 0.124450 ff/um, cc = 0.000000 ff/um (Y dir) (NEX-017)
Information: Update timing completed net estimation for all the timing graph nets (TIM-111)
Information: Net estimation statistics: timing graph nets = 62293, routed nets = 2712, across physical hierarchy nets = 0, parasitics cached nets = 62293, delay annotated nets = 0, parasitics annotated nets = 0, multi-voltage nets = 0. (TIM-112)

npo-clock-opt optimization Phase 33 Iter  1         0.00      0.00         0       0.782           -           0.925

npo-clock-opt optimization Phase 34 Iter  1         0.00      0.00         0       0.782           -           0.925
route_group -all_clock_nets
Warning: Cell contains tie connections which are not connected to real PG. (ZRT-511)
Warning: Ignore contact DIFFCON. (ZRT-015)
Turn off antenna since no rule is specified
Cell Min-Routing-Layer = M2
Cell Max-Routing-Layer = M7
Warning: Ignore 2 top cell ports with no pins. (ZRT-027)
Info: number of net_type_blockage: 0 
Warning: Contact VIA89's lower layer enclosure width does not satisfy end of line enclosure design rule. (ZRT-042)
Warning: Contact VIA89's upper layer enclosure width does not satisfy end of line enclosure design rule. (ZRT-042)
Warning: Contact VIA89's lower layer enclosure height does not satisfy end of line enclosure design rule. (ZRT-042)
Warning: Contact VIA89's upper layer enclosure height does not satisfy end of line enclosure design rule. (ZRT-042)
Warning: Contact VIA89C's lower layer enclosure height does not satisfy end of line enclosure design rule. (ZRT-042)
Warning: Contact VIA89C's upper layer enclosure width does not satisfy end of line enclosure design rule. (ZRT-042)
Warning: Contact VIA89C's lower layer enclosure width does not satisfy end of line enclosure design rule. (ZRT-042)
Warning: Contact VIA89C's upper layer enclosure height does not satisfy end of line enclosure design rule. (ZRT-042)
Via on layer (VIA1) needs more than one tracks
Warning: Layer M1 pitch 0.320 may be too small: wire/via-down 0.315, wire/via-up 0.330. (ZRT-026)
Via on layer (VIA1) needs more than one tracks
Warning: Layer M2 pitch 0.320 may be too small: wire/via-down 0.360, wire/via-up 0.320. (ZRT-026)
soft rule ICC2_GENERATED_DEFAULT_SPACING_RULE_3_8_wire is redundant
soft rule LOPT_M3_M7_3_8_wire is redundant
soft rule LOPT_M6_M7_3_8_wire is redundant
Start Global Route ... 
[Init] Elapsed real time: 0:00:00 
[Init] Elapsed cpu  time: sys=0:00:00 usr=0:00:00 total=0:00:00
[Init] Stage (MB): Used    0  Alloctr    0  Proc    0 
[Init] Total (MB): Used  121  Alloctr  123  Proc 2437 
Printing options for 'route.common.*'

Printing options for 'route.global.*'
global.crosstalk_driven                                 :	 false               
global.debug_compact_coef                               :	 1                   
global.deterministic                                    :	 off                 
global.placement_timing_driven_mode                     :	 false               
global.timing_driven                                    :	 false               

Begin global routing.
Loading parastics information to the router ...
parastics information loaded to the router.
Constructing data structure ...
Design statistics:
Design Bounding Box (0.00,0.00,983.20,981.92)
Number of routing layers = 9
layer M1, dir Hor, min width = 0.14, min space = 0.14 pitch = 0.32
layer M2, dir Ver, min width = 0.16, min space = 0.16 pitch = 0.32
layer M3, dir Hor, min width = 0.16, min space = 0.16 pitch = 0.64
layer M4, dir Ver, min width = 0.16, min space = 0.16 pitch = 0.64
layer M5, dir Hor, min width = 0.16, min space = 0.16 pitch = 1.28
layer M6, dir Ver, min width = 0.16, min space = 0.16 pitch = 1.28
layer M7, dir Hor, min width = 0.16, min space = 0.16 pitch = 2.56
layer M8, dir Ver, min width = 0.16, min space = 0.16 pitch = 3.84
layer M9, dir Hor, min width = 0.45, min space = 0.45 pitch = 5.12
Current Stage stats:
[End of Build Tech Data] Elapsed real time: 0:00:00 
[End of Build Tech Data] Elapsed cpu  time: sys=0:00:00 usr=0:00:00 total=0:00:00
[End of Build Tech Data] Stage (MB): Used    3  Alloctr    3  Proc    0 
[End of Build Tech Data] Total (MB): Used  124  Alloctr  127  Proc 2437 
Net statistics:
Total number of nets     = 62296
Number of nets to route  = 2712
Number of single or zero port nets = 1
Number of nets with min-layer-mode soft = 2712
Number of nets with min-layer-mode soft-cost-medium = 2712
Number of nets with max-layer-mode hard = 2688
1 nets are partially connected,
 of which 1 are detail routed and 0 are global routed.
2713 nets are fully connected,
 of which 2713 are detail routed and 0 are global routed.
486 nets have non-default rule clk_network_NDR_internal
253 nets have non-default rule clk_network_NDR_internal_ext_spacing
7 nets have non-default rule clk_network_NDR_root
17 nets have non-default rule clk_network_NDR_root_ext_spacing
1221 nets have non-default rule default_rule_equivalent_ndr_double_spacing
Current Stage stats:
[End of Build All Nets] Elapsed real time: 0:00:00 
[End of Build All Nets] Elapsed cpu  time: sys=0:00:00 usr=0:00:01 total=0:00:01
[End of Build All Nets] Stage (MB): Used   18  Alloctr   18  Proc    0 
[End of Build All Nets] Total (MB): Used  143  Alloctr  145  Proc 2437 
Average gCell capacity  0.85	 on layer (1)	 M1
Average gCell capacity  7.61	 on layer (2)	 M2
Average gCell capacity  3.75	 on layer (3)	 M3
Average gCell capacity  3.83	 on layer (4)	 M4
Average gCell capacity  2.04	 on layer (5)	 M5
Average gCell capacity  2.06	 on layer (6)	 M6
Average gCell capacity  1.04	 on layer (7)	 M7
Average gCell capacity  0.49	 on layer (8)	 M8
Average gCell capacity  0.00	 on layer (9)	 M9
Average number of tracks per gCell 9.03	 on layer (1)	 M1
Average number of tracks per gCell 9.01	 on layer (2)	 M2
Average number of tracks per gCell 4.52	 on layer (3)	 M3
Average number of tracks per gCell 4.51	 on layer (4)	 M4
Average number of tracks per gCell 2.26	 on layer (5)	 M5
Average number of tracks per gCell 2.26	 on layer (6)	 M6
Average number of tracks per gCell 1.13	 on layer (7)	 M7
Average number of tracks per gCell 0.76	 on layer (8)	 M8
Average number of tracks per gCell 0.57	 on layer (9)	 M9
Number of gCells = 1043460
Current Stage stats:
[End of Build Congestion map] Elapsed real time: 0:00:01 
[End of Build Congestion map] Elapsed cpu  time: sys=0:00:00 usr=0:00:01 total=0:00:01
[End of Build Congestion map] Stage (MB): Used   10  Alloctr   11  Proc    0 
[End of Build Congestion map] Total (MB): Used  154  Alloctr  157  Proc 2437 
Information: RC layer preference is turned off for this design. (ZRT-613)
Total stats:
[End of Build Data] Elapsed real time: 0:00:02 
[End of Build Data] Elapsed cpu  time: sys=0:00:00 usr=0:00:03 total=0:00:03
[End of Build Data] Stage (MB): Used   33  Alloctr   33  Proc    0 
[End of Build Data] Total (MB): Used  154  Alloctr  157  Proc 2437 
Current Stage stats:
[End of Blocked Pin Detection] Elapsed real time: 0:00:00 
[End of Blocked Pin Detection] Elapsed cpu  time: sys=0:00:00 usr=0:00:00 total=0:00:00
[End of Blocked Pin Detection] Stage (MB): Used    0  Alloctr    0  Proc    0 
[End of Blocked Pin Detection] Total (MB): Used  154  Alloctr  157  Proc 2437 
Information: Using 4 threads for routing. (ZRT-444)
multi gcell levels ON

Start GR phase 0
Current Stage stats:
[End of Initial Routing] Elapsed real time: 0:00:00 
[End of Initial Routing] Elapsed cpu  time: sys=0:00:00 usr=0:00:00 total=0:00:00
[End of Initial Routing] Stage (MB): Used    0  Alloctr    0  Proc    0 
[End of Initial Routing] Total (MB): Used  154  Alloctr  157  Proc 2437 
Initial. Routing result:
Initial. Both Dirs: Overflow =    13 Max = 1 GRCs =    94 (0.04%)
Initial. H routing: Overflow =     7 Max = 1 (GRCs = 53) GRCs =    53 (0.05%)
Initial. V routing: Overflow =     5 Max = 1 (GRCs = 41) GRCs =    41 (0.04%)
Initial. M1         Overflow =     0 Max = 0 (GRCs =  0) GRCs =     0 (0.00%)
Initial. M2         Overflow =     5 Max = 1 (GRCs = 41) GRCs =    41 (0.04%)
Initial. M3         Overflow =     7 Max = 1 (GRCs = 53) GRCs =    53 (0.05%)
Initial. M4         Overflow =     0 Max = 0 (GRCs =  0) GRCs =     0 (0.00%)
Initial. M5         Overflow =     0 Max = 0 (GRCs =  0) GRCs =     0 (0.00%)
Initial. M6         Overflow =     0 Max = 0 (GRCs =  0) GRCs =     0 (0.00%)
Initial. M7         Overflow =     0 Max = 0 (GRCs =  0) GRCs =     0 (0.00%)
Initial. M8         Overflow =     0 Max = 0 (GRCs =  0) GRCs =     0 (0.00%)
Initial. M9         Overflow =     0 Max = 0 (GRCs =  0) GRCs =     0 (0.00%)

Initial. Total Wire Length = 0.00
Initial. Layer M1 wire length = 0.00
Initial. Layer M2 wire length = 0.00
Initial. Layer M3 wire length = 0.00
Initial. Layer M4 wire length = 0.00
Initial. Layer M5 wire length = 0.00
Initial. Layer M6 wire length = 0.00
Initial. Layer M7 wire length = 0.00
Initial. Layer M8 wire length = 0.00
Initial. Layer M9 wire length = 0.00
Initial. Total Number of Contacts = 0
Initial. Via VIA12C count = 0
Initial. Via VIA23C count = 0
Initial. Via VIA34C count = 0
Initial. Via VIA45C count = 0
Initial. Via VIA56C count = 0
Initial. Via VIA67C count = 0
Initial. Via VIA78C count = 0
Initial. Via VIA89C count = 0
Initial. completed.

Start GR phase 1
Current Stage stats:
[End of Phase1 Routing] Elapsed real time: 0:00:00 
[End of Phase1 Routing] Elapsed cpu  time: sys=0:00:00 usr=0:00:00 total=0:00:00
[End of Phase1 Routing] Stage (MB): Used    0  Alloctr    0  Proc    0 
[End of Phase1 Routing] Total (MB): Used  154  Alloctr  157  Proc 2437 
phase1. Routing result:
phase1. Both Dirs: Overflow =    13 Max = 1 GRCs =    94 (0.04%)
phase1. H routing: Overflow =     7 Max = 1 (GRCs = 53) GRCs =    53 (0.05%)
phase1. V routing: Overflow =     5 Max = 1 (GRCs = 41) GRCs =    41 (0.04%)
phase1. M1         Overflow =     0 Max = 0 (GRCs =  0) GRCs =     0 (0.00%)
phase1. M2         Overflow =     5 Max = 1 (GRCs = 41) GRCs =    41 (0.04%)
phase1. M3         Overflow =     7 Max = 1 (GRCs = 53) GRCs =    53 (0.05%)
phase1. M4         Overflow =     0 Max = 0 (GRCs =  0) GRCs =     0 (0.00%)
phase1. M5         Overflow =     0 Max = 0 (GRCs =  0) GRCs =     0 (0.00%)
phase1. M6         Overflow =     0 Max = 0 (GRCs =  0) GRCs =     0 (0.00%)
phase1. M7         Overflow =     0 Max = 0 (GRCs =  0) GRCs =     0 (0.00%)
phase1. M8         Overflow =     0 Max = 0 (GRCs =  0) GRCs =     0 (0.00%)
phase1. M9         Overflow =     0 Max = 0 (GRCs =  0) GRCs =     0 (0.00%)

phase1. Total Wire Length = 0.00
phase1. Layer M1 wire length = 0.00
phase1. Layer M2 wire length = 0.00
phase1. Layer M3 wire length = 0.00
phase1. Layer M4 wire length = 0.00
phase1. Layer M5 wire length = 0.00
phase1. Layer M6 wire length = 0.00
phase1. Layer M7 wire length = 0.00
phase1. Layer M8 wire length = 0.00
phase1. Layer M9 wire length = 0.00
phase1. Total Number of Contacts = 0
phase1. Via VIA12C count = 0
phase1. Via VIA23C count = 0
phase1. Via VIA34C count = 0
phase1. Via VIA45C count = 0
phase1. Via VIA56C count = 0
phase1. Via VIA67C count = 0
phase1. Via VIA78C count = 0
phase1. Via VIA89C count = 0
phase1. completed.

Start GR phase 2
Current Stage stats:
[End of Phase2 Routing] Elapsed real time: 0:00:00 
[End of Phase2 Routing] Elapsed cpu  time: sys=0:00:00 usr=0:00:00 total=0:00:00
[End of Phase2 Routing] Stage (MB): Used    0  Alloctr    0  Proc    0 
[End of Phase2 Routing] Total (MB): Used  154  Alloctr  157  Proc 2437 
phase2. Routing result:
phase2. Both Dirs: Overflow =    13 Max = 1 GRCs =    94 (0.04%)
phase2. H routing: Overflow =     7 Max = 1 (GRCs = 53) GRCs =    53 (0.05%)
phase2. V routing: Overflow =     5 Max = 1 (GRCs = 41) GRCs =    41 (0.04%)
phase2. M1         Overflow =     0 Max = 0 (GRCs =  0) GRCs =     0 (0.00%)
phase2. M2         Overflow =     5 Max = 1 (GRCs = 41) GRCs =    41 (0.04%)
phase2. M3         Overflow =     7 Max = 1 (GRCs = 53) GRCs =    53 (0.05%)
phase2. M4         Overflow =     0 Max = 0 (GRCs =  0) GRCs =     0 (0.00%)
phase2. M5         Overflow =     0 Max = 0 (GRCs =  0) GRCs =     0 (0.00%)
phase2. M6         Overflow =     0 Max = 0 (GRCs =  0) GRCs =     0 (0.00%)
phase2. M7         Overflow =     0 Max = 0 (GRCs =  0) GRCs =     0 (0.00%)
phase2. M8         Overflow =     0 Max = 0 (GRCs =  0) GRCs =     0 (0.00%)
phase2. M9         Overflow =     0 Max = 0 (GRCs =  0) GRCs =     0 (0.00%)

phase2. Total Wire Length = 0.00
phase2. Layer M1 wire length = 0.00
phase2. Layer M2 wire length = 0.00
phase2. Layer M3 wire length = 0.00
phase2. Layer M4 wire length = 0.00
phase2. Layer M5 wire length = 0.00
phase2. Layer M6 wire length = 0.00
phase2. Layer M7 wire length = 0.00
phase2. Layer M8 wire length = 0.00
phase2. Layer M9 wire length = 0.00
phase2. Total Number of Contacts = 0
phase2. Via VIA12C count = 0
phase2. Via VIA23C count = 0
phase2. Via VIA34C count = 0
phase2. Via VIA45C count = 0
phase2. Via VIA56C count = 0
phase2. Via VIA67C count = 0
phase2. Via VIA78C count = 0
phase2. Via VIA89C count = 0
phase2. completed.
[End of Whole Chip Routing] Elapsed real time: 0:00:02 
[End of Whole Chip Routing] Elapsed cpu  time: sys=0:00:00 usr=0:00:03 total=0:00:03
[End of Whole Chip Routing] Stage (MB): Used   33  Alloctr   33  Proc    0 
[End of Whole Chip Routing] Total (MB): Used  154  Alloctr  157  Proc 2437 

Information: Global Routing terminated early: true (ZRT-103)

Congestion utilization per direction:
Average vertical track utilization   =  0.73 %
Peak    vertical track utilization   = 71.43 %
Average horizontal track utilization =  1.08 %
Peak    horizontal track utilization = 100.00 %

Current Stage stats:
[GR: Done] Elapsed real time: 0:00:00 
[GR: Done] Elapsed cpu  time: sys=0:00:00 usr=0:00:00 total=0:00:00
[GR: Done] Stage (MB): Used  -10  Alloctr  -10  Proc    0 
[GR: Done] Total (MB): Used  145  Alloctr  148  Proc 2437 
GR Total stats:
[GR: Done] Elapsed real time: 0:00:02 
[GR: Done] Elapsed cpu  time: sys=0:00:00 usr=0:00:03 total=0:00:03
[GR: Done] Stage (MB): Used   25  Alloctr   24  Proc    0 
[GR: Done] Total (MB): Used  145  Alloctr  148  Proc 2437 
Updating congestion ...
Updating congestion ...
Final total stats:
[End of Global Routing] Elapsed real time: 0:00:02 
[End of Global Routing] Elapsed cpu  time: sys=0:00:00 usr=0:00:04 total=0:00:04
[End of Global Routing] Stage (MB): Used    0  Alloctr    0  Proc    0 
[End of Global Routing] Total (MB): Used  120  Alloctr  122  Proc 2437 

Start track assignment

Printing options for 'route.common.*'

Printing options for 'route.track.*'
track.crosstalk_driven                                  :	 false               
track.timing_driven                                     :	 false               

Information: Using 4 threads for routing. (ZRT-444)
Information: RC layer preference is turned off for this design. (ZRT-613)

[Track Assign: Read routes] Elapsed real time: 0:00:00 
[Track Assign: Read routes] Elapsed cpu  time: sys=0:00:00 usr=0:00:00 total=0:00:00
[Track Assign: Read routes] Stage (MB): Used   10  Alloctr   10  Proc    0 
[Track Assign: Read routes] Total (MB): Used  127  Alloctr  129  Proc 2437 

Start initial assignment

Assign Horizontal partitions, iteration 0
Routed partition 1/23      
Routed partition 2/23      
Routed partition 5/23      
Routed partition 6/23      
Routed partition 6/23      
Routed partition 6/23      
Routed partition 8/23      
Routed partition 8/23      
Routed partition 10/23     
Routed partition 10/23     
Routed partition 11/23     
Routed partition 12/23     
Routed partition 13/23     
Routed partition 15/23     
Routed partition 15/23     
Routed partition 16/23     
Routed partition 17/23     
Routed partition 20/23     
Routed partition 20/23     
Routed partition 20/23     
Routed partition 21/23     
Routed partition 22/23     
Routed partition 23/23     

Assign Vertical partitions, iteration 0
Routed partition 1/23      
Routed partition 2/23      
Routed partition 5/23      
Routed partition 6/23      
Routed partition 6/23      
Routed partition 6/23      
Routed partition 7/23      
Routed partition 9/23      
Routed partition 9/23      
Routed partition 10/23     
Routed partition 11/23     
Routed partition 12/23     
Routed partition 13/23     
Routed partition 14/23     
Routed partition 15/23     
Routed partition 16/23     
Routed partition 18/23     
Routed partition 18/23     
Routed partition 20/23     
Routed partition 20/23     
Routed partition 21/23     
Routed partition 22/23     
Routed partition 23/23     

Number of wires with overlap after iteration 0 = 1 of 3


[Track Assign: Iteration 0] Elapsed real time: 0:00:00 
[Track Assign: Iteration 0] Elapsed cpu  time: sys=0:00:00 usr=0:00:00 total=0:00:00
[Track Assign: Iteration 0] Stage (MB): Used   10  Alloctr   11  Proc    0 
[Track Assign: Iteration 0] Total (MB): Used  127  Alloctr  129  Proc 2437 

Reroute to fix overlaps

Assign Horizontal partitions, iteration 1
Routed partition 1/23      
Routed partition 2/23      
Routed partition 3/23      
Routed partition 4/23      
Routed partition 5/23      
Routed partition 6/23      
Routed partition 7/23      
Routed partition 8/23      
Routed partition 9/23      
Routed partition 10/23     
Routed partition 11/23     
Routed partition 12/23     
Routed partition 14/23     
Routed partition 14/23     
Routed partition 17/23     
Routed partition 17/23     
Routed partition 17/23     
Routed partition 18/23     
Routed partition 19/23     
Routed partition 20/23     
Routed partition 21/23     
Routed partition 22/23     
Routed partition 23/23     

Assign Vertical partitions, iteration 1
Routed partition 1/23      
Routed partition 3/23      
Routed partition 5/23      
Routed partition 5/23      
Routed partition 5/23      
Routed partition 6/23      
Routed partition 7/23      
Routed partition 8/23      
Routed partition 9/23      
Routed partition 10/23     
Routed partition 11/23     
Routed partition 12/23     
Routed partition 14/23     
Routed partition 15/23     
Routed partition 16/23     
Routed partition 16/23     
Routed partition 18/23     
Routed partition 18/23     
Routed partition 19/23     
Routed partition 20/23     
Routed partition 21/23     
Routed partition 22/23     
Routed partition 23/23     

[Track Assign: Iteration 1] Elapsed real time: 0:00:00 
[Track Assign: Iteration 1] Elapsed cpu  time: sys=0:00:00 usr=0:00:00 total=0:00:00
[Track Assign: Iteration 1] Stage (MB): Used   10  Alloctr   11  Proc    0 
[Track Assign: Iteration 1] Total (MB): Used  127  Alloctr  129  Proc 2437 

Number of wires with overlap after iteration 1 = 0 of 1


Wire length and via report:
---------------------------
Number of M1 wires: 0 		 POLYCON: 0
Number of M2 wires: 0 		 VIA12C: 2
Number of M3 wires: 1 		 VIA23C: 2
Number of M4 wires: 0 		 VIA34C: 0
Number of M5 wires: 0 		 VIA45C: 0
Number of M6 wires: 0 		 VIA56C: 0
Number of M7 wires: 0 		 VIA67C: 0
Number of M8 wires: 0 		 VIA78C: 0
Number of M9 wires: 0 		 VIA89C: 0
Total number of wires: 1 		 vias: 4

Total M1 wire length: 0.0
Total M2 wire length: 0.0
Total M3 wire length: 0.8
Total M4 wire length: 0.0
Total M5 wire length: 0.0
Total M6 wire length: 0.0
Total M7 wire length: 0.0
Total M8 wire length: 0.0
Total M9 wire length: 0.0
Total wire length: 0.8

Longest M1 wire length: 0.0
Longest M2 wire length: 0.0
Longest M3 wire length: 0.8
Longest M4 wire length: 0.0
Longest M5 wire length: 0.0
Longest M6 wire length: 0.0
Longest M7 wire length: 0.0
Longest M8 wire length: 0.0
Longest M9 wire length: 0.0


[Track Assign: Done] Elapsed real time: 0:00:00 
[Track Assign: Done] Elapsed cpu  time: sys=0:00:00 usr=0:00:01 total=0:00:01
[Track Assign: Done] Stage (MB): Used    4  Alloctr    5  Proc    0 
[Track Assign: Done] Total (MB): Used  121  Alloctr  123  Proc 2437 
Printing options for 'route.common.*'

Printing options for 'route.detail.*'
detail.force_end_on_preferred_grid                      :	 true                
detail.timing_driven                                    :	 false               

Printing options for 'route.auto_via_ladder.*'

Information: RC layer preference is turned off for this design. (ZRT-613)
[Dr init] Elapsed real time: 0:00:00 
[Dr init] Elapsed cpu  time: sys=0:00:00 usr=0:00:00 total=0:00:00
[Dr init] Stage (MB): Used    8  Alloctr    8  Proc    0 
[Dr init] Total (MB): Used  129  Alloctr  131  Proc 2437 
Total number of nets = 62296, of which 0 are not extracted
Total number of open nets = 59581, of which 0 are frozen
Information: Using 4 threads for routing. (ZRT-444)
Start DR iteration 0: uniform partition
Routed	1/1156 Partitions, Violations =	0
Routed	5/1156 Partitions, Violations =	1
Routed	10/1156 Partitions, Violations =	3
Routed	15/1156 Partitions, Violations =	4
Routed	20/1156 Partitions, Violations =	3
Routed	25/1156 Partitions, Violations =	13
Routed	30/1156 Partitions, Violations =	4
Routed	35/1156 Partitions, Violations =	17
Routed	40/1156 Partitions, Violations =	26
Routed	45/1156 Partitions, Violations =	16
Routed	50/1156 Partitions, Violations =	16
Routed	55/1156 Partitions, Violations =	17
Routed	60/1156 Partitions, Violations =	17
Routed	65/1156 Partitions, Violations =	19
Routed	70/1156 Partitions, Violations =	27
Routed	75/1156 Partitions, Violations =	30
Routed	80/1156 Partitions, Violations =	32
Routed	85/1156 Partitions, Violations =	35
Routed	90/1156 Partitions, Violations =	41
Routed	95/1156 Partitions, Violations =	43
Routed	100/1156 Partitions, Violations =	40
Routed	105/1156 Partitions, Violations =	40
Routed	110/1156 Partitions, Violations =	52
Routed	115/1156 Partitions, Violations =	55
Routed	120/1156 Partitions, Violations =	65
Routed	125/1156 Partitions, Violations =	73
Routed	130/1156 Partitions, Violations =	65
Routed	135/1156 Partitions, Violations =	71
Routed	140/1156 Partitions, Violations =	68
Routed	145/1156 Partitions, Violations =	67
Routed	150/1156 Partitions, Violations =	71
Routed	155/1156 Partitions, Violations =	73
Routed	160/1156 Partitions, Violations =	86
Routed	165/1156 Partitions, Violations =	92
Routed	170/1156 Partitions, Violations =	89
Routed	175/1156 Partitions, Violations =	97
Routed	180/1156 Partitions, Violations =	98
Routed	185/1156 Partitions, Violations =	93
Routed	190/1156 Partitions, Violations =	87
Routed	195/1156 Partitions, Violations =	89
Routed	200/1156 Partitions, Violations =	95
Routed	205/1156 Partitions, Violations =	92
Routed	210/1156 Partitions, Violations =	105
Routed	215/1156 Partitions, Violations =	113
Routed	220/1156 Partitions, Violations =	139
Routed	225/1156 Partitions, Violations =	139
Routed	230/1156 Partitions, Violations =	144
Routed	235/1156 Partitions, Violations =	145
Routed	240/1156 Partitions, Violations =	148
Routed	245/1156 Partitions, Violations =	127
Routed	250/1156 Partitions, Violations =	128
Routed	255/1156 Partitions, Violations =	123
Routed	260/1156 Partitions, Violations =	121
Routed	265/1156 Partitions, Violations =	123
Routed	270/1156 Partitions, Violations =	130
Routed	275/1156 Partitions, Violations =	131
Routed	280/1156 Partitions, Violations =	132
Routed	285/1156 Partitions, Violations =	132
Routed	290/1156 Partitions, Violations =	141
Routed	295/1156 Partitions, Violations =	131
Routed	300/1156 Partitions, Violations =	137
Routed	305/1156 Partitions, Violations =	140
Routed	310/1156 Partitions, Violations =	142
Routed	315/1156 Partitions, Violations =	146
Routed	320/1156 Partitions, Violations =	145
Routed	325/1156 Partitions, Violations =	150
Routed	330/1156 Partitions, Violations =	151
Routed	335/1156 Partitions, Violations =	152
Routed	340/1156 Partitions, Violations =	154
Routed	345/1156 Partitions, Violations =	169
Routed	350/1156 Partitions, Violations =	179
Routed	355/1156 Partitions, Violations =	193
Routed	360/1156 Partitions, Violations =	200
Routed	365/1156 Partitions, Violations =	206
Routed	370/1156 Partitions, Violations =	210
Routed	375/1156 Partitions, Violations =	211
Routed	380/1156 Partitions, Violations =	262
Routed	385/1156 Partitions, Violations =	268
Routed	390/1156 Partitions, Violations =	287
Routed	395/1156 Partitions, Violations =	284
Routed	400/1156 Partitions, Violations =	279
Routed	405/1156 Partitions, Violations =	288
Routed	410/1156 Partitions, Violations =	255
Routed	415/1156 Partitions, Violations =	251
Routed	420/1156 Partitions, Violations =	249
Routed	425/1156 Partitions, Violations =	237
Routed	430/1156 Partitions, Violations =	239
Routed	435/1156 Partitions, Violations =	248
Routed	440/1156 Partitions, Violations =	245
Routed	445/1156 Partitions, Violations =	244
Routed	450/1156 Partitions, Violations =	251
Routed	455/1156 Partitions, Violations =	250
Routed	460/1156 Partitions, Violations =	252
Routed	465/1156 Partitions, Violations =	284
Routed	470/1156 Partitions, Violations =	304
Routed	475/1156 Partitions, Violations =	306
Routed	480/1156 Partitions, Violations =	276
Routed	485/1156 Partitions, Violations =	273
Routed	490/1156 Partitions, Violations =	296
Routed	495/1156 Partitions, Violations =	298
Routed	500/1156 Partitions, Violations =	290
Routed	505/1156 Partitions, Violations =	302
Routed	510/1156 Partitions, Violations =	280
Routed	515/1156 Partitions, Violations =	302
Routed	520/1156 Partitions, Violations =	302
Routed	525/1156 Partitions, Violations =	311
Routed	530/1156 Partitions, Violations =	315
Routed	535/1156 Partitions, Violations =	334
Routed	540/1156 Partitions, Violations =	335
Routed	545/1156 Partitions, Violations =	337
Routed	550/1156 Partitions, Violations =	342
Routed	555/1156 Partitions, Violations =	343
Routed	560/1156 Partitions, Violations =	353
Routed	565/1156 Partitions, Violations =	350
Routed	570/1156 Partitions, Violations =	352
Routed	575/1156 Partitions, Violations =	352
Routed	580/1156 Partitions, Violations =	364
Routed	586/1156 Partitions, Violations =	362
Routed	590/1156 Partitions, Violations =	366
Routed	595/1156 Partitions, Violations =	368
Routed	600/1156 Partitions, Violations =	367
Routed	605/1156 Partitions, Violations =	369
Routed	610/1156 Partitions, Violations =	376
Routed	615/1156 Partitions, Violations =	382
Routed	620/1156 Partitions, Violations =	385
Routed	625/1156 Partitions, Violations =	387
Routed	630/1156 Partitions, Violations =	400
Routed	635/1156 Partitions, Violations =	394
Routed	640/1156 Partitions, Violations =	396
Routed	645/1156 Partitions, Violations =	406
Routed	650/1156 Partitions, Violations =	436
Routed	655/1156 Partitions, Violations =	436
Routed	660/1156 Partitions, Violations =	434
Routed	665/1156 Partitions, Violations =	435
Routed	670/1156 Partitions, Violations =	419
Routed	675/1156 Partitions, Violations =	409
Routed	680/1156 Partitions, Violations =	418
Routed	685/1156 Partitions, Violations =	424
Routed	690/1156 Partitions, Violations =	427
Routed	695/1156 Partitions, Violations =	432
Routed	700/1156 Partitions, Violations =	441
Routed	705/1156 Partitions, Violations =	443
Routed	710/1156 Partitions, Violations =	449
Routed	715/1156 Partitions, Violations =	451
Routed	720/1156 Partitions, Violations =	456
Routed	725/1156 Partitions, Violations =	456
Routed	730/1156 Partitions, Violations =	467
Routed	735/1156 Partitions, Violations =	475
Routed	740/1156 Partitions, Violations =	481
Routed	745/1156 Partitions, Violations =	478
Routed	750/1156 Partitions, Violations =	479
Routed	755/1156 Partitions, Violations =	495
Routed	760/1156 Partitions, Violations =	496
Routed	765/1156 Partitions, Violations =	499
Routed	770/1156 Partitions, Violations =	499
Routed	775/1156 Partitions, Violations =	491
Routed	780/1156 Partitions, Violations =	493
Routed	785/1156 Partitions, Violations =	517
Routed	790/1156 Partitions, Violations =	509
Routed	795/1156 Partitions, Violations =	506
Routed	800/1156 Partitions, Violations =	514
Routed	805/1156 Partitions, Violations =	512
Routed	810/1156 Partitions, Violations =	508
Routed	815/1156 Partitions, Violations =	500
Routed	820/1156 Partitions, Violations =	504
Routed	825/1156 Partitions, Violations =	502
Routed	830/1156 Partitions, Violations =	520
Routed	835/1156 Partitions, Violations =	532
Routed	840/1156 Partitions, Violations =	550
Routed	845/1156 Partitions, Violations =	554
Routed	850/1156 Partitions, Violations =	567
Routed	855/1156 Partitions, Violations =	573
Routed	860/1156 Partitions, Violations =	587
Routed	865/1156 Partitions, Violations =	552
Routed	870/1156 Partitions, Violations =	612
Routed	875/1156 Partitions, Violations =	618
Routed	880/1156 Partitions, Violations =	616
Routed	885/1156 Partitions, Violations =	613
Routed	890/1156 Partitions, Violations =	613
Routed	895/1156 Partitions, Violations =	618
Routed	900/1156 Partitions, Violations =	621
Routed	905/1156 Partitions, Violations =	617
Routed	910/1156 Partitions, Violations =	618
Routed	915/1156 Partitions, Violations =	621
Routed	920/1156 Partitions, Violations =	634
Routed	925/1156 Partitions, Violations =	634
Routed	930/1156 Partitions, Violations =	647
Routed	935/1156 Partitions, Violations =	683
Routed	940/1156 Partitions, Violations =	672
Routed	945/1156 Partitions, Violations =	688
Routed	950/1156 Partitions, Violations =	676
Routed	955/1156 Partitions, Violations =	686
Routed	960/1156 Partitions, Violations =	694
Routed	965/1156 Partitions, Violations =	706
Routed	970/1156 Partitions, Violations =	726
Routed	975/1156 Partitions, Violations =	729
Routed	980/1156 Partitions, Violations =	734
Routed	985/1156 Partitions, Violations =	731
Routed	990/1156 Partitions, Violations =	763
Routed	995/1156 Partitions, Violations =	731
Routed	1000/1156 Partitions, Violations =	741
Routed	1005/1156 Partitions, Violations =	728
Routed	1010/1156 Partitions, Violations =	745
Routed	1015/1156 Partitions, Violations =	778
Routed	1020/1156 Partitions, Violations =	790
Routed	1025/1156 Partitions, Violations =	772
Routed	1030/1156 Partitions, Violations =	778
Routed	1035/1156 Partitions, Violations =	777
Routed	1040/1156 Partitions, Violations =	781
Routed	1045/1156 Partitions, Violations =	792
Routed	1050/1156 Partitions, Violations =	817
Routed	1055/1156 Partitions, Violations =	817
Routed	1060/1156 Partitions, Violations =	819
Routed	1065/1156 Partitions, Violations =	809
Routed	1070/1156 Partitions, Violations =	820
Routed	1075/1156 Partitions, Violations =	820
Routed	1080/1156 Partitions, Violations =	829
Routed	1085/1156 Partitions, Violations =	833
Routed	1090/1156 Partitions, Violations =	832
Routed	1095/1156 Partitions, Violations =	832
Routed	1100/1156 Partitions, Violations =	835
Routed	1105/1156 Partitions, Violations =	839
Routed	1110/1156 Partitions, Violations =	829
Routed	1115/1156 Partitions, Violations =	840
Routed	1120/1156 Partitions, Violations =	850
Routed	1125/1156 Partitions, Violations =	860
Routed	1130/1156 Partitions, Violations =	861
Routed	1135/1156 Partitions, Violations =	869
Routed	1140/1156 Partitions, Violations =	862
Routed	1145/1156 Partitions, Violations =	871
Routed	1150/1156 Partitions, Violations =	873
Routed	1155/1156 Partitions, Violations =	872

DRC-SUMMARY:
	@@@@@@@ TOTAL VIOLATIONS =	872
	Diff net spacing : 499
	Diff net via-cut spacing : 2
	Less than minimum area : 4
	Less than NDR width : 2
	Same net spacing : 46
	Same net via-cut spacing : 5
	Short : 294
	Internal-only types : 20

[Iter 0] Elapsed real time: 0:00:10 
[Iter 0] Elapsed cpu  time: sys=0:00:00 usr=0:00:37 total=0:00:37
[Iter 0] Stage (MB): Used   17  Alloctr   17  Proc    0 
[Iter 0] Total (MB): Used  138  Alloctr  140  Proc 2437 

End DR iteration 0 with 1156 parts

Start DR iteration 1: non-uniform partition
Routed	1/321 Partitions, Violations =	770
Routed	2/321 Partitions, Violations =	770
Routed	4/321 Partitions, Violations =	770
Routed	5/321 Partitions, Violations =	741
Routed	5/321 Partitions, Violations =	741
Routed	6/321 Partitions, Violations =	731
Routed	7/321 Partitions, Violations =	711
Routed	9/321 Partitions, Violations =	702
Routed	9/321 Partitions, Violations =	702
Routed	10/321 Partitions, Violations =	679
Routed	11/321 Partitions, Violations =	679
Routed	12/321 Partitions, Violations =	670
Routed	13/321 Partitions, Violations =	651
Routed	14/321 Partitions, Violations =	651
Routed	15/321 Partitions, Violations =	631
Routed	16/321 Partitions, Violations =	620
Routed	17/321 Partitions, Violations =	620
Routed	18/321 Partitions, Violations =	620
Routed	19/321 Partitions, Violations =	569
Routed	20/321 Partitions, Violations =	569
Routed	21/321 Partitions, Violations =	556
Routed	22/321 Partitions, Violations =	550
Routed	23/321 Partitions, Violations =	532
Routed	24/321 Partitions, Violations =	523
Routed	25/321 Partitions, Violations =	523
Routed	27/321 Partitions, Violations =	516
Routed	27/321 Partitions, Violations =	516
Routed	28/321 Partitions, Violations =	495
Routed	29/321 Partitions, Violations =	488
Routed	30/321 Partitions, Violations =	481
Routed	31/321 Partitions, Violations =	472
Routed	32/321 Partitions, Violations =	465
Routed	33/321 Partitions, Violations =	463
Routed	34/321 Partitions, Violations =	453
Routed	35/321 Partitions, Violations =	442
Routed	37/321 Partitions, Violations =	442
Routed	37/321 Partitions, Violations =	442
Routed	38/321 Partitions, Violations =	412
Routed	39/321 Partitions, Violations =	404
Routed	40/321 Partitions, Violations =	404
Routed	42/321 Partitions, Violations =	404
Routed	42/321 Partitions, Violations =	404
Routed	43/321 Partitions, Violations =	380
Routed	44/321 Partitions, Violations =	380
Routed	46/321 Partitions, Violations =	380
Routed	46/321 Partitions, Violations =	376
Routed	47/321 Partitions, Violations =	365
Routed	48/321 Partitions, Violations =	366
Routed	50/321 Partitions, Violations =	363
Routed	51/321 Partitions, Violations =	360
Routed	52/321 Partitions, Violations =	354
Routed	52/321 Partitions, Violations =	354
Routed	54/321 Partitions, Violations =	354
Routed	54/321 Partitions, Violations =	354
Routed	55/321 Partitions, Violations =	342
Routed	56/321 Partitions, Violations =	343
Routed	57/321 Partitions, Violations =	340
Routed	58/321 Partitions, Violations =	337
Routed	59/321 Partitions, Violations =	331
Routed	60/321 Partitions, Violations =	331
Routed	61/321 Partitions, Violations =	328
Routed	62/321 Partitions, Violations =	328
Routed	63/321 Partitions, Violations =	322
Routed	65/321 Partitions, Violations =	319
Routed	65/321 Partitions, Violations =	319
Routed	66/321 Partitions, Violations =	313
Routed	67/321 Partitions, Violations =	311
Routed	68/321 Partitions, Violations =	303
Routed	69/321 Partitions, Violations =	299
Routed	70/321 Partitions, Violations =	297
Routed	71/321 Partitions, Violations =	297
Routed	72/321 Partitions, Violations =	291
Routed	73/321 Partitions, Violations =	291
Routed	74/321 Partitions, Violations =	291
Routed	75/321 Partitions, Violations =	285
Routed	76/321 Partitions, Violations =	285
Routed	77/321 Partitions, Violations =	283
Routed	79/321 Partitions, Violations =	283
Routed	79/321 Partitions, Violations =	283
Routed	80/321 Partitions, Violations =	276
Routed	81/321 Partitions, Violations =	276
Routed	83/321 Partitions, Violations =	276
Routed	83/321 Partitions, Violations =	276
Routed	84/321 Partitions, Violations =	268
Routed	85/321 Partitions, Violations =	268
Routed	86/321 Partitions, Violations =	266
Routed	87/321 Partitions, Violations =	264
Routed	88/321 Partitions, Violations =	264
Routed	89/321 Partitions, Violations =	258
Routed	90/321 Partitions, Violations =	258
Routed	91/321 Partitions, Violations =	258
Routed	92/321 Partitions, Violations =	256
Routed	93/321 Partitions, Violations =	254
Routed	94/321 Partitions, Violations =	251
Routed	95/321 Partitions, Violations =	251
Routed	96/321 Partitions, Violations =	248
Routed	97/321 Partitions, Violations =	248
Routed	98/321 Partitions, Violations =	247
Routed	99/321 Partitions, Violations =	246
Routed	101/321 Partitions, Violations =	246
Routed	101/321 Partitions, Violations =	246
Routed	102/321 Partitions, Violations =	242
Routed	103/321 Partitions, Violations =	242
Routed	104/321 Partitions, Violations =	241
Routed	105/321 Partitions, Violations =	240
Routed	106/321 Partitions, Violations =	239
Routed	107/321 Partitions, Violations =	237
Routed	108/321 Partitions, Violations =	236
Routed	109/321 Partitions, Violations =	236
Routed	110/321 Partitions, Violations =	236
Routed	111/321 Partitions, Violations =	233
Routed	112/321 Partitions, Violations =	233
Routed	113/321 Partitions, Violations =	233
Routed	114/321 Partitions, Violations =	232
Routed	115/321 Partitions, Violations =	230
Routed	117/321 Partitions, Violations =	230
Routed	117/321 Partitions, Violations =	230
Routed	118/321 Partitions, Violations =	226
Routed	119/321 Partitions, Violations =	226
Routed	121/321 Partitions, Violations =	225
Routed	121/321 Partitions, Violations =	225
Routed	122/321 Partitions, Violations =	224
Routed	123/321 Partitions, Violations =	219
Routed	124/321 Partitions, Violations =	219
Routed	126/321 Partitions, Violations =	218
Routed	126/321 Partitions, Violations =	218
Routed	127/321 Partitions, Violations =	217
Routed	128/321 Partitions, Violations =	215
Routed	129/321 Partitions, Violations =	215
Routed	130/321 Partitions, Violations =	214
Routed	131/321 Partitions, Violations =	212
Routed	133/321 Partitions, Violations =	212
Routed	133/321 Partitions, Violations =	212
Routed	134/321 Partitions, Violations =	208
Routed	135/321 Partitions, Violations =	208
Routed	137/321 Partitions, Violations =	208
Routed	137/321 Partitions, Violations =	208
Routed	138/321 Partitions, Violations =	203
Routed	139/321 Partitions, Violations =	203
Routed	140/321 Partitions, Violations =	203
Routed	141/321 Partitions, Violations =	201
Routed	143/321 Partitions, Violations =	201
Routed	143/321 Partitions, Violations =	199
Routed	145/321 Partitions, Violations =	199
Routed	145/321 Partitions, Violations =	197
Routed	146/321 Partitions, Violations =	196
Routed	148/321 Partitions, Violations =	195
Routed	148/321 Partitions, Violations =	195
Routed	149/321 Partitions, Violations =	194
Routed	150/321 Partitions, Violations =	191
Routed	151/321 Partitions, Violations =	189
Routed	152/321 Partitions, Violations =	189
Routed	154/321 Partitions, Violations =	188
Routed	154/321 Partitions, Violations =	188
Routed	155/321 Partitions, Violations =	188
Routed	156/321 Partitions, Violations =	184
Routed	157/321 Partitions, Violations =	184
Routed	159/321 Partitions, Violations =	184
Routed	159/321 Partitions, Violations =	183
Routed	160/321 Partitions, Violations =	181
Routed	161/321 Partitions, Violations =	180
Routed	162/321 Partitions, Violations =	178
Routed	163/321 Partitions, Violations =	178
Routed	164/321 Partitions, Violations =	178
Routed	165/321 Partitions, Violations =	175
Routed	166/321 Partitions, Violations =	175
Routed	167/321 Partitions, Violations =	173
Routed	168/321 Partitions, Violations =	173
Routed	169/321 Partitions, Violations =	171
Routed	170/321 Partitions, Violations =	171
Routed	171/321 Partitions, Violations =	171
Routed	172/321 Partitions, Violations =	167
Routed	173/321 Partitions, Violations =	167
Routed	174/321 Partitions, Violations =	167
Routed	175/321 Partitions, Violations =	165
Routed	176/321 Partitions, Violations =	163
Routed	177/321 Partitions, Violations =	162
Routed	178/321 Partitions, Violations =	160
Routed	179/321 Partitions, Violations =	160
Routed	180/321 Partitions, Violations =	160
Routed	181/321 Partitions, Violations =	160
Routed	182/321 Partitions, Violations =	155
Routed	183/321 Partitions, Violations =	155
Routed	184/321 Partitions, Violations =	153
Routed	185/321 Partitions, Violations =	153
Routed	186/321 Partitions, Violations =	153
Routed	187/321 Partitions, Violations =	150
Routed	188/321 Partitions, Violations =	150
Routed	190/321 Partitions, Violations =	150
Routed	190/321 Partitions, Violations =	150
Routed	191/321 Partitions, Violations =	146
Routed	192/321 Partitions, Violations =	146
Routed	193/321 Partitions, Violations =	145
Routed	194/321 Partitions, Violations =	144
Routed	196/321 Partitions, Violations =	143
Routed	197/321 Partitions, Violations =	141
Routed	198/321 Partitions, Violations =	141
Routed	199/321 Partitions, Violations =	140
Routed	200/321 Partitions, Violations =	140
Routed	201/321 Partitions, Violations =	137
Routed	201/321 Partitions, Violations =	137
Routed	203/321 Partitions, Violations =	136
Routed	203/321 Partitions, Violations =	135
Routed	204/321 Partitions, Violations =	135
Routed	205/321 Partitions, Violations =	133
Routed	206/321 Partitions, Violations =	133
Routed	207/321 Partitions, Violations =	131
Routed	208/321 Partitions, Violations =	130
Routed	209/321 Partitions, Violations =	128
Routed	210/321 Partitions, Violations =	128
Routed	211/321 Partitions, Violations =	128
Routed	212/321 Partitions, Violations =	126
Routed	213/321 Partitions, Violations =	126
Routed	214/321 Partitions, Violations =	126
Routed	215/321 Partitions, Violations =	123
Routed	216/321 Partitions, Violations =	123
Routed	217/321 Partitions, Violations =	121
Routed	218/321 Partitions, Violations =	121
Routed	219/321 Partitions, Violations =	119
Routed	221/321 Partitions, Violations =	118
Routed	222/321 Partitions, Violations =	118
Routed	222/321 Partitions, Violations =	116
Routed	223/321 Partitions, Violations =	116
Routed	224/321 Partitions, Violations =	115
Routed	225/321 Partitions, Violations =	113
Routed	227/321 Partitions, Violations =	112
Routed	227/321 Partitions, Violations =	112
Routed	228/321 Partitions, Violations =	112
Routed	229/321 Partitions, Violations =	108
Routed	230/321 Partitions, Violations =	107
Routed	231/321 Partitions, Violations =	107
Routed	232/321 Partitions, Violations =	107
Routed	233/321 Partitions, Violations =	105
Routed	234/321 Partitions, Violations =	104
Routed	235/321 Partitions, Violations =	104
Routed	236/321 Partitions, Violations =	102
Routed	237/321 Partitions, Violations =	101
Routed	238/321 Partitions, Violations =	97
Routed	239/321 Partitions, Violations =	97
Routed	240/321 Partitions, Violations =	96
Routed	241/321 Partitions, Violations =	96
Routed	242/321 Partitions, Violations =	96
Routed	243/321 Partitions, Violations =	91
Routed	244/321 Partitions, Violations =	91
Routed	245/321 Partitions, Violations =	90
Routed	246/321 Partitions, Violations =	88
Routed	247/321 Partitions, Violations =	86
Routed	248/321 Partitions, Violations =	85
Routed	249/321 Partitions, Violations =	85
Routed	250/321 Partitions, Violations =	85
Routed	252/321 Partitions, Violations =	84
Routed	252/321 Partitions, Violations =	82
Routed	253/321 Partitions, Violations =	82
Routed	254/321 Partitions, Violations =	80
Routed	255/321 Partitions, Violations =	79
Routed	256/321 Partitions, Violations =	79
Routed	257/321 Partitions, Violations =	76
Routed	258/321 Partitions, Violations =	75
Routed	259/321 Partitions, Violations =	75
Routed	260/321 Partitions, Violations =	75
Routed	261/321 Partitions, Violations =	75
Routed	262/321 Partitions, Violations =	70
Routed	263/321 Partitions, Violations =	70
Routed	264/321 Partitions, Violations =	70
Routed	265/321 Partitions, Violations =	68
Routed	266/321 Partitions, Violations =	66
Routed	267/321 Partitions, Violations =	65
Routed	268/321 Partitions, Violations =	65
Routed	269/321 Partitions, Violations =	64
Routed	270/321 Partitions, Violations =	64
Routed	271/321 Partitions, Violations =	63
Routed	272/321 Partitions, Violations =	60
Routed	274/321 Partitions, Violations =	59
Routed	274/321 Partitions, Violations =	59
Routed	275/321 Partitions, Violations =	56
Routed	276/321 Partitions, Violations =	56
Routed	277/321 Partitions, Violations =	56
Routed	278/321 Partitions, Violations =	56
Routed	279/321 Partitions, Violations =	52
Routed	280/321 Partitions, Violations =	52
Routed	281/321 Partitions, Violations =	51
Routed	282/321 Partitions, Violations =	51
Routed	283/321 Partitions, Violations =	48
Routed	284/321 Partitions, Violations =	48
Routed	285/321 Partitions, Violations =	48
Routed	286/321 Partitions, Violations =	46
Routed	288/321 Partitions, Violations =	46
Routed	288/321 Partitions, Violations =	46
Routed	289/321 Partitions, Violations =	41
Routed	290/321 Partitions, Violations =	41
Routed	291/321 Partitions, Violations =	41
Routed	292/321 Partitions, Violations =	37
Routed	293/321 Partitions, Violations =	35
Routed	294/321 Partitions, Violations =	35
Routed	295/321 Partitions, Violations =	33
Routed	296/321 Partitions, Violations =	33
Routed	297/321 Partitions, Violations =	31
Routed	298/321 Partitions, Violations =	31
Routed	299/321 Partitions, Violations =	30
Routed	300/321 Partitions, Violations =	28
Routed	301/321 Partitions, Violations =	27
Routed	303/321 Partitions, Violations =	27
Routed	303/321 Partitions, Violations =	26
Routed	304/321 Partitions, Violations =	24
Routed	305/321 Partitions, Violations =	23
Routed	307/321 Partitions, Violations =	23
Routed	307/321 Partitions, Violations =	22
Routed	308/321 Partitions, Violations =	20
Routed	310/321 Partitions, Violations =	19
Routed	311/321 Partitions, Violations =	18
Routed	312/321 Partitions, Violations =	18
Routed	312/321 Partitions, Violations =	18
Routed	313/321 Partitions, Violations =	15
Routed	314/321 Partitions, Violations =	15
Routed	315/321 Partitions, Violations =	13
Routed	317/321 Partitions, Violations =	13
Routed	317/321 Partitions, Violations =	13
Routed	318/321 Partitions, Violations =	12
Routed	319/321 Partitions, Violations =	11
Routed	320/321 Partitions, Violations =	10
Routed	321/321 Partitions, Violations =	9

DRC-SUMMARY:
	@@@@@@@ TOTAL VIOLATIONS =	9
	Same net spacing : 3
	Internal-only types : 6

[Iter 1] Elapsed real time: 0:00:12 
[Iter 1] Elapsed cpu  time: sys=0:00:00 usr=0:00:43 total=0:00:43
[Iter 1] Stage (MB): Used   17  Alloctr   17  Proc    0 
[Iter 1] Total (MB): Used  138  Alloctr  140  Proc 2437 

End DR iteration 1 with 321 parts

Start DR iteration 2: non-uniform partition
Routed	1/7 Partitions, Violations =	7
Routed	2/7 Partitions, Violations =	4
Routed	3/7 Partitions, Violations =	3
Routed	4/7 Partitions, Violations =	1
Routed	5/7 Partitions, Violations =	1
Routed	6/7 Partitions, Violations =	0
Routed	7/7 Partitions, Violations =	0

DRC-SUMMARY:
	@@@@@@@ TOTAL VIOLATIONS =	0

[Iter 2] Elapsed real time: 0:00:13 
[Iter 2] Elapsed cpu  time: sys=0:00:00 usr=0:00:44 total=0:00:44
[Iter 2] Stage (MB): Used   17  Alloctr   17  Proc    0 
[Iter 2] Total (MB): Used  138  Alloctr  140  Proc 2437 

End DR iteration 2 with 7 parts

Finish DR since reached 0 DRC

Information: Detail Routing terminated early because DRCs were not converging: false (ZRT-312)
[DR] Elapsed real time: 0:00:13 
[DR] Elapsed cpu  time: sys=0:00:00 usr=0:00:44 total=0:00:44
[DR] Stage (MB): Used    1  Alloctr    1  Proc    0 
[DR] Total (MB): Used  123  Alloctr  125  Proc 2437 
[DR: Done] Elapsed real time: 0:00:13 
[DR: Done] Elapsed cpu  time: sys=0:00:00 usr=0:00:44 total=0:00:44
[DR: Done] Stage (MB): Used    1  Alloctr    1  Proc    0 
[DR: Done] Total (MB): Used  123  Alloctr  125  Proc 2437 

DR finished with 0 open nets, of which 0 are frozen

DR finished with 0 violations

DRC-SUMMARY:
	@@@@@@@ TOTAL VIOLATIONS =	0



Total Wire Length =                    186408 micron
Total Number of Contacts =             38198
Total Number of Wires =                40218
Total Number of PtConns =              5325
Total Number of Routed Wires =       40218
Total Routed Wire Length =           185302 micron
Total Number of Routed Contacts =       38198
	Layer          M1 :        704 micron
	Layer          M2 :      62559 micron
	Layer          M3 :      85980 micron
	Layer          M4 :      33456 micron
	Layer          M5 :       2640 micron
	Layer          M6 :       1068 micron
	Layer          M7 :          0 micron
	Layer          M8 :          0 micron
	Layer          M9 :          0 micron
	Via        VIA56C :         44
	Via        VIA45C :        371
	Via        VIA34C :       3933
	Via   VIA34C(rot) :         36
	Via        VIA23C :      18526
	Via   VIA23C(rot) :          7
	Via        VIA12C :         25
	Via   VIA12C(rot) :       9066
	Via        VIA12B :       2450
	Via   VIA12B(rot) :       3740

 
Redundant via conversion report:
--------------------------------

  Total optimized via conversion rate =  0.00% (0 / 38198 vias)
 
    Layer VIA1       =  0.00% (0      / 15281   vias)
        Un-optimized =  0.00% (0       vias)
        Un-mapped    = 100.00% (15281   vias)
    Layer VIA2       =  0.00% (0      / 18533   vias)
        Un-optimized =  0.00% (0       vias)
        Un-mapped    = 100.00% (18533   vias)
    Layer VIA3       =  0.00% (0      / 3969    vias)
        Un-optimized =  0.00% (0       vias)
        Un-mapped    = 100.00% (3969    vias)
    Layer VIA4       =  0.00% (0      / 371     vias)
        Un-optimized =  0.00% (0       vias)
        Un-mapped    = 100.00% (371     vias)
    Layer VIA5       =  0.00% (0      / 44      vias)
        Un-optimized =  0.00% (0       vias)
        Un-mapped    = 100.00% (44      vias)
 
  Total double via conversion rate    =  0.00% (0 / 38198 vias)
 
    Layer VIA1       =  0.00% (0      / 15281   vias)
    Layer VIA2       =  0.00% (0      / 18533   vias)
    Layer VIA3       =  0.00% (0      / 3969    vias)
    Layer VIA4       =  0.00% (0      / 371     vias)
    Layer VIA5       =  0.00% (0      / 44      vias)
 
  The optimized via conversion rate based on total routed via count =  0.00% (0 / 38198 vias)
 
    Layer VIA1       =  0.00% (0      / 15281   vias)
        Un-optimized =  0.00% (0       vias)
        Un-mapped    = 100.00% (15281   vias)
    Layer VIA2       =  0.00% (0      / 18533   vias)
        Un-optimized =  0.00% (0       vias)
        Un-mapped    = 100.00% (18533   vias)
    Layer VIA3       =  0.00% (0      / 3969    vias)
        Un-optimized =  0.00% (0       vias)
        Un-mapped    = 100.00% (3969    vias)
    Layer VIA4       =  0.00% (0      / 371     vias)
        Un-optimized =  0.00% (0       vias)
        Un-mapped    = 100.00% (371     vias)
    Layer VIA5       =  0.00% (0      / 44      vias)
        Un-optimized =  0.00% (0       vias)
        Un-mapped    = 100.00% (44      vias)
 

Total number of nets = 62296
0 open nets, of which 0 are frozen
Total number of excluded ports = 0 ports of 0 unplaced cells connected to 0 nets
                                 0 ports without pins of 0 cells connected to 0 nets
                                 0 ports of 0 cover cells connected to 0 non-pg nets
Total number of DRCs = 0
Total number of antenna violations = antenna checking not active
Information: Routes in non-preferred voltage areas = 0 (ZRT-559)

Topology ECO not run, no qualifying violations or in frozen nets.
Updating the database ...
Information: The net parasitics of block css_phy_tx_top are cleared. (TIM-123)
Begin building search trees for block css_phy_tx_top.dlib:css_phy_tx_top_cts.design
Done building search trees for block css_phy_tx_top.dlib:css_phy_tx_top_cts.design (time 0s)
Information: The stitching and editing of coupling caps is turned OFF for design 'css_phy_tx_top.dlib:css_phy_tx_top_cts.design'. (TIM-125)
Information: Design css_phy_tx_top_cts has 62295 nets, 0 global routed, 2712 detail routed. (NEX-024)
Information: The RC mode used is CTO for design 'css_phy_tx_top'. (NEX-022)
Information: Design Average RC for design css_phy_tx_top_cts  (NEX-011)
Information: r = 0.562500 ohm/um, via_r = 0.900000 ohm/cut, c = 0.103600 ff/um, cc = 0.000000 ff/um (X dir) (NEX-017)
Information: r = 0.562500 ohm/um, via_r = 0.900000 ohm/cut, c = 0.124450 ff/um, cc = 0.000000 ff/um (Y dir) (NEX-017)
Information: Update timing completed net estimation for all the timing graph nets (TIM-111)
Information: Net estimation statistics: timing graph nets = 62293, routed nets = 2712, across physical hierarchy nets = 0, parasitics cached nets = 62293, delay annotated nets = 0, parasitics annotated nets = 0, multi-voltage nets = 0. (TIM-112)

npo-clock-opt optimization Phase 35 Iter  1         0.00      1.78         0       0.782           -           0.932
Enable dominated scenarios

npo-clock-opt optimization complete                 0.00      1.78         0       0.782           -           0.932
Co-efficient Ratio Summary:
4.193421605155  6.578038173730  2.479639287277  7.744187694484  0.487015983641  3.170401433784  -5.567214854587  -2.894454487461  -6.565921317863  -9.017937605874  3.150879381183  9.866237509851  6.078547564085  2.744805141123
8.318115604907  9.699225026083  2.464623950064  1.382370375209  9.389149902907  3.143365006669  -0.968752889964  -6.613180823294  -4.146578893224  -7.876358018112  2.147334684846  0.966532141094  2.700562043881  3.840057864440
3.750206053169  7.663458842299  6.212201167950  7.759678473967  7.862243056717  0.402387977150  -0.032845195897  -0.596111612371  -4.701287496892  -7.205135612169  8.224550879418  1.186523190997  3.334850008244  5.867206531622
7.173894385364  9.669819999761  7.591487347087  7.632106446984  7.671033774459  9.832250888630  -1.878805917928  -3.230072443539  -1.226270137326  -7.050450594780  2.459127654881  6.132650544054  4.100634666110  1.274315389655
4.570746653063  5.624878808820  7.826857253678  4.759133418263  5.409027926377  2.609823652834  -0.626142638674  -6.381676752919  -9.187474122495  -0.513656896621  5.073779199712  6.112611446103  6.181896912107  1.581272165776
7.486041822107  9.584562469756  2.041727387119  3.921160867338  0.650488682345  9.472458902409  -3.368484494994  -4.897111649020  -6.860149344452  -2.000104151691  9.041544488839  2.190849709512  0.915324667443  5.466699108426
8.142690055883  4.607193265224  8.244463794567  3.504870705451  1.682716012888  7.173433718510  -9.939562808373  -3.617852872683  -8.946772737652  -1.169969632707  4.575145137412  3.093777409795  5.580140736993  1.131994563510
0.721709625254  7.515947417690  0.649322209371  1.017031043513  5.811519666269  5.826730883342  -4.349383392435  -0.216216018317  -9.612142522527  -7.311156882104  0.879718622878  0.359969286693  8.022433169284  2.603739385844
5.024802551363  1.359359521353  5.407563451201  2.804123477518  1.265300052200  0.417760313533  -1.833872565081  -6.448557837188  -4.848373212548  -2.936801155033  8.627693605475  4.215103316610  9.007041870112  3.308704978452
5.607471109985  8.514743640423  2.764676979434  9.324216938770  1.551199989997  2.300508202625  -0.754685130179  -1.961421511696  -2.781303441418  -3.355375255650  9.483046536352  9.139500642545  9.020623808464  9.978078295117
7.467457734047  3.171274721421  9.815920740044  4.331414637138  0.413524984361  3.309910198619  -7.452798306103  -1.902827024529  -5.623407359547  -7.269363108696  3.313540846434  7.096449515702  7.411750756476  6.944843776650
5.239565921087  4.802189647382  3.894401463832  4.531610419342  1.605155657803  8.173730247963  -9.287277874418  -7.540401148505  -0.000353417956  -5.833784656721  4.700624922195  4.380269656592  1.217287501793  7.505471110467
0.800933986343  9.509851607812  3.964085274420  8.341123831811  5.604907969922  5.026083246462  -3.950064238237  -0.221226038718  -4.029619414242  -9.406669196875  2.735001304068  0.726092414657  8.793648387635  8.918719019113
5.103696096373  4.141094270014  8.443881384045  0.064440375020  6.053169766345  8.842299621220  -1.167950875967  -8.473967886224  -3.056717140238  -7.977150103284  5.041933124611  1.515179470128  7.396216320513  5.512766627835
1.398268118372  5.190997333443  6.408244586760  9.731622717389  4.385364966981  9.999761759148  -7.347087863210  -6.393266867907  -8.063326083131  -4.288630287880  5.863064498007  2.346337122627  0.037740305045  0.494387040392
8.173631613985  2.544054410021  0.066110127471  8.589655457074  6.653063562487  8.808820782685  -7.253678575913  -3.418263640902  -7.926377360982  -3.652834162614  2.584710703167  6.655717918747  4.022819651365  6.796228302757
0.618562611981  3.446103618147  2.312107158167  5.365776748604  1.822107958456  2.469756204172  -7.387119492116  -0.867338165048  -8.682345047245  -8.902409436848  4.340030554711  1.542828686014  9.244876800010  4.051298709534
5.907689219704  1.709512091590  0.067443546609  2.308426814269  0.055883460719  3.265224824446  -3.794567450487  -0.705451268271  -6.012888817343  -3.718510093956  2.754419436785  2.775481894677  2.637076716996  9.532304252994
6.656262309097  9.409795558072  6.136993113139  7.763510072170  9.625254751594  7.417690064932  -2.209371201703  -1.043513681151  -9.666269682673  -0.883342534938  3.248571196621  6.911115961214  2.422941331115  6.782701882351
9.141628035616  1.286693802201  9.569284260313  2.585844502480  2.551363135935  9.521353540756  -3.451201380412  -3.477518226530  -0.052200141776  -0.313533283387  2.411127719855  7.730986484837  3.112962893680  1.055630667149
4.124225421230  5.316610900762  7.270112330810  7.178452560747  1.109985851474  3.640423276467  -6.979434032421  -6.938770255119  -9.989997330050  -8.202625175468  5.086215261142  1.414494278130  3.341832935537  5.155257743790
9.893602913670  2.642545902020  9.208464997847  1.495117746745  7.734047317127  4.721421981592  -0.740044533141  -4.637138141352  -4.984361430991  -0.198619845279  8.252249265282  7.927327562340  7.259961326936  3.008293136740
3.103784709364  1.515702741133  6.156476694424  6.976650523956  5.921087480218  9.647382389440  -1.463832553161  -0.419342260515  -5.657803917373  -0.247963028727  7.720554829040  1.041303000035  3.317370183378  4.556328275458
7.289445438746  1.656592121786  3.901793750587  4.310467131141  3.988300369026  1.608758996408  -5.274420934112  -3.831811660490  -7.969922602608  -3.246462495006  4.184373197122  6.931516402961  9.314666540666  9.096472078996
4.661318072329  4.414657879322  4.787635891811  2.219113500610  6.096373594105  4.270014044388  -1.384045106444  -0.375020705316  -9.766345984229  -9.621220216795  0.743149109896  7.781462805671  7.041093897715  0.003881309589
7.059611151237  1.470128739689  2.720513551216  9.827835139826  8.118372519099  7.333443640824  -4.586760073162  -2.717389538536  -4.966981099976  -1.759148834708  7.731492991826  6.762145306332  6.984996528863  0.187487381792
8.323007234353  9.122627003732  6.705045049478  0.240392817363  1.613985254405  4.410021006611  -0.127471958965  -5.457074765306  -3.562487980882  -0.782685825367  8.443195603326  3.545140292637  7.261747465283  4.062211053867
4.638167665291  9.918747402249  5.051365679662  1.502757061856  2.611981344610  3.618147231210  -7.158167636577  -6.748604282210  -7.958456346975  -6.204172838711  9.360398348233  8.060286368234  5.948000990240  9.336445239499
4.489711154902  0.686014924445  2.200010405169  1.909534590768  9.219704170951  2.091590006744  -3.546609330842  -6.814269105588  -3.460719426522  -4.824446479456  7.328669332045  1.163419101288  8.718108471851  0.993553070837
3.361785277268  3.894677263765  2.116996953270  7.452994643514  2.309097020719  5.558072113699  -3.113139876351  -0.072170062525  -4.751594841769  -0.064932320937  1.179943085501  3.586399466626  9.583438188334  2.434535129243
5.021621691831  7.961214242252  7.731115678210  4.082351914162  8.035616128669  3.802201956928  -4.260313358584  -4.502480355136  -3.135935052135  -3.540756445120  1.258652228901  8.121778505220  0.042531131353  3.183984046508
1.644855773718  8.484837311254  8.293680105503  3.867149412422  5.421230531661  0.900762727011  -2.330810817845  -2.560747210998  -5.851474464042  -3.276467797943  4.900661574027  0.150357498999  7.231815920262  5.075065303017
9.196142141169  6.278130334141  8.335537515565  0.943790989360  2.913670264254  5.902020920846  -4.997847249511  -7.746745873404  -7.317127572142  -1.981592174004  4.401381344963  8.046590998436  1.331756119861  9.745876620610
3.190282792452  9.562340725954  7.726936300869  6.336740398266  4.709364231310  2.741133115647  -6.694424797665  -0.523956692108  -7.480218064738  -2.389440246383  2.421211247184  2.165742565780  3.818126624796  3.928324577441
8.754040104850  5.000035331795  6.583378455672  1.475458706832  5.438746245499  2.121786890179  -3.750587531046  -7.080093498634  -3.950985260781  -2.396408627442  0.802262589331  1.565627796992  2.503451924646  2.395603213823
7.022122693871  8.402961931424  2.940666909687  5.278996444029  8.072329518035  7.879322678763  -5.891811321911  -3.510369709637  -3.414109527001  -4.844388238404  5.074595899002  0.600543276634  5.885072862122  0.116392877596
7.847396778622  4.305671704023  8.797715000328  4.509589705961  1.151237147012  8.739689272051  -3.551216082783  -5.139826911837  -2.519099833344  -3.640824558676  0.941213033238  9.433763796698  1.990729075914  8.734305576321
0.639326676790  7.806332698313  1.428863018788  0.581792832300  7.234353912262  7.003732670504  -5.049478124039  -2.817363261398  -5.254405541002  -1.006611112747  1.826016307207  4.660533656248  7.881635978268  5.725964647591
3.341826354090  2.792637726098  2.365283406261  4.253867441705  7.665291068448  7.402249705136  -5.679662250275  -7.061856361198  -1.344610461814  -7.231210815816  7.504628436360  4.187447095845  6.247728520417  2.738318739211
6.086733806504  8.868234594724  5.890240933684  8.439499426860  1.154902135275  4.924445420001  -0.405169290953  -4.590768021970  -4.170951309159  -0.006744454660  9.208993443926  9.000715646071  9.327375382444  6.379053535048

npo-clock-opt final QoR
_______________________
Scenario Mapping Table
1: default

Pathgroup Mapping Table
1: **default**
2: **async_default**
3: **clock_gating_default**
4: **in2reg_default**
5: **reg2out_default**
6: **in2out_default**
7: CLK
8: SCAN_CLK

-----------------------------------------------------------------------------------------------------------
Scene  PG      WNS        TNS    NSV      WHV        THV    NHV
    1   1   0.0000     0.0000      0   0.0000     0.0000      0
    1   2   0.0000     0.0000      0   0.0000     0.0000      0
    1   3   0.0000     0.0000      0   0.0000     0.0000      0
    1   4   0.0000     0.0000      0   0.0000     0.0000      0
    1   5   0.0000     0.0000      0   0.0000     0.0000      0
    1   6   0.0000     0.0000      0   0.0000     0.0000      0
    1   7   0.0000     0.0000      0   0.8900     1.7767      2
    1   8   0.0000     0.0000      0   0.8900     1.7767      2
--------------------------------------------------------------------------------------------------------------------
Scene  PG      WNS        TNS    NSV      WHV        THV    NHV  MaxTrnV   MaxTranC  MaxCapV    Leakage
    1   *   0.0000     0.0000      0   0.8900     1.7767      2        -          -        -          -
--------------------------------------------------------------------------------------------------------------------
Scene  PG      WNS        TNS    NSV      WHV        THV    NHV  MaxTrnV   MaxTranC  MaxCapV    Leakage         Area    InstCnt     BufCnt     InvCnt
    *   *   0.0000     0.0000      0   0.8900     1.7767      2        -          -        -          -    781518.62      52373      18539       6078
--------------------------------------------------------------------------------------------------------------------

npo-clock-opt final QoR Summary         WNS        TNS    NSV      WHV        THV    NHV  MaxTrnV  MaxCapV    Leakage         Area    InstCnt
npo-clock-opt final QoR Summary      0.0000     0.0000      0   0.8900     1.7767      2        -        -          -    781518.62      52373

npo-clock-opt command complete                CPU:  3343 s (  0.93 hr )  ELAPSE:  3357 s (  0.93 hr )  MEM-PEAK:  1259 MB
npo-clock-opt command statistics  CPU=710 sec (0.20 hr) ELAPSED=399 sec (0.11 hr) MEM-PEAK=1.229 GB
Information: The net parasitics of block css_phy_tx_top are cleared. (TIM-123)
Information: The stitching and editing of coupling caps is turned ON for design 'css_phy_tx_top.dlib:css_phy_tx_top_cts.design'. (TIM-125)
Information: Design css_phy_tx_top_cts has 62295 nets, 0 global routed, 2712 detail routed. (NEX-024)
Information: The RC mode used is CTO for design 'css_phy_tx_top'. (NEX-022)
Information: Crosstalk analysis has been disabled. (TIM-114)
Information: Design Average RC for design css_phy_tx_top_cts  (NEX-011)
Information: r = 0.562500 ohm/um, via_r = 0.900000 ohm/cut, c = 0.103600 ff/um, cc = 0.000000 ff/um (X dir) (NEX-017)
Information: r = 0.562500 ohm/um, via_r = 0.900000 ohm/cut, c = 0.124450 ff/um, cc = 0.000000 ff/um (Y dir) (NEX-017)
Information: Update timing completed net estimation for all the timing graph nets (TIM-111)
Information: Net estimation statistics: timing graph nets = 62293, routed nets = 2712, across physical hierarchy nets = 0, parasitics cached nets = 62293, delay annotated nets = 0, parasitics annotated nets = 0, multi-voltage nets = 0. (TIM-112)
Information: Running auto PG connection. (NDM-099)
1
sizeof_collection [get_cells -hierarchical  "CTS_*"]
2709
sizeof_collection [get_cells -hierarchical  "OPT_*"]
14354
report_qor -summary
****************************************
Report : qor
        -summary
Design : css_phy_tx_top
Version: O-2018.06-SP1
Date   : Fri Sep 18 07:30:13 2026
****************************************
Information: Timer using 'SI, Timing Window Analysis, CRPR'. (TIM-050)

Timing
---------------------------------------------------------------------------
Context                                 WNS            TNS            NVE
---------------------------------------------------------------------------
Design             (Setup)           670.49           0.00              0

Design             (Hold)             -0.89          -1.78              2
---------------------------------------------------------------------------

Miscellaneous
---------------------------------------------------------------------------
Cell Area (netlist):                         781518.64
Cell Area (netlist and physical only):       781518.64
Nets with DRC Violations:        0
1
connect_pg_net -net "VDD" [get_pins -hierarchical */VDD]
connect_pg_net -net "VSS" [get_pins -hierarchical */VSS]
check_pg_drc            
Command check_pg_drc started  at Fri Sep 18 07:30:13 2026
Command check_pg_drc finished at Fri Sep 18 07:30:30 2026
CPU usage for check_pg_drc: 44.53 seconds ( 0.01 hours)
Elapsed time for check_pg_drc: 16.84 seconds ( 0.00 hours)
No errors found.
check_pg_connectivity  
Loading cell instances...
Number of Standard Cells: 52373
Number of Macro Cells: 0
Number of IO Pad Cells: 0
Number of Blocks: 0
Loading P/G wires and vias...
Number of VDD Wires: 267
Number of VDD Vias: 58898
Number of VDD Terminals: 190
Number of VSS Wires: 267
Number of VSS Vias: 58612
Number of VSS Terminals: 192
**************Verify net VDD connectivity*****************
  Number of floating wires: 0
  Number of floating vias: 0
  Number of floating std cells: 0
  Number of floating hard macros: 0
  Number of floating I/O pads: 0
  Number of floating terminals: 0
  Number of floating hierarchical blocks: 0
************************************************************
**************Verify net VSS connectivity*****************
  Number of floating wires: 0
  Number of floating vias: 0
  Number of floating std cells: 0
  Number of floating hard macros: 0
  Number of floating I/O pads: 0
  Number of floating terminals: 0
  Number of floating hierarchical blocks: 0
************************************************************
Overall runtime: 3 seconds.
check_pg_missing_vias   
Check net VDD vias...
Number of missing vias: 0
Checking net VDD vias took 0 seconds.
Check net VSS vias...
Number of missing vias: 0
Checking net VSS vias took 0 seconds.
Overall runtime: 0 seconds.
check_routes -drc true
Warning: Cell contains tie connections which are not connected to real PG. (ZRT-511)
Warning: Ignore contact DIFFCON. (ZRT-015)
Turn off antenna since no rule is specified
Cell Min-Routing-Layer = M2
Cell Max-Routing-Layer = M7
Warning: Ignore 2 top cell ports with no pins. (ZRT-027)
Info: number of net_type_blockage: 0 
Warning: Contact VIA89's lower layer enclosure width does not satisfy end of line enclosure design rule. (ZRT-042)
Warning: Contact VIA89's upper layer enclosure width does not satisfy end of line enclosure design rule. (ZRT-042)
Warning: Contact VIA89's lower layer enclosure height does not satisfy end of line enclosure design rule. (ZRT-042)
Warning: Contact VIA89's upper layer enclosure height does not satisfy end of line enclosure design rule. (ZRT-042)
Warning: Contact VIA89C's lower layer enclosure height does not satisfy end of line enclosure design rule. (ZRT-042)
Warning: Contact VIA89C's upper layer enclosure width does not satisfy end of line enclosure design rule. (ZRT-042)
Warning: Contact VIA89C's lower layer enclosure width does not satisfy end of line enclosure design rule. (ZRT-042)
Warning: Contact VIA89C's upper layer enclosure height does not satisfy end of line enclosure design rule. (ZRT-042)
Via on layer (VIA1) needs more than one tracks
Warning: Layer M1 pitch 0.320 may be too small: wire/via-down 0.315, wire/via-up 0.330. (ZRT-026)
Via on layer (VIA1) needs more than one tracks
Warning: Layer M2 pitch 0.320 may be too small: wire/via-down 0.360, wire/via-up 0.320. (ZRT-026)
soft rule ICC2_GENERATED_DEFAULT_SPACING_RULE_3_8_wire is redundant
soft rule LOPT_M3_M7_3_8_wire is redundant
soft rule LOPT_M6_M7_3_8_wire is redundant


Start checking for open nets ... 

net(done_Tx) has floating ports (dbId = 0 idx_ = 0 numNodes = 3 numEdges = 0 numCmps = 3)
net(test_so4) has floating ports (dbId = 1 idx_ = 1 numNodes = 3 numEdges = 0 numCmps = 3)
net(test_so2) has floating ports (dbId = 2 idx_ = 2 numNodes = 3 numEdges = 0 numCmps = 3)
net(test_so3) has floating ports (dbId = 3 idx_ = 3 numNodes = 2 numEdges = 0 numCmps = 2)
net(u_interleaver/copt_net_19965) has floating ports (dbId = 67006 idx_ = 4 numNodes = 2 numEdges = 0 numCmps = 2)
net(optlc_net_5506) has floating ports (dbId = 5 idx_ = 5 numNodes = 2 numEdges = 0 numCmps = 2)
net(reset) has floating ports (dbId = 7 idx_ = 7 numNodes = 2 numEdges = 0 numCmps = 2)
net(start_Tx) has floating ports (dbId = 8 idx_ = 8 numNodes = 2 numEdges = 0 numCmps = 2)
net(net_aps_0) has floating ports (dbId = 9 idx_ = 9 numNodes = 10 numEdges = 0 numCmps = 10)
net(payloadLength[7]) has floating ports (dbId = 10 idx_ = 10 numNodes = 5 numEdges = 0 numCmps = 5)
net(payloadLength[6]) has floating ports (dbId = 11 idx_ = 11 numNodes = 8 numEdges = 0 numCmps = 8)
net(payloadLength[5]) has floating ports (dbId = 12 idx_ = 12 numNodes = 5 numEdges = 0 numCmps = 5)
net(payloadLength[4]) has floating ports (dbId = 13 idx_ = 13 numNodes = 7 numEdges = 0 numCmps = 7)
net(payloadLength[3]) has floating ports (dbId = 14 idx_ = 14 numNodes = 5 numEdges = 0 numCmps = 5)
net(payloadLength[2]) has floating ports (dbId = 15 idx_ = 15 numNodes = 8 numEdges = 0 numCmps = 8)
net(payloadLength[1]) has floating ports (dbId = 16 idx_ = 16 numNodes = 3 numEdges = 0 numCmps = 3)
net(u_form_ppdu/net_aps_1) has floating ports (dbId = 17 idx_ = 17 numNodes = 9 numEdges = 0 numCmps = 9)
net(payload_addr[6]) has floating ports (dbId = 19 idx_ = 19 numNodes = 3 numEdges = 0 numCmps = 3)
net(payload_addr[5]) has floating ports (dbId = 20 idx_ = 20 numNodes = 6 numEdges = 0 numCmps = 6)
net(payload_addr[4]) has floating ports (dbId = 21 idx_ = 21 numNodes = 6 numEdges = 0 numCmps = 6)
net(payload_addr[3]) has floating ports (dbId = 22 idx_ = 22 numNodes = 4 numEdges = 0 numCmps = 4)
net(payload_addr[2]) has floating ports (dbId = 23 idx_ = 23 numNodes = 4 numEdges = 0 numCmps = 4)
net(payload_addr[1]) has floating ports (dbId = 24 idx_ = 24 numNodes = 4 numEdges = 0 numCmps = 4)
net(payload_addr[0]) has floating ports (dbId = 25 idx_ = 25 numNodes = 4 numEdges = 0 numCmps = 4)
net(u_form_ppdu/net_aps_2) has floating ports (dbId = 26 idx_ = 26 numNodes = 8 numEdges = 0 numCmps = 8)
net(u_form_ppdu/net_aps_3) has floating ports (dbId = 27 idx_ = 27 numNodes = 11 numEdges = 0 numCmps = 11)
net(u_form_ppdu/net_aps_4) has floating ports (dbId = 28 idx_ = 28 numNodes = 9 numEdges = 0 numCmps = 9)
net(u_form_ppdu/net_aps_5) has floating ports (dbId = 29 idx_ = 29 numNodes = 11 numEdges = 0 numCmps = 11)
net(net_aps_6) has floating ports (dbId = 30 idx_ = 30 numNodes = 8 numEdges = 0 numCmps = 8)
net(net_aps_7) has floating ports (dbId = 31 idx_ = 31 numNodes = 9 numEdges = 0 numCmps = 9)
net(net_aps_8) has floating ports (dbId = 32 idx_ = 32 numNodes = 9 numEdges = 0 numCmps = 9)
net(net_aps_9) has floating ports (dbId = 33 idx_ = 33 numNodes = 10 numEdges = 0 numCmps = 10)
net(payload_wr_en) has floating ports (dbId = 34 idx_ = 34 numNodes = 2 numEdges = 0 numCmps = 2)
net(Tx_real[7]) has floating ports (dbId = 35 idx_ = 35 numNodes = 3 numEdges = 0 numCmps = 3)
net(Tx_real[6]) has floating ports (dbId = 36 idx_ = 36 numNodes = 3 numEdges = 0 numCmps = 3)
net(Tx_real[5]) has floating ports (dbId = 37 idx_ = 37 numNodes = 3 numEdges = 0 numCmps = 3)
net(Tx_real[4]) has floating ports (dbId = 38 idx_ = 38 numNodes = 3 numEdges = 0 numCmps = 3)
net(Tx_real[3]) has floating ports (dbId = 39 idx_ = 39 numNodes = 3 numEdges = 0 numCmps = 3)
net(Tx_real[2]) has floating ports (dbId = 40 idx_ = 40 numNodes = 3 numEdges = 0 numCmps = 3)
net(Tx_real[1]) has floating ports (dbId = 41 idx_ = 41 numNodes = 3 numEdges = 0 numCmps = 3)
net(Tx_real[0]) has floating ports (dbId = 42 idx_ = 42 numNodes = 3 numEdges = 0 numCmps = 3)
net(Tx_imag[7]) has floating ports (dbId = 43 idx_ = 43 numNodes = 3 numEdges = 0 numCmps = 3)
net(Tx_imag[6]) has floating ports (dbId = 44 idx_ = 44 numNodes = 3 numEdges = 0 numCmps = 3)
net(Tx_imag[5]) has floating ports (dbId = 45 idx_ = 45 numNodes = 3 numEdges = 0 numCmps = 3)
net(Tx_imag[4]) has floating ports (dbId = 46 idx_ = 46 numNodes = 3 numEdges = 0 numCmps = 3)
net(Tx_imag[3]) has floating ports (dbId = 47 idx_ = 47 numNodes = 3 numEdges = 0 numCmps = 3)
net(Tx_imag[2]) has floating ports (dbId = 48 idx_ = 48 numNodes = 3 numEdges = 0 numCmps = 3)
net(Tx_imag[1]) has floating ports (dbId = 49 idx_ = 49 numNodes = 3 numEdges = 0 numCmps = 3)
net(Tx_imag[0]) has floating ports (dbId = 50 idx_ = 50 numNodes = 3 numEdges = 0 numCmps = 3)
net(busy) has floating ports (dbId = 51 idx_ = 51 numNodes = 3 numEdges = 0 numCmps = 3)
net(SI) has floating ports (dbId = 52 idx_ = 52 numNodes = 2 numEdges = 0 numCmps = 2)
net(optlc_net_5507) has floating ports (dbId = 53 idx_ = 53 numNodes = 2 numEdges = 0 numCmps = 2)
net(test_mode) has floating ports (dbId = 54 idx_ = 54 numNodes = 5 numEdges = 0 numCmps = 5)
net(scan_rst) has floating ports (dbId = 56 idx_ = 56 numNodes = 2 numEdges = 0 numCmps = 2)
net(test_si2) has floating ports (dbId = 57 idx_ = 57 numNodes = 2 numEdges = 0 numCmps = 2)
net(test_si3) has floating ports (dbId = 58 idx_ = 58 numNodes = 2 numEdges = 0 numCmps = 2)
net(test_si4) has floating ports (dbId = 59 idx_ = 59 numNodes = 2 numEdges = 0 numCmps = 2)
net(test_si5) has floating ports (dbId = 60 idx_ = 60 numNodes = 2 numEdges = 0 numCmps = 2)
net(test_so5) has floating ports (dbId = 61 idx_ = 61 numNodes = 2 numEdges = 0 numCmps = 2)
net(test_si6) has floating ports (dbId = 62 idx_ = 62 numNodes = 2 numEdges = 0 numCmps = 2)
net(test_si7) has floating ports (dbId = 63 idx_ = 63 numNodes = 2 numEdges = 0 numCmps = 2)
net(test_so7) has floating ports (dbId = 64 idx_ = 64 numNodes = 3 numEdges = 0 numCmps = 3)
net(test_si8) has floating ports (dbId = 65 idx_ = 65 numNodes = 2 numEdges = 0 numCmps = 2)
net(test_so8) has floating ports (dbId = 66 idx_ = 66 numNodes = 3 numEdges = 0 numCmps = 3)
net(test_si9) has floating ports (dbId = 67 idx_ = 67 numNodes = 2 numEdges = 0 numCmps = 2)
net(test_so9) has floating ports (dbId = 68 idx_ = 68 numNodes = 3 numEdges = 0 numCmps = 3)
net(test_si10) has floating ports (dbId = 69 idx_ = 69 numNodes = 2 numEdges = 0 numCmps = 2)
net(test_so10) has floating ports (dbId = 70 idx_ = 70 numNodes = 2 numEdges = 0 numCmps = 2)
net(N51) has floating ports (dbId = 71 idx_ = 71 numNodes = 2 numEdges = 0 numCmps = 2)
net(N52) has floating ports (dbId = 72 idx_ = 72 numNodes = 2 numEdges = 0 numCmps = 2)
net(N53) has floating ports (dbId = 73 idx_ = 73 numNodes = 2 numEdges = 0 numCmps = 2)
net(N54) has floating ports (dbId = 74 idx_ = 74 numNodes = 2 numEdges = 0 numCmps = 2)
net(N55) has floating ports (dbId = 75 idx_ = 75 numNodes = 2 numEdges = 0 numCmps = 2)
net(N56) has floating ports (dbId = 76 idx_ = 76 numNodes = 3 numEdges = 0 numCmps = 3)
net(N57) has floating ports (dbId = 77 idx_ = 77 numNodes = 2 numEdges = 0 numCmps = 2)
net(N58) has floating ports (dbId = 78 idx_ = 78 numNodes = 2 numEdges = 0 numCmps = 2)
net(N59) has floating ports (dbId = 79 idx_ = 79 numNodes = 2 numEdges = 0 numCmps = 2)
net(N60) has floating ports (dbId = 80 idx_ = 80 numNodes = 2 numEdges = 0 numCmps = 2)
net(optlc_net_5508) has floating ports (dbId = 82 idx_ = 81 numNodes = 2 numEdges = 0 numCmps = 2)
net(start_cmd) has floating ports (dbId = 83 idx_ = 82 numNodes = 4 numEdges = 0 numCmps = 4)
net(_0_net_) has floating ports (dbId = 84 idx_ = 83 numNodes = 3 numEdges = 0 numCmps = 3)
net(ctrl_start_frame) has floating ports (dbId = 85 idx_ = 84 numNodes = 5 numEdges = 0 numCmps = 5)
net(ctrl_valid_in) has floating ports (dbId = 86 idx_ = 85 numNodes = 2 numEdges = 0 numCmps = 2)
net(ctrl_bit_in) has floating ports (dbId = 87 idx_ = 86 numNodes = 3 numEdges = 0 numCmps = 3)
net(optlc_net_5509) has floating ports (dbId = 88 idx_ = 87 numNodes = 2 numEdges = 0 numCmps = 2)
net(ctrl_busy) has floating ports (dbId = 89 idx_ = 88 numNodes = 3 numEdges = 0 numCmps = 3)
net(padded_bit) has floating ports (dbId = 90 idx_ = 89 numNodes = 4 numEdges = 0 numCmps = 4)
net(padded_valid) has floating ports (dbId = 91 idx_ = 90 numNodes = 3 numEdges = 0 numCmps = 3)
net(i_bit) has floating ports (dbId = 92 idx_ = 91 numNodes = 3 numEdges = 0 numCmps = 3)
net(optlc_net_5510) has floating ports (dbId = 93 idx_ = 92 numNodes = 2 numEdges = 0 numCmps = 2)
net(demux_valid) has floating ports (dbId = 94 idx_ = 93 numNodes = 3 numEdges = 0 numCmps = 3)
net(mapper_valid) has floating ports (dbId = 95 idx_ = 94 numNodes = 3 numEdges = 0 numCmps = 3)
net(interleaver_valid) has floating ports (dbId = 96 idx_ = 95 numNodes = 2 numEdges = 0 numCmps = 2)
net(ppdu_i) has floating ports (dbId = 97 idx_ = 96 numNodes = 2 numEdges = 0 numCmps = 2)
net(ppdu_q) has floating ports (dbId = 98 idx_ = 97 numNodes = 2 numEdges = 0 numCmps = 2)
net(ppdu_valid) has floating ports (dbId = 99 idx_ = 98 numNodes = 2 numEdges = 0 numCmps = 2)
net(dqpsk_valid) has floating ports (dbId = 100 idx_ = 99 numNodes = 2 numEdges = 0 numCmps = 2)
net(rem24[4]) has floating ports (dbId = 101 idx_ = 100 numNodes = 5 numEdges = 0 numCmps = 5)
net(N68) has floating ports (dbId = 102 idx_ = 101 numNodes = 3 numEdges = 0 numCmps = 3)
net(N75) has floating ports (dbId = 103 idx_ = 102 numNodes = 3 numEdges = 0 numCmps = 3)
net(N92) has floating ports (dbId = 104 idx_ = 103 numNodes = 2 numEdges = 0 numCmps = 2)
net(csk_start_pending) has floating ports (dbId = 105 idx_ = 104 numNodes = 2 numEdges = 0 numCmps = 2)
net(dqpsk_mem_real[0][1]) has floating ports (dbId = 106 idx_ = 105 numNodes = 2 numEdges = 0 numCmps = 2)
net(dqpsk_mem_real[0][0]) has floating ports (dbId = 107 idx_ = 106 numNodes = 2 numEdges = 0 numCmps = 2)
net(dqpsk_mem_real[1][1]) has floating ports (dbId = 108 idx_ = 107 numNodes = 2 numEdges = 0 numCmps = 2)
net(dqpsk_mem_real[1][0]) has floating ports (dbId = 109 idx_ = 108 numNodes = 2 numEdges = 0 numCmps = 2)
net(dqpsk_mem_real[2][1]) has floating ports (dbId = 110 idx_ = 109 numNodes = 2 numEdges = 0 numCmps = 2)
net(dqpsk_mem_real[2][0]) has floating ports (dbId = 111 idx_ = 110 numNodes = 2 numEdges = 0 numCmps = 2)
net(dqpsk_mem_real[3][1]) has floating ports (dbId = 112 idx_ = 111 numNodes = 2 numEdges = 0 numCmps = 2)
net(dqpsk_mem_real[3][0]) has floating ports (dbId = 113 idx_ = 112 numNodes = 2 numEdges = 0 numCmps = 2)
net(dqpsk_mem_real[4][1]) has floating ports (dbId = 114 idx_ = 113 numNodes = 2 numEdges = 0 numCmps = 2)
net(dqpsk_mem_real[4][0]) has floating ports (dbId = 115 idx_ = 114 numNodes = 2 numEdges = 0 numCmps = 2)
net(dqpsk_mem_real[5][1]) has floating ports (dbId = 116 idx_ = 115 numNodes = 2 numEdges = 0 numCmps = 2)
net(dqpsk_mem_real[5][0]) has floating ports (dbId = 117 idx_ = 116 numNodes = 2 numEdges = 0 numCmps = 2)
net(dqpsk_mem_real[6][1]) has floating ports (dbId = 118 idx_ = 117 numNodes = 2 numEdges = 0 numCmps = 2)
net(dqpsk_mem_real[6][0]) has floating ports (dbId = 119 idx_ = 118 numNodes = 2 numEdges = 0 numCmps = 2)
net(dqpsk_mem_real[7][1]) has floating ports (dbId = 120 idx_ = 119 numNodes = 2 numEdges = 0 numCmps = 2)
net(dqpsk_mem_real[7][0]) has floating ports (dbId = 121 idx_ = 120 numNodes = 2 numEdges = 0 numCmps = 2)
net(dqpsk_mem_real[8][1]) has floating ports (dbId = 122 idx_ = 121 numNodes = 2 numEdges = 0 numCmps = 2)
net(dqpsk_mem_real[8][0]) has floating ports (dbId = 123 idx_ = 122 numNodes = 2 numEdges = 0 numCmps = 2)
net(dqpsk_mem_real[9][1]) has floating ports (dbId = 124 idx_ = 123 numNodes = 2 numEdges = 0 numCmps = 2)
net(dqpsk_mem_real[9][0]) has floating ports (dbId = 125 idx_ = 124 numNodes = 2 numEdges = 0 numCmps = 2)
net(dqpsk_mem_real[10][1]) has floating ports (dbId = 126 idx_ = 125 numNodes = 2 numEdges = 0 numCmps = 2)
net(dqpsk_mem_real[10][0]) has floating ports (dbId = 127 idx_ = 126 numNodes = 2 numEdges = 0 numCmps = 2)
net(dqpsk_mem_real[11][1]) has floating ports (dbId = 128 idx_ = 127 numNodes = 2 numEdges = 0 numCmps = 2)
net(dqpsk_mem_real[11][0]) has floating ports (dbId = 129 idx_ = 128 numNodes = 2 numEdges = 0 numCmps = 2)
net(dqpsk_mem_real[12][1]) has floating ports (dbId = 130 idx_ = 129 numNodes = 2 numEdges = 0 numCmps = 2)
net(dqpsk_mem_real[12][0]) has floating ports (dbId = 131 idx_ = 130 numNodes = 2 numEdges = 0 numCmps = 2)
net(dqpsk_mem_real[13][1]) has floating ports (dbId = 132 idx_ = 131 numNodes = 2 numEdges = 0 numCmps = 2)
net(dqpsk_mem_real[13][0]) has floating ports (dbId = 133 idx_ = 132 numNodes = 2 numEdges = 0 numCmps = 2)
net(dqpsk_mem_real[14][1]) has floating ports (dbId = 134 idx_ = 133 numNodes = 2 numEdges = 0 numCmps = 2)
net(dqpsk_mem_real[14][0]) has floating ports (dbId = 135 idx_ = 134 numNodes = 2 numEdges = 0 numCmps = 2)
net(dqpsk_mem_real[15][1]) has floating ports (dbId = 136 idx_ = 135 numNodes = 2 numEdges = 0 numCmps = 2)
net(dqpsk_mem_real[15][0]) has floating ports (dbId = 137 idx_ = 136 numNodes = 2 numEdges = 0 numCmps = 2)
net(dqpsk_mem_real[16][1]) has floating ports (dbId = 138 idx_ = 137 numNodes = 2 numEdges = 0 numCmps = 2)
net(dqpsk_mem_real[16][0]) has floating ports (dbId = 139 idx_ = 138 numNodes = 2 numEdges = 0 numCmps = 2)
net(dqpsk_mem_real[17][1]) has floating ports (dbId = 140 idx_ = 139 numNodes = 2 numEdges = 0 numCmps = 2)
net(dqpsk_mem_real[17][0]) has floating ports (dbId = 141 idx_ = 140 numNodes = 2 numEdges = 0 numCmps = 2)
net(dqpsk_mem_real[18][1]) has floating ports (dbId = 142 idx_ = 141 numNodes = 2 numEdges = 0 numCmps = 2)
net(dqpsk_mem_real[18][0]) has floating ports (dbId = 143 idx_ = 142 numNodes = 2 numEdges = 0 numCmps = 2)
net(dqpsk_mem_real[19][1]) has floating ports (dbId = 144 idx_ = 143 numNodes = 2 numEdges = 0 numCmps = 2)
net(dqpsk_mem_real[19][0]) has floating ports (dbId = 145 idx_ = 144 numNodes = 2 numEdges = 0 numCmps = 2)
net(dqpsk_mem_real[20][1]) has floating ports (dbId = 146 idx_ = 145 numNodes = 2 numEdges = 0 numCmps = 2)
net(dqpsk_mem_real[20][0]) has floating ports (dbId = 147 idx_ = 146 numNodes = 2 numEdges = 0 numCmps = 2)
net(dqpsk_mem_real[21][1]) has floating ports (dbId = 148 idx_ = 147 numNodes = 2 numEdges = 0 numCmps = 2)
net(dqpsk_mem_real[21][0]) has floating ports (dbId = 149 idx_ = 148 numNodes = 2 numEdges = 0 numCmps = 2)
net(dqpsk_mem_real[22][1]) has floating ports (dbId = 150 idx_ = 149 numNodes = 2 numEdges = 0 numCmps = 2)
net(dqpsk_mem_real[22][0]) has floating ports (dbId = 151 idx_ = 150 numNodes = 2 numEdges = 0 numCmps = 2)
net(dqpsk_mem_real[23][1]) has floating ports (dbId = 152 idx_ = 151 numNodes = 2 numEdges = 0 numCmps = 2)
net(dqpsk_mem_real[23][0]) has floating ports (dbId = 153 idx_ = 152 numNodes = 2 numEdges = 0 numCmps = 2)
net(dqpsk_mem_real[24][1]) has floating ports (dbId = 154 idx_ = 153 numNodes = 2 numEdges = 0 numCmps = 2)
net(dqpsk_mem_real[24][0]) has floating ports (dbId = 155 idx_ = 154 numNodes = 2 numEdges = 0 numCmps = 2)
net(dqpsk_mem_real[25][1]) has floating ports (dbId = 156 idx_ = 155 numNodes = 2 numEdges = 0 numCmps = 2)
net(dqpsk_mem_real[25][0]) has floating ports (dbId = 157 idx_ = 156 numNodes = 2 numEdges = 0 numCmps = 2)
net(dqpsk_mem_real[26][1]) has floating ports (dbId = 158 idx_ = 157 numNodes = 2 numEdges = 0 numCmps = 2)
net(dqpsk_mem_real[26][0]) has floating ports (dbId = 159 idx_ = 158 numNodes = 2 numEdges = 0 numCmps = 2)
net(dqpsk_mem_real[27][1]) has floating ports (dbId = 160 idx_ = 159 numNodes = 2 numEdges = 0 numCmps = 2)
net(dqpsk_mem_real[27][0]) has floating ports (dbId = 161 idx_ = 160 numNodes = 2 numEdges = 0 numCmps = 2)
net(dqpsk_mem_real[28][1]) has floating ports (dbId = 162 idx_ = 161 numNodes = 2 numEdges = 0 numCmps = 2)
net(dqpsk_mem_real[28][0]) has floating ports (dbId = 163 idx_ = 162 numNodes = 2 numEdges = 0 numCmps = 2)
net(dqpsk_mem_real[29][1]) has floating ports (dbId = 164 idx_ = 163 numNodes = 2 numEdges = 0 numCmps = 2)
net(dqpsk_mem_real[29][0]) has floating ports (dbId = 165 idx_ = 164 numNodes = 2 numEdges = 0 numCmps = 2)
net(dqpsk_mem_real[30][1]) has floating ports (dbId = 166 idx_ = 165 numNodes = 2 numEdges = 0 numCmps = 2)
net(dqpsk_mem_real[30][0]) has floating ports (dbId = 167 idx_ = 166 numNodes = 2 numEdges = 0 numCmps = 2)
net(dqpsk_mem_real[31][1]) has floating ports (dbId = 168 idx_ = 167 numNodes = 2 numEdges = 0 numCmps = 2)
net(dqpsk_mem_real[31][0]) has floating ports (dbId = 169 idx_ = 168 numNodes = 2 numEdges = 0 numCmps = 2)
net(dqpsk_mem_real[32][1]) has floating ports (dbId = 170 idx_ = 169 numNodes = 2 numEdges = 0 numCmps = 2)
net(dqpsk_mem_real[32][0]) has floating ports (dbId = 171 idx_ = 170 numNodes = 2 numEdges = 0 numCmps = 2)
net(dqpsk_mem_real[33][1]) has floating ports (dbId = 172 idx_ = 171 numNodes = 2 numEdges = 0 numCmps = 2)
net(dqpsk_mem_real[33][0]) has floating ports (dbId = 173 idx_ = 172 numNodes = 2 numEdges = 0 numCmps = 2)
net(dqpsk_mem_real[34][1]) has floating ports (dbId = 174 idx_ = 173 numNodes = 2 numEdges = 0 numCmps = 2)
net(dqpsk_mem_real[34][0]) has floating ports (dbId = 175 idx_ = 174 numNodes = 2 numEdges = 0 numCmps = 2)
net(dqpsk_mem_real[35][1]) has floating ports (dbId = 176 idx_ = 175 numNodes = 2 numEdges = 0 numCmps = 2)
net(dqpsk_mem_real[35][0]) has floating ports (dbId = 177 idx_ = 176 numNodes = 2 numEdges = 0 numCmps = 2)
net(dqpsk_mem_real[36][1]) has floating ports (dbId = 178 idx_ = 177 numNodes = 2 numEdges = 0 numCmps = 2)
net(dqpsk_mem_real[36][0]) has floating ports (dbId = 179 idx_ = 178 numNodes = 2 numEdges = 0 numCmps = 2)
net(dqpsk_mem_real[37][1]) has floating ports (dbId = 180 idx_ = 179 numNodes = 2 numEdges = 0 numCmps = 2)
net(dqpsk_mem_real[37][0]) has floating ports (dbId = 181 idx_ = 180 numNodes = 2 numEdges = 0 numCmps = 2)
net(dqpsk_mem_real[38][1]) has floating ports (dbId = 182 idx_ = 181 numNodes = 2 numEdges = 0 numCmps = 2)
net(dqpsk_mem_real[38][0]) has floating ports (dbId = 183 idx_ = 182 numNodes = 2 numEdges = 0 numCmps = 2)
net(dqpsk_mem_real[39][1]) has floating ports (dbId = 184 idx_ = 183 numNodes = 2 numEdges = 0 numCmps = 2)
net(dqpsk_mem_real[39][0]) has floating ports (dbId = 185 idx_ = 184 numNodes = 2 numEdges = 0 numCmps = 2)
net(dqpsk_mem_real[40][1]) has floating ports (dbId = 186 idx_ = 185 numNodes = 2 numEdges = 0 numCmps = 2)
net(dqpsk_mem_real[40][0]) has floating ports (dbId = 187 idx_ = 186 numNodes = 2 numEdges = 0 numCmps = 2)
net(dqpsk_mem_real[41][1]) has floating ports (dbId = 188 idx_ = 187 numNodes = 2 numEdges = 0 numCmps = 2)
net(dqpsk_mem_real[41][0]) has floating ports (dbId = 189 idx_ = 188 numNodes = 2 numEdges = 0 numCmps = 2)
net(dqpsk_mem_real[42][1]) has floating ports (dbId = 190 idx_ = 189 numNodes = 2 numEdges = 0 numCmps = 2)
net(dqpsk_mem_real[42][0]) has floating ports (dbId = 191 idx_ = 190 numNodes = 2 numEdges = 0 numCmps = 2)
net(dqpsk_mem_real[43][1]) has floating ports (dbId = 192 idx_ = 191 numNodes = 2 numEdges = 0 numCmps = 2)
net(dqpsk_mem_real[43][0]) has floating ports (dbId = 193 idx_ = 192 numNodes = 2 numEdges = 0 numCmps = 2)
net(dqpsk_mem_real[44][1]) has floating ports (dbId = 194 idx_ = 193 numNodes = 2 numEdges = 0 numCmps = 2)
net(dqpsk_mem_real[44][0]) has floating ports (dbId = 195 idx_ = 194 numNodes = 2 numEdges = 0 numCmps = 2)
net(dqpsk_mem_real[45][1]) has floating ports (dbId = 196 idx_ = 195 numNodes = 3 numEdges = 0 numCmps = 3)
net(dqpsk_mem_real[45][0]) has floating ports (dbId = 197 idx_ = 196 numNodes = 2 numEdges = 0 numCmps = 2)
net(dqpsk_mem_real[46][1]) has floating ports (dbId = 198 idx_ = 197 numNodes = 2 numEdges = 0 numCmps = 2)
net(dqpsk_mem_real[46][0]) has floating ports (dbId = 199 idx_ = 198 numNodes = 2 numEdges = 0 numCmps = 2)
net(dqpsk_mem_real[47][1]) has floating ports (dbId = 200 idx_ = 199 numNodes = 2 numEdges = 0 numCmps = 2)
net(dqpsk_mem_real[47][0]) has floating ports (dbId = 201 idx_ = 200 numNodes = 2 numEdges = 0 numCmps = 2)
net(dqpsk_mem_real[48][1]) has floating ports (dbId = 202 idx_ = 201 numNodes = 2 numEdges = 0 numCmps = 2)
net(dqpsk_mem_real[48][0]) has floating ports (dbId = 203 idx_ = 202 numNodes = 2 numEdges = 0 numCmps = 2)

... and 59381 more nets has floating ports 

Total number of nets = 62296, of which 0 are not extracted
Total number of open nets = 59581, of which 0 are frozen

Check 62296 nets, 59581 have Errors

[CHECK OPEN NETS] Elapsed real time: 0:00:00 
[CHECK OPEN NETS] Elapsed cpu  time: sys=0:00:00 usr=0:00:00 total=0:00:00
[CHECK OPEN NETS] Stage (MB): Used    0  Alloctr    0  Proc    0 
[CHECK OPEN NETS] Total (MB): Used  117  Alloctr  119  Proc 2569 
Printing options for 'route.common.*'

Printing options for 'route.detail.*'
detail.force_end_on_preferred_grid                      :	 true                

Printing options for 'route.auto_via_ladder.*'


Begin full DRC check ...

Information: Using 4 threads for routing. (ZRT-444)
Checked	1/81 Partitions, Violations =	0
Checked	3/81 Partitions, Violations =	0
Checked	6/81 Partitions, Violations =	0
Checked	9/81 Partitions, Violations =	0
Checked	12/81 Partitions, Violations =	0
Checked	15/81 Partitions, Violations =	0
Checked	18/81 Partitions, Violations =	0
Checked	21/81 Partitions, Violations =	0
Checked	24/81 Partitions, Violations =	0
Checked	27/81 Partitions, Violations =	0
Checked	30/81 Partitions, Violations =	0
Checked	33/81 Partitions, Violations =	0
Checked	36/81 Partitions, Violations =	0
Checked	39/81 Partitions, Violations =	0
Checked	42/81 Partitions, Violations =	0
Checked	45/81 Partitions, Violations =	0
Checked	48/81 Partitions, Violations =	0
Checked	51/81 Partitions, Violations =	0
Checked	54/81 Partitions, Violations =	0
Checked	57/81 Partitions, Violations =	0
Checked	60/81 Partitions, Violations =	0
Checked	63/81 Partitions, Violations =	0
Checked	66/81 Partitions, Violations =	0
Checked	69/81 Partitions, Violations =	0
Checked	72/81 Partitions, Violations =	0
Checked	75/81 Partitions, Violations =	0
Checked	78/81 Partitions, Violations =	0
Checked	81/81 Partitions, Violations =	0
[DRC CHECK] Elapsed real time: 0:00:02 
[DRC CHECK] Elapsed cpu  time: sys=0:00:00 usr=0:00:10 total=0:00:10
[DRC CHECK] Stage (MB): Used    0  Alloctr    0  Proc    0 
[DRC CHECK] Total (MB): Used  138  Alloctr  141  Proc 2569 
Warning: No antenna rules defined, Skip antenna analysis. (ZRT-309)

DRC-SUMMARY:
	@@@@@@@ TOTAL VIOLATIONS =	0


Total Wire Length =                    186409 micron
Total Number of Contacts =             38198
Total Number of Wires =                44357
Total Number of PtConns =              5337
Total Number of Routed Wires =       44357
Total Routed Wire Length =           185300 micron
Total Number of Routed Contacts =       38198
	Layer          M1 :        704 micron
	Layer          M2 :      62560 micron
	Layer          M3 :      85981 micron
	Layer          M4 :      33456 micron
	Layer          M5 :       2640 micron
	Layer          M6 :       1068 micron
	Layer          M7 :          0 micron
	Layer          M8 :          0 micron
	Layer          M9 :          0 micron
	Via        VIA56C :         44
	Via        VIA45C :        371
	Via        VIA34C :       3933
	Via   VIA34C(rot) :         36
	Via        VIA23C :      18526
	Via   VIA23C(rot) :          7
	Via        VIA12C :         25
	Via   VIA12C(rot) :       9066
	Via        VIA12B :       2450
	Via   VIA12B(rot) :       3740

 
Redundant via conversion report:
--------------------------------

  Total optimized via conversion rate =  0.00% (0 / 38198 vias)
 
    Layer VIA1       =  0.00% (0      / 15281   vias)
        Un-optimized =  0.00% (0       vias)
        Un-mapped    = 100.00% (15281   vias)
    Layer VIA2       =  0.00% (0      / 18533   vias)
        Un-optimized =  0.00% (0       vias)
        Un-mapped    = 100.00% (18533   vias)
    Layer VIA3       =  0.00% (0      / 3969    vias)
        Un-optimized =  0.00% (0       vias)
        Un-mapped    = 100.00% (3969    vias)
    Layer VIA4       =  0.00% (0      / 371     vias)
        Un-optimized =  0.00% (0       vias)
        Un-mapped    = 100.00% (371     vias)
    Layer VIA5       =  0.00% (0      / 44      vias)
        Un-optimized =  0.00% (0       vias)
        Un-mapped    = 100.00% (44      vias)
 
  Total double via conversion rate    =  0.00% (0 / 38198 vias)
 
    Layer VIA1       =  0.00% (0      / 15281   vias)
    Layer VIA2       =  0.00% (0      / 18533   vias)
    Layer VIA3       =  0.00% (0      / 3969    vias)
    Layer VIA4       =  0.00% (0      / 371     vias)
    Layer VIA5       =  0.00% (0      / 44      vias)
 
  The optimized via conversion rate based on total routed via count =  0.00% (0 / 38198 vias)
 
    Layer VIA1       =  0.00% (0      / 15281   vias)
        Un-optimized =  0.00% (0       vias)
        Un-mapped    = 100.00% (15281   vias)
    Layer VIA2       =  0.00% (0      / 18533   vias)
        Un-optimized =  0.00% (0       vias)
        Un-mapped    = 100.00% (18533   vias)
    Layer VIA3       =  0.00% (0      / 3969    vias)
        Un-optimized =  0.00% (0       vias)
        Un-mapped    = 100.00% (3969    vias)
    Layer VIA4       =  0.00% (0      / 371     vias)
        Un-optimized =  0.00% (0       vias)
        Un-mapped    = 100.00% (371     vias)
    Layer VIA5       =  0.00% (0      / 44      vias)
        Un-optimized =  0.00% (0       vias)
        Un-mapped    = 100.00% (44      vias)
 


Verify Summary:

Total number of nets = 62296, of which 0 are not extracted
Total number of open nets = 59581, of which 0 are frozen
Total number of excluded ports = 0 ports of 0 unplaced cells connected to 0 nets
                                 0 ports without pins of 0 cells connected to 0 nets
                                 0 ports of 0 cover cells connected to 0 non-pg nets
Total number of DRCs = 0
Total number of antenna violations = no antenna rules defined
Total number of tie to rail violations = not checked
Total number of tie to rail directly violations = not checked


########################handel################################
sh rm -rf ../results/worst
sh mkdir -p ../results/worst
sh mkdir -p ../results/worst/reports
sh mkdir -p ../results/worst/outputs
###############################reports#####################
report_timing -delay_type max  -max_paths 10                    > ../results/worst/reports/setup.rpt
report_timing -delay_type min  -max_paths 10                    > ../results/worst/reports/hold.rpt
report_constraint -all_violators                                > ../results/worst/reports/constraints_violated.rpt
report_qor                                                      > ../results/worst/reports/syn_qor.rpt
report_clock_qor -type structure                                > ../results/worst/reports/clock_qor.rpt
write_def                        ../results/worst/outputs/${design}_${current_stage}.def
****************************************
Report : Data Mismatches
Version: O-2018.06-SP1
Date   : Fri Sep 18 07:30:53 2026
****************************************
No mismatches exist on the design.
---------------------------------------
Number of Written DEF Constructs
---------------------------------------
VERSION                        : 1
DIVIDERCHAR                    : 1
BUSBITCHARS                    : 1
DESIGN                         : 1
UNITS                          : 1
PROPERTYDEFINITIONS            : 1
DIEAREA                        : 1
ROW                            : 334
TRACKS                         : 18
VIAS                           : 10
NONDEFAULTRULES                : 8
COMPONENTS                     : 52373
PINS                           : 74
PINPROPERTIES                  : 70
SPECIALNETS                    : 622
NETS                           : 62294
1
write_verilog     -include {all} ../results/worst/outputs/${design}_${current_stage}.v
1
write_sdc         -output     ../results/worst/outputs/${design}_${current_stage}.sdc
1
##################save####################################
save_block -as ${design}_${current_stage} ${design}.dlib:${design}_${current_stage}.design
Information: Saving block 'css_phy_tx_top.dlib:css_phy_tx_top_cts.design'
1
#open_block ${dlib_dir}/${design}.dlib:${design}_${current_stage}.design
icc2_shell> exit
Maximum memory usage for this session: 1259.46 MB
CPU usage for this session:   3438 seconds (  0.95 hours)
Elapsed time for this session:   3501 seconds (  0.97 hours)
Thank you for using IC Compiler II.
