


                              IC Compiler II (TM)

             Version O-2018.06-SP1 for linux64 - Jul 17, 2018 -SLE

                    Copyright (c) 1988 - 2018 Synopsys, Inc.
   This software and the associated documentation are proprietary to Synopsys,
 Inc. This software may only be used in accordance with the terms and conditions
 of a written license agreement with Synopsys, Inc. All other use, reproduction,
            or distribution of this software is strictly prohibited.

##########################setup#########################
set design      "css_phy_tx_top"
css_phy_tx_top
set prev_stage    "placement"
placement
set current_stage "cts"
cts
########################open########################
open_block ../../design_lib/dlib/${design}.dlib:${design}_${prev_stage}.design
Information: User units loaded from library 'saed90nm_max' (LNK-040)
Opening block 'css_phy_tx_top.dlib:css_phy_tx_top_placement.design' in edit mode
Information: loading PG routing via master rules, patterns, strategies and strategy via rules.
{css_phy_tx_top.dlib:css_phy_tx_top_placement.design}
copy_block -from_block ${design}_${prev_stage}.design -to_block ${design}_${current_stage}.design
{css_phy_tx_top.dlib:css_phy_tx_top_cts.design}
current_block ${design}_${current_stage}.design
{css_phy_tx_top.dlib:css_phy_tx_top_cts.design}
##########################CTS#################################
set_host_option -max_cores 6
1
report_qor -summary       
Using libraries: css_phy_tx_top.dlib saed90nm_max saed90_ndm_physical_only
Visiting block css_phy_tx_top.dlib:css_phy_tx_top_cts.design
Design 'css_phy_tx_top' was successfully linked.
****************************************
Report : qor
        -summary
Design : css_phy_tx_top
Version: O-2018.06-SP1
Date   : Sat Sep 19 06:14:20 2026
****************************************
************************************************************
Timer Settings:
Delay Calculation Style:                   auto
Signal Integrity Analysis:                 disabled
Timing Window Analysis:                    disabled
Advanced Waveform Propagation:             disabled
Variation Type:                            fixed_derate
Clock Reconvergence Pessimism Removal:     disabled
Advanced Receiver Model:                   disabled
************************************************************
Information: Corner default: no PVT mismatches. (PVT-032)
Information: The stitching and editing of coupling caps is turned OFF for design 'css_phy_tx_top.dlib:css_phy_tx_top_cts.design'. (TIM-125)
Information: Design Average RC for design css_phy_tx_top_cts  (NEX-011)
Information: r = 0.530333 ohm/um, via_r = 0.872869 ohm/cut, c = 0.094634 ff/um, cc = 0.000000 ff/um (X dir) (NEX-017)
Information: r = 0.562500 ohm/um, via_r = 0.879893 ohm/cut, c = 0.109967 ff/um, cc = 0.000000 ff/um (Y dir) (NEX-017)
Information: The RC mode used is VR for design 'css_phy_tx_top'. (NEX-022)
Information: Update timing completed net estimation for all the timing graph nets (TIM-111)
Information: Net estimation statistics: timing graph nets = 32813, routed nets = 0, across physical hierarchy nets = 0, parasitics cached nets = 1397, delay annotated nets = 0, parasitics annotated nets = 0, multi-voltage nets = 0. (TIM-112)

Timing
---------------------------------------------------------------------------
Context                                 WNS            TNS            NVE
---------------------------------------------------------------------------
Design             (Setup)            22.78           0.00              0

Design             (Hold)             -0.35        -533.42           9251
---------------------------------------------------------------------------

Miscellaneous
---------------------------------------------------------------------------
Cell Area (netlist):                         471070.31
Cell Area (netlist and physical only):       471070.31
Nets with DRC Violations:        0
1
report_clocks
****************************************
Report : clock
Design : css_phy_tx_top
Mode   : default
Version: O-2018.06-SP1
Date   : Sat Sep 19 06:14:22 2026
****************************************


Attributes:
    p - Propagated clock
    G - Generated  clock
    U - Unexpanded generated clock

Clock          Period   Waveform            Attrs     Sources
--------------------------------------------------------------------------------
CLK             50.00   {0 25}                        {clk}

1
set_ignored_layers -max_routing_layer M7 -min_routing_layer M2
Information: The net parasitics of block css_phy_tx_top are cleared. (TIM-123)
1
set_lib_cell_purpose -exclude cts  [get_lib_cells */*]
Information: The design specific attribute override for lib_cell 'saed90nm_max:AND2X1.timing' is set in the current block 'css_phy_tx_top_cts', because the actual library setting may not be overwritten. (ATTR-12)
Information: The design specific attribute override for lib_cell 'saed90nm_max:AND2X2.timing' is set in the current block 'css_phy_tx_top_cts', because the actual library setting may not be overwritten. (ATTR-12)
Information: The design specific attribute override for lib_cell 'saed90nm_max:AND2X4.timing' is set in the current block 'css_phy_tx_top_cts', because the actual library setting may not be overwritten. (ATTR-12)
Information: The design specific attribute override for lib_cell 'saed90nm_max:AND3X1.timing' is set in the current block 'css_phy_tx_top_cts', because the actual library setting may not be overwritten. (ATTR-12)
Information: The design specific attribute override for lib_cell 'saed90nm_max:AND3X2.timing' is set in the current block 'css_phy_tx_top_cts', because the actual library setting may not be overwritten. (ATTR-12)
Information: The design specific attribute override for lib_cell 'saed90nm_max:AND3X4.timing' is set in the current block 'css_phy_tx_top_cts', because the actual library setting may not be overwritten. (ATTR-12)
Information: The design specific attribute override for lib_cell 'saed90nm_max:AND4X1.timing' is set in the current block 'css_phy_tx_top_cts', because the actual library setting may not be overwritten. (ATTR-12)
Information: The design specific attribute override for lib_cell 'saed90nm_max:AND4X2.timing' is set in the current block 'css_phy_tx_top_cts', because the actual library setting may not be overwritten. (ATTR-12)
Information: The design specific attribute override for lib_cell 'saed90nm_max:AND4X4.timing' is set in the current block 'css_phy_tx_top_cts', because the actual library setting may not be overwritten. (ATTR-12)
Information: The design specific attribute override for lib_cell 'saed90nm_max:ANTENNA.timing' is set in the current block 'css_phy_tx_top_cts', because the actual library setting may not be overwritten. (ATTR-12)
Information: The design specific attribute override for lib_cell 'saed90nm_max:AO21X1.timing' is set in the current block 'css_phy_tx_top_cts', because the actual library setting may not be overwritten. (ATTR-12)
Information: The design specific attribute override for lib_cell 'saed90nm_max:AO21X2.timing' is set in the current block 'css_phy_tx_top_cts', because the actual library setting may not be overwritten. (ATTR-12)
Information: The design specific attribute override for lib_cell 'saed90nm_max:AO221X1.timing' is set in the current block 'css_phy_tx_top_cts', because the actual library setting may not be overwritten. (ATTR-12)
Information: The design specific attribute override for lib_cell 'saed90nm_max:AO221X2.timing' is set in the current block 'css_phy_tx_top_cts', because the actual library setting may not be overwritten. (ATTR-12)
Information: The design specific attribute override for lib_cell 'saed90nm_max:AO222X1.timing' is set in the current block 'css_phy_tx_top_cts', because the actual library setting may not be overwritten. (ATTR-12)
Information: The design specific attribute override for lib_cell 'saed90nm_max:AO222X2.timing' is set in the current block 'css_phy_tx_top_cts', because the actual library setting may not be overwritten. (ATTR-12)
Information: The design specific attribute override for lib_cell 'saed90nm_max:AO22X1.timing' is set in the current block 'css_phy_tx_top_cts', because the actual library setting may not be overwritten. (ATTR-12)
Information: The design specific attribute override for lib_cell 'saed90nm_max:AO22X2.timing' is set in the current block 'css_phy_tx_top_cts', because the actual library setting may not be overwritten. (ATTR-12)
Information: The design specific attribute override for lib_cell 'saed90nm_max:AOBUFX1.timing' is set in the current block 'css_phy_tx_top_cts', because the actual library setting may not be overwritten. (ATTR-12)
Information: The design specific attribute override for lib_cell 'saed90nm_max:AOBUFX2.timing' is set in the current block 'css_phy_tx_top_cts', because the actual library setting may not be overwritten. (ATTR-12)
Information: The design specific attribute override for lib_cell 'saed90nm_max:AOBUFX4.timing' is set in the current block 'css_phy_tx_top_cts', because the actual library setting may not be overwritten. (ATTR-12)
Information: The design specific attribute override for lib_cell 'saed90nm_max:AODFFARX1.timing' is set in the current block 'css_phy_tx_top_cts', because the actual library setting may not be overwritten. (ATTR-12)
Information: The design specific attribute override for lib_cell 'saed90nm_max:AODFFARX2.timing' is set in the current block 'css_phy_tx_top_cts', because the actual library setting may not be overwritten. (ATTR-12)
Information: The design specific attribute override for lib_cell 'saed90nm_max:AODFFNARX1.timing' is set in the current block 'css_phy_tx_top_cts', because the actual library setting may not be overwritten. (ATTR-12)
Information: The design specific attribute override for lib_cell 'saed90nm_max:AODFFNARX2.timing' is set in the current block 'css_phy_tx_top_cts', because the actual library setting may not be overwritten. (ATTR-12)
Information: The design specific attribute override for lib_cell 'saed90nm_max:AOI21X1.timing' is set in the current block 'css_phy_tx_top_cts', because the actual library setting may not be overwritten. (ATTR-12)
Information: The design specific attribute override for lib_cell 'saed90nm_max:AOI21X2.timing' is set in the current block 'css_phy_tx_top_cts', because the actual library setting may not be overwritten. (ATTR-12)
Information: The design specific attribute override for lib_cell 'saed90nm_max:AOI221X1.timing' is set in the current block 'css_phy_tx_top_cts', because the actual library setting may not be overwritten. (ATTR-12)
Information: The design specific attribute override for lib_cell 'saed90nm_max:AOI221X2.timing' is set in the current block 'css_phy_tx_top_cts', because the actual library setting may not be overwritten. (ATTR-12)
Information: The design specific attribute override for lib_cell 'saed90nm_max:AOI222X1.timing' is set in the current block 'css_phy_tx_top_cts', because the actual library setting may not be overwritten. (ATTR-12)
Information: The design specific attribute override for lib_cell 'saed90nm_max:AOI222X2.timing' is set in the current block 'css_phy_tx_top_cts', because the actual library setting may not be overwritten. (ATTR-12)
Information: The design specific attribute override for lib_cell 'saed90nm_max:AOI22X1.timing' is set in the current block 'css_phy_tx_top_cts', because the actual library setting may not be overwritten. (ATTR-12)
Information: The design specific attribute override for lib_cell 'saed90nm_max:AOI22X2.timing' is set in the current block 'css_phy_tx_top_cts', because the actual library setting may not be overwritten. (ATTR-12)
Information: The design specific attribute override for lib_cell 'saed90nm_max:AOINVX1.timing' is set in the current block 'css_phy_tx_top_cts', because the actual library setting may not be overwritten. (ATTR-12)
Information: The design specific attribute override for lib_cell 'saed90nm_max:AOINVX2.timing' is set in the current block 'css_phy_tx_top_cts', because the actual library setting may not be overwritten. (ATTR-12)
Information: The design specific attribute override for lib_cell 'saed90nm_max:AOINVX4.timing' is set in the current block 'css_phy_tx_top_cts', because the actual library setting may not be overwritten. (ATTR-12)
Information: The design specific attribute override for lib_cell 'saed90nm_max:BSLEX1.timing' is set in the current block 'css_phy_tx_top_cts', because the actual library setting may not be overwritten. (ATTR-12)
Information: The design specific attribute override for lib_cell 'saed90nm_max:BSLEX2.timing' is set in the current block 'css_phy_tx_top_cts', because the actual library setting may not be overwritten. (ATTR-12)
Information: The design specific attribute override for lib_cell 'saed90nm_max:BSLEX4.timing' is set in the current block 'css_phy_tx_top_cts', because the actual library setting may not be overwritten. (ATTR-12)
Information: The design specific attribute override for lib_cell 'saed90nm_max:BUSKP.timing' is set in the current block 'css_phy_tx_top_cts', because the actual library setting may not be overwritten. (ATTR-12)
Information: The design specific attribute override for lib_cell 'saed90nm_max:CLOAD1.timing' is set in the current block 'css_phy_tx_top_cts', because the actual library setting may not be overwritten. (ATTR-12)
Information: The design specific attribute override for lib_cell 'saed90nm_max:DCAP.timing' is set in the current block 'css_phy_tx_top_cts', because the actual library setting may not be overwritten. (ATTR-12)
Information: The design specific attribute override for lib_cell 'saed90nm_max:DEC24X1.timing' is set in the current block 'css_phy_tx_top_cts', because the actual library setting may not be overwritten. (ATTR-12)
Information: The design specific attribute override for lib_cell 'saed90nm_max:DEC24X2.timing' is set in the current block 'css_phy_tx_top_cts', because the actual library setting may not be overwritten. (ATTR-12)
Information: The design specific attribute override for lib_cell 'saed90nm_max:DELLN1X2.timing' is set in the current block 'css_phy_tx_top_cts', because the actual library setting may not be overwritten. (ATTR-12)
Information: The design specific attribute override for lib_cell 'saed90nm_max:DELLN2X2.timing' is set in the current block 'css_phy_tx_top_cts', because the actual library setting may not be overwritten. (ATTR-12)
Information: The design specific attribute override for lib_cell 'saed90nm_max:DELLN3X2.timing' is set in the current block 'css_phy_tx_top_cts', because the actual library setting may not be overwritten. (ATTR-12)
Information: The design specific attribute override for lib_cell 'saed90nm_max:DFFARX1.timing' is set in the current block 'css_phy_tx_top_cts', because the actual library setting may not be overwritten. (ATTR-12)
Information: The design specific attribute override for lib_cell 'saed90nm_max:DFFARX2.timing' is set in the current block 'css_phy_tx_top_cts', because the actual library setting may not be overwritten. (ATTR-12)
Information: The design specific attribute override for lib_cell 'saed90nm_max:DFFASRX1.timing' is set in the current block 'css_phy_tx_top_cts', because the actual library setting may not be overwritten. (ATTR-12)
Information: The design specific attribute override for lib_cell 'saed90nm_max:DFFASRX2.timing' is set in the current block 'css_phy_tx_top_cts', because the actual library setting may not be overwritten. (ATTR-12)
Information: The design specific attribute override for lib_cell 'saed90nm_max:DFFASX1.timing' is set in the current block 'css_phy_tx_top_cts', because the actual library setting may not be overwritten. (ATTR-12)
Information: The design specific attribute override for lib_cell 'saed90nm_max:DFFASX2.timing' is set in the current block 'css_phy_tx_top_cts', because the actual library setting may not be overwritten. (ATTR-12)
Information: The design specific attribute override for lib_cell 'saed90nm_max:DFFNARX1.timing' is set in the current block 'css_phy_tx_top_cts', because the actual library setting may not be overwritten. (ATTR-12)
Information: The design specific attribute override for lib_cell 'saed90nm_max:DFFNARX2.timing' is set in the current block 'css_phy_tx_top_cts', because the actual library setting may not be overwritten. (ATTR-12)
Information: The design specific attribute override for lib_cell 'saed90nm_max:DFFNASRNX1.timing' is set in the current block 'css_phy_tx_top_cts', because the actual library setting may not be overwritten. (ATTR-12)
Information: The design specific attribute override for lib_cell 'saed90nm_max:DFFNASRNX2.timing' is set in the current block 'css_phy_tx_top_cts', because the actual library setting may not be overwritten. (ATTR-12)
Information: The design specific attribute override for lib_cell 'saed90nm_max:DFFNASRQX1.timing' is set in the current block 'css_phy_tx_top_cts', because the actual library setting may not be overwritten. (ATTR-12)
Information: The design specific attribute override for lib_cell 'saed90nm_max:DFFNASRQX2.timing' is set in the current block 'css_phy_tx_top_cts', because the actual library setting may not be overwritten. (ATTR-12)
Information: The design specific attribute override for lib_cell 'saed90nm_max:DFFNASRX1.timing' is set in the current block 'css_phy_tx_top_cts', because the actual library setting may not be overwritten. (ATTR-12)
Information: The design specific attribute override for lib_cell 'saed90nm_max:DFFNASRX2.timing' is set in the current block 'css_phy_tx_top_cts', because the actual library setting may not be overwritten. (ATTR-12)
Information: The design specific attribute override for lib_cell 'saed90nm_max:DFFNASX1.timing' is set in the current block 'css_phy_tx_top_cts', because the actual library setting may not be overwritten. (ATTR-12)
Information: The design specific attribute override for lib_cell 'saed90nm_max:DFFNASX2.timing' is set in the current block 'css_phy_tx_top_cts', because the actual library setting may not be overwritten. (ATTR-12)
Information: The design specific attribute override for lib_cell 'saed90nm_max:DFFNX1.timing' is set in the current block 'css_phy_tx_top_cts', because the actual library setting may not be overwritten. (ATTR-12)
Information: The design specific attribute override for lib_cell 'saed90nm_max:DFFNX2.timing' is set in the current block 'css_phy_tx_top_cts', because the actual library setting may not be overwritten. (ATTR-12)
Information: The design specific attribute override for lib_cell 'saed90nm_max:DFFSSRX1.timing' is set in the current block 'css_phy_tx_top_cts', because the actual library setting may not be overwritten. (ATTR-12)
Information: The design specific attribute override for lib_cell 'saed90nm_max:DFFSSRX2.timing' is set in the current block 'css_phy_tx_top_cts', because the actual library setting may not be overwritten. (ATTR-12)
Information: The design specific attribute override for lib_cell 'saed90nm_max:DFFX1.timing' is set in the current block 'css_phy_tx_top_cts', because the actual library setting may not be overwritten. (ATTR-12)
Information: The design specific attribute override for lib_cell 'saed90nm_max:DFFX2.timing' is set in the current block 'css_phy_tx_top_cts', because the actual library setting may not be overwritten. (ATTR-12)
Information: The design specific attribute override for lib_cell 'saed90nm_max:DHFILLHLH2.timing' is set in the current block 'css_phy_tx_top_cts', because the actual library setting may not be overwritten. (ATTR-12)
Information: The design specific attribute override for lib_cell 'saed90nm_max:DHFILLHLHLS11.timing' is set in the current block 'css_phy_tx_top_cts', because the actual library setting may not be overwritten. (ATTR-12)
Information: The design specific attribute override for lib_cell 'saed90nm_max:DHFILLLHL2.timing' is set in the current block 'css_phy_tx_top_cts', because the actual library setting may not be overwritten. (ATTR-12)
Information: The design specific attribute override for lib_cell 'saed90nm_max:FADDX1.timing' is set in the current block 'css_phy_tx_top_cts', because the actual library setting may not be overwritten. (ATTR-12)
Information: The design specific attribute override for lib_cell 'saed90nm_max:FADDX2.timing' is set in the current block 'css_phy_tx_top_cts', because the actual library setting may not be overwritten. (ATTR-12)
Information: The design specific attribute override for lib_cell 'saed90nm_max:HADDX1.timing' is set in the current block 'css_phy_tx_top_cts', because the actual library setting may not be overwritten. (ATTR-12)
Information: The design specific attribute override for lib_cell 'saed90nm_max:HADDX2.timing' is set in the current block 'css_phy_tx_top_cts', because the actual library setting may not be overwritten. (ATTR-12)
Information: The design specific attribute override for lib_cell 'saed90nm_max:HEAD2X16.timing' is set in the current block 'css_phy_tx_top_cts', because the actual library setting may not be overwritten. (ATTR-12)
Information: The design specific attribute override for lib_cell 'saed90nm_max:HEAD2X2.timing' is set in the current block 'css_phy_tx_top_cts', because the actual library setting may not be overwritten. (ATTR-12)
Information: The design specific attribute override for lib_cell 'saed90nm_max:HEAD2X32.timing' is set in the current block 'css_phy_tx_top_cts', because the actual library setting may not be overwritten. (ATTR-12)
Information: The design specific attribute override for lib_cell 'saed90nm_max:HEAD2X4.timing' is set in the current block 'css_phy_tx_top_cts', because the actual library setting may not be overwritten. (ATTR-12)
Information: The design specific attribute override for lib_cell 'saed90nm_max:HEAD2X8.timing' is set in the current block 'css_phy_tx_top_cts', because the actual library setting may not be overwritten. (ATTR-12)
Information: The design specific attribute override for lib_cell 'saed90nm_max:HEADX16.timing' is set in the current block 'css_phy_tx_top_cts', because the actual library setting may not be overwritten. (ATTR-12)
Information: The design specific attribute override for lib_cell 'saed90nm_max:HEADX2.timing' is set in the current block 'css_phy_tx_top_cts', because the actual library setting may not be overwritten. (ATTR-12)
Information: The design specific attribute override for lib_cell 'saed90nm_max:HEADX32.timing' is set in the current block 'css_phy_tx_top_cts', because the actual library setting may not be overwritten. (ATTR-12)
Information: The design specific attribute override for lib_cell 'saed90nm_max:HEADX4.timing' is set in the current block 'css_phy_tx_top_cts', because the actual library setting may not be overwritten. (ATTR-12)
Information: The design specific attribute override for lib_cell 'saed90nm_max:HEADX8.timing' is set in the current block 'css_phy_tx_top_cts', because the actual library setting may not be overwritten. (ATTR-12)
Information: The design specific attribute override for lib_cell 'saed90nm_max:IBUFFX16.timing' is set in the current block 'css_phy_tx_top_cts', because the actual library setting may not be overwritten. (ATTR-12)
Information: The design specific attribute override for lib_cell 'saed90nm_max:IBUFFX2.timing' is set in the current block 'css_phy_tx_top_cts', because the actual library setting may not be overwritten. (ATTR-12)
Information: The design specific attribute override for lib_cell 'saed90nm_max:IBUFFX32.timing' is set in the current block 'css_phy_tx_top_cts', because the actual library setting may not be overwritten. (ATTR-12)
Information: The design specific attribute override for lib_cell 'saed90nm_max:IBUFFX4.timing' is set in the current block 'css_phy_tx_top_cts', because the actual library setting may not be overwritten. (ATTR-12)
Information: The design specific attribute override for lib_cell 'saed90nm_max:IBUFFX8.timing' is set in the current block 'css_phy_tx_top_cts', because the actual library setting may not be overwritten. (ATTR-12)
Information: The design specific attribute override for lib_cell 'saed90nm_max:INVX0.timing' is set in the current block 'css_phy_tx_top_cts', because the actual library setting may not be overwritten. (ATTR-12)
Information: The design specific attribute override for lib_cell 'saed90nm_max:INVX1.timing' is set in the current block 'css_phy_tx_top_cts', because the actual library setting may not be overwritten. (ATTR-12)
Information: The design specific attribute override for lib_cell 'saed90nm_max:INVX16.timing' is set in the current block 'css_phy_tx_top_cts', because the actual library setting may not be overwritten. (ATTR-12)
Information: The design specific attribute override for lib_cell 'saed90nm_max:INVX2.timing' is set in the current block 'css_phy_tx_top_cts', because the actual library setting may not be overwritten. (ATTR-12)
Information: The design specific attribute override for lib_cell 'saed90nm_max:INVX32.timing' is set in the current block 'css_phy_tx_top_cts', because the actual library setting may not be overwritten. (ATTR-12)
Information: The design specific attribute override for lib_cell 'saed90nm_max:INVX4.timing' is set in the current block 'css_phy_tx_top_cts', because the actual library setting may not be overwritten. (ATTR-12)
Information: The design specific attribute override for lib_cell 'saed90nm_max:INVX8.timing' is set in the current block 'css_phy_tx_top_cts', because the actual library setting may not be overwritten. (ATTR-12)
Information: The design specific attribute override for lib_cell 'saed90nm_max:ISOLANDX1.timing' is set in the current block 'css_phy_tx_top_cts', because the actual library setting may not be overwritten. (ATTR-12)
Information: The design specific attribute override for lib_cell 'saed90nm_max:ISOLANDX2.timing' is set in the current block 'css_phy_tx_top_cts', because the actual library setting may not be overwritten. (ATTR-12)
Information: The design specific attribute override for lib_cell 'saed90nm_max:ISOLANDX4.timing' is set in the current block 'css_phy_tx_top_cts', because the actual library setting may not be overwritten. (ATTR-12)
Information: The design specific attribute override for lib_cell 'saed90nm_max:ISOLANDX8.timing' is set in the current block 'css_phy_tx_top_cts', because the actual library setting may not be overwritten. (ATTR-12)
Information: The design specific attribute override for lib_cell 'saed90nm_max:ISOLORX1.timing' is set in the current block 'css_phy_tx_top_cts', because the actual library setting may not be overwritten. (ATTR-12)
Information: The design specific attribute override for lib_cell 'saed90nm_max:ISOLORX2.timing' is set in the current block 'css_phy_tx_top_cts', because the actual library setting may not be overwritten. (ATTR-12)
Information: The design specific attribute override for lib_cell 'saed90nm_max:ISOLORX4.timing' is set in the current block 'css_phy_tx_top_cts', because the actual library setting may not be overwritten. (ATTR-12)
Information: The design specific attribute override for lib_cell 'saed90nm_max:ISOLORX8.timing' is set in the current block 'css_phy_tx_top_cts', because the actual library setting may not be overwritten. (ATTR-12)
Information: The design specific attribute override for lib_cell 'saed90nm_max:LARX1.timing' is set in the current block 'css_phy_tx_top_cts', because the actual library setting may not be overwritten. (ATTR-12)
Information: The design specific attribute override for lib_cell 'saed90nm_max:LARX2.timing' is set in the current block 'css_phy_tx_top_cts', because the actual library setting may not be overwritten. (ATTR-12)
Information: The design specific attribute override for lib_cell 'saed90nm_max:LASRNX1.timing' is set in the current block 'css_phy_tx_top_cts', because the actual library setting may not be overwritten. (ATTR-12)
Information: The design specific attribute override for lib_cell 'saed90nm_max:LASRNX2.timing' is set in the current block 'css_phy_tx_top_cts', because the actual library setting may not be overwritten. (ATTR-12)
Information: The design specific attribute override for lib_cell 'saed90nm_max:LASRQX1.timing' is set in the current block 'css_phy_tx_top_cts', because the actual library setting may not be overwritten. (ATTR-12)
Information: The design specific attribute override for lib_cell 'saed90nm_max:LASRQX2.timing' is set in the current block 'css_phy_tx_top_cts', because the actual library setting may not be overwritten. (ATTR-12)
Information: The design specific attribute override for lib_cell 'saed90nm_max:LASRX1.timing' is set in the current block 'css_phy_tx_top_cts', because the actual library setting may not be overwritten. (ATTR-12)
Information: The design specific attribute override for lib_cell 'saed90nm_max:LASRX2.timing' is set in the current block 'css_phy_tx_top_cts', because the actual library setting may not be overwritten. (ATTR-12)
Information: The design specific attribute override for lib_cell 'saed90nm_max:LASX1.timing' is set in the current block 'css_phy_tx_top_cts', because the actual library setting may not be overwritten. (ATTR-12)
Information: The design specific attribute override for lib_cell 'saed90nm_max:LASX2.timing' is set in the current block 'css_phy_tx_top_cts', because the actual library setting may not be overwritten. (ATTR-12)
Information: The design specific attribute override for lib_cell 'saed90nm_max:LATCHX1.timing' is set in the current block 'css_phy_tx_top_cts', because the actual library setting may not be overwritten. (ATTR-12)
Information: The design specific attribute override for lib_cell 'saed90nm_max:LATCHX2.timing' is set in the current block 'css_phy_tx_top_cts', because the actual library setting may not be overwritten. (ATTR-12)
Information: The design specific attribute override for lib_cell 'saed90nm_max:LNANDX1.timing' is set in the current block 'css_phy_tx_top_cts', because the actual library setting may not be overwritten. (ATTR-12)
Information: The design specific attribute override for lib_cell 'saed90nm_max:LNANDX2.timing' is set in the current block 'css_phy_tx_top_cts', because the actual library setting may not be overwritten. (ATTR-12)
Information: The design specific attribute override for lib_cell 'saed90nm_max:MUX21X1.timing' is set in the current block 'css_phy_tx_top_cts', because the actual library setting may not be overwritten. (ATTR-12)
Information: The design specific attribute override for lib_cell 'saed90nm_max:MUX21X2.timing' is set in the current block 'css_phy_tx_top_cts', because the actual library setting may not be overwritten. (ATTR-12)
Information: The design specific attribute override for lib_cell 'saed90nm_max:MUX41X1.timing' is set in the current block 'css_phy_tx_top_cts', because the actual library setting may not be overwritten. (ATTR-12)
Information: The design specific attribute override for lib_cell 'saed90nm_max:MUX41X2.timing' is set in the current block 'css_phy_tx_top_cts', because the actual library setting may not be overwritten. (ATTR-12)
Information: The design specific attribute override for lib_cell 'saed90nm_max:NAND2X0.timing' is set in the current block 'css_phy_tx_top_cts', because the actual library setting may not be overwritten. (ATTR-12)
Information: The design specific attribute override for lib_cell 'saed90nm_max:NAND2X1.timing' is set in the current block 'css_phy_tx_top_cts', because the actual library setting may not be overwritten. (ATTR-12)
Information: The design specific attribute override for lib_cell 'saed90nm_max:NAND2X2.timing' is set in the current block 'css_phy_tx_top_cts', because the actual library setting may not be overwritten. (ATTR-12)
Information: The design specific attribute override for lib_cell 'saed90nm_max:NAND2X4.timing' is set in the current block 'css_phy_tx_top_cts', because the actual library setting may not be overwritten. (ATTR-12)
Information: The design specific attribute override for lib_cell 'saed90nm_max:NAND3X0.timing' is set in the current block 'css_phy_tx_top_cts', because the actual library setting may not be overwritten. (ATTR-12)
Information: The design specific attribute override for lib_cell 'saed90nm_max:NAND3X1.timing' is set in the current block 'css_phy_tx_top_cts', because the actual library setting may not be overwritten. (ATTR-12)
Information: The design specific attribute override for lib_cell 'saed90nm_max:NAND3X2.timing' is set in the current block 'css_phy_tx_top_cts', because the actual library setting may not be overwritten. (ATTR-12)
Information: The design specific attribute override for lib_cell 'saed90nm_max:NAND3X4.timing' is set in the current block 'css_phy_tx_top_cts', because the actual library setting may not be overwritten. (ATTR-12)
Information: The design specific attribute override for lib_cell 'saed90nm_max:NAND4X0.timing' is set in the current block 'css_phy_tx_top_cts', because the actual library setting may not be overwritten. (ATTR-12)
Information: The design specific attribute override for lib_cell 'saed90nm_max:NAND4X1.timing' is set in the current block 'css_phy_tx_top_cts', because the actual library setting may not be overwritten. (ATTR-12)
Information: The design specific attribute override for lib_cell 'saed90nm_max:NBUFFX16.timing' is set in the current block 'css_phy_tx_top_cts', because the actual library setting may not be overwritten. (ATTR-12)
Information: The design specific attribute override for lib_cell 'saed90nm_max:NBUFFX2.timing' is set in the current block 'css_phy_tx_top_cts', because the actual library setting may not be overwritten. (ATTR-12)
Information: The design specific attribute override for lib_cell 'saed90nm_max:NBUFFX32.timing' is set in the current block 'css_phy_tx_top_cts', because the actual library setting may not be overwritten. (ATTR-12)
Information: The design specific attribute override for lib_cell 'saed90nm_max:NBUFFX4.timing' is set in the current block 'css_phy_tx_top_cts', because the actual library setting may not be overwritten. (ATTR-12)
Information: The design specific attribute override for lib_cell 'saed90nm_max:NBUFFX8.timing' is set in the current block 'css_phy_tx_top_cts', because the actual library setting may not be overwritten. (ATTR-12)
Information: The design specific attribute override for lib_cell 'saed90nm_max:NMT1.timing' is set in the current block 'css_phy_tx_top_cts', because the actual library setting may not be overwritten. (ATTR-12)
Information: The design specific attribute override for lib_cell 'saed90nm_max:NMT2.timing' is set in the current block 'css_phy_tx_top_cts', because the actual library setting may not be overwritten. (ATTR-12)
Information: The design specific attribute override for lib_cell 'saed90nm_max:NMT3.timing' is set in the current block 'css_phy_tx_top_cts', because the actual library setting may not be overwritten. (ATTR-12)
Information: The design specific attribute override for lib_cell 'saed90nm_max:NOR2X0.timing' is set in the current block 'css_phy_tx_top_cts', because the actual library setting may not be overwritten. (ATTR-12)
Information: The design specific attribute override for lib_cell 'saed90nm_max:NOR2X1.timing' is set in the current block 'css_phy_tx_top_cts', because the actual library setting may not be overwritten. (ATTR-12)
Information: The design specific attribute override for lib_cell 'saed90nm_max:NOR2X2.timing' is set in the current block 'css_phy_tx_top_cts', because the actual library setting may not be overwritten. (ATTR-12)
Information: The design specific attribute override for lib_cell 'saed90nm_max:NOR2X4.timing' is set in the current block 'css_phy_tx_top_cts', because the actual library setting may not be overwritten. (ATTR-12)
Information: The design specific attribute override for lib_cell 'saed90nm_max:NOR3X0.timing' is set in the current block 'css_phy_tx_top_cts', because the actual library setting may not be overwritten. (ATTR-12)
Information: The design specific attribute override for lib_cell 'saed90nm_max:NOR3X1.timing' is set in the current block 'css_phy_tx_top_cts', because the actual library setting may not be overwritten. (ATTR-12)
Information: The design specific attribute override for lib_cell 'saed90nm_max:NOR3X2.timing' is set in the current block 'css_phy_tx_top_cts', because the actual library setting may not be overwritten. (ATTR-12)
Information: The design specific attribute override for lib_cell 'saed90nm_max:NOR3X4.timing' is set in the current block 'css_phy_tx_top_cts', because the actual library setting may not be overwritten. (ATTR-12)
Information: The design specific attribute override for lib_cell 'saed90nm_max:NOR4X0.timing' is set in the current block 'css_phy_tx_top_cts', because the actual library setting may not be overwritten. (ATTR-12)
Information: The design specific attribute override for lib_cell 'saed90nm_max:NOR4X1.timing' is set in the current block 'css_phy_tx_top_cts', because the actual library setting may not be overwritten. (ATTR-12)
Information: The design specific attribute override for lib_cell 'saed90nm_max:OA21X1.timing' is set in the current block 'css_phy_tx_top_cts', because the actual library setting may not be overwritten. (ATTR-12)
Information: The design specific attribute override for lib_cell 'saed90nm_max:OA21X2.timing' is set in the current block 'css_phy_tx_top_cts', because the actual library setting may not be overwritten. (ATTR-12)
Information: The design specific attribute override for lib_cell 'saed90nm_max:OA221X1.timing' is set in the current block 'css_phy_tx_top_cts', because the actual library setting may not be overwritten. (ATTR-12)
Information: The design specific attribute override for lib_cell 'saed90nm_max:OA221X2.timing' is set in the current block 'css_phy_tx_top_cts', because the actual library setting may not be overwritten. (ATTR-12)
Information: The design specific attribute override for lib_cell 'saed90nm_max:OA222X1.timing' is set in the current block 'css_phy_tx_top_cts', because the actual library setting may not be overwritten. (ATTR-12)
Information: The design specific attribute override for lib_cell 'saed90nm_max:OA222X2.timing' is set in the current block 'css_phy_tx_top_cts', because the actual library setting may not be overwritten. (ATTR-12)
Information: The design specific attribute override for lib_cell 'saed90nm_max:OA22X1.timing' is set in the current block 'css_phy_tx_top_cts', because the actual library setting may not be overwritten. (ATTR-12)
Information: The design specific attribute override for lib_cell 'saed90nm_max:OA22X2.timing' is set in the current block 'css_phy_tx_top_cts', because the actual library setting may not be overwritten. (ATTR-12)
Information: The design specific attribute override for lib_cell 'saed90nm_max:OAI21X1.timing' is set in the current block 'css_phy_tx_top_cts', because the actual library setting may not be overwritten. (ATTR-12)
Information: The design specific attribute override for lib_cell 'saed90nm_max:OAI21X2.timing' is set in the current block 'css_phy_tx_top_cts', because the actual library setting may not be overwritten. (ATTR-12)
Information: The design specific attribute override for lib_cell 'saed90nm_max:OAI221X1.timing' is set in the current block 'css_phy_tx_top_cts', because the actual library setting may not be overwritten. (ATTR-12)
Information: The design specific attribute override for lib_cell 'saed90nm_max:OAI221X2.timing' is set in the current block 'css_phy_tx_top_cts', because the actual library setting may not be overwritten. (ATTR-12)
Information: The design specific attribute override for lib_cell 'saed90nm_max:OAI222X1.timing' is set in the current block 'css_phy_tx_top_cts', because the actual library setting may not be overwritten. (ATTR-12)
Information: The design specific attribute override for lib_cell 'saed90nm_max:OAI222X2.timing' is set in the current block 'css_phy_tx_top_cts', because the actual library setting may not be overwritten. (ATTR-12)
Information: The design specific attribute override for lib_cell 'saed90nm_max:OAI22X1.timing' is set in the current block 'css_phy_tx_top_cts', because the actual library setting may not be overwritten. (ATTR-12)
Information: The design specific attribute override for lib_cell 'saed90nm_max:OAI22X2.timing' is set in the current block 'css_phy_tx_top_cts', because the actual library setting may not be overwritten. (ATTR-12)
Information: The design specific attribute override for lib_cell 'saed90nm_max:OR2X1.timing' is set in the current block 'css_phy_tx_top_cts', because the actual library setting may not be overwritten. (ATTR-12)
Information: The design specific attribute override for lib_cell 'saed90nm_max:OR2X2.timing' is set in the current block 'css_phy_tx_top_cts', because the actual library setting may not be overwritten. (ATTR-12)
Information: The design specific attribute override for lib_cell 'saed90nm_max:OR2X4.timing' is set in the current block 'css_phy_tx_top_cts', because the actual library setting may not be overwritten. (ATTR-12)
Information: The design specific attribute override for lib_cell 'saed90nm_max:OR3X1.timing' is set in the current block 'css_phy_tx_top_cts', because the actual library setting may not be overwritten. (ATTR-12)
Information: The design specific attribute override for lib_cell 'saed90nm_max:OR3X2.timing' is set in the current block 'css_phy_tx_top_cts', because the actual library setting may not be overwritten. (ATTR-12)
Information: The design specific attribute override for lib_cell 'saed90nm_max:OR3X4.timing' is set in the current block 'css_phy_tx_top_cts', because the actual library setting may not be overwritten. (ATTR-12)
Information: The design specific attribute override for lib_cell 'saed90nm_max:OR4X1.timing' is set in the current block 'css_phy_tx_top_cts', because the actual library setting may not be overwritten. (ATTR-12)
Information: The design specific attribute override for lib_cell 'saed90nm_max:OR4X2.timing' is set in the current block 'css_phy_tx_top_cts', because the actual library setting may not be overwritten. (ATTR-12)
Information: The design specific attribute override for lib_cell 'saed90nm_max:OR4X4.timing' is set in the current block 'css_phy_tx_top_cts', because the actual library setting may not be overwritten. (ATTR-12)
Information: The design specific attribute override for lib_cell 'saed90nm_max:PGX1.timing' is set in the current block 'css_phy_tx_top_cts', because the actual library setting may not be overwritten. (ATTR-12)
Information: The design specific attribute override for lib_cell 'saed90nm_max:PGX2.timing' is set in the current block 'css_phy_tx_top_cts', because the actual library setting may not be overwritten. (ATTR-12)
Information: The design specific attribute override for lib_cell 'saed90nm_max:PGX4.timing' is set in the current block 'css_phy_tx_top_cts', because the actual library setting may not be overwritten. (ATTR-12)
Information: The design specific attribute override for lib_cell 'saed90nm_max:PMT1.timing' is set in the current block 'css_phy_tx_top_cts', because the actual library setting may not be overwritten. (ATTR-12)
Information: The design specific attribute override for lib_cell 'saed90nm_max:PMT2.timing' is set in the current block 'css_phy_tx_top_cts', because the actual library setting may not be overwritten. (ATTR-12)
Information: The design specific attribute override for lib_cell 'saed90nm_max:PMT3.timing' is set in the current block 'css_phy_tx_top_cts', because the actual library setting may not be overwritten. (ATTR-12)
Information: The design specific attribute override for lib_cell 'saed90nm_max:SDFFARX1.timing' is set in the current block 'css_phy_tx_top_cts', because the actual library setting may not be overwritten. (ATTR-12)
Information: The design specific attribute override for lib_cell 'saed90nm_max:SDFFARX2.timing' is set in the current block 'css_phy_tx_top_cts', because the actual library setting may not be overwritten. (ATTR-12)
Information: The design specific attribute override for lib_cell 'saed90nm_max:SDFFASRSX1.timing' is set in the current block 'css_phy_tx_top_cts', because the actual library setting may not be overwritten. (ATTR-12)
Information: The design specific attribute override for lib_cell 'saed90nm_max:SDFFASRSX2.timing' is set in the current block 'css_phy_tx_top_cts', because the actual library setting may not be overwritten. (ATTR-12)
Information: The design specific attribute override for lib_cell 'saed90nm_max:SDFFASRX1.timing' is set in the current block 'css_phy_tx_top_cts', because the actual library setting may not be overwritten. (ATTR-12)
Information: The design specific attribute override for lib_cell 'saed90nm_max:SDFFASRX2.timing' is set in the current block 'css_phy_tx_top_cts', because the actual library setting may not be overwritten. (ATTR-12)
Information: The design specific attribute override for lib_cell 'saed90nm_max:SDFFASX1.timing' is set in the current block 'css_phy_tx_top_cts', because the actual library setting may not be overwritten. (ATTR-12)
Information: The design specific attribute override for lib_cell 'saed90nm_max:SDFFASX2.timing' is set in the current block 'css_phy_tx_top_cts', because the actual library setting may not be overwritten. (ATTR-12)
Information: The design specific attribute override for lib_cell 'saed90nm_max:SDFFNARX1.timing' is set in the current block 'css_phy_tx_top_cts', because the actual library setting may not be overwritten. (ATTR-12)
Information: The design specific attribute override for lib_cell 'saed90nm_max:SDFFNARX2.timing' is set in the current block 'css_phy_tx_top_cts', because the actual library setting may not be overwritten. (ATTR-12)
Information: The design specific attribute override for lib_cell 'saed90nm_max:SDFFNASRX1.timing' is set in the current block 'css_phy_tx_top_cts', because the actual library setting may not be overwritten. (ATTR-12)
Information: The design specific attribute override for lib_cell 'saed90nm_max:SDFFNASRX2.timing' is set in the current block 'css_phy_tx_top_cts', because the actual library setting may not be overwritten. (ATTR-12)
Information: The design specific attribute override for lib_cell 'saed90nm_max:SDFFNASX1.timing' is set in the current block 'css_phy_tx_top_cts', because the actual library setting may not be overwritten. (ATTR-12)
Information: The design specific attribute override for lib_cell 'saed90nm_max:SDFFNASX2.timing' is set in the current block 'css_phy_tx_top_cts', because the actual library setting may not be overwritten. (ATTR-12)
Information: The design specific attribute override for lib_cell 'saed90nm_max:SDFFNX1.timing' is set in the current block 'css_phy_tx_top_cts', because the actual library setting may not be overwritten. (ATTR-12)
Information: The design specific attribute override for lib_cell 'saed90nm_max:SDFFNX2.timing' is set in the current block 'css_phy_tx_top_cts', because the actual library setting may not be overwritten. (ATTR-12)
Information: The design specific attribute override for lib_cell 'saed90nm_max:SDFFSSRX1.timing' is set in the current block 'css_phy_tx_top_cts', because the actual library setting may not be overwritten. (ATTR-12)
Information: The design specific attribute override for lib_cell 'saed90nm_max:SDFFSSRX2.timing' is set in the current block 'css_phy_tx_top_cts', because the actual library setting may not be overwritten. (ATTR-12)
Information: The design specific attribute override for lib_cell 'saed90nm_max:SDFFX1.timing' is set in the current block 'css_phy_tx_top_cts', because the actual library setting may not be overwritten. (ATTR-12)
Information: The design specific attribute override for lib_cell 'saed90nm_max:SDFFX2.timing' is set in the current block 'css_phy_tx_top_cts', because the actual library setting may not be overwritten. (ATTR-12)
Information: The design specific attribute override for lib_cell 'saed90nm_max:SHFILL1.timing' is set in the current block 'css_phy_tx_top_cts', because the actual library setting may not be overwritten. (ATTR-12)
Information: The design specific attribute override for lib_cell 'saed90nm_max:SHFILL128.timing' is set in the current block 'css_phy_tx_top_cts', because the actual library setting may not be overwritten. (ATTR-12)
Information: The design specific attribute override for lib_cell 'saed90nm_max:SHFILL2.timing' is set in the current block 'css_phy_tx_top_cts', because the actual library setting may not be overwritten. (ATTR-12)
Information: The design specific attribute override for lib_cell 'saed90nm_max:SHFILL3.timing' is set in the current block 'css_phy_tx_top_cts', because the actual library setting may not be overwritten. (ATTR-12)
Information: The design specific attribute override for lib_cell 'saed90nm_max:SHFILL64.timing' is set in the current block 'css_phy_tx_top_cts', because the actual library setting may not be overwritten. (ATTR-12)
Information: The design specific attribute override for lib_cell 'saed90nm_max:TIEH.timing' is set in the current block 'css_phy_tx_top_cts', because the actual library setting may not be overwritten. (ATTR-12)
Information: The design specific attribute override for lib_cell 'saed90nm_max:TIEL.timing' is set in the current block 'css_phy_tx_top_cts', because the actual library setting may not be overwritten. (ATTR-12)
Information: The design specific attribute override for lib_cell 'saed90nm_max:TNBUFFX1.timing' is set in the current block 'css_phy_tx_top_cts', because the actual library setting may not be overwritten. (ATTR-12)
Information: The design specific attribute override for lib_cell 'saed90nm_max:TNBUFFX16.timing' is set in the current block 'css_phy_tx_top_cts', because the actual library setting may not be overwritten. (ATTR-12)
Information: The design specific attribute override for lib_cell 'saed90nm_max:TNBUFFX2.timing' is set in the current block 'css_phy_tx_top_cts', because the actual library setting may not be overwritten. (ATTR-12)
Information: The design specific attribute override for lib_cell 'saed90nm_max:TNBUFFX32.timing' is set in the current block 'css_phy_tx_top_cts', because the actual library setting may not be overwritten. (ATTR-12)
Information: The design specific attribute override for lib_cell 'saed90nm_max:TNBUFFX4.timing' is set in the current block 'css_phy_tx_top_cts', because the actual library setting may not be overwritten. (ATTR-12)
Information: The design specific attribute override for lib_cell 'saed90nm_max:TNBUFFX8.timing' is set in the current block 'css_phy_tx_top_cts', because the actual library setting may not be overwritten. (ATTR-12)
Information: The design specific attribute override for lib_cell 'saed90nm_max:XNOR2X1.timing' is set in the current block 'css_phy_tx_top_cts', because the actual library setting may not be overwritten. (ATTR-12)
Information: The design specific attribute override for lib_cell 'saed90nm_max:XNOR2X2.timing' is set in the current block 'css_phy_tx_top_cts', because the actual library setting may not be overwritten. (ATTR-12)
Information: The design specific attribute override for lib_cell 'saed90nm_max:XNOR3X1.timing' is set in the current block 'css_phy_tx_top_cts', because the actual library setting may not be overwritten. (ATTR-12)
Information: The design specific attribute override for lib_cell 'saed90nm_max:XNOR3X2.timing' is set in the current block 'css_phy_tx_top_cts', because the actual library setting may not be overwritten. (ATTR-12)
Information: The design specific attribute override for lib_cell 'saed90nm_max:XOR2X1.timing' is set in the current block 'css_phy_tx_top_cts', because the actual library setting may not be overwritten. (ATTR-12)
Information: The design specific attribute override for lib_cell 'saed90nm_max:XOR2X2.timing' is set in the current block 'css_phy_tx_top_cts', because the actual library setting may not be overwritten. (ATTR-12)
Information: The design specific attribute override for lib_cell 'saed90nm_max:XOR3X1.timing' is set in the current block 'css_phy_tx_top_cts', because the actual library setting may not be overwritten. (ATTR-12)
Information: The design specific attribute override for lib_cell 'saed90nm_max:XOR3X2.timing' is set in the current block 'css_phy_tx_top_cts', because the actual library setting may not be overwritten. (ATTR-12)
Information: The design specific attribute override for lib_cell 'saed90_ndm_physical_only:CGLPPSX2.frame' is set in the current block 'css_phy_tx_top_cts', because the actual library setting may not be overwritten. (ATTR-12)
Information: The design specific attribute override for lib_cell 'saed90_ndm_physical_only:CGLPPSX4.frame' is set in the current block 'css_phy_tx_top_cts', because the actual library setting may not be overwritten. (ATTR-12)
Information: The design specific attribute override for lib_cell 'saed90_ndm_physical_only:RDFFNSRASX2.frame' is set in the current block 'css_phy_tx_top_cts', because the actual library setting may not be overwritten. (ATTR-12)
Information: The design specific attribute override for lib_cell 'saed90_ndm_physical_only:RDFFNSRX1.frame' is set in the current block 'css_phy_tx_top_cts', because the actual library setting may not be overwritten. (ATTR-12)
Information: The design specific attribute override for lib_cell 'saed90_ndm_physical_only:RDFFNSRX2.frame' is set in the current block 'css_phy_tx_top_cts', because the actual library setting may not be overwritten. (ATTR-12)
Information: The design specific attribute override for lib_cell 'saed90_ndm_physical_only:RDFFSRARX1.frame' is set in the current block 'css_phy_tx_top_cts', because the actual library setting may not be overwritten. (ATTR-12)
Information: The design specific attribute override for lib_cell 'saed90_ndm_physical_only:RDFFSRARX2.frame' is set in the current block 'css_phy_tx_top_cts', because the actual library setting may not be overwritten. (ATTR-12)
Information: The design specific attribute override for lib_cell 'saed90_ndm_physical_only:RDFFSRASRX1.frame' is set in the current block 'css_phy_tx_top_cts', because the actual library setting may not be overwritten. (ATTR-12)
Information: The design specific attribute override for lib_cell 'saed90_ndm_physical_only:CGLPPSX8.frame' is set in the current block 'css_phy_tx_top_cts', because the actual library setting may not be overwritten. (ATTR-12)
Information: The design specific attribute override for lib_cell 'saed90_ndm_physical_only:RDFFSRASRX2.frame' is set in the current block 'css_phy_tx_top_cts', because the actual library setting may not be overwritten. (ATTR-12)
Information: The design specific attribute override for lib_cell 'saed90_ndm_physical_only:CGLNPRX2.frame' is set in the current block 'css_phy_tx_top_cts', because the actual library setting may not be overwritten. (ATTR-12)
Information: The design specific attribute override for lib_cell 'saed90_ndm_physical_only:CGLNPRX8.frame' is set in the current block 'css_phy_tx_top_cts', because the actual library setting may not be overwritten. (ATTR-12)
Information: The design specific attribute override for lib_cell 'saed90_ndm_physical_only:CGLNPSX16.frame' is set in the current block 'css_phy_tx_top_cts', because the actual library setting may not be overwritten. (ATTR-12)
Information: The design specific attribute override for lib_cell 'saed90_ndm_physical_only:CGLNPSX2.frame' is set in the current block 'css_phy_tx_top_cts', because the actual library setting may not be overwritten. (ATTR-12)
Information: The design specific attribute override for lib_cell 'saed90_ndm_physical_only:CGLNPSX4.frame' is set in the current block 'css_phy_tx_top_cts', because the actual library setting may not be overwritten. (ATTR-12)
Information: The design specific attribute override for lib_cell 'saed90_ndm_physical_only:CGLNPSX8.frame' is set in the current block 'css_phy_tx_top_cts', because the actual library setting may not be overwritten. (ATTR-12)
Information: The design specific attribute override for lib_cell 'saed90_ndm_physical_only:CGLPPRX2.frame' is set in the current block 'css_phy_tx_top_cts', because the actual library setting may not be overwritten. (ATTR-12)
Information: The design specific attribute override for lib_cell 'saed90_ndm_physical_only:CGLPPRX8.frame' is set in the current block 'css_phy_tx_top_cts', because the actual library setting may not be overwritten. (ATTR-12)
Information: The design specific attribute override for lib_cell 'saed90_ndm_physical_only:LSUPENCLX4.frame' is set in the current block 'css_phy_tx_top_cts', because the actual library setting may not be overwritten. (ATTR-12)
Information: The design specific attribute override for lib_cell 'saed90_ndm_physical_only:CGLPPSX16.frame' is set in the current block 'css_phy_tx_top_cts', because the actual library setting may not be overwritten. (ATTR-12)
Information: The design specific attribute override for lib_cell 'saed90_ndm_physical_only:LSUPENCLX8.frame' is set in the current block 'css_phy_tx_top_cts', because the actual library setting may not be overwritten. (ATTR-12)
Information: The design specific attribute override for lib_cell 'saed90_ndm_physical_only:LSUPENX1.frame' is set in the current block 'css_phy_tx_top_cts', because the actual library setting may not be overwritten. (ATTR-12)
Information: The design specific attribute override for lib_cell 'saed90_ndm_physical_only:LSUPENX2.frame' is set in the current block 'css_phy_tx_top_cts', because the actual library setting may not be overwritten. (ATTR-12)
Information: The design specific attribute override for lib_cell 'saed90_ndm_physical_only:LSUPENX4.frame' is set in the current block 'css_phy_tx_top_cts', because the actual library setting may not be overwritten. (ATTR-12)
Information: The design specific attribute override for lib_cell 'saed90_ndm_physical_only:LSUPENX8.frame' is set in the current block 'css_phy_tx_top_cts', because the actual library setting may not be overwritten. (ATTR-12)
Information: The design specific attribute override for lib_cell 'saed90_ndm_physical_only:LSUPX1.frame' is set in the current block 'css_phy_tx_top_cts', because the actual library setting may not be overwritten. (ATTR-12)
Information: The design specific attribute override for lib_cell 'saed90_ndm_physical_only:LSUPX2.frame' is set in the current block 'css_phy_tx_top_cts', because the actual library setting may not be overwritten. (ATTR-12)
Information: The design specific attribute override for lib_cell 'saed90_ndm_physical_only:LSUPX4.frame' is set in the current block 'css_phy_tx_top_cts', because the actual library setting may not be overwritten. (ATTR-12)
Information: The design specific attribute override for lib_cell 'saed90_ndm_physical_only:LSUPX8.frame' is set in the current block 'css_phy_tx_top_cts', because the actual library setting may not be overwritten. (ATTR-12)
Information: The design specific attribute override for lib_cell 'saed90_ndm_physical_only:RDFFNSRARX1.frame' is set in the current block 'css_phy_tx_top_cts', because the actual library setting may not be overwritten. (ATTR-12)
Information: The design specific attribute override for lib_cell 'saed90_ndm_physical_only:RDFFNSRARX2.frame' is set in the current block 'css_phy_tx_top_cts', because the actual library setting may not be overwritten. (ATTR-12)
Information: The design specific attribute override for lib_cell 'saed90_ndm_physical_only:RDFFNSRASRNX1.frame' is set in the current block 'css_phy_tx_top_cts', because the actual library setting may not be overwritten. (ATTR-12)
Information: The design specific attribute override for lib_cell 'saed90_ndm_physical_only:RDFFNSRASRNX2.frame' is set in the current block 'css_phy_tx_top_cts', because the actual library setting may not be overwritten. (ATTR-12)
Information: The design specific attribute override for lib_cell 'saed90_ndm_physical_only:RDFFNX2.frame' is set in the current block 'css_phy_tx_top_cts', because the actual library setting may not be overwritten. (ATTR-12)
Information: The design specific attribute override for lib_cell 'saed90_ndm_physical_only:RDFFX1.frame' is set in the current block 'css_phy_tx_top_cts', because the actual library setting may not be overwritten. (ATTR-12)
Information: The design specific attribute override for lib_cell 'saed90_ndm_physical_only:RDFFX2.frame' is set in the current block 'css_phy_tx_top_cts', because the actual library setting may not be overwritten. (ATTR-12)
Information: The design specific attribute override for lib_cell 'saed90_ndm_physical_only:RSDFFX1.frame' is set in the current block 'css_phy_tx_top_cts', because the actual library setting may not be overwritten. (ATTR-12)
Information: The design specific attribute override for lib_cell 'saed90_ndm_physical_only:RSDFFX2.frame' is set in the current block 'css_phy_tx_top_cts', because the actual library setting may not be overwritten. (ATTR-12)
Information: The design specific attribute override for lib_cell 'saed90_ndm_physical_only:RDFFNX1.frame' is set in the current block 'css_phy_tx_top_cts', because the actual library setting may not be overwritten. (ATTR-12)
Information: The design specific attribute override for lib_cell 'saed90_ndm_physical_only:RDFFNSRASX1.frame' is set in the current block 'css_phy_tx_top_cts', because the actual library setting may not be overwritten. (ATTR-12)
Information: The design specific attribute override for lib_cell 'saed90_ndm_physical_only:RSDFFNX1.frame' is set in the current block 'css_phy_tx_top_cts', because the actual library setting may not be overwritten. (ATTR-12)
Information: The design specific attribute override for lib_cell 'saed90_ndm_physical_only:RSDFFNX2.frame' is set in the current block 'css_phy_tx_top_cts', because the actual library setting may not be overwritten. (ATTR-12)
Information: The design specific attribute override for lib_cell 'saed90_ndm_physical_only:RDFFSRSSRX1.frame' is set in the current block 'css_phy_tx_top_cts', because the actual library setting may not be overwritten. (ATTR-12)
Information: The design specific attribute override for lib_cell 'saed90_ndm_physical_only:RDFFSRSSRX2.frame' is set in the current block 'css_phy_tx_top_cts', because the actual library setting may not be overwritten. (ATTR-12)
Information: The design specific attribute override for lib_cell 'saed90_ndm_physical_only:RDFFSRX1.frame' is set in the current block 'css_phy_tx_top_cts', because the actual library setting may not be overwritten. (ATTR-12)
Information: The design specific attribute override for lib_cell 'saed90_ndm_physical_only:RDFFSRX2.frame' is set in the current block 'css_phy_tx_top_cts', because the actual library setting may not be overwritten. (ATTR-12)
Information: The design specific attribute override for lib_cell 'saed90_ndm_physical_only:LSDNENCLX1.frame' is set in the current block 'css_phy_tx_top_cts', because the actual library setting may not be overwritten. (ATTR-12)
Information: The design specific attribute override for lib_cell 'saed90_ndm_physical_only:LSDNENCLX2.frame' is set in the current block 'css_phy_tx_top_cts', because the actual library setting may not be overwritten. (ATTR-12)
Information: The design specific attribute override for lib_cell 'saed90_ndm_physical_only:LSDNENX1.frame' is set in the current block 'css_phy_tx_top_cts', because the actual library setting may not be overwritten. (ATTR-12)
Information: The design specific attribute override for lib_cell 'saed90_ndm_physical_only:LSDNENX2.frame' is set in the current block 'css_phy_tx_top_cts', because the actual library setting may not be overwritten. (ATTR-12)
Information: The design specific attribute override for lib_cell 'saed90_ndm_physical_only:LSDNENX4.frame' is set in the current block 'css_phy_tx_top_cts', because the actual library setting may not be overwritten. (ATTR-12)
Information: The design specific attribute override for lib_cell 'saed90_ndm_physical_only:LSDNENX8.frame' is set in the current block 'css_phy_tx_top_cts', because the actual library setting may not be overwritten. (ATTR-12)
Information: The design specific attribute override for lib_cell 'saed90_ndm_physical_only:LSDNX2.frame' is set in the current block 'css_phy_tx_top_cts', because the actual library setting may not be overwritten. (ATTR-12)
Information: The design specific attribute override for lib_cell 'saed90_ndm_physical_only:LSDNX4.frame' is set in the current block 'css_phy_tx_top_cts', because the actual library setting may not be overwritten. (ATTR-12)
Information: The design specific attribute override for lib_cell 'saed90_ndm_physical_only:LSDNX8.frame' is set in the current block 'css_phy_tx_top_cts', because the actual library setting may not be overwritten. (ATTR-12)
Information: The design specific attribute override for lib_cell 'saed90_ndm_physical_only:LSUPENCLX1.frame' is set in the current block 'css_phy_tx_top_cts', because the actual library setting may not be overwritten. (ATTR-12)
Information: The design specific attribute override for lib_cell 'saed90_ndm_physical_only:LSUPENCLX2.frame' is set in the current block 'css_phy_tx_top_cts', because the actual library setting may not be overwritten. (ATTR-12)
Information: The design specific attribute override for lib_cell 'saed90_ndm_physical_only:RSDFFNSRARX1.frame' is set in the current block 'css_phy_tx_top_cts', because the actual library setting may not be overwritten. (ATTR-12)
Information: The design specific attribute override for lib_cell 'saed90_ndm_physical_only:RSDFFNSRARX2.frame' is set in the current block 'css_phy_tx_top_cts', because the actual library setting may not be overwritten. (ATTR-12)
Information: The design specific attribute override for lib_cell 'saed90_ndm_physical_only:RSDFFNSRASRNX1.frame' is set in the current block 'css_phy_tx_top_cts', because the actual library setting may not be overwritten. (ATTR-12)
Information: The design specific attribute override for lib_cell 'saed90_ndm_physical_only:RSDFFNSRASRNX2.frame' is set in the current block 'css_phy_tx_top_cts', because the actual library setting may not be overwritten. (ATTR-12)
Information: The design specific attribute override for lib_cell 'saed90_ndm_physical_only:RSDFFNSRASRQX1.frame' is set in the current block 'css_phy_tx_top_cts', because the actual library setting may not be overwritten. (ATTR-12)
Information: The design specific attribute override for lib_cell 'saed90_ndm_physical_only:RSDFFNSRASRQX2.frame' is set in the current block 'css_phy_tx_top_cts', because the actual library setting may not be overwritten. (ATTR-12)
Information: The design specific attribute override for lib_cell 'saed90_ndm_physical_only:RSDFFNSRASRX1.frame' is set in the current block 'css_phy_tx_top_cts', because the actual library setting may not be overwritten. (ATTR-12)
Information: The design specific attribute override for lib_cell 'saed90_ndm_physical_only:RSDFFNSRASRX2.frame' is set in the current block 'css_phy_tx_top_cts', because the actual library setting may not be overwritten. (ATTR-12)
Information: The design specific attribute override for lib_cell 'saed90_ndm_physical_only:RSDFFNSRASX1.frame' is set in the current block 'css_phy_tx_top_cts', because the actual library setting may not be overwritten. (ATTR-12)
Information: The design specific attribute override for lib_cell 'saed90_ndm_physical_only:RSDFFNSRASX2.frame' is set in the current block 'css_phy_tx_top_cts', because the actual library setting may not be overwritten. (ATTR-12)
Information: The design specific attribute override for lib_cell 'saed90_ndm_physical_only:RSDFFNSRX1.frame' is set in the current block 'css_phy_tx_top_cts', because the actual library setting may not be overwritten. (ATTR-12)
Information: The design specific attribute override for lib_cell 'saed90_ndm_physical_only:RSDFFNSRX2.frame' is set in the current block 'css_phy_tx_top_cts', because the actual library setting may not be overwritten. (ATTR-12)
Information: The design specific attribute override for lib_cell 'saed90_ndm_physical_only:RSDFFSRARX1.frame' is set in the current block 'css_phy_tx_top_cts', because the actual library setting may not be overwritten. (ATTR-12)
Information: The design specific attribute override for lib_cell 'saed90_ndm_physical_only:RSDFFSRARX2.frame' is set in the current block 'css_phy_tx_top_cts', because the actual library setting may not be overwritten. (ATTR-12)
Information: The design specific attribute override for lib_cell 'saed90_ndm_physical_only:RSDFFSRASRX1.frame' is set in the current block 'css_phy_tx_top_cts', because the actual library setting may not be overwritten. (ATTR-12)
Information: The design specific attribute override for lib_cell 'saed90_ndm_physical_only:RSDFFSRASRX2.frame' is set in the current block 'css_phy_tx_top_cts', because the actual library setting may not be overwritten. (ATTR-12)
Information: The design specific attribute override for lib_cell 'saed90_ndm_physical_only:RSDFFSRASX1.frame' is set in the current block 'css_phy_tx_top_cts', because the actual library setting may not be overwritten. (ATTR-12)
Information: The design specific attribute override for lib_cell 'saed90_ndm_physical_only:RSDFFSRASX2.frame' is set in the current block 'css_phy_tx_top_cts', because the actual library setting may not be overwritten. (ATTR-12)
Information: The design specific attribute override for lib_cell 'saed90_ndm_physical_only:RSDFFSRSSRX1.frame' is set in the current block 'css_phy_tx_top_cts', because the actual library setting may not be overwritten. (ATTR-12)
Information: The design specific attribute override for lib_cell 'saed90_ndm_physical_only:RSDFFSRSSRX2.frame' is set in the current block 'css_phy_tx_top_cts', because the actual library setting may not be overwritten. (ATTR-12)
Information: The design specific attribute override for lib_cell 'saed90_ndm_physical_only:RSDFFSRX1.frame' is set in the current block 'css_phy_tx_top_cts', because the actual library setting may not be overwritten. (ATTR-12)
Information: The design specific attribute override for lib_cell 'saed90_ndm_physical_only:RSDFFSRX2.frame' is set in the current block 'css_phy_tx_top_cts', because the actual library setting may not be overwritten. (ATTR-12)
Information: The design specific attribute override for lib_cell 'saed90_ndm_physical_only:RDFFSRASX1.frame' is set in the current block 'css_phy_tx_top_cts', because the actual library setting may not be overwritten. (ATTR-12)
Information: The design specific attribute override for lib_cell 'saed90_ndm_physical_only:RDFFSRASX2.frame' is set in the current block 'css_phy_tx_top_cts', because the actual library setting may not be overwritten. (ATTR-12)
Information: The design specific attribute override for lib_cell 'saed90_ndm_physical_only:RDFFNSRASRQX1.frame' is set in the current block 'css_phy_tx_top_cts', because the actual library setting may not be overwritten. (ATTR-12)
Information: The design specific attribute override for lib_cell 'saed90_ndm_physical_only:RDFFNSRASRQX2.frame' is set in the current block 'css_phy_tx_top_cts', because the actual library setting may not be overwritten. (ATTR-12)
Information: The design specific attribute override for lib_cell 'saed90_ndm_physical_only:RDFFNSRASRX1.frame' is set in the current block 'css_phy_tx_top_cts', because the actual library setting may not be overwritten. (ATTR-12)
Information: The design specific attribute override for lib_cell 'saed90_ndm_physical_only:RDFFNSRASRX2.frame' is set in the current block 'css_phy_tx_top_cts', because the actual library setting may not be overwritten. (ATTR-12)
Information: The design specific attribute override for lib_cell 'saed90_ndm_physical_only:LSDNSSX2.frame' is set in the current block 'css_phy_tx_top_cts', because the actual library setting may not be overwritten. (ATTR-12)
Information: The design specific attribute override for lib_cell 'saed90_ndm_physical_only:LSDNSSX4.frame' is set in the current block 'css_phy_tx_top_cts', because the actual library setting may not be overwritten. (ATTR-12)
Information: The design specific attribute override for lib_cell 'saed90_ndm_physical_only:RDFFARX1.frame' is set in the current block 'css_phy_tx_top_cts', because the actual library setting may not be overwritten. (ATTR-12)
Information: The design specific attribute override for lib_cell 'saed90_ndm_physical_only:RDFFARX2.frame' is set in the current block 'css_phy_tx_top_cts', because the actual library setting may not be overwritten. (ATTR-12)
Information: The design specific attribute override for lib_cell 'saed90_ndm_physical_only:RDFFNARX1.frame' is set in the current block 'css_phy_tx_top_cts', because the actual library setting may not be overwritten. (ATTR-12)
Information: The design specific attribute override for lib_cell 'saed90_ndm_physical_only:RDFFNARX2.frame' is set in the current block 'css_phy_tx_top_cts', because the actual library setting may not be overwritten. (ATTR-12)
Information: The design specific attribute override for lib_cell 'saed90_ndm_physical_only:RSDFFARX1.frame' is set in the current block 'css_phy_tx_top_cts', because the actual library setting may not be overwritten. (ATTR-12)
Information: The design specific attribute override for lib_cell 'saed90_ndm_physical_only:RSDFFARX2.frame' is set in the current block 'css_phy_tx_top_cts', because the actual library setting may not be overwritten. (ATTR-12)
Information: The design specific attribute override for lib_cell 'saed90_ndm_physical_only:RSDFFNARX1.frame' is set in the current block 'css_phy_tx_top_cts', because the actual library setting may not be overwritten. (ATTR-12)
Information: The design specific attribute override for lib_cell 'saed90_ndm_physical_only:RSDFFNARX2.frame' is set in the current block 'css_phy_tx_top_cts', because the actual library setting may not be overwritten. (ATTR-12)
Information: The design specific attribute override for lib_cell 'saed90_ndm_physical_only:LSDNSSX8.frame' is set in the current block 'css_phy_tx_top_cts', because the actual library setting may not be overwritten. (ATTR-12)
Information: The design specific attribute override for lib_cell 'saed90_ndm_physical_only:LSDNX1.frame' is set in the current block 'css_phy_tx_top_cts', because the actual library setting may not be overwritten. (ATTR-12)
Information: The design specific attribute override for lib_cell 'saed90_ndm_physical_only:ISOLANDAOX1.frame' is set in the current block 'css_phy_tx_top_cts', because the actual library setting may not be overwritten. (ATTR-12)
Information: The design specific attribute override for lib_cell 'saed90_ndm_physical_only:ISOLANDAOX2.frame' is set in the current block 'css_phy_tx_top_cts', because the actual library setting may not be overwritten. (ATTR-12)
Information: The design specific attribute override for lib_cell 'saed90_ndm_physical_only:ISOLANDAOX4.frame' is set in the current block 'css_phy_tx_top_cts', because the actual library setting may not be overwritten. (ATTR-12)
Information: The design specific attribute override for lib_cell 'saed90_ndm_physical_only:ISOLANDAOX8.frame' is set in the current block 'css_phy_tx_top_cts', because the actual library setting may not be overwritten. (ATTR-12)
Information: The design specific attribute override for lib_cell 'saed90_ndm_physical_only:ISOLORAOX1.frame' is set in the current block 'css_phy_tx_top_cts', because the actual library setting may not be overwritten. (ATTR-12)
Information: The design specific attribute override for lib_cell 'saed90_ndm_physical_only:ISOLORAOX2.frame' is set in the current block 'css_phy_tx_top_cts', because the actual library setting may not be overwritten. (ATTR-12)
Information: The design specific attribute override for lib_cell 'saed90_ndm_physical_only:ISOLORAOX4.frame' is set in the current block 'css_phy_tx_top_cts', because the actual library setting may not be overwritten. (ATTR-12)
Information: The design specific attribute override for lib_cell 'saed90_ndm_physical_only:ISOLORAOX8.frame' is set in the current block 'css_phy_tx_top_cts', because the actual library setting may not be overwritten. (ATTR-12)
Information: The design specific attribute override for lib_cell 'saed90_ndm_physical_only:LSDNENCLSSX1.frame' is set in the current block 'css_phy_tx_top_cts', because the actual library setting may not be overwritten. (ATTR-12)
Information: The design specific attribute override for lib_cell 'saed90_ndm_physical_only:LSDNENCLSSX2.frame' is set in the current block 'css_phy_tx_top_cts', because the actual library setting may not be overwritten. (ATTR-12)
Information: The design specific attribute override for lib_cell 'saed90_ndm_physical_only:LSDNENCLSSX4.frame' is set in the current block 'css_phy_tx_top_cts', because the actual library setting may not be overwritten. (ATTR-12)
Information: The design specific attribute override for lib_cell 'saed90_ndm_physical_only:LSDNENCLSSX8.frame' is set in the current block 'css_phy_tx_top_cts', because the actual library setting may not be overwritten. (ATTR-12)
Information: The design specific attribute override for lib_cell 'saed90_ndm_physical_only:LSDNENSSX1.frame' is set in the current block 'css_phy_tx_top_cts', because the actual library setting may not be overwritten. (ATTR-12)
Information: The design specific attribute override for lib_cell 'saed90_ndm_physical_only:LSDNENSSX2.frame' is set in the current block 'css_phy_tx_top_cts', because the actual library setting may not be overwritten. (ATTR-12)
Information: The design specific attribute override for lib_cell 'saed90_ndm_physical_only:LSDNENSSX4.frame' is set in the current block 'css_phy_tx_top_cts', because the actual library setting may not be overwritten. (ATTR-12)
Information: The design specific attribute override for lib_cell 'saed90_ndm_physical_only:LSDNENSSX8.frame' is set in the current block 'css_phy_tx_top_cts', because the actual library setting may not be overwritten. (ATTR-12)
Information: The design specific attribute override for lib_cell 'saed90_ndm_physical_only:LSDNSSX1.frame' is set in the current block 'css_phy_tx_top_cts', because the actual library setting may not be overwritten. (ATTR-12)
Information: The design specific attribute override for lib_cell 'saed90_ndm_physical_only:LSDNENCLX8.frame' is set in the current block 'css_phy_tx_top_cts', because the actual library setting may not be overwritten. (ATTR-12)
Information: The design specific attribute override for lib_cell 'saed90_ndm_physical_only:LSDNENCLX4.frame' is set in the current block 'css_phy_tx_top_cts', because the actual library setting may not be overwritten. (ATTR-12)
1
set_lib_cell_purpose -exclude hold [get_lib_cells */*]
Information: The design specific attribute override for lib_cell 'saed90nm_max:AND2X1.timing' is set in the current block 'css_phy_tx_top_cts', because the actual library setting may not be overwritten. (ATTR-12)
Information: The design specific attribute override for lib_cell 'saed90nm_max:AND2X2.timing' is set in the current block 'css_phy_tx_top_cts', because the actual library setting may not be overwritten. (ATTR-12)
Information: The design specific attribute override for lib_cell 'saed90nm_max:AND2X4.timing' is set in the current block 'css_phy_tx_top_cts', because the actual library setting may not be overwritten. (ATTR-12)
Information: The design specific attribute override for lib_cell 'saed90nm_max:AND3X1.timing' is set in the current block 'css_phy_tx_top_cts', because the actual library setting may not be overwritten. (ATTR-12)
Information: The design specific attribute override for lib_cell 'saed90nm_max:AND3X2.timing' is set in the current block 'css_phy_tx_top_cts', because the actual library setting may not be overwritten. (ATTR-12)
Information: The design specific attribute override for lib_cell 'saed90nm_max:AND3X4.timing' is set in the current block 'css_phy_tx_top_cts', because the actual library setting may not be overwritten. (ATTR-12)
Information: The design specific attribute override for lib_cell 'saed90nm_max:AND4X1.timing' is set in the current block 'css_phy_tx_top_cts', because the actual library setting may not be overwritten. (ATTR-12)
Information: The design specific attribute override for lib_cell 'saed90nm_max:AND4X2.timing' is set in the current block 'css_phy_tx_top_cts', because the actual library setting may not be overwritten. (ATTR-12)
Information: The design specific attribute override for lib_cell 'saed90nm_max:AND4X4.timing' is set in the current block 'css_phy_tx_top_cts', because the actual library setting may not be overwritten. (ATTR-12)
Information: The design specific attribute override for lib_cell 'saed90nm_max:ANTENNA.timing' is set in the current block 'css_phy_tx_top_cts', because the actual library setting may not be overwritten. (ATTR-12)
Information: The design specific attribute override for lib_cell 'saed90nm_max:AO21X1.timing' is set in the current block 'css_phy_tx_top_cts', because the actual library setting may not be overwritten. (ATTR-12)
Information: The design specific attribute override for lib_cell 'saed90nm_max:AO21X2.timing' is set in the current block 'css_phy_tx_top_cts', because the actual library setting may not be overwritten. (ATTR-12)
Information: The design specific attribute override for lib_cell 'saed90nm_max:AO221X1.timing' is set in the current block 'css_phy_tx_top_cts', because the actual library setting may not be overwritten. (ATTR-12)
Information: The design specific attribute override for lib_cell 'saed90nm_max:AO221X2.timing' is set in the current block 'css_phy_tx_top_cts', because the actual library setting may not be overwritten. (ATTR-12)
Information: The design specific attribute override for lib_cell 'saed90nm_max:AO222X1.timing' is set in the current block 'css_phy_tx_top_cts', because the actual library setting may not be overwritten. (ATTR-12)
Information: The design specific attribute override for lib_cell 'saed90nm_max:AO222X2.timing' is set in the current block 'css_phy_tx_top_cts', because the actual library setting may not be overwritten. (ATTR-12)
Information: The design specific attribute override for lib_cell 'saed90nm_max:AO22X1.timing' is set in the current block 'css_phy_tx_top_cts', because the actual library setting may not be overwritten. (ATTR-12)
Information: The design specific attribute override for lib_cell 'saed90nm_max:AO22X2.timing' is set in the current block 'css_phy_tx_top_cts', because the actual library setting may not be overwritten. (ATTR-12)
Information: The design specific attribute override for lib_cell 'saed90nm_max:AOBUFX1.timing' is set in the current block 'css_phy_tx_top_cts', because the actual library setting may not be overwritten. (ATTR-12)
Information: The design specific attribute override for lib_cell 'saed90nm_max:AOBUFX2.timing' is set in the current block 'css_phy_tx_top_cts', because the actual library setting may not be overwritten. (ATTR-12)
Information: The design specific attribute override for lib_cell 'saed90nm_max:AOBUFX4.timing' is set in the current block 'css_phy_tx_top_cts', because the actual library setting may not be overwritten. (ATTR-12)
Information: The design specific attribute override for lib_cell 'saed90nm_max:AODFFARX1.timing' is set in the current block 'css_phy_tx_top_cts', because the actual library setting may not be overwritten. (ATTR-12)
Information: The design specific attribute override for lib_cell 'saed90nm_max:AODFFARX2.timing' is set in the current block 'css_phy_tx_top_cts', because the actual library setting may not be overwritten. (ATTR-12)
Information: The design specific attribute override for lib_cell 'saed90nm_max:AODFFNARX1.timing' is set in the current block 'css_phy_tx_top_cts', because the actual library setting may not be overwritten. (ATTR-12)
Information: The design specific attribute override for lib_cell 'saed90nm_max:AODFFNARX2.timing' is set in the current block 'css_phy_tx_top_cts', because the actual library setting may not be overwritten. (ATTR-12)
Information: The design specific attribute override for lib_cell 'saed90nm_max:AOI21X1.timing' is set in the current block 'css_phy_tx_top_cts', because the actual library setting may not be overwritten. (ATTR-12)
Information: The design specific attribute override for lib_cell 'saed90nm_max:AOI21X2.timing' is set in the current block 'css_phy_tx_top_cts', because the actual library setting may not be overwritten. (ATTR-12)
Information: The design specific attribute override for lib_cell 'saed90nm_max:AOI221X1.timing' is set in the current block 'css_phy_tx_top_cts', because the actual library setting may not be overwritten. (ATTR-12)
Information: The design specific attribute override for lib_cell 'saed90nm_max:AOI221X2.timing' is set in the current block 'css_phy_tx_top_cts', because the actual library setting may not be overwritten. (ATTR-12)
Information: The design specific attribute override for lib_cell 'saed90nm_max:AOI222X1.timing' is set in the current block 'css_phy_tx_top_cts', because the actual library setting may not be overwritten. (ATTR-12)
Information: The design specific attribute override for lib_cell 'saed90nm_max:AOI222X2.timing' is set in the current block 'css_phy_tx_top_cts', because the actual library setting may not be overwritten. (ATTR-12)
Information: The design specific attribute override for lib_cell 'saed90nm_max:AOI22X1.timing' is set in the current block 'css_phy_tx_top_cts', because the actual library setting may not be overwritten. (ATTR-12)
Information: The design specific attribute override for lib_cell 'saed90nm_max:AOI22X2.timing' is set in the current block 'css_phy_tx_top_cts', because the actual library setting may not be overwritten. (ATTR-12)
Information: The design specific attribute override for lib_cell 'saed90nm_max:AOINVX1.timing' is set in the current block 'css_phy_tx_top_cts', because the actual library setting may not be overwritten. (ATTR-12)
Information: The design specific attribute override for lib_cell 'saed90nm_max:AOINVX2.timing' is set in the current block 'css_phy_tx_top_cts', because the actual library setting may not be overwritten. (ATTR-12)
Information: The design specific attribute override for lib_cell 'saed90nm_max:AOINVX4.timing' is set in the current block 'css_phy_tx_top_cts', because the actual library setting may not be overwritten. (ATTR-12)
Information: The design specific attribute override for lib_cell 'saed90nm_max:BSLEX1.timing' is set in the current block 'css_phy_tx_top_cts', because the actual library setting may not be overwritten. (ATTR-12)
Information: The design specific attribute override for lib_cell 'saed90nm_max:BSLEX2.timing' is set in the current block 'css_phy_tx_top_cts', because the actual library setting may not be overwritten. (ATTR-12)
Information: The design specific attribute override for lib_cell 'saed90nm_max:BSLEX4.timing' is set in the current block 'css_phy_tx_top_cts', because the actual library setting may not be overwritten. (ATTR-12)
Information: The design specific attribute override for lib_cell 'saed90nm_max:BUSKP.timing' is set in the current block 'css_phy_tx_top_cts', because the actual library setting may not be overwritten. (ATTR-12)
Information: The design specific attribute override for lib_cell 'saed90nm_max:CLOAD1.timing' is set in the current block 'css_phy_tx_top_cts', because the actual library setting may not be overwritten. (ATTR-12)
Information: The design specific attribute override for lib_cell 'saed90nm_max:DCAP.timing' is set in the current block 'css_phy_tx_top_cts', because the actual library setting may not be overwritten. (ATTR-12)
Information: The design specific attribute override for lib_cell 'saed90nm_max:DEC24X1.timing' is set in the current block 'css_phy_tx_top_cts', because the actual library setting may not be overwritten. (ATTR-12)
Information: The design specific attribute override for lib_cell 'saed90nm_max:DEC24X2.timing' is set in the current block 'css_phy_tx_top_cts', because the actual library setting may not be overwritten. (ATTR-12)
Information: The design specific attribute override for lib_cell 'saed90nm_max:DELLN1X2.timing' is set in the current block 'css_phy_tx_top_cts', because the actual library setting may not be overwritten. (ATTR-12)
Information: The design specific attribute override for lib_cell 'saed90nm_max:DELLN2X2.timing' is set in the current block 'css_phy_tx_top_cts', because the actual library setting may not be overwritten. (ATTR-12)
Information: The design specific attribute override for lib_cell 'saed90nm_max:DELLN3X2.timing' is set in the current block 'css_phy_tx_top_cts', because the actual library setting may not be overwritten. (ATTR-12)
Information: The design specific attribute override for lib_cell 'saed90nm_max:DFFARX1.timing' is set in the current block 'css_phy_tx_top_cts', because the actual library setting may not be overwritten. (ATTR-12)
Information: The design specific attribute override for lib_cell 'saed90nm_max:DFFARX2.timing' is set in the current block 'css_phy_tx_top_cts', because the actual library setting may not be overwritten. (ATTR-12)
Information: The design specific attribute override for lib_cell 'saed90nm_max:DFFASRX1.timing' is set in the current block 'css_phy_tx_top_cts', because the actual library setting may not be overwritten. (ATTR-12)
Information: The design specific attribute override for lib_cell 'saed90nm_max:DFFASRX2.timing' is set in the current block 'css_phy_tx_top_cts', because the actual library setting may not be overwritten. (ATTR-12)
Information: The design specific attribute override for lib_cell 'saed90nm_max:DFFASX1.timing' is set in the current block 'css_phy_tx_top_cts', because the actual library setting may not be overwritten. (ATTR-12)
Information: The design specific attribute override for lib_cell 'saed90nm_max:DFFASX2.timing' is set in the current block 'css_phy_tx_top_cts', because the actual library setting may not be overwritten. (ATTR-12)
Information: The design specific attribute override for lib_cell 'saed90nm_max:DFFNARX1.timing' is set in the current block 'css_phy_tx_top_cts', because the actual library setting may not be overwritten. (ATTR-12)
Information: The design specific attribute override for lib_cell 'saed90nm_max:DFFNARX2.timing' is set in the current block 'css_phy_tx_top_cts', because the actual library setting may not be overwritten. (ATTR-12)
Information: The design specific attribute override for lib_cell 'saed90nm_max:DFFNASRNX1.timing' is set in the current block 'css_phy_tx_top_cts', because the actual library setting may not be overwritten. (ATTR-12)
Information: The design specific attribute override for lib_cell 'saed90nm_max:DFFNASRNX2.timing' is set in the current block 'css_phy_tx_top_cts', because the actual library setting may not be overwritten. (ATTR-12)
Information: The design specific attribute override for lib_cell 'saed90nm_max:DFFNASRQX1.timing' is set in the current block 'css_phy_tx_top_cts', because the actual library setting may not be overwritten. (ATTR-12)
Information: The design specific attribute override for lib_cell 'saed90nm_max:DFFNASRQX2.timing' is set in the current block 'css_phy_tx_top_cts', because the actual library setting may not be overwritten. (ATTR-12)
Information: The design specific attribute override for lib_cell 'saed90nm_max:DFFNASRX1.timing' is set in the current block 'css_phy_tx_top_cts', because the actual library setting may not be overwritten. (ATTR-12)
Information: The design specific attribute override for lib_cell 'saed90nm_max:DFFNASRX2.timing' is set in the current block 'css_phy_tx_top_cts', because the actual library setting may not be overwritten. (ATTR-12)
Information: The design specific attribute override for lib_cell 'saed90nm_max:DFFNASX1.timing' is set in the current block 'css_phy_tx_top_cts', because the actual library setting may not be overwritten. (ATTR-12)
Information: The design specific attribute override for lib_cell 'saed90nm_max:DFFNASX2.timing' is set in the current block 'css_phy_tx_top_cts', because the actual library setting may not be overwritten. (ATTR-12)
Information: The design specific attribute override for lib_cell 'saed90nm_max:DFFNX1.timing' is set in the current block 'css_phy_tx_top_cts', because the actual library setting may not be overwritten. (ATTR-12)
Information: The design specific attribute override for lib_cell 'saed90nm_max:DFFNX2.timing' is set in the current block 'css_phy_tx_top_cts', because the actual library setting may not be overwritten. (ATTR-12)
Information: The design specific attribute override for lib_cell 'saed90nm_max:DFFSSRX1.timing' is set in the current block 'css_phy_tx_top_cts', because the actual library setting may not be overwritten. (ATTR-12)
Information: The design specific attribute override for lib_cell 'saed90nm_max:DFFSSRX2.timing' is set in the current block 'css_phy_tx_top_cts', because the actual library setting may not be overwritten. (ATTR-12)
Information: The design specific attribute override for lib_cell 'saed90nm_max:DFFX1.timing' is set in the current block 'css_phy_tx_top_cts', because the actual library setting may not be overwritten. (ATTR-12)
Information: The design specific attribute override for lib_cell 'saed90nm_max:DFFX2.timing' is set in the current block 'css_phy_tx_top_cts', because the actual library setting may not be overwritten. (ATTR-12)
Information: The design specific attribute override for lib_cell 'saed90nm_max:DHFILLHLH2.timing' is set in the current block 'css_phy_tx_top_cts', because the actual library setting may not be overwritten. (ATTR-12)
Information: The design specific attribute override for lib_cell 'saed90nm_max:DHFILLHLHLS11.timing' is set in the current block 'css_phy_tx_top_cts', because the actual library setting may not be overwritten. (ATTR-12)
Information: The design specific attribute override for lib_cell 'saed90nm_max:DHFILLLHL2.timing' is set in the current block 'css_phy_tx_top_cts', because the actual library setting may not be overwritten. (ATTR-12)
Information: The design specific attribute override for lib_cell 'saed90nm_max:FADDX1.timing' is set in the current block 'css_phy_tx_top_cts', because the actual library setting may not be overwritten. (ATTR-12)
Information: The design specific attribute override for lib_cell 'saed90nm_max:FADDX2.timing' is set in the current block 'css_phy_tx_top_cts', because the actual library setting may not be overwritten. (ATTR-12)
Information: The design specific attribute override for lib_cell 'saed90nm_max:HADDX1.timing' is set in the current block 'css_phy_tx_top_cts', because the actual library setting may not be overwritten. (ATTR-12)
Information: The design specific attribute override for lib_cell 'saed90nm_max:HADDX2.timing' is set in the current block 'css_phy_tx_top_cts', because the actual library setting may not be overwritten. (ATTR-12)
Information: The design specific attribute override for lib_cell 'saed90nm_max:HEAD2X16.timing' is set in the current block 'css_phy_tx_top_cts', because the actual library setting may not be overwritten. (ATTR-12)
Information: The design specific attribute override for lib_cell 'saed90nm_max:HEAD2X2.timing' is set in the current block 'css_phy_tx_top_cts', because the actual library setting may not be overwritten. (ATTR-12)
Information: The design specific attribute override for lib_cell 'saed90nm_max:HEAD2X32.timing' is set in the current block 'css_phy_tx_top_cts', because the actual library setting may not be overwritten. (ATTR-12)
Information: The design specific attribute override for lib_cell 'saed90nm_max:HEAD2X4.timing' is set in the current block 'css_phy_tx_top_cts', because the actual library setting may not be overwritten. (ATTR-12)
Information: The design specific attribute override for lib_cell 'saed90nm_max:HEAD2X8.timing' is set in the current block 'css_phy_tx_top_cts', because the actual library setting may not be overwritten. (ATTR-12)
Information: The design specific attribute override for lib_cell 'saed90nm_max:HEADX16.timing' is set in the current block 'css_phy_tx_top_cts', because the actual library setting may not be overwritten. (ATTR-12)
Information: The design specific attribute override for lib_cell 'saed90nm_max:HEADX2.timing' is set in the current block 'css_phy_tx_top_cts', because the actual library setting may not be overwritten. (ATTR-12)
Information: The design specific attribute override for lib_cell 'saed90nm_max:HEADX32.timing' is set in the current block 'css_phy_tx_top_cts', because the actual library setting may not be overwritten. (ATTR-12)
Information: The design specific attribute override for lib_cell 'saed90nm_max:HEADX4.timing' is set in the current block 'css_phy_tx_top_cts', because the actual library setting may not be overwritten. (ATTR-12)
Information: The design specific attribute override for lib_cell 'saed90nm_max:HEADX8.timing' is set in the current block 'css_phy_tx_top_cts', because the actual library setting may not be overwritten. (ATTR-12)
Information: The design specific attribute override for lib_cell 'saed90nm_max:IBUFFX16.timing' is set in the current block 'css_phy_tx_top_cts', because the actual library setting may not be overwritten. (ATTR-12)
Information: The design specific attribute override for lib_cell 'saed90nm_max:IBUFFX2.timing' is set in the current block 'css_phy_tx_top_cts', because the actual library setting may not be overwritten. (ATTR-12)
Information: The design specific attribute override for lib_cell 'saed90nm_max:IBUFFX32.timing' is set in the current block 'css_phy_tx_top_cts', because the actual library setting may not be overwritten. (ATTR-12)
Information: The design specific attribute override for lib_cell 'saed90nm_max:IBUFFX4.timing' is set in the current block 'css_phy_tx_top_cts', because the actual library setting may not be overwritten. (ATTR-12)
Information: The design specific attribute override for lib_cell 'saed90nm_max:IBUFFX8.timing' is set in the current block 'css_phy_tx_top_cts', because the actual library setting may not be overwritten. (ATTR-12)
Information: The design specific attribute override for lib_cell 'saed90nm_max:INVX0.timing' is set in the current block 'css_phy_tx_top_cts', because the actual library setting may not be overwritten. (ATTR-12)
Information: The design specific attribute override for lib_cell 'saed90nm_max:INVX1.timing' is set in the current block 'css_phy_tx_top_cts', because the actual library setting may not be overwritten. (ATTR-12)
Information: The design specific attribute override for lib_cell 'saed90nm_max:INVX16.timing' is set in the current block 'css_phy_tx_top_cts', because the actual library setting may not be overwritten. (ATTR-12)
Information: The design specific attribute override for lib_cell 'saed90nm_max:INVX2.timing' is set in the current block 'css_phy_tx_top_cts', because the actual library setting may not be overwritten. (ATTR-12)
Information: The design specific attribute override for lib_cell 'saed90nm_max:INVX32.timing' is set in the current block 'css_phy_tx_top_cts', because the actual library setting may not be overwritten. (ATTR-12)
Information: The design specific attribute override for lib_cell 'saed90nm_max:INVX4.timing' is set in the current block 'css_phy_tx_top_cts', because the actual library setting may not be overwritten. (ATTR-12)
Information: The design specific attribute override for lib_cell 'saed90nm_max:INVX8.timing' is set in the current block 'css_phy_tx_top_cts', because the actual library setting may not be overwritten. (ATTR-12)
Information: The design specific attribute override for lib_cell 'saed90nm_max:ISOLANDX1.timing' is set in the current block 'css_phy_tx_top_cts', because the actual library setting may not be overwritten. (ATTR-12)
Information: The design specific attribute override for lib_cell 'saed90nm_max:ISOLANDX2.timing' is set in the current block 'css_phy_tx_top_cts', because the actual library setting may not be overwritten. (ATTR-12)
Information: The design specific attribute override for lib_cell 'saed90nm_max:ISOLANDX4.timing' is set in the current block 'css_phy_tx_top_cts', because the actual library setting may not be overwritten. (ATTR-12)
Information: The design specific attribute override for lib_cell 'saed90nm_max:ISOLANDX8.timing' is set in the current block 'css_phy_tx_top_cts', because the actual library setting may not be overwritten. (ATTR-12)
Information: The design specific attribute override for lib_cell 'saed90nm_max:ISOLORX1.timing' is set in the current block 'css_phy_tx_top_cts', because the actual library setting may not be overwritten. (ATTR-12)
Information: The design specific attribute override for lib_cell 'saed90nm_max:ISOLORX2.timing' is set in the current block 'css_phy_tx_top_cts', because the actual library setting may not be overwritten. (ATTR-12)
Information: The design specific attribute override for lib_cell 'saed90nm_max:ISOLORX4.timing' is set in the current block 'css_phy_tx_top_cts', because the actual library setting may not be overwritten. (ATTR-12)
Information: The design specific attribute override for lib_cell 'saed90nm_max:ISOLORX8.timing' is set in the current block 'css_phy_tx_top_cts', because the actual library setting may not be overwritten. (ATTR-12)
Information: The design specific attribute override for lib_cell 'saed90nm_max:LARX1.timing' is set in the current block 'css_phy_tx_top_cts', because the actual library setting may not be overwritten. (ATTR-12)
Information: The design specific attribute override for lib_cell 'saed90nm_max:LARX2.timing' is set in the current block 'css_phy_tx_top_cts', because the actual library setting may not be overwritten. (ATTR-12)
Information: The design specific attribute override for lib_cell 'saed90nm_max:LASRNX1.timing' is set in the current block 'css_phy_tx_top_cts', because the actual library setting may not be overwritten. (ATTR-12)
Information: The design specific attribute override for lib_cell 'saed90nm_max:LASRNX2.timing' is set in the current block 'css_phy_tx_top_cts', because the actual library setting may not be overwritten. (ATTR-12)
Information: The design specific attribute override for lib_cell 'saed90nm_max:LASRQX1.timing' is set in the current block 'css_phy_tx_top_cts', because the actual library setting may not be overwritten. (ATTR-12)
Information: The design specific attribute override for lib_cell 'saed90nm_max:LASRQX2.timing' is set in the current block 'css_phy_tx_top_cts', because the actual library setting may not be overwritten. (ATTR-12)
Information: The design specific attribute override for lib_cell 'saed90nm_max:LASRX1.timing' is set in the current block 'css_phy_tx_top_cts', because the actual library setting may not be overwritten. (ATTR-12)
Information: The design specific attribute override for lib_cell 'saed90nm_max:LASRX2.timing' is set in the current block 'css_phy_tx_top_cts', because the actual library setting may not be overwritten. (ATTR-12)
Information: The design specific attribute override for lib_cell 'saed90nm_max:LASX1.timing' is set in the current block 'css_phy_tx_top_cts', because the actual library setting may not be overwritten. (ATTR-12)
Information: The design specific attribute override for lib_cell 'saed90nm_max:LASX2.timing' is set in the current block 'css_phy_tx_top_cts', because the actual library setting may not be overwritten. (ATTR-12)
Information: The design specific attribute override for lib_cell 'saed90nm_max:LATCHX1.timing' is set in the current block 'css_phy_tx_top_cts', because the actual library setting may not be overwritten. (ATTR-12)
Information: The design specific attribute override for lib_cell 'saed90nm_max:LATCHX2.timing' is set in the current block 'css_phy_tx_top_cts', because the actual library setting may not be overwritten. (ATTR-12)
Information: The design specific attribute override for lib_cell 'saed90nm_max:LNANDX1.timing' is set in the current block 'css_phy_tx_top_cts', because the actual library setting may not be overwritten. (ATTR-12)
Information: The design specific attribute override for lib_cell 'saed90nm_max:LNANDX2.timing' is set in the current block 'css_phy_tx_top_cts', because the actual library setting may not be overwritten. (ATTR-12)
Information: The design specific attribute override for lib_cell 'saed90nm_max:MUX21X1.timing' is set in the current block 'css_phy_tx_top_cts', because the actual library setting may not be overwritten. (ATTR-12)
Information: The design specific attribute override for lib_cell 'saed90nm_max:MUX21X2.timing' is set in the current block 'css_phy_tx_top_cts', because the actual library setting may not be overwritten. (ATTR-12)
Information: The design specific attribute override for lib_cell 'saed90nm_max:MUX41X1.timing' is set in the current block 'css_phy_tx_top_cts', because the actual library setting may not be overwritten. (ATTR-12)
Information: The design specific attribute override for lib_cell 'saed90nm_max:MUX41X2.timing' is set in the current block 'css_phy_tx_top_cts', because the actual library setting may not be overwritten. (ATTR-12)
Information: The design specific attribute override for lib_cell 'saed90nm_max:NAND2X0.timing' is set in the current block 'css_phy_tx_top_cts', because the actual library setting may not be overwritten. (ATTR-12)
Information: The design specific attribute override for lib_cell 'saed90nm_max:NAND2X1.timing' is set in the current block 'css_phy_tx_top_cts', because the actual library setting may not be overwritten. (ATTR-12)
Information: The design specific attribute override for lib_cell 'saed90nm_max:NAND2X2.timing' is set in the current block 'css_phy_tx_top_cts', because the actual library setting may not be overwritten. (ATTR-12)
Information: The design specific attribute override for lib_cell 'saed90nm_max:NAND2X4.timing' is set in the current block 'css_phy_tx_top_cts', because the actual library setting may not be overwritten. (ATTR-12)
Information: The design specific attribute override for lib_cell 'saed90nm_max:NAND3X0.timing' is set in the current block 'css_phy_tx_top_cts', because the actual library setting may not be overwritten. (ATTR-12)
Information: The design specific attribute override for lib_cell 'saed90nm_max:NAND3X1.timing' is set in the current block 'css_phy_tx_top_cts', because the actual library setting may not be overwritten. (ATTR-12)
Information: The design specific attribute override for lib_cell 'saed90nm_max:NAND3X2.timing' is set in the current block 'css_phy_tx_top_cts', because the actual library setting may not be overwritten. (ATTR-12)
Information: The design specific attribute override for lib_cell 'saed90nm_max:NAND3X4.timing' is set in the current block 'css_phy_tx_top_cts', because the actual library setting may not be overwritten. (ATTR-12)
Information: The design specific attribute override for lib_cell 'saed90nm_max:NAND4X0.timing' is set in the current block 'css_phy_tx_top_cts', because the actual library setting may not be overwritten. (ATTR-12)
Information: The design specific attribute override for lib_cell 'saed90nm_max:NAND4X1.timing' is set in the current block 'css_phy_tx_top_cts', because the actual library setting may not be overwritten. (ATTR-12)
Information: The design specific attribute override for lib_cell 'saed90nm_max:NBUFFX16.timing' is set in the current block 'css_phy_tx_top_cts', because the actual library setting may not be overwritten. (ATTR-12)
Information: The design specific attribute override for lib_cell 'saed90nm_max:NBUFFX2.timing' is set in the current block 'css_phy_tx_top_cts', because the actual library setting may not be overwritten. (ATTR-12)
Information: The design specific attribute override for lib_cell 'saed90nm_max:NBUFFX32.timing' is set in the current block 'css_phy_tx_top_cts', because the actual library setting may not be overwritten. (ATTR-12)
Information: The design specific attribute override for lib_cell 'saed90nm_max:NBUFFX4.timing' is set in the current block 'css_phy_tx_top_cts', because the actual library setting may not be overwritten. (ATTR-12)
Information: The design specific attribute override for lib_cell 'saed90nm_max:NBUFFX8.timing' is set in the current block 'css_phy_tx_top_cts', because the actual library setting may not be overwritten. (ATTR-12)
Information: The design specific attribute override for lib_cell 'saed90nm_max:NMT1.timing' is set in the current block 'css_phy_tx_top_cts', because the actual library setting may not be overwritten. (ATTR-12)
Information: The design specific attribute override for lib_cell 'saed90nm_max:NMT2.timing' is set in the current block 'css_phy_tx_top_cts', because the actual library setting may not be overwritten. (ATTR-12)
Information: The design specific attribute override for lib_cell 'saed90nm_max:NMT3.timing' is set in the current block 'css_phy_tx_top_cts', because the actual library setting may not be overwritten. (ATTR-12)
Information: The design specific attribute override for lib_cell 'saed90nm_max:NOR2X0.timing' is set in the current block 'css_phy_tx_top_cts', because the actual library setting may not be overwritten. (ATTR-12)
Information: The design specific attribute override for lib_cell 'saed90nm_max:NOR2X1.timing' is set in the current block 'css_phy_tx_top_cts', because the actual library setting may not be overwritten. (ATTR-12)
Information: The design specific attribute override for lib_cell 'saed90nm_max:NOR2X2.timing' is set in the current block 'css_phy_tx_top_cts', because the actual library setting may not be overwritten. (ATTR-12)
Information: The design specific attribute override for lib_cell 'saed90nm_max:NOR2X4.timing' is set in the current block 'css_phy_tx_top_cts', because the actual library setting may not be overwritten. (ATTR-12)
Information: The design specific attribute override for lib_cell 'saed90nm_max:NOR3X0.timing' is set in the current block 'css_phy_tx_top_cts', because the actual library setting may not be overwritten. (ATTR-12)
Information: The design specific attribute override for lib_cell 'saed90nm_max:NOR3X1.timing' is set in the current block 'css_phy_tx_top_cts', because the actual library setting may not be overwritten. (ATTR-12)
Information: The design specific attribute override for lib_cell 'saed90nm_max:NOR3X2.timing' is set in the current block 'css_phy_tx_top_cts', because the actual library setting may not be overwritten. (ATTR-12)
Information: The design specific attribute override for lib_cell 'saed90nm_max:NOR3X4.timing' is set in the current block 'css_phy_tx_top_cts', because the actual library setting may not be overwritten. (ATTR-12)
Information: The design specific attribute override for lib_cell 'saed90nm_max:NOR4X0.timing' is set in the current block 'css_phy_tx_top_cts', because the actual library setting may not be overwritten. (ATTR-12)
Information: The design specific attribute override for lib_cell 'saed90nm_max:NOR4X1.timing' is set in the current block 'css_phy_tx_top_cts', because the actual library setting may not be overwritten. (ATTR-12)
Information: The design specific attribute override for lib_cell 'saed90nm_max:OA21X1.timing' is set in the current block 'css_phy_tx_top_cts', because the actual library setting may not be overwritten. (ATTR-12)
Information: The design specific attribute override for lib_cell 'saed90nm_max:OA21X2.timing' is set in the current block 'css_phy_tx_top_cts', because the actual library setting may not be overwritten. (ATTR-12)
Information: The design specific attribute override for lib_cell 'saed90nm_max:OA221X1.timing' is set in the current block 'css_phy_tx_top_cts', because the actual library setting may not be overwritten. (ATTR-12)
Information: The design specific attribute override for lib_cell 'saed90nm_max:OA221X2.timing' is set in the current block 'css_phy_tx_top_cts', because the actual library setting may not be overwritten. (ATTR-12)
Information: The design specific attribute override for lib_cell 'saed90nm_max:OA222X1.timing' is set in the current block 'css_phy_tx_top_cts', because the actual library setting may not be overwritten. (ATTR-12)
Information: The design specific attribute override for lib_cell 'saed90nm_max:OA222X2.timing' is set in the current block 'css_phy_tx_top_cts', because the actual library setting may not be overwritten. (ATTR-12)
Information: The design specific attribute override for lib_cell 'saed90nm_max:OA22X1.timing' is set in the current block 'css_phy_tx_top_cts', because the actual library setting may not be overwritten. (ATTR-12)
Information: The design specific attribute override for lib_cell 'saed90nm_max:OA22X2.timing' is set in the current block 'css_phy_tx_top_cts', because the actual library setting may not be overwritten. (ATTR-12)
Information: The design specific attribute override for lib_cell 'saed90nm_max:OAI21X1.timing' is set in the current block 'css_phy_tx_top_cts', because the actual library setting may not be overwritten. (ATTR-12)
Information: The design specific attribute override for lib_cell 'saed90nm_max:OAI21X2.timing' is set in the current block 'css_phy_tx_top_cts', because the actual library setting may not be overwritten. (ATTR-12)
Information: The design specific attribute override for lib_cell 'saed90nm_max:OAI221X1.timing' is set in the current block 'css_phy_tx_top_cts', because the actual library setting may not be overwritten. (ATTR-12)
Information: The design specific attribute override for lib_cell 'saed90nm_max:OAI221X2.timing' is set in the current block 'css_phy_tx_top_cts', because the actual library setting may not be overwritten. (ATTR-12)
Information: The design specific attribute override for lib_cell 'saed90nm_max:OAI222X1.timing' is set in the current block 'css_phy_tx_top_cts', because the actual library setting may not be overwritten. (ATTR-12)
Information: The design specific attribute override for lib_cell 'saed90nm_max:OAI222X2.timing' is set in the current block 'css_phy_tx_top_cts', because the actual library setting may not be overwritten. (ATTR-12)
Information: The design specific attribute override for lib_cell 'saed90nm_max:OAI22X1.timing' is set in the current block 'css_phy_tx_top_cts', because the actual library setting may not be overwritten. (ATTR-12)
Information: The design specific attribute override for lib_cell 'saed90nm_max:OAI22X2.timing' is set in the current block 'css_phy_tx_top_cts', because the actual library setting may not be overwritten. (ATTR-12)
Information: The design specific attribute override for lib_cell 'saed90nm_max:OR2X1.timing' is set in the current block 'css_phy_tx_top_cts', because the actual library setting may not be overwritten. (ATTR-12)
Information: The design specific attribute override for lib_cell 'saed90nm_max:OR2X2.timing' is set in the current block 'css_phy_tx_top_cts', because the actual library setting may not be overwritten. (ATTR-12)
Information: The design specific attribute override for lib_cell 'saed90nm_max:OR2X4.timing' is set in the current block 'css_phy_tx_top_cts', because the actual library setting may not be overwritten. (ATTR-12)
Information: The design specific attribute override for lib_cell 'saed90nm_max:OR3X1.timing' is set in the current block 'css_phy_tx_top_cts', because the actual library setting may not be overwritten. (ATTR-12)
Information: The design specific attribute override for lib_cell 'saed90nm_max:OR3X2.timing' is set in the current block 'css_phy_tx_top_cts', because the actual library setting may not be overwritten. (ATTR-12)
Information: The design specific attribute override for lib_cell 'saed90nm_max:OR3X4.timing' is set in the current block 'css_phy_tx_top_cts', because the actual library setting may not be overwritten. (ATTR-12)
Information: The design specific attribute override for lib_cell 'saed90nm_max:OR4X1.timing' is set in the current block 'css_phy_tx_top_cts', because the actual library setting may not be overwritten. (ATTR-12)
Information: The design specific attribute override for lib_cell 'saed90nm_max:OR4X2.timing' is set in the current block 'css_phy_tx_top_cts', because the actual library setting may not be overwritten. (ATTR-12)
Information: The design specific attribute override for lib_cell 'saed90nm_max:OR4X4.timing' is set in the current block 'css_phy_tx_top_cts', because the actual library setting may not be overwritten. (ATTR-12)
Information: The design specific attribute override for lib_cell 'saed90nm_max:PGX1.timing' is set in the current block 'css_phy_tx_top_cts', because the actual library setting may not be overwritten. (ATTR-12)
Information: The design specific attribute override for lib_cell 'saed90nm_max:PGX2.timing' is set in the current block 'css_phy_tx_top_cts', because the actual library setting may not be overwritten. (ATTR-12)
Information: The design specific attribute override for lib_cell 'saed90nm_max:PGX4.timing' is set in the current block 'css_phy_tx_top_cts', because the actual library setting may not be overwritten. (ATTR-12)
Information: The design specific attribute override for lib_cell 'saed90nm_max:PMT1.timing' is set in the current block 'css_phy_tx_top_cts', because the actual library setting may not be overwritten. (ATTR-12)
Information: The design specific attribute override for lib_cell 'saed90nm_max:PMT2.timing' is set in the current block 'css_phy_tx_top_cts', because the actual library setting may not be overwritten. (ATTR-12)
Information: The design specific attribute override for lib_cell 'saed90nm_max:PMT3.timing' is set in the current block 'css_phy_tx_top_cts', because the actual library setting may not be overwritten. (ATTR-12)
Information: The design specific attribute override for lib_cell 'saed90nm_max:SDFFARX1.timing' is set in the current block 'css_phy_tx_top_cts', because the actual library setting may not be overwritten. (ATTR-12)
Information: The design specific attribute override for lib_cell 'saed90nm_max:SDFFARX2.timing' is set in the current block 'css_phy_tx_top_cts', because the actual library setting may not be overwritten. (ATTR-12)
Information: The design specific attribute override for lib_cell 'saed90nm_max:SDFFASRSX1.timing' is set in the current block 'css_phy_tx_top_cts', because the actual library setting may not be overwritten. (ATTR-12)
Information: The design specific attribute override for lib_cell 'saed90nm_max:SDFFASRSX2.timing' is set in the current block 'css_phy_tx_top_cts', because the actual library setting may not be overwritten. (ATTR-12)
Information: The design specific attribute override for lib_cell 'saed90nm_max:SDFFASRX1.timing' is set in the current block 'css_phy_tx_top_cts', because the actual library setting may not be overwritten. (ATTR-12)
Information: The design specific attribute override for lib_cell 'saed90nm_max:SDFFASRX2.timing' is set in the current block 'css_phy_tx_top_cts', because the actual library setting may not be overwritten. (ATTR-12)
Information: The design specific attribute override for lib_cell 'saed90nm_max:SDFFASX1.timing' is set in the current block 'css_phy_tx_top_cts', because the actual library setting may not be overwritten. (ATTR-12)
Information: The design specific attribute override for lib_cell 'saed90nm_max:SDFFASX2.timing' is set in the current block 'css_phy_tx_top_cts', because the actual library setting may not be overwritten. (ATTR-12)
Information: The design specific attribute override for lib_cell 'saed90nm_max:SDFFNARX1.timing' is set in the current block 'css_phy_tx_top_cts', because the actual library setting may not be overwritten. (ATTR-12)
Information: The design specific attribute override for lib_cell 'saed90nm_max:SDFFNARX2.timing' is set in the current block 'css_phy_tx_top_cts', because the actual library setting may not be overwritten. (ATTR-12)
Information: The design specific attribute override for lib_cell 'saed90nm_max:SDFFNASRX1.timing' is set in the current block 'css_phy_tx_top_cts', because the actual library setting may not be overwritten. (ATTR-12)
Information: The design specific attribute override for lib_cell 'saed90nm_max:SDFFNASRX2.timing' is set in the current block 'css_phy_tx_top_cts', because the actual library setting may not be overwritten. (ATTR-12)
Information: The design specific attribute override for lib_cell 'saed90nm_max:SDFFNASX1.timing' is set in the current block 'css_phy_tx_top_cts', because the actual library setting may not be overwritten. (ATTR-12)
Information: The design specific attribute override for lib_cell 'saed90nm_max:SDFFNASX2.timing' is set in the current block 'css_phy_tx_top_cts', because the actual library setting may not be overwritten. (ATTR-12)
Information: The design specific attribute override for lib_cell 'saed90nm_max:SDFFNX1.timing' is set in the current block 'css_phy_tx_top_cts', because the actual library setting may not be overwritten. (ATTR-12)
Information: The design specific attribute override for lib_cell 'saed90nm_max:SDFFNX2.timing' is set in the current block 'css_phy_tx_top_cts', because the actual library setting may not be overwritten. (ATTR-12)
Information: The design specific attribute override for lib_cell 'saed90nm_max:SDFFSSRX1.timing' is set in the current block 'css_phy_tx_top_cts', because the actual library setting may not be overwritten. (ATTR-12)
Information: The design specific attribute override for lib_cell 'saed90nm_max:SDFFSSRX2.timing' is set in the current block 'css_phy_tx_top_cts', because the actual library setting may not be overwritten. (ATTR-12)
Information: The design specific attribute override for lib_cell 'saed90nm_max:SDFFX1.timing' is set in the current block 'css_phy_tx_top_cts', because the actual library setting may not be overwritten. (ATTR-12)
Information: The design specific attribute override for lib_cell 'saed90nm_max:SDFFX2.timing' is set in the current block 'css_phy_tx_top_cts', because the actual library setting may not be overwritten. (ATTR-12)
Information: The design specific attribute override for lib_cell 'saed90nm_max:SHFILL1.timing' is set in the current block 'css_phy_tx_top_cts', because the actual library setting may not be overwritten. (ATTR-12)
Information: The design specific attribute override for lib_cell 'saed90nm_max:SHFILL128.timing' is set in the current block 'css_phy_tx_top_cts', because the actual library setting may not be overwritten. (ATTR-12)
Information: The design specific attribute override for lib_cell 'saed90nm_max:SHFILL2.timing' is set in the current block 'css_phy_tx_top_cts', because the actual library setting may not be overwritten. (ATTR-12)
Information: The design specific attribute override for lib_cell 'saed90nm_max:SHFILL3.timing' is set in the current block 'css_phy_tx_top_cts', because the actual library setting may not be overwritten. (ATTR-12)
Information: The design specific attribute override for lib_cell 'saed90nm_max:SHFILL64.timing' is set in the current block 'css_phy_tx_top_cts', because the actual library setting may not be overwritten. (ATTR-12)
Information: The design specific attribute override for lib_cell 'saed90nm_max:TIEH.timing' is set in the current block 'css_phy_tx_top_cts', because the actual library setting may not be overwritten. (ATTR-12)
Information: The design specific attribute override for lib_cell 'saed90nm_max:TIEL.timing' is set in the current block 'css_phy_tx_top_cts', because the actual library setting may not be overwritten. (ATTR-12)
Information: The design specific attribute override for lib_cell 'saed90nm_max:TNBUFFX1.timing' is set in the current block 'css_phy_tx_top_cts', because the actual library setting may not be overwritten. (ATTR-12)
Information: The design specific attribute override for lib_cell 'saed90nm_max:TNBUFFX16.timing' is set in the current block 'css_phy_tx_top_cts', because the actual library setting may not be overwritten. (ATTR-12)
Information: The design specific attribute override for lib_cell 'saed90nm_max:TNBUFFX2.timing' is set in the current block 'css_phy_tx_top_cts', because the actual library setting may not be overwritten. (ATTR-12)
Information: The design specific attribute override for lib_cell 'saed90nm_max:TNBUFFX32.timing' is set in the current block 'css_phy_tx_top_cts', because the actual library setting may not be overwritten. (ATTR-12)
Information: The design specific attribute override for lib_cell 'saed90nm_max:TNBUFFX4.timing' is set in the current block 'css_phy_tx_top_cts', because the actual library setting may not be overwritten. (ATTR-12)
Information: The design specific attribute override for lib_cell 'saed90nm_max:TNBUFFX8.timing' is set in the current block 'css_phy_tx_top_cts', because the actual library setting may not be overwritten. (ATTR-12)
Information: The design specific attribute override for lib_cell 'saed90nm_max:XNOR2X1.timing' is set in the current block 'css_phy_tx_top_cts', because the actual library setting may not be overwritten. (ATTR-12)
Information: The design specific attribute override for lib_cell 'saed90nm_max:XNOR2X2.timing' is set in the current block 'css_phy_tx_top_cts', because the actual library setting may not be overwritten. (ATTR-12)
Information: The design specific attribute override for lib_cell 'saed90nm_max:XNOR3X1.timing' is set in the current block 'css_phy_tx_top_cts', because the actual library setting may not be overwritten. (ATTR-12)
Information: The design specific attribute override for lib_cell 'saed90nm_max:XNOR3X2.timing' is set in the current block 'css_phy_tx_top_cts', because the actual library setting may not be overwritten. (ATTR-12)
Information: The design specific attribute override for lib_cell 'saed90nm_max:XOR2X1.timing' is set in the current block 'css_phy_tx_top_cts', because the actual library setting may not be overwritten. (ATTR-12)
Information: The design specific attribute override for lib_cell 'saed90nm_max:XOR2X2.timing' is set in the current block 'css_phy_tx_top_cts', because the actual library setting may not be overwritten. (ATTR-12)
Information: The design specific attribute override for lib_cell 'saed90nm_max:XOR3X1.timing' is set in the current block 'css_phy_tx_top_cts', because the actual library setting may not be overwritten. (ATTR-12)
Information: The design specific attribute override for lib_cell 'saed90nm_max:XOR3X2.timing' is set in the current block 'css_phy_tx_top_cts', because the actual library setting may not be overwritten. (ATTR-12)
Information: The design specific attribute override for lib_cell 'saed90_ndm_physical_only:CGLPPSX2.frame' is set in the current block 'css_phy_tx_top_cts', because the actual library setting may not be overwritten. (ATTR-12)
Information: The design specific attribute override for lib_cell 'saed90_ndm_physical_only:CGLPPSX4.frame' is set in the current block 'css_phy_tx_top_cts', because the actual library setting may not be overwritten. (ATTR-12)
Information: The design specific attribute override for lib_cell 'saed90_ndm_physical_only:RDFFNSRASX2.frame' is set in the current block 'css_phy_tx_top_cts', because the actual library setting may not be overwritten. (ATTR-12)
Information: The design specific attribute override for lib_cell 'saed90_ndm_physical_only:RDFFNSRX1.frame' is set in the current block 'css_phy_tx_top_cts', because the actual library setting may not be overwritten. (ATTR-12)
Information: The design specific attribute override for lib_cell 'saed90_ndm_physical_only:RDFFNSRX2.frame' is set in the current block 'css_phy_tx_top_cts', because the actual library setting may not be overwritten. (ATTR-12)
Information: The design specific attribute override for lib_cell 'saed90_ndm_physical_only:RDFFSRARX1.frame' is set in the current block 'css_phy_tx_top_cts', because the actual library setting may not be overwritten. (ATTR-12)
Information: The design specific attribute override for lib_cell 'saed90_ndm_physical_only:RDFFSRARX2.frame' is set in the current block 'css_phy_tx_top_cts', because the actual library setting may not be overwritten. (ATTR-12)
Information: The design specific attribute override for lib_cell 'saed90_ndm_physical_only:RDFFSRASRX1.frame' is set in the current block 'css_phy_tx_top_cts', because the actual library setting may not be overwritten. (ATTR-12)
Information: The design specific attribute override for lib_cell 'saed90_ndm_physical_only:CGLPPSX8.frame' is set in the current block 'css_phy_tx_top_cts', because the actual library setting may not be overwritten. (ATTR-12)
Information: The design specific attribute override for lib_cell 'saed90_ndm_physical_only:RDFFSRASRX2.frame' is set in the current block 'css_phy_tx_top_cts', because the actual library setting may not be overwritten. (ATTR-12)
Information: The design specific attribute override for lib_cell 'saed90_ndm_physical_only:CGLNPRX2.frame' is set in the current block 'css_phy_tx_top_cts', because the actual library setting may not be overwritten. (ATTR-12)
Information: The design specific attribute override for lib_cell 'saed90_ndm_physical_only:CGLNPRX8.frame' is set in the current block 'css_phy_tx_top_cts', because the actual library setting may not be overwritten. (ATTR-12)
Information: The design specific attribute override for lib_cell 'saed90_ndm_physical_only:CGLNPSX16.frame' is set in the current block 'css_phy_tx_top_cts', because the actual library setting may not be overwritten. (ATTR-12)
Information: The design specific attribute override for lib_cell 'saed90_ndm_physical_only:CGLNPSX2.frame' is set in the current block 'css_phy_tx_top_cts', because the actual library setting may not be overwritten. (ATTR-12)
Information: The design specific attribute override for lib_cell 'saed90_ndm_physical_only:CGLNPSX4.frame' is set in the current block 'css_phy_tx_top_cts', because the actual library setting may not be overwritten. (ATTR-12)
Information: The design specific attribute override for lib_cell 'saed90_ndm_physical_only:CGLNPSX8.frame' is set in the current block 'css_phy_tx_top_cts', because the actual library setting may not be overwritten. (ATTR-12)
Information: The design specific attribute override for lib_cell 'saed90_ndm_physical_only:CGLPPRX2.frame' is set in the current block 'css_phy_tx_top_cts', because the actual library setting may not be overwritten. (ATTR-12)
Information: The design specific attribute override for lib_cell 'saed90_ndm_physical_only:CGLPPRX8.frame' is set in the current block 'css_phy_tx_top_cts', because the actual library setting may not be overwritten. (ATTR-12)
Information: The design specific attribute override for lib_cell 'saed90_ndm_physical_only:LSUPENCLX4.frame' is set in the current block 'css_phy_tx_top_cts', because the actual library setting may not be overwritten. (ATTR-12)
Information: The design specific attribute override for lib_cell 'saed90_ndm_physical_only:CGLPPSX16.frame' is set in the current block 'css_phy_tx_top_cts', because the actual library setting may not be overwritten. (ATTR-12)
Information: The design specific attribute override for lib_cell 'saed90_ndm_physical_only:LSUPENCLX8.frame' is set in the current block 'css_phy_tx_top_cts', because the actual library setting may not be overwritten. (ATTR-12)
Information: The design specific attribute override for lib_cell 'saed90_ndm_physical_only:LSUPENX1.frame' is set in the current block 'css_phy_tx_top_cts', because the actual library setting may not be overwritten. (ATTR-12)
Information: The design specific attribute override for lib_cell 'saed90_ndm_physical_only:LSUPENX2.frame' is set in the current block 'css_phy_tx_top_cts', because the actual library setting may not be overwritten. (ATTR-12)
Information: The design specific attribute override for lib_cell 'saed90_ndm_physical_only:LSUPENX4.frame' is set in the current block 'css_phy_tx_top_cts', because the actual library setting may not be overwritten. (ATTR-12)
Information: The design specific attribute override for lib_cell 'saed90_ndm_physical_only:LSUPENX8.frame' is set in the current block 'css_phy_tx_top_cts', because the actual library setting may not be overwritten. (ATTR-12)
Information: The design specific attribute override for lib_cell 'saed90_ndm_physical_only:LSUPX1.frame' is set in the current block 'css_phy_tx_top_cts', because the actual library setting may not be overwritten. (ATTR-12)
Information: The design specific attribute override for lib_cell 'saed90_ndm_physical_only:LSUPX2.frame' is set in the current block 'css_phy_tx_top_cts', because the actual library setting may not be overwritten. (ATTR-12)
Information: The design specific attribute override for lib_cell 'saed90_ndm_physical_only:LSUPX4.frame' is set in the current block 'css_phy_tx_top_cts', because the actual library setting may not be overwritten. (ATTR-12)
Information: The design specific attribute override for lib_cell 'saed90_ndm_physical_only:LSUPX8.frame' is set in the current block 'css_phy_tx_top_cts', because the actual library setting may not be overwritten. (ATTR-12)
Information: The design specific attribute override for lib_cell 'saed90_ndm_physical_only:RDFFNSRARX1.frame' is set in the current block 'css_phy_tx_top_cts', because the actual library setting may not be overwritten. (ATTR-12)
Information: The design specific attribute override for lib_cell 'saed90_ndm_physical_only:RDFFNSRARX2.frame' is set in the current block 'css_phy_tx_top_cts', because the actual library setting may not be overwritten. (ATTR-12)
Information: The design specific attribute override for lib_cell 'saed90_ndm_physical_only:RDFFNSRASRNX1.frame' is set in the current block 'css_phy_tx_top_cts', because the actual library setting may not be overwritten. (ATTR-12)
Information: The design specific attribute override for lib_cell 'saed90_ndm_physical_only:RDFFNSRASRNX2.frame' is set in the current block 'css_phy_tx_top_cts', because the actual library setting may not be overwritten. (ATTR-12)
Information: The design specific attribute override for lib_cell 'saed90_ndm_physical_only:RDFFNX2.frame' is set in the current block 'css_phy_tx_top_cts', because the actual library setting may not be overwritten. (ATTR-12)
Information: The design specific attribute override for lib_cell 'saed90_ndm_physical_only:RDFFX1.frame' is set in the current block 'css_phy_tx_top_cts', because the actual library setting may not be overwritten. (ATTR-12)
Information: The design specific attribute override for lib_cell 'saed90_ndm_physical_only:RDFFX2.frame' is set in the current block 'css_phy_tx_top_cts', because the actual library setting may not be overwritten. (ATTR-12)
Information: The design specific attribute override for lib_cell 'saed90_ndm_physical_only:RSDFFX1.frame' is set in the current block 'css_phy_tx_top_cts', because the actual library setting may not be overwritten. (ATTR-12)
Information: The design specific attribute override for lib_cell 'saed90_ndm_physical_only:RSDFFX2.frame' is set in the current block 'css_phy_tx_top_cts', because the actual library setting may not be overwritten. (ATTR-12)
Information: The design specific attribute override for lib_cell 'saed90_ndm_physical_only:RDFFNX1.frame' is set in the current block 'css_phy_tx_top_cts', because the actual library setting may not be overwritten. (ATTR-12)
Information: The design specific attribute override for lib_cell 'saed90_ndm_physical_only:RDFFNSRASX1.frame' is set in the current block 'css_phy_tx_top_cts', because the actual library setting may not be overwritten. (ATTR-12)
Information: The design specific attribute override for lib_cell 'saed90_ndm_physical_only:RSDFFNX1.frame' is set in the current block 'css_phy_tx_top_cts', because the actual library setting may not be overwritten. (ATTR-12)
Information: The design specific attribute override for lib_cell 'saed90_ndm_physical_only:RSDFFNX2.frame' is set in the current block 'css_phy_tx_top_cts', because the actual library setting may not be overwritten. (ATTR-12)
Information: The design specific attribute override for lib_cell 'saed90_ndm_physical_only:RDFFSRSSRX1.frame' is set in the current block 'css_phy_tx_top_cts', because the actual library setting may not be overwritten. (ATTR-12)
Information: The design specific attribute override for lib_cell 'saed90_ndm_physical_only:RDFFSRSSRX2.frame' is set in the current block 'css_phy_tx_top_cts', because the actual library setting may not be overwritten. (ATTR-12)
Information: The design specific attribute override for lib_cell 'saed90_ndm_physical_only:RDFFSRX1.frame' is set in the current block 'css_phy_tx_top_cts', because the actual library setting may not be overwritten. (ATTR-12)
Information: The design specific attribute override for lib_cell 'saed90_ndm_physical_only:RDFFSRX2.frame' is set in the current block 'css_phy_tx_top_cts', because the actual library setting may not be overwritten. (ATTR-12)
Information: The design specific attribute override for lib_cell 'saed90_ndm_physical_only:LSDNENCLX1.frame' is set in the current block 'css_phy_tx_top_cts', because the actual library setting may not be overwritten. (ATTR-12)
Information: The design specific attribute override for lib_cell 'saed90_ndm_physical_only:LSDNENCLX2.frame' is set in the current block 'css_phy_tx_top_cts', because the actual library setting may not be overwritten. (ATTR-12)
Information: The design specific attribute override for lib_cell 'saed90_ndm_physical_only:LSDNENX1.frame' is set in the current block 'css_phy_tx_top_cts', because the actual library setting may not be overwritten. (ATTR-12)
Information: The design specific attribute override for lib_cell 'saed90_ndm_physical_only:LSDNENX2.frame' is set in the current block 'css_phy_tx_top_cts', because the actual library setting may not be overwritten. (ATTR-12)
Information: The design specific attribute override for lib_cell 'saed90_ndm_physical_only:LSDNENX4.frame' is set in the current block 'css_phy_tx_top_cts', because the actual library setting may not be overwritten. (ATTR-12)
Information: The design specific attribute override for lib_cell 'saed90_ndm_physical_only:LSDNENX8.frame' is set in the current block 'css_phy_tx_top_cts', because the actual library setting may not be overwritten. (ATTR-12)
Information: The design specific attribute override for lib_cell 'saed90_ndm_physical_only:LSDNX2.frame' is set in the current block 'css_phy_tx_top_cts', because the actual library setting may not be overwritten. (ATTR-12)
Information: The design specific attribute override for lib_cell 'saed90_ndm_physical_only:LSDNX4.frame' is set in the current block 'css_phy_tx_top_cts', because the actual library setting may not be overwritten. (ATTR-12)
Information: The design specific attribute override for lib_cell 'saed90_ndm_physical_only:LSDNX8.frame' is set in the current block 'css_phy_tx_top_cts', because the actual library setting may not be overwritten. (ATTR-12)
Information: The design specific attribute override for lib_cell 'saed90_ndm_physical_only:LSUPENCLX1.frame' is set in the current block 'css_phy_tx_top_cts', because the actual library setting may not be overwritten. (ATTR-12)
Information: The design specific attribute override for lib_cell 'saed90_ndm_physical_only:LSUPENCLX2.frame' is set in the current block 'css_phy_tx_top_cts', because the actual library setting may not be overwritten. (ATTR-12)
Information: The design specific attribute override for lib_cell 'saed90_ndm_physical_only:RSDFFNSRARX1.frame' is set in the current block 'css_phy_tx_top_cts', because the actual library setting may not be overwritten. (ATTR-12)
Information: The design specific attribute override for lib_cell 'saed90_ndm_physical_only:RSDFFNSRARX2.frame' is set in the current block 'css_phy_tx_top_cts', because the actual library setting may not be overwritten. (ATTR-12)
Information: The design specific attribute override for lib_cell 'saed90_ndm_physical_only:RSDFFNSRASRNX1.frame' is set in the current block 'css_phy_tx_top_cts', because the actual library setting may not be overwritten. (ATTR-12)
Information: The design specific attribute override for lib_cell 'saed90_ndm_physical_only:RSDFFNSRASRNX2.frame' is set in the current block 'css_phy_tx_top_cts', because the actual library setting may not be overwritten. (ATTR-12)
Information: The design specific attribute override for lib_cell 'saed90_ndm_physical_only:RSDFFNSRASRQX1.frame' is set in the current block 'css_phy_tx_top_cts', because the actual library setting may not be overwritten. (ATTR-12)
Information: The design specific attribute override for lib_cell 'saed90_ndm_physical_only:RSDFFNSRASRQX2.frame' is set in the current block 'css_phy_tx_top_cts', because the actual library setting may not be overwritten. (ATTR-12)
Information: The design specific attribute override for lib_cell 'saed90_ndm_physical_only:RSDFFNSRASRX1.frame' is set in the current block 'css_phy_tx_top_cts', because the actual library setting may not be overwritten. (ATTR-12)
Information: The design specific attribute override for lib_cell 'saed90_ndm_physical_only:RSDFFNSRASRX2.frame' is set in the current block 'css_phy_tx_top_cts', because the actual library setting may not be overwritten. (ATTR-12)
Information: The design specific attribute override for lib_cell 'saed90_ndm_physical_only:RSDFFNSRASX1.frame' is set in the current block 'css_phy_tx_top_cts', because the actual library setting may not be overwritten. (ATTR-12)
Information: The design specific attribute override for lib_cell 'saed90_ndm_physical_only:RSDFFNSRASX2.frame' is set in the current block 'css_phy_tx_top_cts', because the actual library setting may not be overwritten. (ATTR-12)
Information: The design specific attribute override for lib_cell 'saed90_ndm_physical_only:RSDFFNSRX1.frame' is set in the current block 'css_phy_tx_top_cts', because the actual library setting may not be overwritten. (ATTR-12)
Information: The design specific attribute override for lib_cell 'saed90_ndm_physical_only:RSDFFNSRX2.frame' is set in the current block 'css_phy_tx_top_cts', because the actual library setting may not be overwritten. (ATTR-12)
Information: The design specific attribute override for lib_cell 'saed90_ndm_physical_only:RSDFFSRARX1.frame' is set in the current block 'css_phy_tx_top_cts', because the actual library setting may not be overwritten. (ATTR-12)
Information: The design specific attribute override for lib_cell 'saed90_ndm_physical_only:RSDFFSRARX2.frame' is set in the current block 'css_phy_tx_top_cts', because the actual library setting may not be overwritten. (ATTR-12)
Information: The design specific attribute override for lib_cell 'saed90_ndm_physical_only:RSDFFSRASRX1.frame' is set in the current block 'css_phy_tx_top_cts', because the actual library setting may not be overwritten. (ATTR-12)
Information: The design specific attribute override for lib_cell 'saed90_ndm_physical_only:RSDFFSRASRX2.frame' is set in the current block 'css_phy_tx_top_cts', because the actual library setting may not be overwritten. (ATTR-12)
Information: The design specific attribute override for lib_cell 'saed90_ndm_physical_only:RSDFFSRASX1.frame' is set in the current block 'css_phy_tx_top_cts', because the actual library setting may not be overwritten. (ATTR-12)
Information: The design specific attribute override for lib_cell 'saed90_ndm_physical_only:RSDFFSRASX2.frame' is set in the current block 'css_phy_tx_top_cts', because the actual library setting may not be overwritten. (ATTR-12)
Information: The design specific attribute override for lib_cell 'saed90_ndm_physical_only:RSDFFSRSSRX1.frame' is set in the current block 'css_phy_tx_top_cts', because the actual library setting may not be overwritten. (ATTR-12)
Information: The design specific attribute override for lib_cell 'saed90_ndm_physical_only:RSDFFSRSSRX2.frame' is set in the current block 'css_phy_tx_top_cts', because the actual library setting may not be overwritten. (ATTR-12)
Information: The design specific attribute override for lib_cell 'saed90_ndm_physical_only:RSDFFSRX1.frame' is set in the current block 'css_phy_tx_top_cts', because the actual library setting may not be overwritten. (ATTR-12)
Information: The design specific attribute override for lib_cell 'saed90_ndm_physical_only:RSDFFSRX2.frame' is set in the current block 'css_phy_tx_top_cts', because the actual library setting may not be overwritten. (ATTR-12)
Information: The design specific attribute override for lib_cell 'saed90_ndm_physical_only:RDFFSRASX1.frame' is set in the current block 'css_phy_tx_top_cts', because the actual library setting may not be overwritten. (ATTR-12)
Information: The design specific attribute override for lib_cell 'saed90_ndm_physical_only:RDFFSRASX2.frame' is set in the current block 'css_phy_tx_top_cts', because the actual library setting may not be overwritten. (ATTR-12)
Information: The design specific attribute override for lib_cell 'saed90_ndm_physical_only:RDFFNSRASRQX1.frame' is set in the current block 'css_phy_tx_top_cts', because the actual library setting may not be overwritten. (ATTR-12)
Information: The design specific attribute override for lib_cell 'saed90_ndm_physical_only:RDFFNSRASRQX2.frame' is set in the current block 'css_phy_tx_top_cts', because the actual library setting may not be overwritten. (ATTR-12)
Information: The design specific attribute override for lib_cell 'saed90_ndm_physical_only:RDFFNSRASRX1.frame' is set in the current block 'css_phy_tx_top_cts', because the actual library setting may not be overwritten. (ATTR-12)
Information: The design specific attribute override for lib_cell 'saed90_ndm_physical_only:RDFFNSRASRX2.frame' is set in the current block 'css_phy_tx_top_cts', because the actual library setting may not be overwritten. (ATTR-12)
Information: The design specific attribute override for lib_cell 'saed90_ndm_physical_only:LSDNSSX2.frame' is set in the current block 'css_phy_tx_top_cts', because the actual library setting may not be overwritten. (ATTR-12)
Information: The design specific attribute override for lib_cell 'saed90_ndm_physical_only:LSDNSSX4.frame' is set in the current block 'css_phy_tx_top_cts', because the actual library setting may not be overwritten. (ATTR-12)
Information: The design specific attribute override for lib_cell 'saed90_ndm_physical_only:RDFFARX1.frame' is set in the current block 'css_phy_tx_top_cts', because the actual library setting may not be overwritten. (ATTR-12)
Information: The design specific attribute override for lib_cell 'saed90_ndm_physical_only:RDFFARX2.frame' is set in the current block 'css_phy_tx_top_cts', because the actual library setting may not be overwritten. (ATTR-12)
Information: The design specific attribute override for lib_cell 'saed90_ndm_physical_only:RDFFNARX1.frame' is set in the current block 'css_phy_tx_top_cts', because the actual library setting may not be overwritten. (ATTR-12)
Information: The design specific attribute override for lib_cell 'saed90_ndm_physical_only:RDFFNARX2.frame' is set in the current block 'css_phy_tx_top_cts', because the actual library setting may not be overwritten. (ATTR-12)
Information: The design specific attribute override for lib_cell 'saed90_ndm_physical_only:RSDFFARX1.frame' is set in the current block 'css_phy_tx_top_cts', because the actual library setting may not be overwritten. (ATTR-12)
Information: The design specific attribute override for lib_cell 'saed90_ndm_physical_only:RSDFFARX2.frame' is set in the current block 'css_phy_tx_top_cts', because the actual library setting may not be overwritten. (ATTR-12)
Information: The design specific attribute override for lib_cell 'saed90_ndm_physical_only:RSDFFNARX1.frame' is set in the current block 'css_phy_tx_top_cts', because the actual library setting may not be overwritten. (ATTR-12)
Information: The design specific attribute override for lib_cell 'saed90_ndm_physical_only:RSDFFNARX2.frame' is set in the current block 'css_phy_tx_top_cts', because the actual library setting may not be overwritten. (ATTR-12)
Information: The design specific attribute override for lib_cell 'saed90_ndm_physical_only:LSDNSSX8.frame' is set in the current block 'css_phy_tx_top_cts', because the actual library setting may not be overwritten. (ATTR-12)
Information: The design specific attribute override for lib_cell 'saed90_ndm_physical_only:LSDNX1.frame' is set in the current block 'css_phy_tx_top_cts', because the actual library setting may not be overwritten. (ATTR-12)
Information: The design specific attribute override for lib_cell 'saed90_ndm_physical_only:ISOLANDAOX1.frame' is set in the current block 'css_phy_tx_top_cts', because the actual library setting may not be overwritten. (ATTR-12)
Information: The design specific attribute override for lib_cell 'saed90_ndm_physical_only:ISOLANDAOX2.frame' is set in the current block 'css_phy_tx_top_cts', because the actual library setting may not be overwritten. (ATTR-12)
Information: The design specific attribute override for lib_cell 'saed90_ndm_physical_only:ISOLANDAOX4.frame' is set in the current block 'css_phy_tx_top_cts', because the actual library setting may not be overwritten. (ATTR-12)
Information: The design specific attribute override for lib_cell 'saed90_ndm_physical_only:ISOLANDAOX8.frame' is set in the current block 'css_phy_tx_top_cts', because the actual library setting may not be overwritten. (ATTR-12)
Information: The design specific attribute override for lib_cell 'saed90_ndm_physical_only:ISOLORAOX1.frame' is set in the current block 'css_phy_tx_top_cts', because the actual library setting may not be overwritten. (ATTR-12)
Information: The design specific attribute override for lib_cell 'saed90_ndm_physical_only:ISOLORAOX2.frame' is set in the current block 'css_phy_tx_top_cts', because the actual library setting may not be overwritten. (ATTR-12)
Information: The design specific attribute override for lib_cell 'saed90_ndm_physical_only:ISOLORAOX4.frame' is set in the current block 'css_phy_tx_top_cts', because the actual library setting may not be overwritten. (ATTR-12)
Information: The design specific attribute override for lib_cell 'saed90_ndm_physical_only:ISOLORAOX8.frame' is set in the current block 'css_phy_tx_top_cts', because the actual library setting may not be overwritten. (ATTR-12)
Information: The design specific attribute override for lib_cell 'saed90_ndm_physical_only:LSDNENCLSSX1.frame' is set in the current block 'css_phy_tx_top_cts', because the actual library setting may not be overwritten. (ATTR-12)
Information: The design specific attribute override for lib_cell 'saed90_ndm_physical_only:LSDNENCLSSX2.frame' is set in the current block 'css_phy_tx_top_cts', because the actual library setting may not be overwritten. (ATTR-12)
Information: The design specific attribute override for lib_cell 'saed90_ndm_physical_only:LSDNENCLSSX4.frame' is set in the current block 'css_phy_tx_top_cts', because the actual library setting may not be overwritten. (ATTR-12)
Information: The design specific attribute override for lib_cell 'saed90_ndm_physical_only:LSDNENCLSSX8.frame' is set in the current block 'css_phy_tx_top_cts', because the actual library setting may not be overwritten. (ATTR-12)
Information: The design specific attribute override for lib_cell 'saed90_ndm_physical_only:LSDNENSSX1.frame' is set in the current block 'css_phy_tx_top_cts', because the actual library setting may not be overwritten. (ATTR-12)
Information: The design specific attribute override for lib_cell 'saed90_ndm_physical_only:LSDNENSSX2.frame' is set in the current block 'css_phy_tx_top_cts', because the actual library setting may not be overwritten. (ATTR-12)
Information: The design specific attribute override for lib_cell 'saed90_ndm_physical_only:LSDNENSSX4.frame' is set in the current block 'css_phy_tx_top_cts', because the actual library setting may not be overwritten. (ATTR-12)
Information: The design specific attribute override for lib_cell 'saed90_ndm_physical_only:LSDNENSSX8.frame' is set in the current block 'css_phy_tx_top_cts', because the actual library setting may not be overwritten. (ATTR-12)
Information: The design specific attribute override for lib_cell 'saed90_ndm_physical_only:LSDNSSX1.frame' is set in the current block 'css_phy_tx_top_cts', because the actual library setting may not be overwritten. (ATTR-12)
Information: The design specific attribute override for lib_cell 'saed90_ndm_physical_only:LSDNENCLX8.frame' is set in the current block 'css_phy_tx_top_cts', because the actual library setting may not be overwritten. (ATTR-12)
Information: The design specific attribute override for lib_cell 'saed90_ndm_physical_only:LSDNENCLX4.frame' is set in the current block 'css_phy_tx_top_cts', because the actual library setting may not be overwritten. (ATTR-12)
1
set_lib_cell_purpose -include cts {saed90nm_max/IBUFFX2 saed90nm_max/IBUFFX4 saed90nm_max/IBUFFX8 saed90nm_max/IBUFFX16}
Information: The design specific attribute override for lib_cell 'saed90nm_max:IBUFFX2.timing' is set in the current block 'css_phy_tx_top_cts', because the actual library setting may not be overwritten. (ATTR-12)
Information: The design specific attribute override for lib_cell 'saed90nm_max:IBUFFX4.timing' is set in the current block 'css_phy_tx_top_cts', because the actual library setting may not be overwritten. (ATTR-12)
Information: The design specific attribute override for lib_cell 'saed90nm_max:IBUFFX8.timing' is set in the current block 'css_phy_tx_top_cts', because the actual library setting may not be overwritten. (ATTR-12)
Information: The design specific attribute override for lib_cell 'saed90nm_max:IBUFFX16.timing' is set in the current block 'css_phy_tx_top_cts', because the actual library setting may not be overwritten. (ATTR-12)
1
set_lib_cell_purpose -include cts {saed90nm_max/NBUFFX2 saed90nm_max/NBUFFX4 saed90nm_max/NBUFFX8 saed90nm_max/NBUFFX16}
Information: The design specific attribute override for lib_cell 'saed90nm_max:NBUFFX2.timing' is set in the current block 'css_phy_tx_top_cts', because the actual library setting may not be overwritten. (ATTR-12)
Information: The design specific attribute override for lib_cell 'saed90nm_max:NBUFFX4.timing' is set in the current block 'css_phy_tx_top_cts', because the actual library setting may not be overwritten. (ATTR-12)
Information: The design specific attribute override for lib_cell 'saed90nm_max:NBUFFX8.timing' is set in the current block 'css_phy_tx_top_cts', because the actual library setting may not be overwritten. (ATTR-12)
Information: The design specific attribute override for lib_cell 'saed90nm_max:NBUFFX16.timing' is set in the current block 'css_phy_tx_top_cts', because the actual library setting may not be overwritten. (ATTR-12)
1
set_lib_cell_purpose -include cts {saed90nm_max/INVX2  saed90nm_max/INVX4 saed90nm_max/INVX8 saed90nm_max/INVX16}
Information: The design specific attribute override for lib_cell 'saed90nm_max:INVX2.timing' is set in the current block 'css_phy_tx_top_cts', because the actual library setting may not be overwritten. (ATTR-12)
Information: The design specific attribute override for lib_cell 'saed90nm_max:INVX4.timing' is set in the current block 'css_phy_tx_top_cts', because the actual library setting may not be overwritten. (ATTR-12)
Information: The design specific attribute override for lib_cell 'saed90nm_max:INVX8.timing' is set in the current block 'css_phy_tx_top_cts', because the actual library setting may not be overwritten. (ATTR-12)
Information: The design specific attribute override for lib_cell 'saed90nm_max:INVX16.timing' is set in the current block 'css_phy_tx_top_cts', because the actual library setting may not be overwritten. (ATTR-12)
1
set_lib_cell_purpose -include hold  [get_lib_cells */*DELLN*]
Information: The design specific attribute override for lib_cell 'saed90nm_max:DELLN1X2.timing' is set in the current block 'css_phy_tx_top_cts', because the actual library setting may not be overwritten. (ATTR-12)
Information: The design specific attribute override for lib_cell 'saed90nm_max:DELLN2X2.timing' is set in the current block 'css_phy_tx_top_cts', because the actual library setting may not be overwritten. (ATTR-12)
Information: The design specific attribute override for lib_cell 'saed90nm_max:DELLN3X2.timing' is set in the current block 'css_phy_tx_top_cts', because the actual library setting may not be overwritten. (ATTR-12)
1
create_routing_rule clk_network_NDR_root     -multiplier_spacing 2 -multiplier_width 2
{clk_network_NDR_root}
create_routing_rule clk_network_NDR_internal -multiplier_spacing 2 -multiplier_width 2
{clk_network_NDR_internal}
set_clock_routing_rules -net_type root -clocks {CLK} -rules clk_network_NDR_root -max_routing_layer M7 -min_routing_layer M5
1
set_clock_routing_rules -net_type internal -clocks {CLK} -rules clk_network_NDR_internal -max_routing_layer M5 -min_routing_layer M3
1
set_clock_routing_rules -net_type sink -clocks {CLK} -default_rule  -max_routing_layer M3 -min_routing_layer M1
1
report_ideal_network
****************************************
Report : ideal_network
Design : css_phy_tx_top
Version: O-2018.06-SP1
Date   : Sat Sep 19 06:14:23 2026
****************************************

Ideal network data for scenario 'default':

Source ports                    Latency                        Transition
and pins                  Rise            Fall            Rise            Fall
                       min    max      min    max      min    max      min    max
-------------------------------------------------------------------------------------
clk                    --     --      --      --       --     --       --     --

1
remove_ideal_network -all
1
remove_clock_latency     [all_clocks]
1
remove_propagated_clock [all_clocks]
1
remove_clock_tree_options -all -target_skew -target_latency
1
set_max_transition 1 -clock_path    [get_clocks {CLK}]
1
set_max_capacitance 100 -clock_path [get_clocks {CLK}] 
1
set_clock_tree_options -target_skew 0.1 -clocks {CLK}
1
set_clock_tree_options -target_latency 0.0 -clocks {CLK}
1
report_clock_settings
****************************************
 Report : clock settings
 Design : css_phy_tx_top_cts
 Date   : Sat Sep 19 06:14:24 2026
****************************************


======================================
Configurations 
======================================

##Global
  Corner = default
    Max transition: 1.024
    Max capacitance: 600.000
    Target skew: 0 (default)
    Target latency: Not specified

##CLK
  Corner = default
    Max transition: 1.000
    Max capacitance: 100.000
    Target skew: 0.100
    Target latency: 0.000


======================================
Routing Rules 
======================================

##Global
Routing rule for sink nets: Not specified
Routing rule for internal nets: Not specified
Routing rule for root nets: Not specified
Routing rule for all nets: Not specified
Net-based routing rules (by set_clock_routing_rule): Not specified
Net-based routing rules (by set_routing_rule): Not specified

##CLK
Routing rule for sink nets: Default Min Layer:M1 Max Layer:M3
Routing rule for internal nets: clk_network_NDR_internal  Min Layer:M3 Max Layer:M5
Routing rule for root nets: clk_network_NDR_root  Min Layer:M5 Max Layer:M7
Routing rule for all nets: Not specified
Net-based routing rules (by set_clock_routing_rule): Not specified
Net-based routing rules (by set_routing_rule): Not specified


======================================
Buffers and Inverters 
======================================

##Buffers
Name                                   Area      Max Transition       Max Load
------------------------------------------------------------------------------
saed90nm_max/NBUFFX16                26.726               1.024         48.000
saed90nm_max/NBUFFX2                  5.530               1.024         48.000
saed90nm_max/NBUFFX4                 10.138               1.024         48.000
saed90nm_max/NBUFFX8                 14.746               1.024         48.000

##Inverters
Name                                   Area      Max Transition       Max Load
------------------------------------------------------------------------------
saed90nm_max/IBUFFX16                31.334               1.024       3328.000
saed90nm_max/IBUFFX2                 10.138               1.024        416.000
saed90nm_max/IBUFFX4                 12.902               1.024        832.000
saed90nm_max/IBUFFX8                 18.432               1.024       1664.000
saed90nm_max/INVX16                  25.805               1.024       3328.000
saed90nm_max/INVX2                    6.451               1.024        416.000
saed90nm_max/INVX4                    9.216               1.024        832.000
saed90nm_max/INVX8                   14.746               1.024       1664.000


======================================
Spacing Rules 
======================================

##By design
No by design spacing rule is specified

##By clock
No by clock spacing rule is specified

##By libcell
No by libcell spacing rule is specified

##By clock and libcell
No by clock and libcell spacing rule is specified
1
report_clock_tree_options 
****************************************
 Report : target skew and latency
 Design : css_phy_tx_top
 Date   : Sat Sep 19 06:14:24 2026
****************************************

##Target Skew

Clock                        Corner                        Target
-----------------------------------------------------------------
CLK (mode default)           default                       0.1

##Target Latency

Clock                        Corner                        Target
-----------------------------------------------------------------
CLK (mode default)           default                       0

##Max Level Count

Clock                                  Count
-----------------------------------------------------------------
No max level constraints found.
1
######################3
set_app_options -list {time.enable_si_timing_windows {true}}
time.enable_si_timing_windows true
set_app_options -list {time.si_enable_analysis      {true}}
time.si_enable_analysis true
set_app_options -name time.disable_recovery_removal_checks -value false
time.disable_recovery_removal_checks false
set_app_options -name time.remove_clock_reconvergence_pessimism -value true
time.remove_clock_reconvergence_pessimism true
set_app_options -list {cts.compile.enable_global_route true}
cts.compile.enable_global_route true
set_app_options -name cts.compile.remove_existing_clock_trees -value true
cts.compile.remove_existing_clock_trees true
set_app_options -list {clock_opt.hold.effort      {high}}
clock_opt.hold.effort high
set_app_options -name clock_opt.flow.optimize_ndr -value true
clock_opt.flow.optimize_ndr true
set_app_options -name clock_opt.flow.enable_clock_power_recovery -value area
clock_opt.flow.enable_clock_power_recovery area
set_app_options -name ccd.hold_control_effort -value high
ccd.hold_control_effort high
set_app_options -name cts.common.user_instance_name_prefix -value "CTS_"
cts.common.user_instance_name_prefix CTS_
set_app_options -name opt.common.user_instance_name_prefix -value "OPT_"
opt.common.user_instance_name_prefix OPT_
#########################3
clock_opt -from  build_clock -to build_clock
Use advanced legalizer engine : 0
Warning: the app option 'time.si_enable_analysis' should not be set to be true in pre-route stage, enforce it to be false temporarily. (OPT-215)
Information: The stitching and editing of coupling caps is turned OFF for design 'css_phy_tx_top.dlib:css_phy_tx_top_cts.design'. (TIM-125)
Information: Design Average RC for design css_phy_tx_top_cts  (NEX-011)
Information: r = 0.562500 ohm/um, via_r = 0.900000 ohm/cut, c = 0.097376 ff/um, cc = 0.000000 ff/um (X dir) (NEX-017)
Information: r = 0.562500 ohm/um, via_r = 0.900000 ohm/cut, c = 0.116036 ff/um, cc = 0.000000 ff/um (Y dir) (NEX-017)
Number of Site types in the design = 1
Setting up Chip Core
Chip Core shape: (100000 100000) (9191200 9172000)
Number of unique PDs = 1
Number of Power Domains = 1
Number of Voltage Areas = 1
Number of supply Nets = 2
Number of used supplies = 2

Running clock synthesis step.

Number of Site types in the design = 1
Setting up Chip Core
Chip Core shape: (100000 100000) (9191200 9172000)
Number of unique PDs = 1
Number of Power Domains = 1
Number of Voltage Areas = 1
Number of supply Nets = 2
Number of used supplies = 2
remove buffers/inverters in clock CLK:
  no buffer or inverter has been removed

No buffer or inverter has been removed.
Remove clock trees finished successfully
synthesize_clock_trees
************************************************************
* CTS STEP: Design Initialization for Clock Synthesis
************************************************************
Information: All clock objects will be converted from ideal to propagated clock during CTS. (CTS-105)
Information: CTS will work on the following scenarios. (CTS-101)
   default	(Mode: default; Corner: default)
Information: CTS will work on all clocks in active scenarios, including 1 master clocks and 0 generated clocks. (CTS-107)
Information: Clock derating is disabled

CTS related app options set by user:
   cts.common.user_instance_name_prefix = CTS_
   cts.compile.enable_global_route = true
   cts.compile.remove_existing_clock_trees = true

Buffer/Inverter reference list for clock tree synthesis:
   saed90nm_max/NBUFFX16
   saed90nm_max/NBUFFX2
   saed90nm_max/NBUFFX4
   saed90nm_max/NBUFFX8
   saed90nm_max/IBUFFX16
   saed90nm_max/IBUFFX2
   saed90nm_max/IBUFFX4
   saed90nm_max/IBUFFX8
   saed90nm_max/INVX16
   saed90nm_max/INVX2
   saed90nm_max/INVX4
   saed90nm_max/INVX8
There is no CTS reference for ICG cells
Information: 'default' is identified as primary corner for initial clock tree building. (CTS-103)
Number of Site types in the design = 1
Setting up Chip Core
Chip Core shape: (100000 100000) (9191200 9172000)
Number of unique PDs = 1
Number of Power Domains = 1
Number of Voltage Areas = 1
Number of supply Nets = 2
Number of used supplies = 2
CTS NDR rule list:
   Clock: CLK (mode default); Net Type: sink;     Rule: default rule; Min Layer: M1; Max Layer: M3
   Clock: CLK (mode default); Net Type: internal; Rule: clk_network_NDR_internal; Min Layer: M3; Max Layer: M5
   Clock: CLK (mode default); Net Type: root;     Rule: clk_network_NDR_root; Min Layer: M5; Max Layer: M7

Clock cell spacing rule list:
   No clock cell spacing rule is found.
Information: The run time for design initialization is 0 hr : 0 min : 1.72 sec, cpu time is 0 hr : 0 min : 1.72 sec. (CTS-104)
************************************************************
* CTS STEP: Existing Clock Tree Removal
************************************************************

No buffer or inverter has been removed.
Information: The run time for existing clock tree removal is 0 hr : 0 min : 0.03 sec, cpu time is 0 hr : 0 min : 0.03 sec. (CTS-104)
************************************************************
* CTS STEP: Clock Tree Initialization
************************************************************

Start Auto-Exception Derivations...
 No internal pin was found.
 No conflict pin was found.
 No macro pin was found for clock balance point settings.
 No macro pin was found for disabling self arcs.
Use advanced legalizer engine : 0
Begin building search trees for block css_phy_tx_top.dlib:css_phy_tx_top_cts.design
Done building search trees for block css_phy_tx_top.dlib:css_phy_tx_top_cts.design (time 0s)
Warning: Routing direction of metal layer PO is neither "horizontal" nor "vertical".  PDC checks will not be performed on this layer. (PDC-003)
PDC app_options settings =========
	place.legalize.enable_prerouted_net_check: 1
	place.legalize.num_tracks_for_access_check: 1
	place.legalize.use_eol_spacing_for_access_check: 0
	place.legalize.allow_touch_track_for_access_check: 1
	place.legalize.reduce_conservatism_in_eol_check: 0
	place.legalize.preroute_shape_merge_distance: 0.0
	place.legalize.enable_non_preferred_direction_span_check: 0

Layer M1: cached 0 shapes out of 316 total shapes.
Layer M2: cached 0 shapes out of 0 total shapes.
Cached 28440 vias out of 103958 total vias.
Information: Legalizer's PDC rule check is enabled
Information: Legalizer's advanced rule check is enabled
Information: The run time for clock tree initialization is 0 hr : 0 min : 3.14 sec, cpu time is 0 hr : 0 min : 3.02 sec. (CTS-104)
Drc Mode Option: auto
Enable multi-thread Tasks, number of thread is 6
Information: The stitching and editing of coupling caps is turned OFF for design 'css_phy_tx_top.dlib:css_phy_tx_top_cts.design'. (TIM-125)
Information: The RC mode used is VR for design 'css_phy_tx_top'. (NEX-022)
Information: Update timing completed net estimation for all the timing graph nets (TIM-111)
Information: Net estimation statistics: timing graph nets = 32813, routed nets = 0, across physical hierarchy nets = 0, parasitics cached nets = 0, delay annotated nets = 0, parasitics annotated nets = 0, multi-voltage nets = 0. (TIM-112)
************************************************************
* CTS STEP: Clock Cell Relocation
************************************************************
A total of 0 clock cells have been relocated
Information: The run time for clock cell relocation is 0 hr : 0 min : 0.00 sec, cpu time is 0 hr : 0 min : 0.00 sec. (CTS-104)
Information: The run time for enable resynthesis is 0 hr : 0 min : 0.00 sec, cpu time is 0 hr : 0 min : 0.00 sec. (CTS-104)
************************************************************
* CTS STEP: Gate-By-Gate Clock Tree Synthesis
************************************************************
Warning: Cell contains tie connections which are not connected to real PG. (ZRT-511)
Warning: Ignore contact DIFFCON. (ZRT-015)
Turn off antenna since no rule is specified
Cell Min-Routing-Layer = M2
Cell Max-Routing-Layer = M7
Warning: Ignore 2 top cell ports with no pins. (ZRT-027)
Info: number of net_type_blockage: 0 
Warning: Contact VIA89's lower layer enclosure width does not satisfy end of line enclosure design rule. (ZRT-042)
Warning: Contact VIA89's upper layer enclosure width does not satisfy end of line enclosure design rule. (ZRT-042)
Warning: Contact VIA89's lower layer enclosure height does not satisfy end of line enclosure design rule. (ZRT-042)
Warning: Contact VIA89's upper layer enclosure height does not satisfy end of line enclosure design rule. (ZRT-042)
Warning: Contact VIA89C's lower layer enclosure height does not satisfy end of line enclosure design rule. (ZRT-042)
Warning: Contact VIA89C's upper layer enclosure width does not satisfy end of line enclosure design rule. (ZRT-042)
Warning: Contact VIA89C's lower layer enclosure width does not satisfy end of line enclosure design rule. (ZRT-042)
Warning: Contact VIA89C's upper layer enclosure height does not satisfy end of line enclosure design rule. (ZRT-042)
Via on layer (VIA1) needs more than one tracks
Warning: Layer M1 pitch 0.320 may be too small: wire/via-down 0.315, wire/via-up 0.330. (ZRT-026)
Via on layer (VIA1) needs more than one tracks
Warning: Layer M2 pitch 0.320 may be too small: wire/via-down 0.360, wire/via-up 0.320. (ZRT-026)
Global route buffer aware mode is ON.
-------------------------------------------------------------
 Gate level 1 clock tree synthesis
 driving pin = clk
 Clocks:
     CLK (default)
 Design rule constraints:
     max transition  = 1.000000
     max capacitance = 100.000000
 Number of load sinks = 9745
 Number of ignore points = 0
Information: Design Average RC for design css_phy_tx_top_cts  (NEX-011)
Information: r = 0.562500 ohm/um, via_r = 0.900000 ohm/cut, c = 0.097376 ff/um, cc = 0.000000 ff/um (X dir) (NEX-017)
Information: r = 0.562500 ohm/um, via_r = 0.900000 ohm/cut, c = 0.116036 ff/um, cc = 0.000000 ff/um (Y dir) (NEX-017)
 Added 328 Repeaters. Built 7 Repeater Levels
Information: The RC mode used is CTO for design 'css_phy_tx_top'. (NEX-022)
 Phase delay: clk : (1.265 1.033) : skew = 0.232
Information: The run time for gate-by-gate clock tree synthesis is 0 hr : 7 min : 52.75 sec, cpu time is 0 hr : 8 min : 44.30 sec. (CTS-104)
************************************************************
* CTS STEP: DRC Fixing Beyond Exceptions
************************************************************
Information: The run time for DRC fixing beyond exceptions is 0 hr : 0 min : 0.01 sec, cpu time is 0 hr : 0 min : 0.01 sec. (CTS-104)
There are 10 buffers and 318 inverters added (total area 3223.76) by Clock Tree Synthesis.
Turning off global route buffer aware mode.
************************************************************
* CTS STEP: Clock Net Global Routing
************************************************************
Performing initial clock net global routing ...
Loading parastics information to the router ...
parastics information loaded to the router.
Information: The net parasitics of block css_phy_tx_top are cleared. (TIM-123)
Total number of global routed clock nets: 329
Information: The run time for clock net global routing is 0 hr : 0 min : 1.17 sec, cpu time is 0 hr : 0 min : 1.44 sec. (CTS-104)
Begin building search trees for block css_phy_tx_top.dlib:css_phy_tx_top_cts.design
Done building search trees for block css_phy_tx_top.dlib:css_phy_tx_top_cts.design (time 0s)
Information: The stitching and editing of coupling caps is turned OFF for design 'css_phy_tx_top.dlib:css_phy_tx_top_cts.design'. (TIM-125)
Information: Design css_phy_tx_top_cts has 33143 nets, 329 global routed, 0 detail routed. (NEX-024)
Information: The RC mode used is CTO for design 'css_phy_tx_top'. (NEX-022)
Information: Update timing completed net estimation for all the timing graph nets (TIM-111)
Information: Net estimation statistics: timing graph nets = 33141, routed nets = 329, across physical hierarchy nets = 0, parasitics cached nets = 329, delay annotated nets = 0, parasitics annotated nets = 0, multi-voltage nets = 0. (TIM-112)
************************************************************
* CTS STEP: Pre-Optimization DRC Fixing
************************************************************
-------------------------------------------------------------
Fixing clock: CLK mode: default root: clk

Clock QoR Before Fixing Clock Tree DRC Violation ...
Clock: CLK, Mode: default, Root: clk
Information: CTS QoR Pre Initial DRC Fixing: GlobalSkew = 0.2504; ID = 1.2881; NetsWithDRC = 0; Worst Tran/Cap cost = 0.0000/0.0000; ClockBufArea = 3223.7568; ClockCellArea = 3223.7568; Clock = CLK; Mode = default; Corner = default; ClockRoot = clk. (CTS-037)

Starting fixing clock tree DRC Violation ...
Resized 0 cell(s), relocated 0 cell(s), cloned 0 cell(s) and inserted 0 buffer(s)/inverter(s)
Cloned 0 non-repeater gate(s)
Ran incremental ZGR 0 time(s) for 0 net(s) and restored ZGR 0 time(s) for 0 net(s)
Clock QoR After Fixing Pre-Opt DRC Violation:
Clock: CLK, Mode: default, Root: clk
Information: CTS QoR Post Initial DRC Fixing: GlobalSkew = 0.2504; ID = 1.2881; NetsWithDRC = 0; Worst Tran/Cap cost = 0.0000/0.0000; ClockBufArea = 3223.7568; ClockCellArea = 3223.7568; Clock = CLK; Mode = default; Corner = default; ClockRoot = clk. (CTS-037)
The elapsed time for fixing DRC violation is 0 hr : 0 min : 0.14 sec, cpu time is 0 hr : 0 min : 0.19 sec.
Information: The run time for pre-optimization DRC fixing is 0 hr : 0 min : 0.14 sec, cpu time is 0 hr : 0 min : 0.19 sec. (CTS-104)
************************************************************
* CTS STEP: Skew Latency Optimization and Area Recovery
************************************************************
-------------------------------------------------------------
Optimizing clock tree
clock: CLK mode: default root: clk
Clock QoR Before Optimization:
Clock: CLK, Mode: default, Root: clk
Information: CTS QoR Pre Optimization: GlobalSkew = 0.2504; ID = 1.2881; NetsWithDRC = 0; Worst Tran/Cap cost = 0.0000/0.0000; ClockBufArea = 3223.7568; ClockCellArea = 3223.7568; Clock = CLK; Mode = default; Corner = default; ClockRoot = clk. (CTS-037)

Begin Network Flow Based Optimization:
Error: Failed to disconnect pin 'CTS_cto_buf_cln_19703/INP' from net 'ctsbuf_net_329404' in routing update. (CTS-049)
Begin building search trees for block css_phy_tx_top.dlib:css_phy_tx_top_cts.design
Done building search trees for block css_phy_tx_top.dlib:css_phy_tx_top_cts.design (time 0s)
Default network flow optimizer made 43 successful improvements out of 142 iterations
Resized 26, relocated 9, deleted 0, inserted 5, sizeUp Relocated 0 cells
The elapsed time for network flow optimization is 0 hr : 0 min : 5.20 sec, cpu time is 0 hr : 0 min : 13.02 sec.
Ran incremental ZGR 131 time(s) for 241 net(s) and restored ZGR 78 time(s) for 126 net(s)
Clock Qor After Network Flow Optimization:
Clock: CLK, Mode: default, Root: clk
Information: CTS QoR Post Optimization: GlobalSkew = 0.1796; ID = 1.2431; NetsWithDRC = 0; Worst Tran/Cap cost = 0.0000/0.0000; ClockBufArea = 3144.4993; ClockCellArea = 3144.4993; Clock = CLK; Mode = default; Corner = default; ClockRoot = clk. (CTS-037)

Begin Layer Optimization:

Beginning layer optimization ...
Clock CLK: 244 nets unchanged because they are on two layers (skipped)
Clock CLK: 90 nets unchanged because there is no cap variation on their layers
Clock CLK: 0 nets have their layers changed
All clocks: total net count: 334
All clocks: total committed/restored net count: 0/0
All clocks: total count of nets with two layers: 244 (skipped)
All clocks: total count of nets with unchanged layers: 90

Ending layer optimization ...

The elapsed time for layer optimization is 0 hr : 0 min : 0.47 sec, cpu time is 0 hr : 0 min : 0.63 sec.
Ran incremental ZGR 0 time(s) for 0 net(s) and restored ZGR 0 time(s) for 0 net(s)
Clock Qor After Layer Optimization:
Clock: CLK, Mode: default, Root: clk
Information: CTS QoR Post Optimization: GlobalSkew = 0.1796; ID = 1.2431; NetsWithDRC = 0; Worst Tran/Cap cost = 0.0000/0.0000; ClockBufArea = 3144.4993; ClockCellArea = 3144.4993; Clock = CLK; Mode = default; Corner = default; ClockRoot = clk. (CTS-037)

Begin Area Recovery Buffer Removal:
AR: deleted 0 cell(s)
Ran incremental ZGR 1 time(s) for 1 net(s) and restored ZGR 0 time(s) for 0 net(s)
Clock QoR After Area Recovery Removal:
Clock: CLK, Mode: default, Root: clk
Information: CTS QoR Post Area Recovery: GlobalSkew = 0.1796; ID = 1.2431; NetsWithDRC = 0; Worst Tran/Cap cost = 0.0000/0.0000; ClockBufArea = 3144.4993; ClockCellArea = 3144.4993; Clock = CLK; Mode = default; Corner = default; ClockRoot = clk. (CTS-037)

Begin Area Recovery Resizing:
AR: resized 31 out of 330 cell(s)
Ran incremental ZGR 20 time(s) for 51 net(s) and restored ZGR 0 time(s) for 0 net(s)
Clock QoR After Area Recovery Resizing:
Clock: CLK, Mode: default, Root: clk
Information: CTS QoR Post Area Recovery: GlobalSkew = 0.1790; ID = 1.2425; NetsWithDRC = 0; Worst Tran/Cap cost = 0.0000/0.0000; ClockBufArea = 2984.1409; ClockCellArea = 2984.1409; Clock = CLK; Mode = default; Corner = default; ClockRoot = clk. (CTS-037)
The elapsed time for area recovery is 0 hr : 0 min : 1.57 sec, cpu time is 0 hr : 0 min : 3.07 sec.
The elapsed time for optimization of clock tree is 0 hr : 0 min : 7.42 sec, cpu time is 0 hr : 0 min : 17.10 sec.
Information: The run time for skew latency optimization is 0 hr : 0 min : 7.42 sec, cpu time is 0 hr : 0 min : 17.10 sec. (CTS-104)
************************************************************
* CTS STEP: Post-Optimization DRC Fixing
************************************************************
-------------------------------------------------------------
Fixing clock: CLK mode: default root: clk
Resized 0 cell(s), relocated 0 cell(s), cloned 0 cell(s) and inserted 0 buffer(s)/inverter(s)
Cloned 0 non-repeater gate(s)
Ran incremental ZGR 0 time(s) for 0 net(s) and restored ZGR 0 time(s) for 0 net(s)
Clock QoR After Fixing Post-Opt DRC Violation:
Clock: CLK, Mode: default, Root: clk
Information: CTS QoR Post Final DRC Fixing: GlobalSkew = 0.1790; ID = 1.2425; NetsWithDRC = 0; Worst Tran/Cap cost = 0.0000/0.0000; ClockBufArea = 2984.1409; ClockCellArea = 2984.1409; Clock = CLK; Mode = default; Corner = default; ClockRoot = clk. (CTS-037)
The elapsed time for fixing DRC violation is 0 hr : 0 min : 0.17 sec, cpu time is 0 hr : 0 min : 0.31 sec.
Information: The run time for post-optimization DRC fixing is 0 hr : 0 min : 0.17 sec, cpu time is 0 hr : 0 min : 0.31 sec. (CTS-104)
All together, ran incremental ZGR 152 time(s) for 293 net(s) and restoring ZGR invoked 78 time(s) for 126 net(s)
There are 6 buffers added and 0 inverters added by Clock Tree Optimization.
************************************************************
* CTS STEP: Postlude
************************************************************
Mark clock trees...
Marking clock synthesized attributes

nplDplc2Placer::setParam(effort,1)
nplDplc2Placer::setParam(debug,0)
nplDplc2Placer::setParam(site_check,2)
nplDplc2Placer::setParam(app_firm_wgt,0)
Warning: Routing direction of metal layer PO is neither "horizontal" nor "vertical".  PDC checks will not be performed on this layer. (PDC-003)
PDC app_options settings =========
	place.legalize.enable_prerouted_net_check: 1
	place.legalize.num_tracks_for_access_check: 1
	place.legalize.use_eol_spacing_for_access_check: 0
	place.legalize.allow_touch_track_for_access_check: 1
	place.legalize.reduce_conservatism_in_eol_check: 0
	place.legalize.preroute_shape_merge_distance: 0.0
	place.legalize.enable_non_preferred_direction_span_check: 0

Layer M1: cached 0 shapes out of 5262 total shapes.
Layer M2: cached 0 shapes out of 8516 total shapes.
Cached 28440 vias out of 127238 total vias.

Legalizing Top Level Design css_phy_tx_top ... 
Warning: Routing direction of metal layer PO is neither "horizontal" nor "vertical".  PDC checks will not be performed on this layer. (PDC-003)
=====> Processed 60 ref cells (0 fillers) from library

Initial legalization


Bounds/Regions In This Design:
        Area    Num Cells  Exclusive Name
 (square um)
      824754        32867        Yes DEFAULT_VA

Warning: max_legality_failures=5000 ignored.
	To use it, set limit_legality_checks to true.
Warning: max_legality_check_range=500 ignored.
	To use it, set limit_legality_checks to true.
Starting legalizer.
Warning: Exclusive bound 'DEFAULT' has no cells.
Optimizing Exclusive Bound 'DEFAULT_VA' (2/2)
    Done Exclusive Bound 'DEFAULT_VA' (2/2) (3 sec)
Legalization complete (6 total sec)

****************************************
  Report : Placement Attempts
  Site   : unit
****************************************

number of cells:                  32867
number of references:                60
number of site rows:                315
number of locations attempted:   454914
number of locations failed:           0  (0.0%)

Legality of references at locations:
0 references had failures.

Legality of references in rows:
0 references had row failures.

****************************************
  Report : Cell Displacements
****************************************

number of cells aggregated:       22788 (243833 total sites)
avg row height over cells:        2.880 um
rms cell displacement:            0.265 um ( 0.09 row height)
rms weighted cell displacement:   0.265 um ( 0.09 row height)
max cell displacement:            5.120 um ( 1.78 row height)
avg cell displacement:            0.028 um ( 0.01 row height)
avg weighted cell displacement:   0.028 um ( 0.01 row height)
number of cells moved:              337
number of large displacements:        0
large displacement threshold:     3.000 row height

Displacements of worst 10 cells:
Cell: u_form_ppdu/U7725 (MUX21X1)
  Input location: (834.96,191.44)
  Legal location: (829.84,191.44)
  Displacement:   5.120 um ( 1.78 row height)
Cell: u_controller/U1306 (MUX21X1)
  Input location: (871.12,681.04)
  Legal location: (874.64,678.16)
  Displacement:   4.548 um ( 1.58 row height)
Cell: u_form_ppdu/U3967 (AO22X1)
  Input location: (492.24,24.4)
  Legal location: (495.44,27.28)
  Displacement:   4.305 um ( 1.49 row height)
Cell: u_form_ppdu/U6410 (MUX21X1)
  Input location: (659.92,249.04)
  Legal location: (662.8,246.16)
  Displacement:   4.073 um ( 1.41 row height)
Cell: U6270 (AO22X1)
  Input location: (35.6,591.76)
  Legal location: (33.04,588.88)
  Displacement:   3.853 um ( 1.34 row height)
Cell: u_form_ppdu/U7675 (MUX21X1)
  Input location: (532.56,142.48)
  Legal location: (530,139.6)
  Displacement:   3.853 um ( 1.34 row height)
Cell: u_form_ppdu/U8496 (MUX21X1)
  Input location: (668.56,367.12)
  Legal location: (666.32,364.24)
  Displacement:   3.649 um ( 1.27 row height)
Cell: u_controller/U408 (AND2X1)
  Input location: (864.72,793.36)
  Legal location: (866.96,790.48)
  Displacement:   3.649 um ( 1.27 row height)
Cell: u_form_ppdu/U6101 (MUX21X1)
  Input location: (575.44,260.56)
  Legal location: (578.96,260.56)
  Displacement:   3.520 um ( 1.22 row height)
Cell: u_controller/U1557 (MUX21X1)
  Input location: (688.08,753.04)
  Legal location: (686.16,750.16)
  Displacement:   3.461 um ( 1.20 row height)


Finding violations for search and repair.
Design has no advanced rules
Checking legality
Checking cell legality:
0%....10%....20%....30%....40%....50%....60%....70%....80%....90%....100%
Sorting rows.
Checking spacing rule legality.
0%....10%....20%....30%....40%....50%....60%....70%....80%....90%....100%
Checking packing rule legality.


There are 0 movable cell violations.
Done.

 Successfully legalize placement.
Information: The run time for postlude is 0 hr : 0 min : 10.38 sec, cpu time is 0 hr : 0 min : 10.16 sec. (CTS-104)
************************************************************
* CTS STEP: Summary report
************************************************************
There are 335 flat clock tree nets.
There are 334 non-sink instances (total area 2984.14) on clock trees including 0 instances dont_touch.
Clock tree synthesize and optimization added 16 buffers and 318 inverters (total area 2984.14).
 Compilation of clock trees finished successfully
 Run time for cts 00:07:29.37u 00:01:53.41s 00:08:19.91e: 

Summary of messages during CTS:
===============================================================
  Tag   Count  Type           Description
---------------------------------------------------------------
CTS-049    1  Error    Failed to disconnect pin '%s' from net '%s' in routing ...
1

No clock balance group was found, so skip the balance
Information: The stitching and editing of coupling caps is turned OFF for design 'css_phy_tx_top.dlib:css_phy_tx_top_cts.design'. (TIM-125)
Number of Site types in the design = 1
Setting up Chip Core
Chip Core shape: (100000 100000) (9191200 9172000)
Number of unique PDs = 1
Number of Power Domains = 1
Number of Voltage Areas = 1
Number of supply Nets = 2
Number of used supplies = 2
Use advanced legalizer engine : 0
Information: Current block utilization is '0.57450', effective utilization is '0.57478'. (OPT-055)
Information: Design Average RC for design css_phy_tx_top_cts  (NEX-011)
Information: r = 0.562500 ohm/um, via_r = 0.900000 ohm/cut, c = 0.098434 ff/um, cc = 0.000000 ff/um (X dir) (NEX-017)
Information: r = 0.562500 ohm/um, via_r = 0.900000 ohm/cut, c = 0.117455 ff/um, cc = 0.000000 ff/um (Y dir) (NEX-017)
Information: Update timing completed net estimation for all the timing graph nets (TIM-111)
Information: Net estimation statistics: timing graph nets = 33147, routed nets = 335, across physical hierarchy nets = 0, parasitics cached nets = 33147, delay annotated nets = 0, parasitics annotated nets = 0, multi-voltage nets = 0. (TIM-112)

    Scenario default  WNS = 0.000000, TNS = 0.000000, NVP = 0

     ELAPSED  WORST NEG TOTAL NEG              MAX       MAX     BUFFER    INVERTER   LVTH      LVTH      PEAK   
      TIME      SLACK     SLACK     AREA    TRAN COST CAP COST    COUNT     COUNT     COUNT    PERCENT   MEMORY  
    --------- --------- --------- --------- --------- --------- --------- --------- --------- --------- ---------
      0:08:43     0.000     0.000 4.741e+05     0.000     0.000      2794      1990         0     0.000       683 



Information: The net parasitics of block css_phy_tx_top are cleared. (TIM-123)
Information: Running auto PG connection. (NDM-099)
1
clock_opt -from  route_clock -to route_clock
Use advanced legalizer engine : 0
Warning: the app option 'time.si_enable_analysis' should not be set to be true in pre-route stage, enforce it to be false temporarily. (OPT-215)
Information: The stitching and editing of coupling caps is turned OFF for design 'css_phy_tx_top.dlib:css_phy_tx_top_cts.design'. (TIM-125)
Information: Design css_phy_tx_top_cts has 33149 nets, 335 global routed, 0 detail routed. (NEX-024)
Number of Site types in the design = 1
Setting up Chip Core
Chip Core shape: (100000 100000) (9191200 9172000)
Number of unique PDs = 1
Number of Power Domains = 1
Number of Voltage Areas = 1
Number of supply Nets = 2
Number of used supplies = 2

Running clock routing step.
set_app_options -as_user_default -list {route.global.global_route_topology_style 1}
route.global.global_route_topology_style 1
route_group -all_clock_nets -reuse_existing_global_route true
Warning: Cell contains tie connections which are not connected to real PG. (ZRT-511)
Warning: Ignore contact DIFFCON. (ZRT-015)
Turn off antenna since no rule is specified
Cell Min-Routing-Layer = M2
Cell Max-Routing-Layer = M7
Warning: Ignore 2 top cell ports with no pins. (ZRT-027)
Info: number of net_type_blockage: 0 
Warning: Contact VIA89's lower layer enclosure width does not satisfy end of line enclosure design rule. (ZRT-042)
Warning: Contact VIA89's upper layer enclosure width does not satisfy end of line enclosure design rule. (ZRT-042)
Warning: Contact VIA89's lower layer enclosure height does not satisfy end of line enclosure design rule. (ZRT-042)
Warning: Contact VIA89's upper layer enclosure height does not satisfy end of line enclosure design rule. (ZRT-042)
Warning: Contact VIA89C's lower layer enclosure height does not satisfy end of line enclosure design rule. (ZRT-042)
Warning: Contact VIA89C's upper layer enclosure width does not satisfy end of line enclosure design rule. (ZRT-042)
Warning: Contact VIA89C's lower layer enclosure width does not satisfy end of line enclosure design rule. (ZRT-042)
Warning: Contact VIA89C's upper layer enclosure height does not satisfy end of line enclosure design rule. (ZRT-042)
Via on layer (VIA1) needs more than one tracks
Warning: Layer M1 pitch 0.320 may be too small: wire/via-down 0.315, wire/via-up 0.330. (ZRT-026)
Via on layer (VIA1) needs more than one tracks
Warning: Layer M2 pitch 0.320 may be too small: wire/via-down 0.360, wire/via-up 0.320. (ZRT-026)
Start Global Route ... 
[Init] Elapsed real time: 0:00:00 
[Init] Elapsed cpu  time: sys=0:00:00 usr=0:00:00 total=0:00:00
[Init] Stage (MB): Used    0  Alloctr    0  Proc    0 
[Init] Total (MB): Used  102  Alloctr  104  Proc 1886 
GR will route in ATREE-style.
Printing options for 'route.common.*'

Printing options for 'route.global.*'
global.deterministic                                    :	 off                 
global.global_route_topology_style                      :	 1                   
global.placement_timing_driven_mode                     :	 false               
global.timing_driven                                    :	 false               

Begin global routing.
Loading parastics information to the router ...
parastics information loaded to the router.
Constructing data structure ...
Design statistics:
Design Bounding Box (0.00,0.00,929.12,927.20)
Number of routing layers = 9
layer M1, dir Hor, min width = 0.14, min space = 0.14 pitch = 0.32
layer M2, dir Ver, min width = 0.16, min space = 0.16 pitch = 0.32
layer M3, dir Hor, min width = 0.16, min space = 0.16 pitch = 0.64
layer M4, dir Ver, min width = 0.16, min space = 0.16 pitch = 0.64
layer M5, dir Hor, min width = 0.16, min space = 0.16 pitch = 1.28
layer M6, dir Ver, min width = 0.16, min space = 0.16 pitch = 1.28
layer M7, dir Hor, min width = 0.16, min space = 0.16 pitch = 2.56
layer M8, dir Ver, min width = 0.16, min space = 0.16 pitch = 3.84
layer M9, dir Hor, min width = 0.45, min space = 0.45 pitch = 5.12
Current Stage stats:
[End of Build Tech Data] Elapsed real time: 0:00:00 
[End of Build Tech Data] Elapsed cpu  time: sys=0:00:00 usr=0:00:00 total=0:00:00
[End of Build Tech Data] Stage (MB): Used    2  Alloctr    2  Proc    0 
[End of Build Tech Data] Total (MB): Used  105  Alloctr  106  Proc 1886 
Net statistics:
Total number of nets     = 33150
Number of nets to route  = 335
Number of single or zero port nets = 1
Number of nets with min-layer-mode soft = 335
Number of nets with min-layer-mode soft-cost-medium = 335
Number of nets with max-layer-mode hard = 334
337 nets are fully connected,
 of which 2 are detail routed and 335 are global routed.
90 nets have non-default rule clk_network_NDR_internal
1 nets have non-default rule clk_network_NDR_root
Current Stage stats:
[End of Build All Nets] Elapsed real time: 0:00:00 
[End of Build All Nets] Elapsed cpu  time: sys=0:00:00 usr=0:00:00 total=0:00:00
[End of Build All Nets] Stage (MB): Used   11  Alloctr   11  Proc    0 
[End of Build All Nets] Total (MB): Used  116  Alloctr  117  Proc 1886 
Average gCell capacity  2.40	 on layer (1)	 M1
Average gCell capacity  7.90	 on layer (2)	 M2
Average gCell capacity  4.09	 on layer (3)	 M3
Average gCell capacity  4.01	 on layer (4)	 M4
Average gCell capacity  2.06	 on layer (5)	 M5
Average gCell capacity  2.07	 on layer (6)	 M6
Average gCell capacity  1.04	 on layer (7)	 M7
Average gCell capacity  0.49	 on layer (8)	 M8
Average gCell capacity  0.00	 on layer (9)	 M9
Average number of tracks per gCell 9.03	 on layer (1)	 M1
Average number of tracks per gCell 9.02	 on layer (2)	 M2
Average number of tracks per gCell 4.52	 on layer (3)	 M3
Average number of tracks per gCell 4.51	 on layer (4)	 M4
Average number of tracks per gCell 2.26	 on layer (5)	 M5
Average number of tracks per gCell 2.26	 on layer (6)	 M6
Average number of tracks per gCell 1.13	 on layer (7)	 M7
Average number of tracks per gCell 0.76	 on layer (8)	 M8
Average number of tracks per gCell 0.57	 on layer (9)	 M9
Number of gCells = 930258
Current Stage stats:
[End of Build Congestion map] Elapsed real time: 0:00:01 
[End of Build Congestion map] Elapsed cpu  time: sys=0:00:00 usr=0:00:01 total=0:00:01
[End of Build Congestion map] Stage (MB): Used   11  Alloctr   12  Proc    0 
[End of Build Congestion map] Total (MB): Used  128  Alloctr  129  Proc 1886 
Information: RC layer preference is turned off for this design. (ZRT-613)
Total stats:
[End of Build Data] Elapsed real time: 0:00:01 
[End of Build Data] Elapsed cpu  time: sys=0:00:00 usr=0:00:01 total=0:00:01
[End of Build Data] Stage (MB): Used   25  Alloctr   25  Proc    0 
[End of Build Data] Total (MB): Used  128  Alloctr  130  Proc 1886 
Current Stage stats:
[End of Blocked Pin Detection] Elapsed real time: 0:00:00 
[End of Blocked Pin Detection] Elapsed cpu  time: sys=0:00:00 usr=0:00:00 total=0:00:00
[End of Blocked Pin Detection] Stage (MB): Used    0  Alloctr    0  Proc    0 
[End of Blocked Pin Detection] Total (MB): Used  128  Alloctr  130  Proc 1886 
Information: Using 6 threads for routing. (ZRT-444)
multi gcell levels ON

Start GR phase 0
Current Stage stats:
[End of Initial Routing] Elapsed real time: 0:00:00 
[End of Initial Routing] Elapsed cpu  time: sys=0:00:00 usr=0:00:00 total=0:00:00
[End of Initial Routing] Stage (MB): Used    0  Alloctr    0  Proc    0 
[End of Initial Routing] Total (MB): Used  128  Alloctr  130  Proc 1886 
Initial. Routing result:
Initial. Both Dirs: Overflow =    46 Max = 3 GRCs =   146 (0.07%)
Initial. H routing: Overflow =    11 Max = 1 (GRCs = 20) GRCs =    20 (0.02%)
Initial. V routing: Overflow =    35 Max = 3 (GRCs =  5) GRCs =   126 (0.12%)
Initial. M1         Overflow =     9 Max = 1 (GRCs = 11) GRCs =    11 (0.01%)
Initial. M2         Overflow =    35 Max = 3 (GRCs =  5) GRCs =   125 (0.12%)
Initial. M3         Overflow =     1 Max = 1 (GRCs =  9) GRCs =     9 (0.01%)
Initial. M4         Overflow =     0 Max = 1 (GRCs =  1) GRCs =     1 (0.00%)
Initial. M5         Overflow =     0 Max = 0 (GRCs =  0) GRCs =     0 (0.00%)
Initial. M6         Overflow =     0 Max = 0 (GRCs =  0) GRCs =     0 (0.00%)
Initial. M7         Overflow =     0 Max = 0 (GRCs =  0) GRCs =     0 (0.00%)
Initial. M8         Overflow =     0 Max = 0 (GRCs =  0) GRCs =     0 (0.00%)
Initial. M9         Overflow =     0 Max = 0 (GRCs =  0) GRCs =     0 (0.00%)

Initial. Total Wire Length = 110150.63
Initial. Layer M1 wire length = 3430.71
Initial. Layer M2 wire length = 43205.78
Initial. Layer M3 wire length = 51701.10
Initial. Layer M4 wire length = 11003.73
Initial. Layer M5 wire length = 480.52
Initial. Layer M6 wire length = 328.80
Initial. Layer M7 wire length = 0.00
Initial. Layer M8 wire length = 0.00
Initial. Layer M9 wire length = 0.00
Initial. Total Number of Contacts = 23280
Initial. Via VIA12C count = 10473
Initial. Via VIA23C count = 12284
Initial. Via VIA34C count = 507
Initial. Via VIA45C count = 14
Initial. Via VIA56C count = 2
Initial. Via VIA67C count = 0
Initial. Via VIA78C count = 0
Initial. Via VIA89C count = 0
Initial. completed.

Start GR phase 1
Current Stage stats:
[End of Phase1 Routing] Elapsed real time: 0:00:00 
[End of Phase1 Routing] Elapsed cpu  time: sys=0:00:00 usr=0:00:00 total=0:00:00
[End of Phase1 Routing] Stage (MB): Used    0  Alloctr    0  Proc    0 
[End of Phase1 Routing] Total (MB): Used  128  Alloctr  130  Proc 1886 
phase1. Routing result:
phase1. Both Dirs: Overflow =    41 Max = 3 GRCs =   134 (0.06%)
phase1. H routing: Overflow =     6 Max = 1 (GRCs = 10) GRCs =    10 (0.01%)
phase1. V routing: Overflow =    34 Max = 3 (GRCs =  5) GRCs =   124 (0.12%)
phase1. M1         Overflow =     5 Max = 1 (GRCs =  7) GRCs =     7 (0.01%)
phase1. M2         Overflow =    34 Max = 3 (GRCs =  5) GRCs =   124 (0.12%)
phase1. M3         Overflow =     0 Max = 1 (GRCs =  3) GRCs =     3 (0.00%)
phase1. M4         Overflow =     0 Max = 0 (GRCs =  0) GRCs =     0 (0.00%)
phase1. M5         Overflow =     0 Max = 0 (GRCs =  0) GRCs =     0 (0.00%)
phase1. M6         Overflow =     0 Max = 0 (GRCs =  0) GRCs =     0 (0.00%)
phase1. M7         Overflow =     0 Max = 0 (GRCs =  0) GRCs =     0 (0.00%)
phase1. M8         Overflow =     0 Max = 0 (GRCs =  0) GRCs =     0 (0.00%)
phase1. M9         Overflow =     0 Max = 0 (GRCs =  0) GRCs =     0 (0.00%)

phase1. Total Wire Length = 110136.55
phase1. Layer M1 wire length = 3417.53
phase1. Layer M2 wire length = 43205.95
phase1. Layer M3 wire length = 51700.17
phase1. Layer M4 wire length = 11003.58
phase1. Layer M5 wire length = 480.52
phase1. Layer M6 wire length = 328.80
phase1. Layer M7 wire length = 0.00
phase1. Layer M8 wire length = 0.00
phase1. Layer M9 wire length = 0.00
phase1. Total Number of Contacts = 23285
phase1. Via VIA12C count = 10472
phase1. Via VIA23C count = 12286
phase1. Via VIA34C count = 511
phase1. Via VIA45C count = 14
phase1. Via VIA56C count = 2
phase1. Via VIA67C count = 0
phase1. Via VIA78C count = 0
phase1. Via VIA89C count = 0
phase1. completed.

Start GR phase 2
Current Stage stats:
[End of Phase2 Routing] Elapsed real time: 0:00:00 
[End of Phase2 Routing] Elapsed cpu  time: sys=0:00:00 usr=0:00:00 total=0:00:00
[End of Phase2 Routing] Stage (MB): Used    0  Alloctr    0  Proc    0 
[End of Phase2 Routing] Total (MB): Used  128  Alloctr  130  Proc 1886 
phase2. Routing result:
phase2. Both Dirs: Overflow =    16 Max = 2 GRCs =    20 (0.01%)
phase2. H routing: Overflow =     5 Max = 1 (GRCs =  7) GRCs =     7 (0.01%)
phase2. V routing: Overflow =    11 Max = 2 (GRCs =  5) GRCs =    13 (0.01%)
phase2. M1         Overflow =     5 Max = 1 (GRCs =  7) GRCs =     7 (0.01%)
phase2. M2         Overflow =    11 Max = 2 (GRCs =  5) GRCs =    13 (0.01%)
phase2. M3         Overflow =     0 Max = 0 (GRCs =  0) GRCs =     0 (0.00%)
phase2. M4         Overflow =     0 Max = 0 (GRCs =  0) GRCs =     0 (0.00%)
phase2. M5         Overflow =     0 Max = 0 (GRCs =  0) GRCs =     0 (0.00%)
phase2. M6         Overflow =     0 Max = 0 (GRCs =  0) GRCs =     0 (0.00%)
phase2. M7         Overflow =     0 Max = 0 (GRCs =  0) GRCs =     0 (0.00%)
phase2. M8         Overflow =     0 Max = 0 (GRCs =  0) GRCs =     0 (0.00%)
phase2. M9         Overflow =     0 Max = 0 (GRCs =  0) GRCs =     0 (0.00%)

phase2. Total Wire Length = 110136.55
phase2. Layer M1 wire length = 3417.54
phase2. Layer M2 wire length = 43205.95
phase2. Layer M3 wire length = 51700.18
phase2. Layer M4 wire length = 11003.58
phase2. Layer M5 wire length = 480.52
phase2. Layer M6 wire length = 328.80
phase2. Layer M7 wire length = 0.00
phase2. Layer M8 wire length = 0.00
phase2. Layer M9 wire length = 0.00
phase2. Total Number of Contacts = 23285
phase2. Via VIA12C count = 10472
phase2. Via VIA23C count = 12286
phase2. Via VIA34C count = 511
phase2. Via VIA45C count = 14
phase2. Via VIA56C count = 2
phase2. Via VIA67C count = 0
phase2. Via VIA78C count = 0
phase2. Via VIA89C count = 0
phase2. completed.

Start GR phase 3
Current Stage stats:
[End of Phase3 Routing] Elapsed real time: 0:00:00 
[End of Phase3 Routing] Elapsed cpu  time: sys=0:00:00 usr=0:00:00 total=0:00:00
[End of Phase3 Routing] Stage (MB): Used    0  Alloctr    0  Proc    0 
[End of Phase3 Routing] Total (MB): Used  128  Alloctr  129  Proc 1886 
phase3. Routing result:
phase3. Both Dirs: Overflow =    16 Max = 2 GRCs =    20 (0.01%)
phase3. H routing: Overflow =     5 Max = 1 (GRCs =  7) GRCs =     7 (0.01%)
phase3. V routing: Overflow =    11 Max = 2 (GRCs =  5) GRCs =    13 (0.01%)
phase3. M1         Overflow =     5 Max = 1 (GRCs =  7) GRCs =     7 (0.01%)
phase3. M2         Overflow =    11 Max = 2 (GRCs =  5) GRCs =    13 (0.01%)
phase3. M3         Overflow =     0 Max = 0 (GRCs =  0) GRCs =     0 (0.00%)
phase3. M4         Overflow =     0 Max = 0 (GRCs =  0) GRCs =     0 (0.00%)
phase3. M5         Overflow =     0 Max = 0 (GRCs =  0) GRCs =     0 (0.00%)
phase3. M6         Overflow =     0 Max = 0 (GRCs =  0) GRCs =     0 (0.00%)
phase3. M7         Overflow =     0 Max = 0 (GRCs =  0) GRCs =     0 (0.00%)
phase3. M8         Overflow =     0 Max = 0 (GRCs =  0) GRCs =     0 (0.00%)
phase3. M9         Overflow =     0 Max = 0 (GRCs =  0) GRCs =     0 (0.00%)

phase3. Total Wire Length = 110136.55
phase3. Layer M1 wire length = 3417.53
phase3. Layer M2 wire length = 43205.94
phase3. Layer M3 wire length = 51700.17
phase3. Layer M4 wire length = 11003.58
phase3. Layer M5 wire length = 480.52
phase3. Layer M6 wire length = 328.80
phase3. Layer M7 wire length = 0.00
phase3. Layer M8 wire length = 0.00
phase3. Layer M9 wire length = 0.00
phase3. Total Number of Contacts = 23285
phase3. Via VIA12C count = 10472
phase3. Via VIA23C count = 12286
phase3. Via VIA34C count = 511
phase3. Via VIA45C count = 14
phase3. Via VIA56C count = 2
phase3. Via VIA67C count = 0
phase3. Via VIA78C count = 0
phase3. Via VIA89C count = 0
phase3. completed.
[End of Whole Chip Routing] Elapsed real time: 0:00:01 
[End of Whole Chip Routing] Elapsed cpu  time: sys=0:00:00 usr=0:00:02 total=0:00:02
[End of Whole Chip Routing] Stage (MB): Used   25  Alloctr   25  Proc    0 
[End of Whole Chip Routing] Total (MB): Used  128  Alloctr  129  Proc 1886 

Information: Global Routing terminated early: false (ZRT-103)

Congestion utilization per direction:
Average vertical track utilization   =  1.88 %
Peak    vertical track utilization   = 85.71 %
Average horizontal track utilization =  2.32 %
Peak    horizontal track utilization = 75.00 %

Current Stage stats:
[GR: Done] Elapsed real time: 0:00:00 
[GR: Done] Elapsed cpu  time: sys=0:00:00 usr=0:00:00 total=0:00:00
[GR: Done] Stage (MB): Used  -10  Alloctr  -10  Proc    0 
[GR: Done] Total (MB): Used  118  Alloctr  120  Proc 1886 
GR Total stats:
[GR: Done] Elapsed real time: 0:00:01 
[GR: Done] Elapsed cpu  time: sys=0:00:00 usr=0:00:02 total=0:00:02
[GR: Done] Stage (MB): Used   16  Alloctr   16  Proc    0 
[GR: Done] Total (MB): Used  118  Alloctr  120  Proc 1886 
Updating congestion ...
Updating congestion ...
Final total stats:
[End of Global Routing] Elapsed real time: 0:00:01 
[End of Global Routing] Elapsed cpu  time: sys=0:00:00 usr=0:00:02 total=0:00:02
[End of Global Routing] Stage (MB): Used    0  Alloctr    0  Proc    0 
[End of Global Routing] Total (MB): Used  102  Alloctr  104  Proc 1886 

Start track assignment

Printing options for 'route.common.*'

Printing options for 'route.track.*'
track.timing_driven                                     :	 false               

Information: Using 6 threads for routing. (ZRT-444)
Information: RC layer preference is turned off for this design. (ZRT-613)

[Track Assign: Read routes] Elapsed real time: 0:00:00 
[Track Assign: Read routes] Elapsed cpu  time: sys=0:00:00 usr=0:00:00 total=0:00:00
[Track Assign: Read routes] Stage (MB): Used    7  Alloctr    7  Proc    0 
[Track Assign: Read routes] Total (MB): Used  105  Alloctr  107  Proc 1886 

Start initial assignment

Assign Horizontal partitions, iteration 0
Routed partition 1/33      
Routed partition 2/33      
Routed partition 3/33      
Routed partition 4/33      
Routed partition 5/33      
Routed partition 6/33      
Routed partition 7/33      
Routed partition 9/33      
Routed partition 9/33      
Routed partition 10/33     
Routed partition 11/33     
Routed partition 12/33     
Routed partition 13/33     
Routed partition 14/33     
Routed partition 15/33     
Routed partition 18/33     
Routed partition 18/33     
Routed partition 18/33     
Routed partition 19/33     
Routed partition 20/33     
Routed partition 21/33     
Routed partition 22/33     
Routed partition 23/33     
Routed partition 24/33     
Routed partition 25/33     
Routed partition 26/33     
Routed partition 27/33     
Routed partition 28/33     
Routed partition 29/33     
Routed partition 30/33     
Routed partition 31/33     
Routed partition 32/33     
Routed partition 33/33     

Assign Vertical partitions, iteration 0
Routed partition 1/33      
Routed partition 2/33      
Routed partition 3/33      
Routed partition 4/33      
Routed partition 5/33      
Routed partition 9/33      
Routed partition 9/33      
Routed partition 9/33      
Routed partition 9/33      
Routed partition 10/33     
Routed partition 11/33     
Routed partition 12/33     
Routed partition 13/33     
Routed partition 14/33     
Routed partition 15/33     
Routed partition 16/33     
Routed partition 17/33     
Routed partition 18/33     
Routed partition 19/33     
Routed partition 20/33     
Routed partition 21/33     
Routed partition 22/33     
Routed partition 23/33     
Routed partition 24/33     
Routed partition 26/33     
Routed partition 26/33     
Routed partition 27/33     
Routed partition 28/33     
Routed partition 29/33     
Routed partition 30/33     
Routed partition 31/33     
Routed partition 32/33     
Routed partition 33/33     

Number of wires with overlap after iteration 0 = 14037 of 42315


[Track Assign: Iteration 0] Elapsed real time: 0:00:01 
[Track Assign: Iteration 0] Elapsed cpu  time: sys=0:00:00 usr=0:00:05 total=0:00:05
[Track Assign: Iteration 0] Stage (MB): Used    7  Alloctr    8  Proc   67 
[Track Assign: Iteration 0] Total (MB): Used  106  Alloctr  108  Proc 1953 

Reroute to fix overlaps

Assign Horizontal partitions, iteration 1
Routed partition 1/33      
Routed partition 2/33      
Routed partition 3/33      
Routed partition 4/33      
Routed partition 5/33      
Routed partition 8/33      
Routed partition 8/33      
Routed partition 8/33      
Routed partition 9/33      
Routed partition 10/33     
Routed partition 11/33     
Routed partition 12/33     
Routed partition 13/33     
Routed partition 14/33     
Routed partition 15/33     
Routed partition 18/33     
Routed partition 18/33     
Routed partition 19/33     
Routed partition 19/33     
Routed partition 20/33     
Routed partition 21/33     
Routed partition 23/33     
Routed partition 23/33     
Routed partition 24/33     
Routed partition 25/33     
Routed partition 27/33     
Routed partition 27/33     
Routed partition 28/33     
Routed partition 29/33     
Routed partition 30/33     
Routed partition 31/33     
Routed partition 32/33     
Routed partition 33/33     

Assign Vertical partitions, iteration 1
Routed partition 1/33      
Routed partition 2/33      
Routed partition 3/33      
Routed partition 4/33      
Routed partition 5/33      
Routed partition 6/33      
Routed partition 7/33      
Routed partition 8/33      
Routed partition 9/33      
Routed partition 10/33     
Routed partition 11/33     
Routed partition 12/33     
Routed partition 14/33     
Routed partition 14/33     
Routed partition 15/33     
Routed partition 16/33     
Routed partition 17/33     
Routed partition 18/33     
Routed partition 19/33     
Routed partition 20/33     
Routed partition 21/33     
Routed partition 22/33     
Routed partition 23/33     
Routed partition 24/33     
Routed partition 25/33     
Routed partition 26/33     
Routed partition 27/33     
Routed partition 28/33     
Routed partition 29/33     
Routed partition 30/33     
Routed partition 31/33     
Routed partition 32/33     
Routed partition 33/33     

[Track Assign: Iteration 1] Elapsed real time: 0:00:02 
[Track Assign: Iteration 1] Elapsed cpu  time: sys=0:00:00 usr=0:00:08 total=0:00:08
[Track Assign: Iteration 1] Stage (MB): Used    7  Alloctr    8  Proc   67 
[Track Assign: Iteration 1] Total (MB): Used  106  Alloctr  108  Proc 1953 

Number of wires with overlap after iteration 1 = 2845 of 25457


Wire length and via report:
---------------------------
Number of M1 wires: 107 		 POLYCON: 0
Number of M2 wires: 13539 		 VIA12C: 10464
Number of M3 wires: 11470 		 VIA23C: 15432
Number of M4 wires: 333 		 VIA34C: 524
Number of M5 wires: 7 		 VIA45C: 14
Number of M6 wires: 1 		 VIA56C: 2
Number of M7 wires: 0 		 VIA67C: 0
Number of M8 wires: 0 		 VIA78C: 0
Number of M9 wires: 0 		 VIA89C: 0
Total number of wires: 25457 		 vias: 26436

Total M1 wire length: 165.9
Total M2 wire length: 44433.3
Total M3 wire length: 52309.2
Total M4 wire length: 10941.6
Total M5 wire length: 476.5
Total M6 wire length: 329.9
Total M7 wire length: 0.0
Total M8 wire length: 0.0
Total M9 wire length: 0.0
Total wire length: 108656.3

Longest M1 wire length: 11.8
Longest M2 wire length: 35.2
Longest M3 wire length: 248.1
Longest M4 wire length: 265.6
Longest M5 wire length: 358.4
Longest M6 wire length: 329.9
Longest M7 wire length: 0.0
Longest M8 wire length: 0.0
Longest M9 wire length: 0.0


[Track Assign: Done] Elapsed real time: 0:00:02 
[Track Assign: Done] Elapsed cpu  time: sys=0:00:00 usr=0:00:09 total=0:00:09
[Track Assign: Done] Stage (MB): Used    3  Alloctr    3  Proc   67 
[Track Assign: Done] Total (MB): Used  102  Alloctr  103  Proc 1953 
Printing options for 'route.common.*'

Printing options for 'route.detail.*'
detail.force_end_on_preferred_grid                      :	 true                
detail.timing_driven                                    :	 false               

Printing options for 'route.auto_via_ladder.*'

Information: RC layer preference is turned off for this design. (ZRT-613)
[Dr init] Elapsed real time: 0:00:00 
[Dr init] Elapsed cpu  time: sys=0:00:00 usr=0:00:00 total=0:00:00
[Dr init] Stage (MB): Used    7  Alloctr    7  Proc    0 
[Dr init] Total (MB): Used  109  Alloctr  111  Proc 1953 
Total number of nets = 33150, of which 0 are not extracted
Total number of open nets = 32812, of which 0 are frozen
Information: Using 6 threads for routing. (ZRT-444)
Start DR iteration 0: uniform partition
Routed	2/1056 Partitions, Violations =	0
Routed	5/1056 Partitions, Violations =	0
Routed	14/1056 Partitions, Violations =	0
Routed	15/1056 Partitions, Violations =	0
Routed	20/1056 Partitions, Violations =	1
Routed	26/1056 Partitions, Violations =	0
Routed	30/1056 Partitions, Violations =	0
Routed	35/1056 Partitions, Violations =	0
Routed	40/1056 Partitions, Violations =	0
Routed	45/1056 Partitions, Violations =	0
Routed	50/1056 Partitions, Violations =	1
Routed	55/1056 Partitions, Violations =	1
Routed	60/1056 Partitions, Violations =	1
Routed	66/1056 Partitions, Violations =	1
Routed	70/1056 Partitions, Violations =	2
Routed	75/1056 Partitions, Violations =	1
Routed	80/1056 Partitions, Violations =	4
Routed	85/1056 Partitions, Violations =	4
Routed	90/1056 Partitions, Violations =	4
Routed	95/1056 Partitions, Violations =	4
Routed	100/1056 Partitions, Violations =	4
Routed	105/1056 Partitions, Violations =	3
Routed	110/1056 Partitions, Violations =	4
Routed	115/1056 Partitions, Violations =	2
Routed	120/1056 Partitions, Violations =	2
Routed	125/1056 Partitions, Violations =	4
Routed	130/1056 Partitions, Violations =	2
Routed	135/1056 Partitions, Violations =	4
Routed	140/1056 Partitions, Violations =	3
Routed	145/1056 Partitions, Violations =	4
Routed	150/1056 Partitions, Violations =	4
Routed	155/1056 Partitions, Violations =	4
Routed	160/1056 Partitions, Violations =	4
Routed	165/1056 Partitions, Violations =	7
Routed	170/1056 Partitions, Violations =	5
Routed	175/1056 Partitions, Violations =	6
Routed	180/1056 Partitions, Violations =	6
Routed	185/1056 Partitions, Violations =	5
Routed	190/1056 Partitions, Violations =	3
Routed	195/1056 Partitions, Violations =	5
Routed	200/1056 Partitions, Violations =	7
Routed	205/1056 Partitions, Violations =	7
Routed	210/1056 Partitions, Violations =	7
Routed	215/1056 Partitions, Violations =	7
Routed	220/1056 Partitions, Violations =	6
Routed	225/1056 Partitions, Violations =	8
Routed	230/1056 Partitions, Violations =	6
Routed	235/1056 Partitions, Violations =	8
Routed	240/1056 Partitions, Violations =	11
Routed	245/1056 Partitions, Violations =	11
Routed	250/1056 Partitions, Violations =	11
Routed	255/1056 Partitions, Violations =	12
Routed	260/1056 Partitions, Violations =	14
Routed	265/1056 Partitions, Violations =	14
Routed	270/1056 Partitions, Violations =	13
Routed	275/1056 Partitions, Violations =	9
Routed	280/1056 Partitions, Violations =	9
Routed	285/1056 Partitions, Violations =	9
Routed	290/1056 Partitions, Violations =	10
Routed	295/1056 Partitions, Violations =	10
Routed	300/1056 Partitions, Violations =	10
Routed	305/1056 Partitions, Violations =	9
Routed	310/1056 Partitions, Violations =	9
Routed	315/1056 Partitions, Violations =	10
Routed	320/1056 Partitions, Violations =	8
Routed	325/1056 Partitions, Violations =	7
Routed	330/1056 Partitions, Violations =	7
Routed	335/1056 Partitions, Violations =	7
Routed	340/1056 Partitions, Violations =	9
Routed	345/1056 Partitions, Violations =	9
Routed	350/1056 Partitions, Violations =	9
Routed	355/1056 Partitions, Violations =	9
Routed	360/1056 Partitions, Violations =	9
Routed	365/1056 Partitions, Violations =	11
Routed	370/1056 Partitions, Violations =	12
Routed	375/1056 Partitions, Violations =	23
Routed	380/1056 Partitions, Violations =	23
Routed	385/1056 Partitions, Violations =	23
Routed	390/1056 Partitions, Violations =	24
Routed	395/1056 Partitions, Violations =	25
Routed	400/1056 Partitions, Violations =	24
Routed	405/1056 Partitions, Violations =	25
Routed	410/1056 Partitions, Violations =	24
Routed	415/1056 Partitions, Violations =	22
Routed	420/1056 Partitions, Violations =	12
Routed	425/1056 Partitions, Violations =	12
Routed	430/1056 Partitions, Violations =	12
Routed	435/1056 Partitions, Violations =	21
Routed	440/1056 Partitions, Violations =	20
Routed	445/1056 Partitions, Violations =	20
Routed	450/1056 Partitions, Violations =	25
Routed	455/1056 Partitions, Violations =	16
Routed	460/1056 Partitions, Violations =	30
Routed	465/1056 Partitions, Violations =	27
Routed	470/1056 Partitions, Violations =	26
Routed	475/1056 Partitions, Violations =	29
Routed	480/1056 Partitions, Violations =	29
Routed	485/1056 Partitions, Violations =	28
Routed	490/1056 Partitions, Violations =	30
Routed	495/1056 Partitions, Violations =	28
Routed	500/1056 Partitions, Violations =	30
Routed	505/1056 Partitions, Violations =	30
Routed	510/1056 Partitions, Violations =	28
Routed	515/1056 Partitions, Violations =	34
Routed	520/1056 Partitions, Violations =	41
Routed	525/1056 Partitions, Violations =	51
Routed	530/1056 Partitions, Violations =	52
Routed	535/1056 Partitions, Violations =	54
Routed	540/1056 Partitions, Violations =	54
Routed	545/1056 Partitions, Violations =	54
Routed	550/1056 Partitions, Violations =	51
Routed	555/1056 Partitions, Violations =	51
Routed	560/1056 Partitions, Violations =	51
Routed	565/1056 Partitions, Violations =	53
Routed	570/1056 Partitions, Violations =	56
Routed	575/1056 Partitions, Violations =	58
Routed	580/1056 Partitions, Violations =	46
Routed	585/1056 Partitions, Violations =	46
Routed	590/1056 Partitions, Violations =	49
Routed	595/1056 Partitions, Violations =	40
Routed	600/1056 Partitions, Violations =	61
Routed	605/1056 Partitions, Violations =	61
Routed	610/1056 Partitions, Violations =	45
Routed	615/1056 Partitions, Violations =	45
Routed	620/1056 Partitions, Violations =	53
Routed	625/1056 Partitions, Violations =	51
Routed	630/1056 Partitions, Violations =	49
Routed	635/1056 Partitions, Violations =	50
Routed	640/1056 Partitions, Violations =	58
Routed	645/1056 Partitions, Violations =	60
Routed	650/1056 Partitions, Violations =	62
Routed	655/1056 Partitions, Violations =	51
Routed	660/1056 Partitions, Violations =	54
Routed	665/1056 Partitions, Violations =	52
Routed	670/1056 Partitions, Violations =	56
Routed	676/1056 Partitions, Violations =	60
Routed	680/1056 Partitions, Violations =	60
Routed	685/1056 Partitions, Violations =	50
Routed	690/1056 Partitions, Violations =	52
Routed	695/1056 Partitions, Violations =	52
Routed	700/1056 Partitions, Violations =	50
Routed	705/1056 Partitions, Violations =	54
Routed	710/1056 Partitions, Violations =	54
Routed	715/1056 Partitions, Violations =	54
Routed	720/1056 Partitions, Violations =	54
Routed	725/1056 Partitions, Violations =	54
Routed	733/1056 Partitions, Violations =	54
Routed	735/1056 Partitions, Violations =	54
Routed	740/1056 Partitions, Violations =	50
Routed	745/1056 Partitions, Violations =	48
Routed	750/1056 Partitions, Violations =	48
Routed	755/1056 Partitions, Violations =	52
Routed	760/1056 Partitions, Violations =	52
Routed	765/1056 Partitions, Violations =	52
Routed	770/1056 Partitions, Violations =	52
Routed	775/1056 Partitions, Violations =	53
Routed	780/1056 Partitions, Violations =	50
Routed	785/1056 Partitions, Violations =	52
Routed	790/1056 Partitions, Violations =	53
Routed	795/1056 Partitions, Violations =	53
Routed	800/1056 Partitions, Violations =	55
Routed	805/1056 Partitions, Violations =	51
Routed	810/1056 Partitions, Violations =	53
Routed	815/1056 Partitions, Violations =	53
Routed	820/1056 Partitions, Violations =	53
Routed	825/1056 Partitions, Violations =	53
Routed	830/1056 Partitions, Violations =	52
Routed	835/1056 Partitions, Violations =	54
Routed	840/1056 Partitions, Violations =	54
Routed	845/1056 Partitions, Violations =	52
Routed	850/1056 Partitions, Violations =	56
Routed	855/1056 Partitions, Violations =	52
Routed	860/1056 Partitions, Violations =	56
Routed	865/1056 Partitions, Violations =	56
Routed	870/1056 Partitions, Violations =	57
Routed	875/1056 Partitions, Violations =	57
Routed	880/1056 Partitions, Violations =	55
Routed	885/1056 Partitions, Violations =	55
Routed	890/1056 Partitions, Violations =	55
Routed	895/1056 Partitions, Violations =	62
Routed	900/1056 Partitions, Violations =	69
Routed	905/1056 Partitions, Violations =	65
Routed	910/1056 Partitions, Violations =	65
Routed	915/1056 Partitions, Violations =	65
Routed	921/1056 Partitions, Violations =	69
Routed	925/1056 Partitions, Violations =	69
Routed	930/1056 Partitions, Violations =	72
Routed	935/1056 Partitions, Violations =	76
Routed	940/1056 Partitions, Violations =	74
Routed	946/1056 Partitions, Violations =	75
Routed	950/1056 Partitions, Violations =	75
Routed	955/1056 Partitions, Violations =	75
Routed	968/1056 Partitions, Violations =	76
Routed	969/1056 Partitions, Violations =	76
Routed	970/1056 Partitions, Violations =	82
Routed	975/1056 Partitions, Violations =	82
Routed	980/1056 Partitions, Violations =	82
Routed	985/1056 Partitions, Violations =	83
Routed	992/1056 Partitions, Violations =	87
Routed	995/1056 Partitions, Violations =	90
Routed	1000/1056 Partitions, Violations =	87
Routed	1005/1056 Partitions, Violations =	84
Routed	1010/1056 Partitions, Violations =	84
Routed	1015/1056 Partitions, Violations =	83
Routed	1020/1056 Partitions, Violations =	84
Routed	1025/1056 Partitions, Violations =	84
Routed	1030/1056 Partitions, Violations =	85
Routed	1035/1056 Partitions, Violations =	85
Routed	1040/1056 Partitions, Violations =	86
Routed	1045/1056 Partitions, Violations =	85
Routed	1050/1056 Partitions, Violations =	79
Routed	1055/1056 Partitions, Violations =	81

DRC-SUMMARY:
	@@@@@@@ TOTAL VIOLATIONS =	81
	Diff net spacing : 22
	Same net spacing : 4
	Short : 40
	Internal-only types : 15

[Iter 0] Elapsed real time: 0:00:04 
[Iter 0] Elapsed cpu  time: sys=0:00:00 usr=0:00:16 total=0:00:16
[Iter 0] Stage (MB): Used   16  Alloctr   16  Proc    0 
[Iter 0] Total (MB): Used  118  Alloctr  119  Proc 1953 

End DR iteration 0 with 1056 parts

Start DR iteration 1: non-uniform partition
Routed	1/32 Partitions, Violations =	57
Routed	2/32 Partitions, Violations =	48
Routed	3/32 Partitions, Violations =	48
Routed	4/32 Partitions, Violations =	48
Routed	5/32 Partitions, Violations =	48
Routed	6/32 Partitions, Violations =	38
Routed	7/32 Partitions, Violations =	37
Routed	8/32 Partitions, Violations =	36
Routed	9/32 Partitions, Violations =	36
Routed	12/32 Partitions, Violations =	35
Routed	13/32 Partitions, Violations =	35
Routed	13/32 Partitions, Violations =	31
Routed	14/32 Partitions, Violations =	31
Routed	15/32 Partitions, Violations =	30
Routed	16/32 Partitions, Violations =	27
Routed	18/32 Partitions, Violations =	26
Routed	20/32 Partitions, Violations =	25
Routed	21/32 Partitions, Violations =	22
Routed	21/32 Partitions, Violations =	15
Routed	21/32 Partitions, Violations =	14
Routed	24/32 Partitions, Violations =	13
Routed	25/32 Partitions, Violations =	11
Routed	25/32 Partitions, Violations =	11
Routed	25/32 Partitions, Violations =	11
Routed	25/32 Partitions, Violations =	11
Routed	26/32 Partitions, Violations =	7
Routed	28/32 Partitions, Violations =	7
Routed	29/32 Partitions, Violations =	7
Routed	29/32 Partitions, Violations =	7
Routed	31/32 Partitions, Violations =	5
Routed	32/32 Partitions, Violations =	5
Routed	32/32 Partitions, Violations =	5

DRC-SUMMARY:
	@@@@@@@ TOTAL VIOLATIONS =	5
	Less than NDR width : 1
	Same net spacing : 1
	Internal-only types : 3

[Iter 1] Elapsed real time: 0:00:04 
[Iter 1] Elapsed cpu  time: sys=0:00:00 usr=0:00:18 total=0:00:18
[Iter 1] Stage (MB): Used   16  Alloctr   16  Proc    0 
[Iter 1] Total (MB): Used  118  Alloctr  119  Proc 1953 

End DR iteration 1 with 32 parts

Start DR iteration 2: non-uniform partition
Routed	1/2 Partitions, Violations =	1
Routed	2/2 Partitions, Violations =	0

DRC-SUMMARY:
	@@@@@@@ TOTAL VIOLATIONS =	0

[Iter 2] Elapsed real time: 0:00:04 
[Iter 2] Elapsed cpu  time: sys=0:00:00 usr=0:00:18 total=0:00:18
[Iter 2] Stage (MB): Used   16  Alloctr   16  Proc    0 
[Iter 2] Total (MB): Used  118  Alloctr  119  Proc 1953 

End DR iteration 2 with 2 parts

Finish DR since reached 0 DRC

Information: Detail Routing terminated early because DRCs were not converging: false (ZRT-312)
[DR] Elapsed real time: 0:00:04 
[DR] Elapsed cpu  time: sys=0:00:00 usr=0:00:18 total=0:00:18
[DR] Stage (MB): Used    1  Alloctr    1  Proc    0 
[DR] Total (MB): Used  103  Alloctr  105  Proc 1953 
[DR: Done] Elapsed real time: 0:00:04 
[DR: Done] Elapsed cpu  time: sys=0:00:00 usr=0:00:18 total=0:00:18
[DR: Done] Stage (MB): Used    1  Alloctr    1  Proc    0 
[DR: Done] Total (MB): Used  103  Alloctr  105  Proc 1953 

DR finished with 0 open nets, of which 0 are frozen

DR finished with 0 violations

DRC-SUMMARY:
	@@@@@@@ TOTAL VIOLATIONS =	0



Total Wire Length =                    108998 micron
Total Number of Contacts =             26184
Total Number of Wires =                23584
Total Number of PtConns =              4776
Total Number of Routed Wires =       23584
Total Routed Wire Length =           107864 micron
Total Number of Routed Contacts =       26184
	Layer          M1 :        131 micron
	Layer          M2 :      45143 micron
	Layer          M3 :      51968 micron
	Layer          M4 :      10962 micron
	Layer          M5 :        464 micron
	Layer          M6 :        330 micron
	Layer          M7 :          0 micron
	Layer          M8 :          0 micron
	Layer          M9 :          0 micron
	Via        VIA56C :          2
	Via        VIA45C :         15
	Via        VIA34C :        512
	Via   VIA34C(rot) :          6
	Via        VIA23C :      15208
	Via        VIA12C :          3
	Via   VIA12C(rot) :       7529
	Via        VIA12B :          5
	Via   VIA12B(rot) :       2904

 
Redundant via conversion report:
--------------------------------

  Total optimized via conversion rate =  0.00% (0 / 26184 vias)
 
    Layer VIA1       =  0.00% (0      / 10441   vias)
        Un-optimized =  0.00% (0       vias)
        Un-mapped    = 100.00% (10441   vias)
    Layer VIA2       =  0.00% (0      / 15208   vias)
        Un-optimized =  0.00% (0       vias)
        Un-mapped    = 100.00% (15208   vias)
    Layer VIA3       =  0.00% (0      / 518     vias)
        Un-optimized =  0.00% (0       vias)
        Un-mapped    = 100.00% (518     vias)
    Layer VIA4       =  0.00% (0      / 15      vias)
        Un-optimized =  0.00% (0       vias)
        Un-mapped    = 100.00% (15      vias)
    Layer VIA5       =  0.00% (0      / 2       vias)
        Un-optimized =  0.00% (0       vias)
        Un-mapped    = 100.00% (2       vias)
 
  Total double via conversion rate    =  0.00% (0 / 26184 vias)
 
    Layer VIA1       =  0.00% (0      / 10441   vias)
    Layer VIA2       =  0.00% (0      / 15208   vias)
    Layer VIA3       =  0.00% (0      / 518     vias)
    Layer VIA4       =  0.00% (0      / 15      vias)
    Layer VIA5       =  0.00% (0      / 2       vias)
 
  The optimized via conversion rate based on total routed via count =  0.00% (0 / 26184 vias)
 
    Layer VIA1       =  0.00% (0      / 10441   vias)
        Un-optimized =  0.00% (0       vias)
        Un-mapped    = 100.00% (10441   vias)
    Layer VIA2       =  0.00% (0      / 15208   vias)
        Un-optimized =  0.00% (0       vias)
        Un-mapped    = 100.00% (15208   vias)
    Layer VIA3       =  0.00% (0      / 518     vias)
        Un-optimized =  0.00% (0       vias)
        Un-mapped    = 100.00% (518     vias)
    Layer VIA4       =  0.00% (0      / 15      vias)
        Un-optimized =  0.00% (0       vias)
        Un-mapped    = 100.00% (15      vias)
    Layer VIA5       =  0.00% (0      / 2       vias)
        Un-optimized =  0.00% (0       vias)
        Un-mapped    = 100.00% (2       vias)
 

Total number of nets = 33150
0 open nets, of which 0 are frozen
Total number of excluded ports = 0 ports of 0 unplaced cells connected to 0 nets
                                 0 ports without pins of 0 cells connected to 0 nets
                                 0 ports of 0 cover cells connected to 0 non-pg nets
Total number of DRCs = 0
Total number of antenna violations = antenna checking not active
Information: Routes in non-preferred voltage areas = 0 (ZRT-559)

Topology ECO not run, no qualifying violations or in frozen nets.
Updating the database ...
Design 'css_phy_tx_top_cts' has missing meta data file '__private_meta_data_:DRC_report_by_check_pg_drc', for attached data file 'DRC_report_by_check_pg_drc'
Design 'css_phy_tx_top_cts' has missing meta data file '__private_meta_data_:__css_phy_tx_top_placement_check_legality.err', for attached data file '__css_phy_tx_top_placement_check_legality.err'
Design 'css_phy_tx_top_cts' has missing meta data file '__private_meta_data_:css_phy_tx_top_floorplan_dppinassgn.err', for attached data file 'css_phy_tx_top_floorplan_dppinassgn.err'
Design 'css_phy_tx_top_cts' has missing meta data file '__private_meta_data_:css_phy_tx_top_placement_floatingPG.err', for attached data file 'css_phy_tx_top_placement_floatingPG.err'
Design 'css_phy_tx_top_cts' has missing meta data file '__private_meta_data_:css_phy_tx_top_placement_missingVia.err', for attached data file 'css_phy_tx_top_placement_missingVia.err'
Design 'css_phy_tx_top_cts' has missing meta data file '__private_meta_data_:css_phy_tx_top_powerplan_floatingPG.err', for attached data file 'css_phy_tx_top_powerplan_floatingPG.err'
Design 'css_phy_tx_top_cts' has missing meta data file '__private_meta_data_:css_phy_tx_top_powerplan_missingVia.err', for attached data file 'css_phy_tx_top_powerplan_missingVia.err'
set_app_options -as_user_default -list {route.global.global_route_topology_style 0}
route.global.global_route_topology_style 0
Information: The stitching and editing of coupling caps is turned OFF for design 'css_phy_tx_top.dlib:css_phy_tx_top_cts.design'. (TIM-125)
Begin building search trees for block css_phy_tx_top.dlib:css_phy_tx_top_cts.design
Done building search trees for block css_phy_tx_top.dlib:css_phy_tx_top_cts.design (time 0s)
Information: Design css_phy_tx_top_cts has 33149 nets, 0 global routed, 335 detail routed. (NEX-024)
Information: The stitching and editing of coupling caps is turned OFF for design 'css_phy_tx_top.dlib:css_phy_tx_top_cts.design'. (TIM-125)
Information: The RC mode used is CTO for design 'css_phy_tx_top'. (NEX-022)
Information: Update timing completed net estimation for all the timing graph nets (TIM-111)
Information: Net estimation statistics: timing graph nets = 33147, routed nets = 335, across physical hierarchy nets = 0, parasitics cached nets = 335, delay annotated nets = 0, parasitics annotated nets = 0, multi-voltage nets = 0. (TIM-112)

Mode:default          Latency(early)   Latency(late)
Clock        Updated   rise    fall    rise    fall   Corner
------------------------------------------------------------
CLK          Yes     1.1218  1.1218  1.1929  1.1929   default


Information: The net parasitics of block css_phy_tx_top are cleared. (TIM-123)
Information: Running auto PG connection. (NDM-099)
1
clock_opt -from final_opto  -to final_opto
Use advanced legalizer engine : 0
Warning: the app option 'time.si_enable_analysis' should not be set to be true in pre-route stage, enforce it to be false temporarily. (OPT-215)
Information: The stitching and editing of coupling caps is turned OFF for design 'css_phy_tx_top.dlib:css_phy_tx_top_cts.design'. (TIM-125)
Information: Design css_phy_tx_top_cts has 33149 nets, 0 global routed, 335 detail routed. (NEX-024)
Number of Site types in the design = 1
Setting up Chip Core
Chip Core shape: (100000 100000) (9191200 9172000)
Number of unique PDs = 1
Number of Power Domains = 1
Number of Voltage Areas = 1
Number of supply Nets = 2
Number of used supplies = 2

Information: The stitching and editing of coupling caps is turned OFF for design 'css_phy_tx_top.dlib:css_phy_tx_top_cts.design'. (TIM-125)
Information: Design css_phy_tx_top_cts has 33149 nets, 0 global routed, 335 detail routed. (NEX-024)
Information: The RC mode used is CTO for design 'css_phy_tx_top'. (NEX-022)
Information: Design Average RC for design css_phy_tx_top_cts  (NEX-011)
Information: r = 0.562500 ohm/um, via_r = 0.900000 ohm/cut, c = 0.098434 ff/um, cc = 0.000000 ff/um (X dir) (NEX-017)
Information: r = 0.562500 ohm/um, via_r = 0.900000 ohm/cut, c = 0.117455 ff/um, cc = 0.000000 ff/um (Y dir) (NEX-017)
Information: Update timing completed net estimation for all the timing graph nets (TIM-111)
Information: Net estimation statistics: timing graph nets = 33147, routed nets = 335, across physical hierarchy nets = 0, parasitics cached nets = 33147, delay annotated nets = 0, parasitics annotated nets = 0, multi-voltage nets = 0. (TIM-112)
npo-clock-opt command begin                   CPU:   530 s (  0.15 hr )  ELAPSE:   543 s (  0.15 hr )  MEM-PEAK:   751 MB
Information: Removed 0 routing shapes from 33932 signal nets

npo-clock-opt timing update complete          CPU:   530 s (  0.15 hr )  ELAPSE:   543 s (  0.15 hr )  MEM-PEAK:   751 MB
INFO: Propagating Switching Activities
INFO: Switching Activity propagation took     0.00103 sec

npo-clock-opt initial QoR
_________________________
Scenario Mapping Table
1: default

Pathgroup Mapping Table
1: **default**
2: **async_default**
3: **clock_gating_default**
4: **in2reg_default**
5: **reg2out_default**
6: **in2out_default**
7: CLK

-----------------------------------------------------------------------------------------------------------
Scene  PG      WNS        TNS    NSV      WHV        THV    NHV
    1   1   0.0000     0.0000      0   0.0000     0.0000      0
    1   2   0.0000     0.0000      0   0.0000     0.0000      0
    1   3   0.0000     0.0000      0   0.0000     0.0000      0
    1   4   0.0000     0.0000      0   0.0000     0.0000      0
    1   5   0.0000     0.0000      0   0.0000     0.0000      0
    1   6   0.0000     0.0000      0   0.0000     0.0000      0
    1   7   0.0000     0.0000      0   0.3496   425.0473   9275
--------------------------------------------------------------------------------------------------------------------
Scene  PG      WNS        TNS    NSV      WHV        THV    NHV  MaxTrnV   MaxTranC  MaxCapV    Leakage
    1   *   0.0000     0.0000      0   0.3496   425.0475   9275        -          -        -          -
--------------------------------------------------------------------------------------------------------------------
Scene  PG      WNS        TNS    NSV      WHV        THV    NHV  MaxTrnV   MaxTranC  MaxCapV    Leakage         Area    InstCnt     BufCnt     InvCnt
    *   *   0.0000     0.0000      0   0.3496   425.0475   9275        -          -        -          -    474054.44      32867       2794       1990
--------------------------------------------------------------------------------------------------------------------

npo-clock-opt initial QoR Summary       WNS        TNS    NSV      WHV        THV    NHV  MaxTrnV  MaxCapV    Leakage         Area    InstCnt
npo-clock-opt initial QoR Summary    0.0000     0.0000      0   0.3496   425.0475   9275        -        -          -    474054.44      32867
Information: The netlist and extraction change observers are disabled for further incremental timing updates during on-route optimization. (TIM-119)
INFO: using 6 threads
INFO: Cluster Analysis Failed to get worst leakage scenario
npo-clock-opt initialization complete         CPU:   531 s (  0.15 hr )  ELAPSE:   543 s (  0.15 hr )  MEM-PEAK:   751 MB
Use advanced legalizer engine : 0
npo-clock-opt optimization summary            SETUP-COST HOLD-COST LDRC-COST        AREA       POWER     ELAPSE (hr)
Number of Site types in the design = 1
Setting up Chip Core
Chip Core shape: (100000 100000) (9191200 9172000)
Number of unique PDs = 1
Number of Power Domains = 1
Number of Voltage Areas = 1
Number of supply Nets = 2
Number of used supplies = 2
Information: The netlist and extraction change observers are enabled for further incremental timing updates. (TIM-120)
Use advanced legalizer engine : 0

Running post-clock optimization step.
Turning on CRPR.

Use advanced legalizer engine : 0
npo-clock-opt optimization Phase 2 Iter  1          0.00      0.00         0       0.474           -           0.152
ORB: timingScenario default timingCorner default
INFO: No leakage and power scenarios. Using regular scenarios instead.
INFO: No active leakage scenarios. Leakage will be turned off
ORB: Nominal = 0.181379  Design MT = 1.024000  Target = 0.875499 (4.827 nominal)  MaxRC = 0.350179
ORB: timingScenario default timingCorner default
INFO: No leakage and power scenarios. Using regular scenarios instead.
INFO: No active leakage scenarios. Leakage will be turned off
ORB: Nominal = 0.181379  Design MT = 1.024000  Target = 0.875499 (4.827 nominal)  MaxRC = 0.350179
npo-clock-opt optimization Phase 2 Iter  2          0.00      0.00         0       0.474           -           0.152

npo-clock-opt optimization Phase 3 Iter  1          0.00      0.00         0       0.474           -           0.153
Running post-clock timing-driven placement.
Information: Current block utilization is '0.57450', effective utilization is '0.57478'. (OPT-055)
----------------------------------------------------------------
Running congestion-aware direct-timing-driven placement
Information: Current block utilization is '0.57450', effective utilization is '0.57478'. (OPT-055)
chip utilization before DTDP: 0.57
Start Timing-driven placement

Placement Options:
Effort:                        medium_effort       
Timing Driven:                 true                
Buffering Aware Timing Driven: false               
Seed locs:                     true                
Incremental:                   false               
Congestion:                    true                
Congestion Effort:             medium              

Printing options for 'place.coarse.*' (non-default only)
place.coarse.auto_density_control                       :	 true                
place.coarse.auto_timing_control                        :	 true                
place.coarse.continue_on_missing_scandef                :	 true                
place.coarse.detect_detours                             :	 true                
place.coarse.legalizer_driven_placement                 :	 true                

ORB: timingScenario default timingCorner default
INFO: No leakage and power scenarios. Using regular scenarios instead.
INFO: No active leakage scenarios. Leakage will be turned off
ORB: Nominal = 0.181379  Design MT = 1.024000  Target = 0.875499 (4.827 nominal)  MaxRC = 0.350179
Start transferring placement data.
Completed transferring placement data.
Use advanced legalizer engine : 0
Start Global Route ... 
[Init] Elapsed real time: 0:00:00 
[Init] Elapsed cpu  time: sys=0:00:00 usr=0:00:00 total=0:00:00
[Init] Stage (MB): Used    0  Alloctr    0  Proc    0 
[Init] Total (MB): Used    5  Alloctr    5  Proc 1993 
Printing options for 'route.common.*'

Printing options for 'route.global.*'
global.deterministic                                    :	 off                 
global.placement_timing_driven_mode                     :	 false               
global.timing_driven                                    :	 false               

Begin global routing.
Warning: Cell contains tie connections which are not connected to real PG. (ZRT-511)
Warning: Ignore contact DIFFCON. (ZRT-015)
Turn off antenna since no rule is specified
Cell Min-Routing-Layer = M2
Cell Max-Routing-Layer = M7
Warning: Ignore 2 top cell ports with no pins. (ZRT-027)
Info: number of net_type_blockage: 0 
Via on layer (VIA1) needs more than one tracks
Warning: Layer M1 pitch 0.320 may be too small: wire/via-down 0.315, wire/via-up 0.330. (ZRT-026)
Via on layer (VIA1) needs more than one tracks
Warning: Layer M2 pitch 0.320 may be too small: wire/via-down 0.360, wire/via-up 0.320. (ZRT-026)
Current Stage stats:
[End of Read DB] Elapsed real time: 0:00:01 
[End of Read DB] Elapsed cpu  time: sys=0:00:00 usr=0:00:03 total=0:00:03
[End of Read DB] Stage (MB): Used   98  Alloctr   99  Proc   32 
[End of Read DB] Total (MB): Used  103  Alloctr  105  Proc 2025 
Loading parastics information to the router ...
parastics information loaded to the router.
Constructing data structure ...
Design statistics:
Design Bounding Box (0.00,0.00,929.12,927.20)
Number of routing layers = 9
layer M1, dir Hor, min width = 0.14, min space = 0.14 pitch = 0.32
layer M2, dir Ver, min width = 0.16, min space = 0.16 pitch = 0.32
layer M3, dir Hor, min width = 0.16, min space = 0.16 pitch = 0.64
layer M4, dir Ver, min width = 0.16, min space = 0.16 pitch = 0.64
layer M5, dir Hor, min width = 0.16, min space = 0.16 pitch = 1.28
layer M6, dir Ver, min width = 0.16, min space = 0.16 pitch = 1.28
layer M7, dir Hor, min width = 0.16, min space = 0.16 pitch = 2.56
layer M8, dir Ver, min width = 0.16, min space = 0.16 pitch = 3.84
layer M9, dir Hor, min width = 0.45, min space = 0.45 pitch = 5.12
Current Stage stats:
[End of Build Tech Data] Elapsed real time: 0:00:00 
[End of Build Tech Data] Elapsed cpu  time: sys=0:00:00 usr=0:00:00 total=0:00:00
[End of Build Tech Data] Stage (MB): Used    2  Alloctr    2  Proc    0 
[End of Build Tech Data] Total (MB): Used  105  Alloctr  107  Proc 2025 
Net statistics:
Total number of nets     = 33150
Number of nets to route  = 32812
Number of single or zero port nets = 1
Number of nets with min-layer-mode soft = 335
Number of nets with min-layer-mode soft-cost-medium = 335
Number of nets with max-layer-mode hard = 334
337 nets are fully connected,
 of which 337 are detail routed and 0 are global routed.
90 nets have non-default rule clk_network_NDR_internal
1 nets have non-default rule clk_network_NDR_root
Current Stage stats:
[End of Build All Nets] Elapsed real time: 0:00:00 
[End of Build All Nets] Elapsed cpu  time: sys=0:00:00 usr=0:00:01 total=0:00:01
[End of Build All Nets] Stage (MB): Used   11  Alloctr   11  Proc    0 
[End of Build All Nets] Total (MB): Used  116  Alloctr  118  Proc 2025 
Average gCell capacity  2.40	 on layer (1)	 M1
Average gCell capacity  7.89	 on layer (2)	 M2
Average gCell capacity  4.04	 on layer (3)	 M3
Average gCell capacity  3.97	 on layer (4)	 M4
Average gCell capacity  2.05	 on layer (5)	 M5
Average gCell capacity  2.07	 on layer (6)	 M6
Average gCell capacity  1.04	 on layer (7)	 M7
Average gCell capacity  0.49	 on layer (8)	 M8
Average gCell capacity  0.00	 on layer (9)	 M9
Average number of tracks per gCell 9.03	 on layer (1)	 M1
Average number of tracks per gCell 9.02	 on layer (2)	 M2
Average number of tracks per gCell 4.52	 on layer (3)	 M3
Average number of tracks per gCell 4.51	 on layer (4)	 M4
Average number of tracks per gCell 2.26	 on layer (5)	 M5
Average number of tracks per gCell 2.26	 on layer (6)	 M6
Average number of tracks per gCell 1.13	 on layer (7)	 M7
Average number of tracks per gCell 0.76	 on layer (8)	 M8
Average number of tracks per gCell 0.57	 on layer (9)	 M9
Number of gCells = 930258
Current Stage stats:
[End of Build Congestion map] Elapsed real time: 0:00:01 
[End of Build Congestion map] Elapsed cpu  time: sys=0:00:00 usr=0:00:01 total=0:00:01
[End of Build Congestion map] Stage (MB): Used   11  Alloctr   12  Proc    0 
[End of Build Congestion map] Total (MB): Used  128  Alloctr  130  Proc 2025 
Information: RC layer preference is turned off for this design. (ZRT-613)
Total stats:
[End of Build Data] Elapsed real time: 0:00:01 
[End of Build Data] Elapsed cpu  time: sys=0:00:00 usr=0:00:02 total=0:00:02
[End of Build Data] Stage (MB): Used   25  Alloctr   26  Proc    0 
[End of Build Data] Total (MB): Used  129  Alloctr  131  Proc 2025 
Current Stage stats:
[End of Blocked Pin Detection] Elapsed real time: 0:00:02 
[End of Blocked Pin Detection] Elapsed cpu  time: sys=0:00:00 usr=0:00:02 total=0:00:02
[End of Blocked Pin Detection] Stage (MB): Used    0  Alloctr    0  Proc    0 
[End of Blocked Pin Detection] Total (MB): Used  129  Alloctr  131  Proc 2025 
Information: Using 6 threads for routing. (ZRT-444)
placement fast mode ON
multi gcell levels ON

Start GR phase 0
10% of nets complete Elapsed cpu time: 0:00:00 Elapsed real time: 0:00:00
20% of nets complete Elapsed cpu time: 0:00:00 Elapsed real time: 0:00:00
30% of nets complete Elapsed cpu time: 0:00:00 Elapsed real time: 0:00:00
40% of nets complete Elapsed cpu time: 0:00:00 Elapsed real time: 0:00:00
50% of nets complete Elapsed cpu time: 0:00:00 Elapsed real time: 0:00:00
60% of nets complete Elapsed cpu time: 0:00:01 Elapsed real time: 0:00:01
70% of nets complete Elapsed cpu time: 0:00:01 Elapsed real time: 0:00:01
80% of nets complete Elapsed cpu time: 0:00:01 Elapsed real time: 0:00:01
90% of nets complete Elapsed cpu time: 0:00:02 Elapsed real time: 0:00:02
Current Stage stats:
[End of Initial Routing] Elapsed real time: 0:00:04 
[End of Initial Routing] Elapsed cpu  time: sys=0:00:00 usr=0:00:04 total=0:00:04
[End of Initial Routing] Stage (MB): Used   16  Alloctr   17  Proc    0 
[End of Initial Routing] Total (MB): Used  146  Alloctr  148  Proc 2025 
Initial. Routing result:
Initial. Both Dirs: Overflow =  4019 Max = 5 GRCs = 10853 (5.25%)
Initial. H routing: Overflow =  2292 Max = 4 (GRCs =   1) GRCs =  8437 (8.16%)
Initial. V routing: Overflow =  1726 Max = 5 (GRCs =   8) GRCs =  2416 (2.34%)
Initial. M1         Overflow =     0 Max = 0 (GRCs =   0) GRCs =     0 (0.00%)
Initial. M2         Overflow =  1612 Max = 5 (GRCs =   8) GRCs =  2218 (2.15%)
Initial. M3         Overflow =  2015 Max = 4 (GRCs =   1) GRCs =  8160 (7.89%)
Initial. M4         Overflow =   112 Max = 2 (GRCs =   9) GRCs =   196 (0.19%)
Initial. M5         Overflow =   191 Max = 1 (GRCs = 191) GRCs =   191 (0.18%)
Initial. M6         Overflow =     2 Max = 1 (GRCs =   2) GRCs =     2 (0.00%)
Initial. M7         Overflow =    86 Max = 1 (GRCs =  86) GRCs =    86 (0.08%)
Initial. M8         Overflow =     0 Max = 0 (GRCs =   0) GRCs =     0 (0.00%)
Initial. M9         Overflow =     0 Max = 0 (GRCs =   0) GRCs =     0 (0.00%)

Initial. Total Wire Length = 1168041.88
Initial. Layer M1 wire length = 36.05
Initial. Layer M2 wire length = 346825.80
Initial. Layer M3 wire length = 415786.96
Initial. Layer M4 wire length = 206375.83
Initial. Layer M5 wire length = 167056.74
Initial. Layer M6 wire length = 9642.89
Initial. Layer M7 wire length = 22317.60
Initial. Layer M8 wire length = 0.00
Initial. Layer M9 wire length = 0.00
Initial. Total Number of Contacts = 235925
Initial. Via VIA12C count = 111176
Initial. Via VIA23C count = 107190
Initial. Via VIA34C count = 10992
Initial. Via VIA45C count = 5509
Initial. Via VIA56C count = 602
Initial. Via VIA67C count = 456
Initial. Via VIA78C count = 0
Initial. Via VIA89C count = 0
Initial. completed.

Start GR phase 1
10% of nets complete Elapsed cpu time: 0:00:01 Elapsed real time: 0:00:01
20% of nets complete Elapsed cpu time: 0:00:02 Elapsed real time: 0:00:02
30% of nets complete Elapsed cpu time: 0:00:02 Elapsed real time: 0:00:02
40% of nets complete Elapsed cpu time: 0:00:02 Elapsed real time: 0:00:02
50% of nets complete Elapsed cpu time: 0:00:02 Elapsed real time: 0:00:02
60% of nets complete Elapsed cpu time: 0:00:02 Elapsed real time: 0:00:02
70% of nets complete Elapsed cpu time: 0:00:02 Elapsed real time: 0:00:02
80% of nets complete Elapsed cpu time: 0:00:02 Elapsed real time: 0:00:02
90% of nets complete Elapsed cpu time: 0:00:02 Elapsed real time: 0:00:02
Current Stage stats:
[End of Phase1 Routing] Elapsed real time: 0:00:02 
[End of Phase1 Routing] Elapsed cpu  time: sys=0:00:00 usr=0:00:02 total=0:00:02
[End of Phase1 Routing] Stage (MB): Used    1  Alloctr    1  Proc    0 
[End of Phase1 Routing] Total (MB): Used  147  Alloctr  149  Proc 2025 
phase1. Routing result:
phase1. Both Dirs: Overflow =  1558 Max = 5 GRCs =  3059 (1.48%)
phase1. H routing: Overflow =   137 Max = 2 (GRCs = 47) GRCs =  1245 (1.20%)
phase1. V routing: Overflow =  1420 Max = 5 (GRCs =  8) GRCs =  1814 (1.75%)
phase1. M1         Overflow =     0 Max = 0 (GRCs =  0) GRCs =     0 (0.00%)
phase1. M2         Overflow =  1420 Max = 5 (GRCs =  8) GRCs =  1803 (1.74%)
phase1. M3         Overflow =   135 Max = 2 (GRCs = 47) GRCs =  1243 (1.20%)
phase1. M4         Overflow =     0 Max = 1 (GRCs = 11) GRCs =    11 (0.01%)
phase1. M5         Overflow =     2 Max = 1 (GRCs =  2) GRCs =     2 (0.00%)
phase1. M6         Overflow =     0 Max = 0 (GRCs =  0) GRCs =     0 (0.00%)
phase1. M7         Overflow =     0 Max = 0 (GRCs =  0) GRCs =     0 (0.00%)
phase1. M8         Overflow =     0 Max = 0 (GRCs =  0) GRCs =     0 (0.00%)
phase1. M9         Overflow =     0 Max = 0 (GRCs =  0) GRCs =     0 (0.00%)

phase1. Total Wire Length = 1191100.41
phase1. Layer M1 wire length = 56.56
phase1. Layer M2 wire length = 354036.62
phase1. Layer M3 wire length = 393183.06
phase1. Layer M4 wire length = 214161.94
phase1. Layer M5 wire length = 183250.31
phase1. Layer M6 wire length = 16444.42
phase1. Layer M7 wire length = 29967.51
phase1. Layer M8 wire length = 0.00
phase1. Layer M9 wire length = 0.00
phase1. Total Number of Contacts = 241637
phase1. Via VIA12C count = 111044
phase1. Via VIA23C count = 107405
phase1. Via VIA34C count = 13707
phase1. Via VIA45C count = 7711
phase1. Via VIA56C count = 1028
phase1. Via VIA67C count = 742
phase1. Via VIA78C count = 0
phase1. Via VIA89C count = 0
phase1. completed.

Start GR phase 2
10% of nets complete Elapsed cpu time: 0:00:00 Elapsed real time: 0:00:00
20% of nets complete Elapsed cpu time: 0:00:00 Elapsed real time: 0:00:00
30% of nets complete Elapsed cpu time: 0:00:00 Elapsed real time: 0:00:00
40% of nets complete Elapsed cpu time: 0:00:00 Elapsed real time: 0:00:00
50% of nets complete Elapsed cpu time: 0:00:00 Elapsed real time: 0:00:00
60% of nets complete Elapsed cpu time: 0:00:00 Elapsed real time: 0:00:00
70% of nets complete Elapsed cpu time: 0:00:00 Elapsed real time: 0:00:00
80% of nets complete Elapsed cpu time: 0:00:00 Elapsed real time: 0:00:00
90% of nets complete Elapsed cpu time: 0:00:01 Elapsed real time: 0:00:00
Current Stage stats:
[End of Phase2 Routing] Elapsed real time: 0:00:00 
[End of Phase2 Routing] Elapsed cpu  time: sys=0:00:00 usr=0:00:01 total=0:00:01
[End of Phase2 Routing] Stage (MB): Used    0  Alloctr    0  Proc    0 
[End of Phase2 Routing] Total (MB): Used  147  Alloctr  149  Proc 2025 
phase2. Routing result:
phase2. Both Dirs: Overflow =   806 Max = 4 GRCs =   969 (0.47%)
phase2. H routing: Overflow =    36 Max = 2 (GRCs =  5) GRCs =    60 (0.06%)
phase2. V routing: Overflow =   770 Max = 4 (GRCs =  1) GRCs =   909 (0.88%)
phase2. M1         Overflow =     0 Max = 0 (GRCs =  0) GRCs =     0 (0.00%)
phase2. M2         Overflow =   770 Max = 4 (GRCs =  1) GRCs =   909 (0.88%)
phase2. M3         Overflow =    36 Max = 2 (GRCs =  5) GRCs =    60 (0.06%)
phase2. M4         Overflow =     0 Max = 0 (GRCs =  0) GRCs =     0 (0.00%)
phase2. M5         Overflow =     0 Max = 0 (GRCs =  0) GRCs =     0 (0.00%)
phase2. M6         Overflow =     0 Max = 0 (GRCs =  0) GRCs =     0 (0.00%)
phase2. M7         Overflow =     0 Max = 0 (GRCs =  0) GRCs =     0 (0.00%)
phase2. M8         Overflow =     0 Max = 0 (GRCs =  0) GRCs =     0 (0.00%)
phase2. M9         Overflow =     0 Max = 0 (GRCs =  0) GRCs =     0 (0.00%)

phase2. Total Wire Length = 1191419.72
phase2. Layer M1 wire length = 56.55
phase2. Layer M2 wire length = 354554.99
phase2. Layer M3 wire length = 393434.42
phase2. Layer M4 wire length = 213753.59
phase2. Layer M5 wire length = 182879.30
phase2. Layer M6 wire length = 16632.24
phase2. Layer M7 wire length = 30108.63
phase2. Layer M8 wire length = 0.00
phase2. Layer M9 wire length = 0.00
phase2. Total Number of Contacts = 241677
phase2. Via VIA12C count = 111044
phase2. Via VIA23C count = 107452
phase2. Via VIA34C count = 13701
phase2. Via VIA45C count = 7707
phase2. Via VIA56C count = 1028
phase2. Via VIA67C count = 745
phase2. Via VIA78C count = 0
phase2. Via VIA89C count = 0
phase2. completed.
[End of Whole Chip Routing] Elapsed real time: 0:00:12 
[End of Whole Chip Routing] Elapsed cpu  time: sys=0:00:00 usr=0:00:13 total=0:00:13
[End of Whole Chip Routing] Stage (MB): Used   43  Alloctr   44  Proc    0 
[End of Whole Chip Routing] Total (MB): Used  147  Alloctr  149  Proc 2025 

Information: Global Routing terminated early: false (ZRT-103)

Congestion utilization per direction:
Average vertical track utilization   = 22.29 %
Peak    vertical track utilization   = 133.33 %
Average horizontal track utilization = 29.35 %
Peak    horizontal track utilization = 150.00 %

Current Stage stats:
[GR: Done] Elapsed real time: 0:00:00 
[GR: Done] Elapsed cpu  time: sys=0:00:00 usr=0:00:00 total=0:00:00
[GR: Done] Stage (MB): Used  -10  Alloctr  -10  Proc    0 
[GR: Done] Total (MB): Used  137  Alloctr  139  Proc 2025 
GR Total stats:
[GR: Done] Elapsed real time: 0:00:14 
[GR: Done] Elapsed cpu  time: sys=0:00:00 usr=0:00:17 total=0:00:17
[GR: Done] Stage (MB): Used  132  Alloctr  134  Proc   32 
[GR: Done] Total (MB): Used  137  Alloctr  139  Proc 2025 
Writing out congestion map...
Updating congestion ...
Updating congestion ...
[DBOUT] Elapsed real time: 0:00:00 
[DBOUT] Elapsed cpu  time: sys=0:00:00 usr=0:00:00 total=0:00:00
[DBOUT] Stage (MB): Used -120  Alloctr -122  Proc    0 
[DBOUT] Total (MB): Used    4  Alloctr    5  Proc 2025 
Final total stats:
[End of Global Routing] Elapsed real time: 0:00:14 
[End of Global Routing] Elapsed cpu  time: sys=0:00:00 usr=0:00:18 total=0:00:18
[End of Global Routing] Stage (MB): Used    0  Alloctr    0  Proc   32 
[End of Global Routing] Total (MB): Used    4  Alloctr    5  Proc 2025 
----------------------------------------------------------------
running legalize_placement
Information: The net parasitics of block css_phy_tx_top are cleared. (TIM-123)
nplDplc2Placer::setParam(effort,1)
nplDplc2Placer::setParam(debug,0)
nplDplc2Placer::setParam(site_check,2)
nplDplc2Placer::setParam(app_firm_wgt,0)
Warning: Routing direction of metal layer PO is neither "horizontal" nor "vertical".  PDC checks will not be performed on this layer. (PDC-003)
PDC app_options settings =========
	place.legalize.enable_prerouted_net_check: 1
	place.legalize.num_tracks_for_access_check: 1
	place.legalize.use_eol_spacing_for_access_check: 0
	place.legalize.allow_touch_track_for_access_check: 1
	place.legalize.reduce_conservatism_in_eol_check: 0
	place.legalize.preroute_shape_merge_distance: 0.0
	place.legalize.enable_non_preferred_direction_span_check: 0

Layer M1: cached 0 shapes out of 433 total shapes.
Layer M2: cached 0 shapes out of 16726 total shapes.
Cached 28440 vias out of 130142 total vias.

Legalizing Top Level Design css_phy_tx_top ... 
Warning: Routing direction of metal layer PO is neither "horizontal" nor "vertical".  PDC checks will not be performed on this layer. (PDC-003)
=====> Processed 60 ref cells (0 fillers) from library

Initial legalization


Bounds/Regions In This Design:
        Area    Num Cells  Exclusive Name
 (square um)
      824754        32867        Yes DEFAULT_VA

Writing Waste to frontier_placer_waste.out

****************************************
  Report : Cell Displacements
****************************************

(no cells placed)


Finding violations for search and repair.
Design has no advanced rules
Checking legality
Checking cell legality:
0%....10%....20%....30%....40%....50%....60%....70%....80%....90%....100%
Sorting rows.
Checking spacing rule legality.
0%....10%....20%....30%....40%....50%....60%....70%....80%....90%....100%
Checking packing rule legality.


There are 0 movable cell violations.
Done.

Legalization succeeded.
Total Legalizer CPU: 25.074
----------------------------------------------------------------
Using per-layer congestion maps for congestion reduction.
Information: 26.15% of design has horizontal routing density above target_routing_density of 0.80.
Information: 6.07% of design has vertical routing density above target_routing_density of 0.80.
Running placement using 6 thread(s)
Information: Automatic density control has selected the following settings: max_density 0.80, congestion_driven_max_util 0.93. (PLACE-027)
coarse place 100% done.
Pre expansion grows the cell areas with an average factor 0.250 (damping factor 1.000).
Information: Reducing cell density for 98.6% of the movable cells to alleviate congestion. This changes the average cell density in non-congested areas from 0.61 to 0.80. (PLACE-030)
Information: Coarse placer weighted wire length estimate = 1.30234e+10
Information: The stitching and editing of coupling caps is turned OFF for design 'css_phy_tx_top.dlib:css_phy_tx_top_cts.design'. (TIM-125)
Information: Design css_phy_tx_top_cts has 33149 nets, 0 global routed, 335 detail routed. (NEX-024)
Information: The RC mode used is CTO for design 'css_phy_tx_top'. (NEX-022)
Information: Design Average RC for design css_phy_tx_top_cts  (NEX-011)
Information: r = 0.562500 ohm/um, via_r = 0.900000 ohm/cut, c = 0.098434 ff/um, cc = 0.000000 ff/um (X dir) (NEX-017)
Information: r = 0.562500 ohm/um, via_r = 0.900000 ohm/cut, c = 0.117455 ff/um, cc = 0.000000 ff/um (Y dir) (NEX-017)
Information: Update timing completed net estimation for all the timing graph nets (TIM-111)
Information: Net estimation statistics: timing graph nets = 33147, routed nets = 335, across physical hierarchy nets = 0, parasitics cached nets = 33147, delay annotated nets = 0, parasitics annotated nets = 0, multi-voltage nets = 0. (TIM-112)
ORB: timingScenario default timingCorner default
INFO: No leakage and power scenarios. Using regular scenarios instead.
INFO: No active leakage scenarios. Leakage will be turned off
ORB: Nominal = 0.181379  Design MT = 1.024000  Target = 0.875499 (4.827 nominal)  MaxRC = 0.350179
eLpp: using low effort
Warning: turning eLpp off because no active dynamic power scenarios were found
Start transferring placement data.
Information: Automatic timing control is enabled.
DTDP placement: scenario=default
Completed transferring placement data.
Running placement using 6 thread(s)
Information: Automatic density control has selected the following settings: max_density 0.80, congestion_driven_max_util 0.93. (PLACE-027)
coarse place 50% done.
coarse place 60% done.
coarse place 70% done.
coarse place 80% done.
coarse place 90% done.
coarse place 100% done.
Information: Coarse placer weighted wire length estimate = 1.33481e+10
Completed Timing-driven placement, Elapsed time =   0: 1: 5 
Moved 22770 out of 32849 cells, ratio = 0.693172
Total displacement = 145887.890625(um)
Max displacement = 165.878601(um), PLACE_HFSINV_652_2912 (591.760010, 490.959991, 0) => (509.631500, 407.209900, 6)
Displacement histogram:
  0 ~  10% cells displacement <=      1.55(um)
  0 ~  20% cells displacement <=      2.41(um)
  0 ~  30% cells displacement <=      3.18(um)
  0 ~  40% cells displacement <=      4.01(um)
  0 ~  50% cells displacement <=      4.96(um)
  0 ~  60% cells displacement <=      6.03(um)
  0 ~  70% cells displacement <=      7.25(um)
  0 ~  80% cells displacement <=      8.99(um)
  0 ~  90% cells displacement <=     12.08(um)
  0 ~ 100% cells displacement <=    165.88(um)
----------------------------------------------------------------
Fixing logic constant
Fixing logic constant
Information: The stitching and editing of coupling caps is turned OFF for design 'css_phy_tx_top.dlib:css_phy_tx_top_cts.design'. (TIM-125)
Information: Design css_phy_tx_top_cts has 33149 nets, 0 global routed, 335 detail routed. (NEX-024)
Information: The RC mode used is CTO for design 'css_phy_tx_top'. (NEX-022)
Information: Design Average RC for design css_phy_tx_top_cts  (NEX-011)
Information: r = 0.562500 ohm/um, via_r = 0.900000 ohm/cut, c = 0.098567 ff/um, cc = 0.000000 ff/um (X dir) (NEX-017)
Information: r = 0.562500 ohm/um, via_r = 0.900000 ohm/cut, c = 0.117839 ff/um, cc = 0.000000 ff/um (Y dir) (NEX-017)
Information: Update timing completed net estimation for all the timing graph nets (TIM-111)
Information: Net estimation statistics: timing graph nets = 33147, routed nets = 335, across physical hierarchy nets = 0, parasitics cached nets = 33147, delay annotated nets = 0, parasitics annotated nets = 0, multi-voltage nets = 0. (TIM-112)
Use advanced legalizer engine : 0
----------------------------------------------------------------
Running legalize_placement
Start Legalization
nplDplc2Placer::setParam(effort,1)
nplDplc2Placer::setParam(debug,0)
nplDplc2Placer::setParam(site_check,2)
nplDplc2Placer::setParam(app_firm_wgt,0)
Warning: Routing direction of metal layer PO is neither "horizontal" nor "vertical".  PDC checks will not be performed on this layer. (PDC-003)
PDC app_options settings =========
	place.legalize.enable_prerouted_net_check: 1
	place.legalize.num_tracks_for_access_check: 1
	place.legalize.use_eol_spacing_for_access_check: 0
	place.legalize.allow_touch_track_for_access_check: 1
	place.legalize.reduce_conservatism_in_eol_check: 0
	place.legalize.preroute_shape_merge_distance: 0.0
	place.legalize.enable_non_preferred_direction_span_check: 0

Layer M1: cached 0 shapes out of 433 total shapes.
Layer M2: cached 0 shapes out of 16726 total shapes.
Cached 28440 vias out of 130142 total vias.

Legalizing Top Level Design css_phy_tx_top ... 
Warning: Routing direction of metal layer PO is neither "horizontal" nor "vertical".  PDC checks will not be performed on this layer. (PDC-003)
=====> Processed 60 ref cells (0 fillers) from library

Initial legalization


Bounds/Regions In This Design:
        Area    Num Cells  Exclusive Name
 (square um)
      824754        32867        Yes DEFAULT_VA

Starting legalizer.
Warning: Exclusive bound 'DEFAULT' has no cells.
Optimizing Exclusive Bound 'DEFAULT_VA' (2/2)
    Done Exclusive Bound 'DEFAULT_VA' (2/2) (5 sec)
Legalization complete (10 total sec)

****************************************
  Report : Placement Attempts
  Site   : unit
****************************************

number of cells:                  32867
number of references:                60
number of site rows:                315
number of locations attempted:   727313
number of locations failed:           0  (0.0%)

Legality of references at locations:
0 references had failures.

Legality of references in rows:
0 references had row failures.

****************************************
  Report : Cell Displacements
****************************************

number of cells aggregated:       32533 (511144 total sites)
avg row height over cells:        2.880 um
rms cell displacement:            0.511 um ( 0.18 row height)
rms weighted cell displacement:   0.511 um ( 0.18 row height)
max cell displacement:            3.896 um ( 1.35 row height)
avg cell displacement:            0.294 um ( 0.10 row height)
avg weighted cell displacement:   0.294 um ( 0.10 row height)
number of cells moved:            22855
number of large displacements:        0
large displacement threshold:     3.000 row height

Displacements of worst 10 cells:
Cell: SpareCell_0_0 (INVX1)
  Input location: (748.66,768.88)
  Legal location: (745.04,770.32)
  Displacement:   3.896 um ( 1.35 row height)
Cell: u_form_ppdu/U3604 (AO22X1)
  Input location: (299.963,217.953)
  Legal location: (298.64,214.48)
  Displacement:   3.717 um ( 1.29 row height)
Cell: OPT_optlc_19770 (TIEL)
  Input location: (522.32,289.36)
  Legal location: (518.8,289.36)
  Displacement:   3.520 um ( 1.22 row height)
Cell: OPT_optlc_19787 (TIEL)
  Input location: (521.68,519.76)
  Legal location: (519.76,522.64)
  Displacement:   3.461 um ( 1.20 row height)
Cell: OPT_optlc_19744 (TIEL)
  Input location: (522,519.76)
  Legal location: (523.6,516.88)
  Displacement:   3.295 um ( 1.14 row height)
Cell: OPT_optlc_19782 (TIEL)
  Input location: (751.12,528.4)
  Legal location: (752.4,531.28)
  Displacement:   3.152 um ( 1.09 row height)
Cell: OPT_optlc_19762 (TIEL)
  Input location: (49.04,678.16)
  Legal location: (50.32,675.28)
  Displacement:   3.152 um ( 1.09 row height)
Cell: OPT_optlc_19766 (TIEL)
  Input location: (504.4,15.76)
  Legal location: (505.36,12.88)
  Displacement:   3.036 um ( 1.05 row height)
Cell: u_form_ppdu/q_fifo_reg[21][36] (DFFX1)
  Input location: (754.96,525.52)
  Legal location: (754,522.64)
  Displacement:   3.036 um ( 1.05 row height)
Cell: PLACE_HFSBUF_4779_1198 (NBUFFX2)
  Input location: (298.319,433.403)
  Legal location: (298.96,430.48)
  Displacement:   2.992 um ( 1.04 row height)


Finding violations for search and repair.
Design has no advanced rules
Checking legality
Checking cell legality:
0%....10%....20%....30%....40%....50%....60%....70%....80%....90%....100%
Sorting rows.
Checking spacing rule legality.
0%....10%....20%....30%....40%....50%....60%....70%....80%....90%....100%
Checking packing rule legality.


There are 0 movable cell violations.
Done.

Completed Legalization, Elapsed time =   0: 0:13 
Moved 22837 out of 32849 cells, ratio = 0.695211
Total displacement = 35795.460938(um)
Max displacement = 7.680000(um), OPT_optlc_19787 (521.679993, 519.760010, 0) => (519.760010, 525.520020, 4)
Displacement histogram:
  0 ~  10% cells displacement <=      0.21(um)
  0 ~  20% cells displacement <=      0.36(um)
  0 ~  30% cells displacement <=      0.55(um)
  0 ~  40% cells displacement <=      0.79(um)
  0 ~  50% cells displacement <=      1.10(um)
  0 ~  60% cells displacement <=      1.55(um)
  0 ~  70% cells displacement <=      2.34(um)
  0 ~  80% cells displacement <=      2.95(um)
  0 ~  90% cells displacement <=      3.57(um)
  0 ~ 100% cells displacement <=      7.68(um)
Information: The net parasitics of block css_phy_tx_top are cleared. (TIM-123)
Legalization succeeded.
----------------------------------------------------------------
Information: The stitching and editing of coupling caps is turned OFF for design 'css_phy_tx_top.dlib:css_phy_tx_top_cts.design'. (TIM-125)
Information: Design css_phy_tx_top_cts has 33149 nets, 0 global routed, 335 detail routed. (NEX-024)
Information: The RC mode used is CTO for design 'css_phy_tx_top'. (NEX-022)
Information: Design Average RC for design css_phy_tx_top_cts  (NEX-011)
Information: r = 0.562500 ohm/um, via_r = 0.900000 ohm/cut, c = 0.098567 ff/um, cc = 0.000000 ff/um (X dir) (NEX-017)
Information: r = 0.562500 ohm/um, via_r = 0.900000 ohm/cut, c = 0.117839 ff/um, cc = 0.000000 ff/um (Y dir) (NEX-017)
Information: Update timing completed net estimation for all the timing graph nets (TIM-111)
Information: Net estimation statistics: timing graph nets = 33147, routed nets = 335, across physical hierarchy nets = 0, parasitics cached nets = 33147, delay annotated nets = 0, parasitics annotated nets = 0, multi-voltage nets = 0. (TIM-112)
Done with post-clock timing-driven placement.


npo-clock-opt optimization Phase 5 Iter  1          0.00      0.00         0       0.474           -           0.176
Running final optimization step.
Number of Site types in the design = 1
Setting up Chip Core
Chip Core shape: (100000 100000) (9191200 9172000)
Number of unique PDs = 1
Number of Power Domains = 1
Number of Voltage Areas = 1
Number of supply Nets = 2
Number of used supplies = 2

Use advanced legalizer engine : 0
Use advanced legalizer engine : 0
npo-clock-opt optimization Phase 6 Iter  1          0.00      0.00         0       0.474           -           0.177
ORB: timingScenario default timingCorner default
INFO: No leakage and power scenarios. Using regular scenarios instead.
INFO: No active leakage scenarios. Leakage will be turned off
ORB: Nominal = 0.181379  Design MT = 1.024000  Target = 0.875499 (4.827 nominal)  MaxRC = 0.350179
ORB: timingScenario default timingCorner default
INFO: No leakage and power scenarios. Using regular scenarios instead.
INFO: No active leakage scenarios. Leakage will be turned off
ORB: Nominal = 0.181379  Design MT = 1.024000  Target = 0.875499 (4.827 nominal)  MaxRC = 0.350179
npo-clock-opt optimization Phase 6 Iter  2          0.00      0.00         0       0.474           -           0.177

npo-clock-opt optimization Phase 7 Iter  1          0.00      0.00         0       0.474           -           0.177
Running CCD-_area prior to Phase III of datapath opto
xform.liba_use_cache 0
Information: CTS will work on the following scenarios. (CTS-101)
   default	(Mode: default; Corner: default)
Information: CTS will work on all clocks in active scenarios, including 1 master clocks and 0 generated clocks. (CTS-107)
Information: Clock derating is disabled

CTS related app options set by user:
   cts.common.user_instance_name_prefix = CTS_
   cts.compile.enable_global_route = true
   cts.compile.remove_existing_clock_trees = true

Buffer/Inverter reference list for clock tree synthesis:
   saed90nm_max/NBUFFX16
   saed90nm_max/NBUFFX2
   saed90nm_max/NBUFFX4
   saed90nm_max/NBUFFX8
   saed90nm_max/IBUFFX16
   saed90nm_max/IBUFFX2
   saed90nm_max/IBUFFX4
   saed90nm_max/IBUFFX8
   saed90nm_max/INVX16
   saed90nm_max/INVX2
   saed90nm_max/INVX4
   saed90nm_max/INVX8
There is no CTS reference for ICG cells
There is no CTS reference for register cells
Information: 'default' is identified as primary corner for initial clock tree building. (CTS-103)
Number of Site types in the design = 1
Setting up Chip Core
Chip Core shape: (100000 100000) (9191200 9172000)
Number of unique PDs = 1
Number of Power Domains = 1
Number of Voltage Areas = 1
Number of supply Nets = 2
Number of used supplies = 2
CTS NDR rule list:
   Clock: CLK (mode default); Net Type: sink;     Rule: default rule; Min Layer: M1; Max Layer: M3
   Clock: CLK (mode default); Net Type: internal; Rule: clk_network_NDR_internal; Min Layer: M3; Max Layer: M5
   Clock: CLK (mode default); Net Type: root;     Rule: clk_network_NDR_root; Min Layer: M5; Max Layer: M7

Clock cell spacing rule list:
   No clock cell spacing rule is found.
Scenario default::default : setup = true, hold = true
Use advanced legalizer engine : 0
Warning: Routing direction of metal layer PO is neither "horizontal" nor "vertical".  PDC checks will not be performed on this layer. (PDC-003)
PDC app_options settings =========
	place.legalize.enable_prerouted_net_check: 1
	place.legalize.num_tracks_for_access_check: 1
	place.legalize.use_eol_spacing_for_access_check: 0
	place.legalize.allow_touch_track_for_access_check: 1
	place.legalize.reduce_conservatism_in_eol_check: 0
	place.legalize.preroute_shape_merge_distance: 0.0
	place.legalize.enable_non_preferred_direction_span_check: 0

Layer M1: cached 0 shapes out of 433 total shapes.
Layer M2: cached 0 shapes out of 16726 total shapes.
Cached 28440 vias out of 130142 total vias.
Information: Legalizer's PDC rule check is enabled
Information: Legalizer's advanced rule check is enabled
CCD initialization runtime: cpu 3.089114, elapsed 2.896665, speed up 1.066438.

CCD app options set by user:
   ccd.hold_control_effort = high
   clock_opt.flow.enable_clock_power_recovery = area
   clock_opt.flow.optimize_ndr = true
   clock_opt.hold.effort = high
Information: The netlist and extraction change observers are disabled for further incremental timing updates during on-route optimization. (TIM-119)
Information: The timing has been updated before disabling netlist and extraction change observers. (TIM-121)
CCD: using 6 threads
CTSSC route status detected: clock (VR 0, GR 0, DR 28369), data (VR 32824, GR 0, DR 0); stage = preroute, isPostRoute = FALSE
Total power = 0.000000, Leakage = 0.000000, Internal = 0.000000, Switching = 0.000000

CCD: Initial QOR:
    Scenario default  WNS = 0.000000, WEIGHTED_GROUP_SLACK = 0.000000, TNS = 0.000000, NVP = 0
    Scenario default  WNHS = 0.349174, TNHS = 427.516914, NHVP = 9274
RepeaterCount 334, RepeaterArea 2984.140800, CellCount 334, CellArea 2984.140800, FlopCount 9745, FlopArea 246353.817600, LatchCount 0, LatchArea 0.000000
Total power = 0.000000, Leakage = 0.000000, Internal = 0.000000, Switching = 0.000000
Begin building search trees for block css_phy_tx_top.dlib:SCRATCH_DESIGN_2147483648.design
Begin building search trees for block css_phy_tx_top.dlib:SCRATCH_DESIGN_2147483649.design
Done building search trees for block css_phy_tx_top.dlib:SCRATCH_DESIGN_2147483648.design (time 0s)
Begin building search trees for block css_phy_tx_top.dlib:SCRATCH_DESIGN_2147483652.design
Done building search trees for block css_phy_tx_top.dlib:SCRATCH_DESIGN_2147483652.design (time 0s)
Done building search trees for block css_phy_tx_top.dlib:SCRATCH_DESIGN_2147483649.design (time 0s)
Begin building search trees for block css_phy_tx_top.dlib:SCRATCH_DESIGN_2147483653.design
Begin building search trees for block css_phy_tx_top.dlib:SCRATCH_DESIGN_2147483651.design
Begin building search trees for block css_phy_tx_top.dlib:SCRATCH_DESIGN_2147483650.design
Done building search trees for block css_phy_tx_top.dlib:SCRATCH_DESIGN_2147483650.design (time 0s)
Done building search trees for block css_phy_tx_top.dlib:SCRATCH_DESIGN_2147483653.design (time 0s)
Done building search trees for block css_phy_tx_top.dlib:SCRATCH_DESIGN_2147483651.design (time 0s)
Begin building search trees for block css_phy_tx_top.dlib:SCRATCH_DESIGN_2147483654.design
Done building search trees for block css_phy_tx_top.dlib:SCRATCH_DESIGN_2147483654.design (time 0s)
1,1|
    Optimization Summary 		

-------------------------------------------------

	# Drivers Attempted               =          1
	# Skipped during isValid and estimate          =          0
	# Failed subgraph evaluation           =          0
	# Failed main graph committ          =          0
	# Successful main graph commit      =          1
	# Subgraph evaluation success rate in percent =     1.0000
	# Sg2Main acceptance ratio in percent      =     1.0000
	# NumCTCells changed               =          0


	# Flow total CPU                  =     2.1312
	# Flow total elapsed                  =     0.9847
	# Flow total speed up                =     2.1643
	# Commit CPU                      =     0.5736
	# Commit elapsed                  =     0.1419
	# Commit speed up                     =     4.0429
	# Generator CPU                      =     0.4854
	# Generator elapsed                  =     0.4854
	# Generator speed up                     =     1.0000
	# Filter CPU                      =     0.9225
	# Filter elapsed                  =     0.2183
	# Filter speed up                     =     4.2263
	# Sg CPU                      =     0.0372
	# Sg elapsed                  =     0.0267
	# Sg speed up                     =     1.3958
	# The rest of flow speed up          =     1.8481

-------------------------------------------------


CCD: After area optimization:
    Scenario default  WNS = 0.000000, WEIGHTED_GROUP_SLACK = 0.000000, TNS = 0.000000, NVP = 0
    Scenario default  WNHS = 0.349174, TNHS = 426.319040, NHVP = 9272
RepeaterCount 334, RepeaterArea 2975.846400, CellCount 334, CellArea 2975.846400, FlopCount 9745, FlopArea 246353.817600, LatchCount 0, LatchArea 0.000000
Total power = 0.000000, Leakage = 0.000000, Internal = 0.000000, Switching = 0.000000
Information: The netlist and extraction change observers are enabled for further incremental timing updates. (TIM-120)
 CCD flow runtime: cpu 2.771860, elapsed 1.655947, speed up 1.673882.
Mark clock trees...
Marking clock synthesized attributes

nplDplc2Placer::setParam(effort,1)
nplDplc2Placer::setParam(debug,0)
nplDplc2Placer::setParam(site_check,2)
nplDplc2Placer::setParam(app_firm_wgt,0)
Warning: Routing direction of metal layer PO is neither "horizontal" nor "vertical".  PDC checks will not be performed on this layer. (PDC-003)
PDC app_options settings =========
	place.legalize.enable_prerouted_net_check: 1
	place.legalize.num_tracks_for_access_check: 1
	place.legalize.use_eol_spacing_for_access_check: 0
	place.legalize.allow_touch_track_for_access_check: 1
	place.legalize.reduce_conservatism_in_eol_check: 0
	place.legalize.preroute_shape_merge_distance: 0.0
	place.legalize.enable_non_preferred_direction_span_check: 0

Layer M1: cached 0 shapes out of 433 total shapes.
Layer M2: cached 0 shapes out of 16726 total shapes.
Cached 28440 vias out of 130142 total vias.

Legalizing Top Level Design css_phy_tx_top ... 
Warning: Routing direction of metal layer PO is neither "horizontal" nor "vertical".  PDC checks will not be performed on this layer. (PDC-003)
=====> Processed 60 ref cells (0 fillers) from library

Initial legalization


Bounds/Regions In This Design:
        Area    Num Cells  Exclusive Name
 (square um)
      824754        32867        Yes DEFAULT_VA

Starting legalizer.
Warning: Exclusive bound 'DEFAULT' has no cells.
Optimizing Exclusive Bound 'DEFAULT_VA' (2/2)
    Done Exclusive Bound 'DEFAULT_VA' (2/2) (5 sec)
Legalization complete (9 total sec)

****************************************
  Report : Placement Attempts
  Site   : unit
****************************************

number of cells:                  32867
number of references:                60
number of site rows:                315
number of locations attempted:   703627
number of locations failed:           0  (0.0%)

Legality of references at locations:
0 references had failures.

Legality of references in rows:
0 references had row failures.

****************************************
  Report : Cell Displacements
****************************************

number of cells aggregated:       32533 (511144 total sites)
avg row height over cells:        2.880 um
rms cell displacement:            0.000 um ( 0.00 row height)
rms weighted cell displacement:   0.000 um ( 0.00 row height)
max cell displacement:            0.000 um ( 0.00 row height)
avg cell displacement:            0.000 um ( 0.00 row height)
avg weighted cell displacement:   0.000 um ( 0.00 row height)
number of cells moved:                0
number of large displacements:        0
large displacement threshold:     3.000 row height

Displacements of worst 10 cells:
Cell: u_controller/rem_102/U10 (AND2X1)
  Input location: (847.12,514)
  Legal location: (847.12,514)
  Displacement:   0.000 um ( 0.00 row height)
Cell: u_controller/div_108/U31 (AND2X1)
  Input location: (908.24,565.84)
  Legal location: (908.24,565.84)
  Displacement:   0.000 um ( 0.00 row height)
Cell: u_controller/div_108/U30 (AND2X1)
  Input location: (850.96,565.84)
  Legal location: (850.96,565.84)
  Displacement:   0.000 um ( 0.00 row height)
Cell: u_controller/div_108/U27 (AND2X1)
  Input location: (912.4,562.96)
  Legal location: (912.4,562.96)
  Displacement:   0.000 um ( 0.00 row height)
Cell: u_controller/div_108/U15 (AND2X1)
  Input location: (903.76,554.32)
  Legal location: (903.76,554.32)
  Displacement:   0.000 um ( 0.00 row height)
Cell: u_controller/div_108/U25 (AND2X1)
  Input location: (870.48,568.72)
  Legal location: (870.48,568.72)
  Displacement:   0.000 um ( 0.00 row height)
Cell: u_controller/div_108/U24 (AND2X1)
  Input location: (854.16,574.48)
  Legal location: (854.16,574.48)
  Displacement:   0.000 um ( 0.00 row height)
Cell: u_controller/div_108/U23 (AND2X1)
  Input location: (892.56,571.6)
  Legal location: (892.56,571.6)
  Displacement:   0.000 um ( 0.00 row height)
Cell: u_controller/div_108/U22 (AND2X1)
  Input location: (878.8,568.72)
  Legal location: (878.8,568.72)
  Displacement:   0.000 um ( 0.00 row height)
Cell: u_controller/rem_102/U23 (AND2X1)
  Input location: (830.48,508.24)
  Legal location: (830.48,508.24)
  Displacement:   0.000 um ( 0.00 row height)


Finding violations for search and repair.
Design has no advanced rules
Checking legality
Checking cell legality:
0%....10%....20%....30%....40%....50%....60%....70%....80%....90%....100%
Sorting rows.
Checking spacing rule legality.
0%....10%....20%....30%....40%....50%....60%....70%....80%....90%....100%
Checking packing rule legality.


There are 0 movable cell violations.
Done.

 CCD using TA only patch routing
Warning: Cell contains tie connections which are not connected to real PG. (ZRT-511)
Warning: Ignore contact DIFFCON. (ZRT-015)
Turn off antenna since no rule is specified
Cell Min-Routing-Layer = M2
Cell Max-Routing-Layer = M7
Warning: Ignore 2 top cell ports with no pins. (ZRT-027)
Info: number of net_type_blockage: 0 
Warning: Contact VIA89's lower layer enclosure width does not satisfy end of line enclosure design rule. (ZRT-042)
Warning: Contact VIA89's upper layer enclosure width does not satisfy end of line enclosure design rule. (ZRT-042)
Warning: Contact VIA89's lower layer enclosure height does not satisfy end of line enclosure design rule. (ZRT-042)
Warning: Contact VIA89's upper layer enclosure height does not satisfy end of line enclosure design rule. (ZRT-042)
Warning: Contact VIA89C's lower layer enclosure height does not satisfy end of line enclosure design rule. (ZRT-042)
Warning: Contact VIA89C's upper layer enclosure width does not satisfy end of line enclosure design rule. (ZRT-042)
Warning: Contact VIA89C's lower layer enclosure width does not satisfy end of line enclosure design rule. (ZRT-042)
Warning: Contact VIA89C's upper layer enclosure height does not satisfy end of line enclosure design rule. (ZRT-042)
Via on layer (VIA1) needs more than one tracks
Warning: Layer M1 pitch 0.320 may be too small: wire/via-down 0.315, wire/via-up 0.330. (ZRT-026)
Via on layer (VIA1) needs more than one tracks
Warning: Layer M2 pitch 0.320 may be too small: wire/via-down 0.360, wire/via-up 0.320. (ZRT-026)
Start Global Route ... 
[Init] Elapsed real time: 0:00:00 
[Init] Elapsed cpu  time: sys=0:00:00 usr=0:00:00 total=0:00:00
[Init] Stage (MB): Used    0  Alloctr    0  Proc    0 
[Init] Total (MB): Used  103  Alloctr  105  Proc 2025 
Printing options for 'route.common.*'

Printing options for 'route.global.*'
global.deterministic                                    :	 off                 
global.placement_timing_driven_mode                     :	 false               
global.timing_driven                                    :	 false               

Begin global routing.
Loading parastics information to the router ...
parastics information loaded to the router.
Constructing data structure ...
Design statistics:
Design Bounding Box (0.00,0.00,929.12,927.20)
Number of routing layers = 9
layer M1, dir Hor, min width = 0.14, min space = 0.14 pitch = 0.32
layer M2, dir Ver, min width = 0.16, min space = 0.16 pitch = 0.32
layer M3, dir Hor, min width = 0.16, min space = 0.16 pitch = 0.64
layer M4, dir Ver, min width = 0.16, min space = 0.16 pitch = 0.64
layer M5, dir Hor, min width = 0.16, min space = 0.16 pitch = 1.28
layer M6, dir Ver, min width = 0.16, min space = 0.16 pitch = 1.28
layer M7, dir Hor, min width = 0.16, min space = 0.16 pitch = 2.56
layer M8, dir Ver, min width = 0.16, min space = 0.16 pitch = 3.84
layer M9, dir Hor, min width = 0.45, min space = 0.45 pitch = 5.12
Current Stage stats:
[End of Build Tech Data] Elapsed real time: 0:00:00 
[End of Build Tech Data] Elapsed cpu  time: sys=0:00:00 usr=0:00:00 total=0:00:00
[End of Build Tech Data] Stage (MB): Used    2  Alloctr    2  Proc    0 
[End of Build Tech Data] Total (MB): Used  105  Alloctr  107  Proc 2025 
Warning: No existing global route is available for reuse in incremental global routing. (ZRT-586)
Net statistics:
Total number of nets     = 33150
Number of nets to route  = 335
Number of single or zero port nets = 1
Number of nets with min-layer-mode soft = 335
Number of nets with min-layer-mode soft-cost-medium = 335
Number of nets with max-layer-mode hard = 334
42 nets are partially connected,
 of which 42 are detail routed and 0 are global routed.
295 nets are fully connected,
 of which 295 are detail routed and 0 are global routed.
90 nets have non-default rule clk_network_NDR_internal
1 nets have non-default rule clk_network_NDR_root
Current Stage stats:
[End of Build All Nets] Elapsed real time: 0:00:00 
[End of Build All Nets] Elapsed cpu  time: sys=0:00:00 usr=0:00:01 total=0:00:01
[End of Build All Nets] Stage (MB): Used   11  Alloctr   11  Proc    0 
[End of Build All Nets] Total (MB): Used  116  Alloctr  118  Proc 2025 
Average gCell capacity  2.10	 on layer (1)	 M1
Average gCell capacity  7.89	 on layer (2)	 M2
Average gCell capacity  4.04	 on layer (3)	 M3
Average gCell capacity  3.97	 on layer (4)	 M4
Average gCell capacity  2.05	 on layer (5)	 M5
Average gCell capacity  2.07	 on layer (6)	 M6
Average gCell capacity  1.04	 on layer (7)	 M7
Average gCell capacity  0.49	 on layer (8)	 M8
Average gCell capacity  0.00	 on layer (9)	 M9
Average number of tracks per gCell 9.03	 on layer (1)	 M1
Average number of tracks per gCell 9.02	 on layer (2)	 M2
Average number of tracks per gCell 4.52	 on layer (3)	 M3
Average number of tracks per gCell 4.51	 on layer (4)	 M4
Average number of tracks per gCell 2.26	 on layer (5)	 M5
Average number of tracks per gCell 2.26	 on layer (6)	 M6
Average number of tracks per gCell 1.13	 on layer (7)	 M7
Average number of tracks per gCell 0.76	 on layer (8)	 M8
Average number of tracks per gCell 0.57	 on layer (9)	 M9
Number of gCells = 930258
Current Stage stats:
[End of Build Congestion map] Elapsed real time: 0:00:01 
[End of Build Congestion map] Elapsed cpu  time: sys=0:00:00 usr=0:00:01 total=0:00:01
[End of Build Congestion map] Stage (MB): Used   11  Alloctr   11  Proc    0 
[End of Build Congestion map] Total (MB): Used  128  Alloctr  130  Proc 2025 
Information: RC layer preference is turned off for this design. (ZRT-613)
Total stats:
[End of Build Data] Elapsed real time: 0:00:01 
[End of Build Data] Elapsed cpu  time: sys=0:00:00 usr=0:00:02 total=0:00:02
[End of Build Data] Stage (MB): Used   25  Alloctr   25  Proc    0 
[End of Build Data] Total (MB): Used  128  Alloctr  130  Proc 2025 
Current Stage stats:
[End of Blocked Pin Detection] Elapsed real time: 0:00:00 
[End of Blocked Pin Detection] Elapsed cpu  time: sys=0:00:00 usr=0:00:00 total=0:00:00
[End of Blocked Pin Detection] Stage (MB): Used    0  Alloctr    0  Proc    0 
[End of Blocked Pin Detection] Total (MB): Used  128  Alloctr  130  Proc 2025 
Information: Using 6 threads for routing. (ZRT-444)
multi gcell levels ON

Start GR phase 0
Current Stage stats:
[End of Initial Routing] Elapsed real time: 0:00:00 
[End of Initial Routing] Elapsed cpu  time: sys=0:00:00 usr=0:00:00 total=0:00:00
[End of Initial Routing] Stage (MB): Used    0  Alloctr    0  Proc    0 
[End of Initial Routing] Total (MB): Used  128  Alloctr  130  Proc 2025 
Initial. Routing result:
Initial. Both Dirs: Overflow =    18 Max = 1 GRCs =   138 (0.07%)
Initial. H routing: Overflow =     0 Max = 1 (GRCs =   8) GRCs =     8 (0.01%)
Initial. V routing: Overflow =    17 Max = 1 (GRCs = 130) GRCs =   130 (0.13%)
Initial. M1         Overflow =     0 Max = 1 (GRCs =   1) GRCs =     1 (0.00%)
Initial. M2         Overflow =    17 Max = 1 (GRCs = 130) GRCs =   130 (0.13%)
Initial. M3         Overflow =     0 Max = 1 (GRCs =   7) GRCs =     7 (0.01%)
Initial. M4         Overflow =     0 Max = 0 (GRCs =   0) GRCs =     0 (0.00%)
Initial. M5         Overflow =     0 Max = 0 (GRCs =   0) GRCs =     0 (0.00%)
Initial. M6         Overflow =     0 Max = 0 (GRCs =   0) GRCs =     0 (0.00%)
Initial. M7         Overflow =     0 Max = 0 (GRCs =   0) GRCs =     0 (0.00%)
Initial. M8         Overflow =     0 Max = 0 (GRCs =   0) GRCs =     0 (0.00%)
Initial. M9         Overflow =     0 Max = 0 (GRCs =   0) GRCs =     0 (0.00%)

Initial. Total Wire Length = 25.25
Initial. Layer M1 wire length = 0.00
Initial. Layer M2 wire length = 23.47
Initial. Layer M3 wire length = 1.77
Initial. Layer M4 wire length = 0.00
Initial. Layer M5 wire length = 0.00
Initial. Layer M6 wire length = 0.00
Initial. Layer M7 wire length = 0.00
Initial. Layer M8 wire length = 0.00
Initial. Layer M9 wire length = 0.00
Initial. Total Number of Contacts = 27
Initial. Via VIA12C count = 16
Initial. Via VIA23C count = 11
Initial. Via VIA34C count = 0
Initial. Via VIA45C count = 0
Initial. Via VIA56C count = 0
Initial. Via VIA67C count = 0
Initial. Via VIA78C count = 0
Initial. Via VIA89C count = 0
Initial. completed.

Start GR phase 1
Current Stage stats:
[End of Phase1 Routing] Elapsed real time: 0:00:00 
[End of Phase1 Routing] Elapsed cpu  time: sys=0:00:00 usr=0:00:00 total=0:00:00
[End of Phase1 Routing] Stage (MB): Used    0  Alloctr    0  Proc    0 
[End of Phase1 Routing] Total (MB): Used  128  Alloctr  130  Proc 2025 
phase1. Routing result:
phase1. Both Dirs: Overflow =    18 Max = 1 GRCs =   138 (0.07%)
phase1. H routing: Overflow =     0 Max = 1 (GRCs =   8) GRCs =     8 (0.01%)
phase1. V routing: Overflow =    17 Max = 1 (GRCs = 130) GRCs =   130 (0.13%)
phase1. M1         Overflow =     0 Max = 1 (GRCs =   1) GRCs =     1 (0.00%)
phase1. M2         Overflow =    17 Max = 1 (GRCs = 130) GRCs =   130 (0.13%)
phase1. M3         Overflow =     0 Max = 1 (GRCs =   7) GRCs =     7 (0.01%)
phase1. M4         Overflow =     0 Max = 0 (GRCs =   0) GRCs =     0 (0.00%)
phase1. M5         Overflow =     0 Max = 0 (GRCs =   0) GRCs =     0 (0.00%)
phase1. M6         Overflow =     0 Max = 0 (GRCs =   0) GRCs =     0 (0.00%)
phase1. M7         Overflow =     0 Max = 0 (GRCs =   0) GRCs =     0 (0.00%)
phase1. M8         Overflow =     0 Max = 0 (GRCs =   0) GRCs =     0 (0.00%)
phase1. M9         Overflow =     0 Max = 0 (GRCs =   0) GRCs =     0 (0.00%)

phase1. Total Wire Length = 25.25
phase1. Layer M1 wire length = 0.00
phase1. Layer M2 wire length = 23.47
phase1. Layer M3 wire length = 1.77
phase1. Layer M4 wire length = 0.00
phase1. Layer M5 wire length = 0.00
phase1. Layer M6 wire length = 0.00
phase1. Layer M7 wire length = 0.00
phase1. Layer M8 wire length = 0.00
phase1. Layer M9 wire length = 0.00
phase1. Total Number of Contacts = 27
phase1. Via VIA12C count = 16
phase1. Via VIA23C count = 11
phase1. Via VIA34C count = 0
phase1. Via VIA45C count = 0
phase1. Via VIA56C count = 0
phase1. Via VIA67C count = 0
phase1. Via VIA78C count = 0
phase1. Via VIA89C count = 0
phase1. completed.

Start GR phase 2
Current Stage stats:
[End of Phase2 Routing] Elapsed real time: 0:00:00 
[End of Phase2 Routing] Elapsed cpu  time: sys=0:00:00 usr=0:00:00 total=0:00:00
[End of Phase2 Routing] Stage (MB): Used    0  Alloctr    0  Proc    0 
[End of Phase2 Routing] Total (MB): Used  128  Alloctr  130  Proc 2025 
phase2. Routing result:
phase2. Both Dirs: Overflow =    14 Max = 1 GRCs =   118 (0.06%)
phase2. H routing: Overflow =     0 Max = 1 (GRCs =   7) GRCs =     7 (0.01%)
phase2. V routing: Overflow =    13 Max = 1 (GRCs = 111) GRCs =   111 (0.11%)
phase2. M1         Overflow =     0 Max = 1 (GRCs =   1) GRCs =     1 (0.00%)
phase2. M2         Overflow =    13 Max = 1 (GRCs = 111) GRCs =   111 (0.11%)
phase2. M3         Overflow =     0 Max = 1 (GRCs =   6) GRCs =     6 (0.01%)
phase2. M4         Overflow =     0 Max = 0 (GRCs =   0) GRCs =     0 (0.00%)
phase2. M5         Overflow =     0 Max = 0 (GRCs =   0) GRCs =     0 (0.00%)
phase2. M6         Overflow =     0 Max = 0 (GRCs =   0) GRCs =     0 (0.00%)
phase2. M7         Overflow =     0 Max = 0 (GRCs =   0) GRCs =     0 (0.00%)
phase2. M8         Overflow =     0 Max = 0 (GRCs =   0) GRCs =     0 (0.00%)
phase2. M9         Overflow =     0 Max = 0 (GRCs =   0) GRCs =     0 (0.00%)

phase2. Total Wire Length = 25.25
phase2. Layer M1 wire length = 0.00
phase2. Layer M2 wire length = 23.48
phase2. Layer M3 wire length = 1.77
phase2. Layer M4 wire length = 0.00
phase2. Layer M5 wire length = 0.00
phase2. Layer M6 wire length = 0.00
phase2. Layer M7 wire length = 0.00
phase2. Layer M8 wire length = 0.00
phase2. Layer M9 wire length = 0.00
phase2. Total Number of Contacts = 27
phase2. Via VIA12C count = 16
phase2. Via VIA23C count = 11
phase2. Via VIA34C count = 0
phase2. Via VIA45C count = 0
phase2. Via VIA56C count = 0
phase2. Via VIA67C count = 0
phase2. Via VIA78C count = 0
phase2. Via VIA89C count = 0
phase2. completed.

Start GR phase 3
Current Stage stats:
[End of Phase3 Routing] Elapsed real time: 0:00:00 
[End of Phase3 Routing] Elapsed cpu  time: sys=0:00:00 usr=0:00:00 total=0:00:00
[End of Phase3 Routing] Stage (MB): Used    0  Alloctr    0  Proc    0 
[End of Phase3 Routing] Total (MB): Used  128  Alloctr  130  Proc 2025 
phase3. Routing result:
phase3. Both Dirs: Overflow =    14 Max = 1 GRCs =   118 (0.06%)
phase3. H routing: Overflow =     0 Max = 1 (GRCs =   7) GRCs =     7 (0.01%)
phase3. V routing: Overflow =    13 Max = 1 (GRCs = 111) GRCs =   111 (0.11%)
phase3. M1         Overflow =     0 Max = 1 (GRCs =   1) GRCs =     1 (0.00%)
phase3. M2         Overflow =    13 Max = 1 (GRCs = 111) GRCs =   111 (0.11%)
phase3. M3         Overflow =     0 Max = 1 (GRCs =   6) GRCs =     6 (0.01%)
phase3. M4         Overflow =     0 Max = 0 (GRCs =   0) GRCs =     0 (0.00%)
phase3. M5         Overflow =     0 Max = 0 (GRCs =   0) GRCs =     0 (0.00%)
phase3. M6         Overflow =     0 Max = 0 (GRCs =   0) GRCs =     0 (0.00%)
phase3. M7         Overflow =     0 Max = 0 (GRCs =   0) GRCs =     0 (0.00%)
phase3. M8         Overflow =     0 Max = 0 (GRCs =   0) GRCs =     0 (0.00%)
phase3. M9         Overflow =     0 Max = 0 (GRCs =   0) GRCs =     0 (0.00%)

phase3. Total Wire Length = 25.25
phase3. Layer M1 wire length = 0.00
phase3. Layer M2 wire length = 23.48
phase3. Layer M3 wire length = 1.77
phase3. Layer M4 wire length = 0.00
phase3. Layer M5 wire length = 0.00
phase3. Layer M6 wire length = 0.00
phase3. Layer M7 wire length = 0.00
phase3. Layer M8 wire length = 0.00
phase3. Layer M9 wire length = 0.00
phase3. Total Number of Contacts = 27
phase3. Via VIA12C count = 16
phase3. Via VIA23C count = 11
phase3. Via VIA34C count = 0
phase3. Via VIA45C count = 0
phase3. Via VIA56C count = 0
phase3. Via VIA67C count = 0
phase3. Via VIA78C count = 0
phase3. Via VIA89C count = 0
phase3. completed.
[End of Whole Chip Routing] Elapsed real time: 0:00:01 
[End of Whole Chip Routing] Elapsed cpu  time: sys=0:00:00 usr=0:00:02 total=0:00:02
[End of Whole Chip Routing] Stage (MB): Used   25  Alloctr   25  Proc    0 
[End of Whole Chip Routing] Total (MB): Used  128  Alloctr  130  Proc 2025 

Information: Global Routing terminated early: false (ZRT-103)

Congestion utilization per direction:
Average vertical track utilization   =  1.73 %
Peak    vertical track utilization   = 66.67 %
Average horizontal track utilization =  2.23 %
Peak    horizontal track utilization = 100.00 %

Current Stage stats:
[GR: Done] Elapsed real time: 0:00:00 
[GR: Done] Elapsed cpu  time: sys=0:00:00 usr=0:00:00 total=0:00:00
[GR: Done] Stage (MB): Used  -10  Alloctr  -10  Proc    0 
[GR: Done] Total (MB): Used  119  Alloctr  121  Proc 2025 
GR Total stats:
[GR: Done] Elapsed real time: 0:00:02 
[GR: Done] Elapsed cpu  time: sys=0:00:00 usr=0:00:02 total=0:00:02
[GR: Done] Stage (MB): Used   16  Alloctr   16  Proc    0 
[GR: Done] Total (MB): Used  119  Alloctr  121  Proc 2025 
Updating congestion ...
Updating congestion ...
Final total stats:
[End of Global Routing] Elapsed real time: 0:00:02 
[End of Global Routing] Elapsed cpu  time: sys=0:00:00 usr=0:00:03 total=0:00:03
[End of Global Routing] Stage (MB): Used    0  Alloctr    0  Proc    0 
[End of Global Routing] Total (MB): Used  103  Alloctr  104  Proc 2025 

Start track assignment

Printing options for 'route.common.*'

Printing options for 'route.track.*'
track.timing_driven                                     :	 false               

Information: Using 6 threads for routing. (ZRT-444)
Information: RC layer preference is turned off for this design. (ZRT-613)

[Track Assign: Read routes] Elapsed real time: 0:00:00 
[Track Assign: Read routes] Elapsed cpu  time: sys=0:00:00 usr=0:00:00 total=0:00:00
[Track Assign: Read routes] Stage (MB): Used    6  Alloctr    6  Proc    0 
[Track Assign: Read routes] Total (MB): Used  105  Alloctr  107  Proc 2025 

Start initial assignment

Assign Horizontal partitions, iteration 0
Routed partition 1/33      
Routed partition 2/33      
Routed partition 3/33      
Routed partition 4/33      
Routed partition 5/33      
Routed partition 6/33      
Routed partition 7/33      
Routed partition 8/33      
Routed partition 9/33      
Routed partition 10/33     
Routed partition 11/33     
Routed partition 12/33     
Routed partition 13/33     
Routed partition 14/33     
Routed partition 15/33     
Routed partition 16/33     
Routed partition 17/33     
Routed partition 18/33     
Routed partition 19/33     
Routed partition 20/33     
Routed partition 21/33     
Routed partition 22/33     
Routed partition 23/33     
Routed partition 24/33     
Routed partition 25/33     
Routed partition 26/33     
Routed partition 27/33     
Routed partition 28/33     
Routed partition 29/33     
Routed partition 30/33     
Routed partition 31/33     
Routed partition 32/33     
Routed partition 33/33     

Assign Vertical partitions, iteration 0
Routed partition 1/33      
Routed partition 2/33      
Routed partition 3/33      
Routed partition 4/33      
Routed partition 5/33      
Routed partition 6/33      
Routed partition 7/33      
Routed partition 8/33      
Routed partition 9/33      
Routed partition 11/33     
Routed partition 11/33     
Routed partition 14/33     
Routed partition 14/33     
Routed partition 14/33     
Routed partition 15/33     
Routed partition 16/33     
Routed partition 17/33     
Routed partition 18/33     
Routed partition 19/33     
Routed partition 20/33     
Routed partition 21/33     
Routed partition 22/33     
Routed partition 24/33     
Routed partition 25/33     
Routed partition 26/33     
Routed partition 26/33     
Routed partition 27/33     
Routed partition 28/33     
Routed partition 29/33     
Routed partition 30/33     
Routed partition 31/33     
Routed partition 32/33     
Routed partition 33/33     

Number of wires with overlap after iteration 0 = 58 of 161


[Track Assign: Iteration 0] Elapsed real time: 0:00:00 
[Track Assign: Iteration 0] Elapsed cpu  time: sys=0:00:00 usr=0:00:02 total=0:00:03
[Track Assign: Iteration 0] Stage (MB): Used    7  Alloctr    7  Proc   97 
[Track Assign: Iteration 0] Total (MB): Used  106  Alloctr  108  Proc 2123 

Reroute to fix overlaps

Assign Horizontal partitions, iteration 1
Routed partition 1/33      
Routed partition 2/33      
Routed partition 3/33      
Routed partition 5/33      
Routed partition 5/33      
Routed partition 6/33      
Routed partition 7/33      
Routed partition 8/33      
Routed partition 9/33      
Routed partition 10/33     
Routed partition 11/33     
Routed partition 14/33     
Routed partition 14/33     
Routed partition 14/33     
Routed partition 15/33     
Routed partition 16/33     
Routed partition 19/33     
Routed partition 19/33     
Routed partition 19/33     
Routed partition 20/33     
Routed partition 21/33     
Routed partition 22/33     
Routed partition 23/33     
Routed partition 24/33     
Routed partition 25/33     
Routed partition 26/33     
Routed partition 28/33     
Routed partition 28/33     
Routed partition 29/33     
Routed partition 30/33     
Routed partition 31/33     
Routed partition 32/33     
Routed partition 33/33     

Assign Vertical partitions, iteration 1
Routed partition 1/33      
Routed partition 2/33      
Routed partition 5/33      
Routed partition 5/33      
Routed partition 5/33      
Routed partition 6/33      
Routed partition 7/33      
Routed partition 8/33      
Routed partition 9/33      
Routed partition 10/33     
Routed partition 11/33     
Routed partition 12/33     
Routed partition 15/33     
Routed partition 15/33     
Routed partition 16/33     
Routed partition 16/33     
Routed partition 17/33     
Routed partition 18/33     
Routed partition 19/33     
Routed partition 20/33     
Routed partition 21/33     
Routed partition 22/33     
Routed partition 23/33     
Routed partition 25/33     
Routed partition 25/33     
Routed partition 26/33     
Routed partition 27/33     
Routed partition 28/33     
Routed partition 31/33     
Routed partition 31/33     
Routed partition 31/33     
Routed partition 32/33     
Routed partition 33/33     

[Track Assign: Iteration 1] Elapsed real time: 0:00:01 
[Track Assign: Iteration 1] Elapsed cpu  time: sys=0:00:00 usr=0:00:05 total=0:00:05
[Track Assign: Iteration 1] Stage (MB): Used    7  Alloctr    7  Proc   97 
[Track Assign: Iteration 1] Total (MB): Used  106  Alloctr  108  Proc 2123 

Number of wires with overlap after iteration 1 = 10 of 65


Wire length and via report:
---------------------------
Number of M1 wires: 21 		 POLYCON: 0
Number of M2 wires: 15 		 VIA12C: 48
Number of M3 wires: 29 		 VIA23C: 47
Number of M4 wires: 0 		 VIA34C: 0
Number of M5 wires: 0 		 VIA45C: 0
Number of M6 wires: 0 		 VIA56C: 0
Number of M7 wires: 0 		 VIA67C: 0
Number of M8 wires: 0 		 VIA78C: 0
Number of M9 wires: 0 		 VIA89C: 0
Total number of wires: 65 		 vias: 95

Total M1 wire length: 6.2
Total M2 wire length: 27.3
Total M3 wire length: 20.0
Total M4 wire length: 0.0
Total M5 wire length: 0.0
Total M6 wire length: 0.0
Total M7 wire length: 0.0
Total M8 wire length: 0.0
Total M9 wire length: 0.0
Total wire length: 53.5

Longest M1 wire length: 0.7
Longest M2 wire length: 11.5
Longest M3 wire length: 1.9
Longest M4 wire length: 0.0
Longest M5 wire length: 0.0
Longest M6 wire length: 0.0
Longest M7 wire length: 0.0
Longest M8 wire length: 0.0
Longest M9 wire length: 0.0


[Track Assign: Done] Elapsed real time: 0:00:01 
[Track Assign: Done] Elapsed cpu  time: sys=0:00:00 usr=0:00:05 total=0:00:05
[Track Assign: Done] Stage (MB): Used    3  Alloctr    3  Proc   97 
[Track Assign: Done] Total (MB): Used  102  Alloctr  104  Proc 2123 
Skip detail route
Updating the database ...
Information: The net parasitics of block css_phy_tx_top are cleared. (TIM-123)
1
Done with CCD-_area prior to Phase III of datapath opto
Begin building search trees for block css_phy_tx_top.dlib:css_phy_tx_top_cts.design
Done building search trees for block css_phy_tx_top.dlib:css_phy_tx_top_cts.design (time 0s)
Information: The stitching and editing of coupling caps is turned OFF for design 'css_phy_tx_top.dlib:css_phy_tx_top_cts.design'. (TIM-125)
Information: Design css_phy_tx_top_cts has 33149 nets, 0 global routed, 335 detail routed. (NEX-024)
Number of Site types in the design = 1
Setting up Chip Core
Chip Core shape: (100000 100000) (9191200 9172000)
Number of unique PDs = 1
Number of Power Domains = 1
Number of Voltage Areas = 1
Number of supply Nets = 2
Number of used supplies = 2
Information: The RC mode used is CTO for design 'css_phy_tx_top'. (NEX-022)
Information: Design Average RC for design css_phy_tx_top_cts  (NEX-011)
Information: r = 0.562500 ohm/um, via_r = 0.900000 ohm/cut, c = 0.098567 ff/um, cc = 0.000000 ff/um (X dir) (NEX-017)
Information: r = 0.562500 ohm/um, via_r = 0.900000 ohm/cut, c = 0.117839 ff/um, cc = 0.000000 ff/um (Y dir) (NEX-017)
Information: Update timing completed net estimation for all the timing graph nets (TIM-111)
Information: Net estimation statistics: timing graph nets = 33147, routed nets = 335, across physical hierarchy nets = 0, parasitics cached nets = 33147, delay annotated nets = 0, parasitics annotated nets = 0, multi-voltage nets = 0. (TIM-112)
Use advanced legalizer engine : 0

Use advanced legalizer engine : 0
npo-clock-opt optimization Phase 8 Iter  1          0.00      0.00         0       0.474           -           0.186
ORB: timingScenario default timingCorner default
INFO: No leakage and power scenarios. Using regular scenarios instead.
INFO: No active leakage scenarios. Leakage will be turned off
ORB: Nominal = 0.181379  Design MT = 1.024000  Target = 0.875499 (4.827 nominal)  MaxRC = 0.350179
ORB: timingScenario default timingCorner default
INFO: No leakage and power scenarios. Using regular scenarios instead.
INFO: No active leakage scenarios. Leakage will be turned off
ORB: Nominal = 0.181379  Design MT = 1.024000  Target = 0.875499 (4.827 nominal)  MaxRC = 0.350179
npo-clock-opt optimization Phase 8 Iter  2          0.00      0.00         0       0.474           -           0.186

CCL: Total Usage Adjustment : 1
route.global.debug_compact_coef 4
Warning: Cell contains tie connections which are not connected to real PG. (ZRT-511)
Warning: Ignore contact DIFFCON. (ZRT-015)
Turn off antenna since no rule is specified
Cell Min-Routing-Layer = M2
Cell Max-Routing-Layer = M7
Warning: Ignore 2 top cell ports with no pins. (ZRT-027)
Info: number of net_type_blockage: 0 
Via on layer (VIA1) needs more than one tracks
Warning: Layer M1 pitch 0.320 may be too small: wire/via-down 0.315, wire/via-up 0.330. (ZRT-026)
Via on layer (VIA1) needs more than one tracks
Warning: Layer M2 pitch 0.320 may be too small: wire/via-down 0.360, wire/via-up 0.320. (ZRT-026)
Loading parastics information to the router ...
parastics information loaded to the router.
Information: RC layer preference is turned off for this design. (ZRT-613)
Updating congestion ...
Updating congestion ...
route.global.debug_compact_coef 1
INFO: Derive row count 20 from GR congestion map (81/4)
INFO: Derive col count 20 from GR congestion map (81/4)
npo-clock-opt optimization Phase 9 Iter  1          0.00      0.00         0       0.474           -           0.187
npo-clock-opt optimization Phase 9 Iter  2          0.00      0.00         0       0.474           -           0.187
npo-clock-opt optimization Phase 9 Iter  3          0.00      0.00         0       0.474           -           0.187
npo-clock-opt optimization Phase 9 Iter  4          0.00      0.00         0       0.474           -           0.187
npo-clock-opt optimization Phase 9 Iter  5          0.00      0.00         0       0.474           -           0.187
npo-clock-opt optimization Phase 9 Iter  6          0.00      0.00         0       0.474           -           0.187
npo-clock-opt optimization Phase 9 Iter  7          0.00      0.00         0       0.474           -           0.187

npo-clock-opt optimization Phase 10 Iter  1         0.00      0.00         0       0.474           -           0.187

npo-clock-opt optimization Phase 11 Iter  1         0.00      0.00         0       0.474           -           0.187

Use advanced legalizer engine : 0
npo-clock-opt optimization Phase 12 Iter  1         0.00      0.00         0       0.474           -           0.188
npo-clock-opt optimization Phase 12 Iter  2         0.00      0.00         0       0.474           -           0.188

npo-clock-opt optimization Phase 13 Iter  1         0.00      0.00         0       0.474           -           0.188

CCL: Total Usage Adjustment : 1
route.global.debug_compact_coef 4
Warning: Cell contains tie connections which are not connected to real PG. (ZRT-511)
Warning: Ignore contact DIFFCON. (ZRT-015)
Turn off antenna since no rule is specified
Cell Min-Routing-Layer = M2
Cell Max-Routing-Layer = M7
Warning: Ignore 2 top cell ports with no pins. (ZRT-027)
Info: number of net_type_blockage: 0 
Via on layer (VIA1) needs more than one tracks
Warning: Layer M1 pitch 0.320 may be too small: wire/via-down 0.315, wire/via-up 0.330. (ZRT-026)
Via on layer (VIA1) needs more than one tracks
Warning: Layer M2 pitch 0.320 may be too small: wire/via-down 0.360, wire/via-up 0.320. (ZRT-026)
Loading parastics information to the router ...
parastics information loaded to the router.
Information: RC layer preference is turned off for this design. (ZRT-613)
Updating congestion ...
Updating congestion ...
route.global.debug_compact_coef 1
INFO: Derive row count 20 from GR congestion map (81/4)
INFO: Derive col count 20 from GR congestion map (81/4)
Use advanced legalizer engine : 0
npo-clock-opt optimization Phase 14 Iter  1         0.00      0.00         0       0.474           -           0.189
npo-clock-opt optimization Phase 14 Iter  2         0.00      0.00         0       0.474           -           0.189
npo-clock-opt optimization Phase 14 Iter  3         0.00      0.00         0       0.474           -           0.189
PBO-INFO:  LR disabled
npo-clock-opt optimization Phase 14 Iter  4         0.00      0.00         0       0.474           -           0.189
PBO-INFO:  LR disabled
npo-clock-opt optimization Phase 14 Iter  5         0.00      0.00         0       0.474           -           0.189

npo-clock-opt optimization Phase 15 Iter  1         0.00      0.00         0       0.474           -           0.189

npo-clock-opt optimization Phase 16 Iter  1         0.00      0.00         0       0.474           -           0.189
{LOPT_M6_M7}
{LOPT_M3_M7}
Layer bins has 1 layers:
--------------------------------------------
Layer bin    = 0
Routing rule = { NDR = LOPT_M3_M7  MinLayer = M3(13)  MaxLayer = M7(17)  MaxVoltg = uninit }
Delay per mm = 0.173
Stage delay  = 0.165525 (ns)
Stage length = 955 (um)
Demand cost  = 1.000000
--------------------------------------------
CCL: Total Usage Adjustment : 1
Calling route_global to generate congestion map
Multi-thread GR for layer opto ...
Start Global Route ... 
[Init] Elapsed real time: 0:00:00 
[Init] Elapsed cpu  time: sys=0:00:00 usr=0:00:00 total=0:00:00
[Init] Stage (MB): Used    0  Alloctr    0  Proc    0 
[Init] Total (MB): Used    5  Alloctr    5  Proc 2123 
Printing options for 'route.common.*'
common.allow_pg_as_shield                               :	 true                
common.check_and_update_via_regions_by_design_tech_file :	 false               
common.check_shield                                     :	 true                
common.clock_topology                                   :	 normal              
common.color_based_dpt_flow                             :	 false               
common.comb_distance                                    :	 2                   
common.concurrent_redundant_via_effort_level            :	 low                 
common.concurrent_redundant_via_mode                    :	 off                 
common.connect_floating_shapes                          :	 false               
common.connect_within_pins_by_layer_name                :	                     
common.continue_with_frozen_global_route                :	 false               
common.crosstalk_effort_level                           :	 low                 
common.derive_connect_within_pin_via_region             :	 false               
common.eco_route_concurrent_redundant_via_effort_level  :	 low                 
common.eco_route_concurrent_redundant_via_mode          :	 off                 
common.enable_multi_thread                              :	 true                
common.extra_nonpreferred_direction_wire_cost_multiplier_by_layer_name:	                     
common.extra_preferred_direction_wire_cost_multiplier_by_layer_name:	                     
common.extra_via_cost_multiplier_by_layer_name          :	                     
common.extra_via_off_grid_cost_multiplier_by_layer_name :	                     
common.floorplan_aware_hier_va_gr                       :	 true                
common.forbid_new_metal_by_layer_name                   :	                     
common.forbid_odd_pitch_jog_by_layer_name               :	                     
common.freeze_layer_by_layer_name                       :	                     
common.freeze_via_to_frozen_layer_by_layer_name         :	                     
common.global_max_layer_mode                            :	 soft                
common.global_min_layer_mode                            :	 soft                
common.high_resistance_flow                             :	 true                
common.ignore_var_spacing_to_blockage                   :	 false               
common.ignore_var_spacing_to_pg                         :	 false               
common.ignore_var_spacing_to_shield                     :	 true                
common.mark_clock_nets_minor_change                     :	 true                
common.min_edge_offset_for_macro_pin_connection_by_layer_name:	                     
common.min_edge_offset_for_top_level_pin_connection_by_layer_name:	                     
common.min_max_layer_distance_threshold                 :	 0                   
common.min_shield_length_by_layer_name                  :	                     
common.net_max_layer_mode                               :	 hard                
common.net_max_layer_mode_soft_cost                     :	 medium              
common.net_min_layer_mode                               :	 soft                
common.net_min_layer_mode_soft_cost                     :	 medium              
common.number_of_secondary_pg_pin_connections           :	 0                   
common.number_of_vias_over_global_max_layer             :	 1                   
common.number_of_vias_over_net_max_layer                :	 1                   
common.number_of_vias_under_global_min_layer            :	 1                   
common.number_of_vias_under_net_min_layer               :	 1                   
common.optimize_for_pin_access                          :	 false               
common.pg_shield_distance_threshold                     :	 0                   
common.pin_spacing_control_mode                         :	 true                
common.post_detail_route_fix_soft_violations            :	 false               
common.post_detail_route_redundant_via_insertion        :	 off                 
common.post_eco_route_fix_soft_violations               :	 false               
common.post_group_route_fix_soft_violations             :	 false               
common.post_incremental_detail_route_fix_soft_violations:	 false               
common.rc_driven_setup_effort_level                     :	 medium              
common.redundant_via_exclude_weight_group_by_layer_name :	                     
common.redundant_via_include_weight_group_by_layer_name :	                     
common.reroute_clock_shapes                             :	 false               
common.reroute_user_shapes                              :	 false               
common.reshield_modified_nets                           :	 off                 
common.rotate_default_vias                              :	 true                
common.route_soft_rule_effort_level                     :	 medium              
common.route_top_boundary_mode                          :	 stay_inside         
common.routing_rule_effort_level                        :	                     
common.secondary_pg_pin_effort_level                    :	 hard                
common.separate_tie_off_from_secondary_pg               :	 false               
common.shielding_nets                                   :	                     
common.single_connection_to_pins                        :	 off                 
common.skip_pnet_ignore_shapes                          :	 false               
common.soft_rule_weight_to_effort_level_map             :	 {low low} {medium medium} {high high}
common.threshold_noise_ratio                            :	 0.35                
common.tie_off_mode                                     :	 all                 
common.track_auto_fill                                  :	 true                
common.verbose_level                                    :	 1                   
common.via_array_mode                                   :	 all                 
common.via_ladder_top_layer_overrides_net_min_layer     :	 false               
common.via_on_grid_by_layer_name                        :	                     
common.virtual_flat                                     :	 false               
common.voltage_area_aware                               :	 relaxed             
common.wide_macro_pin_as_fat_wire                       :	 false               
common.wire_on_grid_by_layer_name                       :	                     

Printing options for 'route.global.*'
global.auto_gcell                                       :	 true                
global.coarse_grid_refinement                           :	 true                
global.congestion_consistent_mode                       :	 true                
global.connect_pins_outside_routing_corridor            :	 true                
global.crosstalk_driven                                 :	 false               
global.custom_track_modeling_enhancement                :	 false               
global.debug_compact_coef                               :	 1                   
global.deterministic                                    :	 off                 
global.double_pattern_utilization_by_layer_name         :	                     
global.effort_level                                     :	 medium              
global.exclude_blocked_gcells_from_congestion_report    :	 false               
global.export_soft_congestion_maps                      :	 false               
global.extra_blocked_layer_utilization_reduction        :	 0                   
global.force_full_effort                                :	 false               
global.force_rerun_after_global_route_opt               :	 false               
global.interactive_multithread_mode                     :	 true                
global.macro_boundary_track_utilization                 :	 100                 
global.macro_boundary_width                             :	 5                   
global.macro_corner_track_utilization                   :	 100                 
global.ndr_dr_shape_as_blockage                         :	 true                
global.pin_access_factor                                :	 1                   
global.placement_timing_driven_mode                     :	 false               
global.report_congestion_enable_cell_snapping           :	 false               
global.report_congestion_ignore_buffers                 :	 false               
global.river_routing_extra_effort                       :	 false               
global.routing_corridor_fast_mode                       :	 true                
global.stats_silent_mode                                :	 true                
global.timing_driven                                    :	 false               
global.timing_driven_effort_level                       :	 high                
global.use_partially_blocked_track_on_zero_cap_gcell    :	 false               
global.via_cut_modeling                                 :	 false               
global.via_density                                      :	 0                   
global.via_optimization                                 :	 true                
global.voltage_area_corner_track_utilization            :	 100                 

Begin global routing.
Warning: Cell contains tie connections which are not connected to real PG. (ZRT-511)
Successfully added cut lay CO
Successfully added cut lay VIA1
Successfully added cut lay VIA2
Successfully added cut lay VIA3
Successfully added cut lay VIA4
Successfully added cut lay VIA5
Successfully added cut lay VIA6
Successfully added cut lay VIA7
Successfully added cut lay VIA8
Warning: Ignore contact DIFFCON. (ZRT-015)
Turn off antenna since no rule is specified
Cell Min-Routing-Layer = M2
Cell Max-Routing-Layer = M7
track auto-fill added 2 tracks on M1
track auto-fill added 0 tracks on M2
track auto-fill added 1 tracks on M3
track auto-fill added 1 tracks on M4
track auto-fill added 2 tracks on M5
track auto-fill added 1 tracks on M6
track auto-fill added 2 tracks on M7
track auto-fill added 2 tracks on M8
track auto-fill added 2 tracks on M9
Found 0 pin access route guide groups.
Warning: Ignore 2 top cell ports with no pins. (ZRT-027)
Info: number of net_type_blockage: 0 
auto selected default vias for NDR rule LOPT_M3_M7 layer VIA1:
  VIA12C-R
  VIA12B-R
  VIA12B
  VIA12C
auto selected default vias for NDR rule LOPT_M3_M7 layer VIA2:
  VIA23C
  VIA23C-R
auto selected default vias for NDR rule LOPT_M3_M7 layer VIA3:
  VIA34C
  VIA34C-R
auto selected default vias for NDR rule LOPT_M3_M7 layer VIA4:
  VIA45C
  VIA45C-R
auto selected default vias for NDR rule LOPT_M3_M7 layer VIA5:
  VIA56C
  VIA56C-R
auto selected default vias for NDR rule LOPT_M3_M7 layer VIA6:
  VIA67C
  VIA67C-R
auto selected default vias for NDR rule LOPT_M3_M7 layer VIA7:
  VIA78C
  VIA78C-R
auto selected default vias for NDR rule LOPT_M3_M7 layer VIA8:
  VIA89C
  VIA89C-R
auto selected default vias for NDR rule LOPT_M6_M7 layer VIA1:
  VIA12C-R
  VIA12B-R
  VIA12B
  VIA12C
auto selected default vias for NDR rule LOPT_M6_M7 layer VIA2:
  VIA23C
  VIA23C-R
auto selected default vias for NDR rule LOPT_M6_M7 layer VIA3:
  VIA34C
  VIA34C-R
auto selected default vias for NDR rule LOPT_M6_M7 layer VIA4:
  VIA45C
  VIA45C-R
auto selected default vias for NDR rule LOPT_M6_M7 layer VIA5:
  VIA56C
  VIA56C-R
auto selected default vias for NDR rule LOPT_M6_M7 layer VIA6:
  VIA67C
  VIA67C-R
auto selected default vias for NDR rule LOPT_M6_M7 layer VIA7:
  VIA78C
  VIA78C-R
auto selected default vias for NDR rule LOPT_M6_M7 layer VIA8:
  VIA89C
  VIA89C-R
auto selected default vias for NDR rule clk_network_NDR_internal layer VIA1:
  VIA12C-R
  VIA12B-R
  VIA12B
  VIA12C
auto selected default vias for NDR rule clk_network_NDR_internal layer VIA2:
  VIA23C
  VIA23C-R
auto selected default vias for NDR rule clk_network_NDR_internal layer VIA3:
  VIA34C
  VIA34C-R
auto selected default vias for NDR rule clk_network_NDR_internal layer VIA4:
  VIA45C
  VIA45C-R
auto selected default vias for NDR rule clk_network_NDR_internal layer VIA5:
  VIA56C
  VIA56C-R
auto selected default vias for NDR rule clk_network_NDR_internal layer VIA6:
  VIA67C
  VIA67C-R
auto selected default vias for NDR rule clk_network_NDR_internal layer VIA7:
  VIA78C
  VIA78C-R
auto selected default vias for NDR rule clk_network_NDR_internal layer VIA8:
  VIA89C
  VIA89C-R
auto selected default vias for NDR rule clk_network_NDR_root layer VIA1:
  VIA12C-R
  VIA12B-R
  VIA12B
  VIA12C
auto selected default vias for NDR rule clk_network_NDR_root layer VIA2:
  VIA23C
  VIA23C-R
auto selected default vias for NDR rule clk_network_NDR_root layer VIA3:
  VIA34C
  VIA34C-R
auto selected default vias for NDR rule clk_network_NDR_root layer VIA4:
  VIA45C
  VIA45C-R
auto selected default vias for NDR rule clk_network_NDR_root layer VIA5:
  VIA56C
  VIA56C-R
auto selected default vias for NDR rule clk_network_NDR_root layer VIA6:
  VIA67C
  VIA67C-R
auto selected default vias for NDR rule clk_network_NDR_root layer VIA7:
  VIA78C
  VIA78C-R
auto selected default vias for NDR rule clk_network_NDR_root layer VIA8:
  VIA89C
  VIA89C-R
Via on layer (VIA1) needs more than one tracks
Warning: Layer M1 pitch 0.320 may be too small: wire/via-down 0.315, wire/via-up 0.330. (ZRT-026)
Via on layer (VIA1) needs more than one tracks
Warning: Layer M2 pitch 0.320 may be too small: wire/via-down 0.360, wire/via-up 0.320. (ZRT-026)
Total number of nets = 33150, of which 0 are not extracted
Total number of open nets = 32812, of which 0 are frozen
soft rule LOPT_M3_M7_3_8_wire is redundant
soft rule LOPT_M6_M7_3_8_wire is redundant
[DBIn Done] Elapsed real time: 0:00:01 
[DBIn Done] Elapsed cpu  time: sys=0:00:00 usr=0:00:03 total=0:00:03
[DBIn Done] Stage (MB): Used   99  Alloctr  100  Proc    0 
[DBIn Done] Total (MB): Used  104  Alloctr  106  Proc 2123 
Current Stage stats:
[End of Read DB] Elapsed real time: 0:00:01 
[End of Read DB] Elapsed cpu  time: sys=0:00:00 usr=0:00:03 total=0:00:03
[End of Read DB] Stage (MB): Used   98  Alloctr   99  Proc    0 
[End of Read DB] Total (MB): Used  103  Alloctr  105  Proc 2123 
Loading parastics information to the router ...
parastics information loaded to the router.
Constructing data structure ...
Design statistics:
Design Bounding Box (0.00,0.00,929.12,927.20)
Number of routing layers = 9
layer M1, dir Hor, min width = 0.14, min space = 0.14 pitch = 0.32
layer M2, dir Ver, min width = 0.16, min space = 0.16 pitch = 0.32
layer M3, dir Hor, min width = 0.16, min space = 0.16 pitch = 0.64
layer M4, dir Ver, min width = 0.16, min space = 0.16 pitch = 0.64
layer M5, dir Hor, min width = 0.16, min space = 0.16 pitch = 1.28
layer M6, dir Ver, min width = 0.16, min space = 0.16 pitch = 1.28
layer M7, dir Hor, min width = 0.16, min space = 0.16 pitch = 2.56
layer M8, dir Ver, min width = 0.16, min space = 0.16 pitch = 3.84
layer M9, dir Hor, min width = 0.45, min space = 0.45 pitch = 5.12
Current Stage stats:
[End of Build Tech Data] Elapsed real time: 0:00:00 
[End of Build Tech Data] Elapsed cpu  time: sys=0:00:00 usr=0:00:00 total=0:00:00
[End of Build Tech Data] Stage (MB): Used    2  Alloctr    2  Proc    0 
[End of Build Tech Data] Total (MB): Used  105  Alloctr  107  Proc 2123 
Net statistics:
Total number of nets     = 33150
Number of nets to route  = 32812
Number of single or zero port nets = 1
Number of nets with min-layer-mode soft = 335
Number of nets with min-layer-mode soft-cost-medium = 335
Number of nets with max-layer-mode hard = 334
337 nets are fully connected,
 of which 337 are detail routed and 0 are global routed.
90 nets have non-default rule clk_network_NDR_internal
1 nets have non-default rule clk_network_NDR_root
Current Stage stats:
[End of Build All Nets] Elapsed real time: 0:00:00 
[End of Build All Nets] Elapsed cpu  time: sys=0:00:00 usr=0:00:00 total=0:00:01
[End of Build All Nets] Stage (MB): Used   11  Alloctr   11  Proc    0 
[End of Build All Nets] Total (MB): Used  117  Alloctr  119  Proc 2123 
Average gCell capacity  2.10	 on layer (1)	 M1
Average gCell capacity  7.89	 on layer (2)	 M2
Average gCell capacity  4.04	 on layer (3)	 M3
Average gCell capacity  3.97	 on layer (4)	 M4
Average gCell capacity  2.05	 on layer (5)	 M5
Average gCell capacity  2.07	 on layer (6)	 M6
Average gCell capacity  1.04	 on layer (7)	 M7
Average gCell capacity  0.49	 on layer (8)	 M8
Average gCell capacity  0.00	 on layer (9)	 M9
Average number of tracks per gCell 9.03	 on layer (1)	 M1
Average number of tracks per gCell 9.02	 on layer (2)	 M2
Average number of tracks per gCell 4.52	 on layer (3)	 M3
Average number of tracks per gCell 4.51	 on layer (4)	 M4
Average number of tracks per gCell 2.26	 on layer (5)	 M5
Average number of tracks per gCell 2.26	 on layer (6)	 M6
Average number of tracks per gCell 1.13	 on layer (7)	 M7
Average number of tracks per gCell 0.76	 on layer (8)	 M8
Average number of tracks per gCell 0.57	 on layer (9)	 M9
Number of gCells = 930258
Current Stage stats:
[End of Build Congestion map] Elapsed real time: 0:00:01 
[End of Build Congestion map] Elapsed cpu  time: sys=0:00:00 usr=0:00:01 total=0:00:01
[End of Build Congestion map] Stage (MB): Used   11  Alloctr   11  Proc    0 
[End of Build Congestion map] Total (MB): Used  128  Alloctr  131  Proc 2123 
Information: RC layer preference is turned off for this design. (ZRT-613)
Total stats:
[End of Build Data] Elapsed real time: 0:00:01 
[End of Build Data] Elapsed cpu  time: sys=0:00:00 usr=0:00:02 total=0:00:02
[End of Build Data] Stage (MB): Used   26  Alloctr   26  Proc    0 
[End of Build Data] Total (MB): Used  129  Alloctr  131  Proc 2123 
Current Stage stats:
[End of Blocked Pin Detection] Elapsed real time: 0:00:02 
[End of Blocked Pin Detection] Elapsed cpu  time: sys=0:00:00 usr=0:00:02 total=0:00:02
[End of Blocked Pin Detection] Stage (MB): Used    0  Alloctr    0  Proc    0 
[End of Blocked Pin Detection] Total (MB): Used  129  Alloctr  131  Proc 2123 
Information: Using 6 threads for routing. (ZRT-444)
placement fast mode ON
multi gcell levels ON

Start GR phase 0
10% of nets complete Elapsed cpu time: 0:00:00 Elapsed real time: 0:00:00
13.05 % of the nets are routed.
20% of nets complete Elapsed cpu time: 0:00:00 Elapsed real time: 0:00:00
26.09 % of the nets are routed.
30% of nets complete Elapsed cpu time: 0:00:00 Elapsed real time: 0:00:00
39.14 % of the nets are routed.
40% of nets complete Elapsed cpu time: 0:00:00 Elapsed real time: 0:00:00
50% of nets complete Elapsed cpu time: 0:00:01 Elapsed real time: 0:00:01
52.19 % of the nets are routed.
60% of nets complete Elapsed cpu time: 0:00:01 Elapsed real time: 0:00:01
65.24 % of the nets are routed.
70% of nets complete Elapsed cpu time: 0:00:01 Elapsed real time: 0:00:01
78.28 % of the nets are routed.
80% of nets complete Elapsed cpu time: 0:00:01 Elapsed real time: 0:00:01
90% of nets complete Elapsed cpu time: 0:00:02 Elapsed real time: 0:00:02
91.33 % of the nets are routed.
Current Stage stats:
[End of Initial Routing] Elapsed real time: 0:00:04 
[End of Initial Routing] Elapsed cpu  time: sys=0:00:00 usr=0:00:04 total=0:00:04
[End of Initial Routing] Stage (MB): Used   17  Alloctr   17  Proc    0 
[End of Initial Routing] Total (MB): Used  146  Alloctr  148  Proc 2123 
Initial. Routing result:
Initial. Both Dirs: Overflow =  3453 Max = 5 GRCs = 10098 (4.88%)
Initial. H routing: Overflow =  1995 Max = 3 (GRCs =  27) GRCs =  7879 (7.62%)
Initial. V routing: Overflow =  1458 Max = 5 (GRCs =   1) GRCs =  2219 (2.15%)
Initial. M1         Overflow =     0 Max = 1 (GRCs =   1) GRCs =     1 (0.00%)
Initial. M2         Overflow =  1339 Max = 5 (GRCs =   1) GRCs =  2035 (1.97%)
Initial. M3         Overflow =  1706 Max = 3 (GRCs =  27) GRCs =  7590 (7.34%)
Initial. M4         Overflow =   117 Max = 3 (GRCs =   1) GRCs =   183 (0.18%)
Initial. M5         Overflow =   233 Max = 1 (GRCs = 233) GRCs =   233 (0.23%)
Initial. M6         Overflow =     1 Max = 1 (GRCs =   1) GRCs =     1 (0.00%)
Initial. M7         Overflow =    55 Max = 1 (GRCs =  55) GRCs =    55 (0.05%)
Initial. M8         Overflow =     0 Max = 0 (GRCs =   0) GRCs =     0 (0.00%)
Initial. M9         Overflow =     0 Max = 0 (GRCs =   0) GRCs =     0 (0.00%)

Initial. Total Wire Length = 1190536.64
Initial. Layer M1 wire length = 10.36
Initial. Layer M2 wire length = 363631.01
Initial. Layer M3 wire length = 424587.44
Initial. Layer M4 wire length = 204188.98
Initial. Layer M5 wire length = 166634.67
Initial. Layer M6 wire length = 9503.08
Initial. Layer M7 wire length = 21981.10
Initial. Layer M8 wire length = 0.00
Initial. Layer M9 wire length = 0.00
Initial. Total Number of Contacts = 238698
Initial. Via VIA12C count = 111960
Initial. Via VIA23C count = 109191
Initial. Via VIA34C count = 10909
Initial. Via VIA45C count = 5587
Initial. Via VIA56C count = 600
Initial. Via VIA67C count = 451
Initial. Via VIA78C count = 0
Initial. Via VIA89C count = 0
Initial. completed.

Start GR phase 1
10% of nets complete Elapsed cpu time: 0:00:01 Elapsed real time: 0:00:01
20% of nets complete Elapsed cpu time: 0:00:02 Elapsed real time: 0:00:02
30% of nets complete Elapsed cpu time: 0:00:02 Elapsed real time: 0:00:02
40% of nets complete Elapsed cpu time: 0:00:02 Elapsed real time: 0:00:02
50% of nets complete Elapsed cpu time: 0:00:02 Elapsed real time: 0:00:02
60% of nets complete Elapsed cpu time: 0:00:02 Elapsed real time: 0:00:02
70% of nets complete Elapsed cpu time: 0:00:02 Elapsed real time: 0:00:02
80% of nets complete Elapsed cpu time: 0:00:02 Elapsed real time: 0:00:02
90% of nets complete Elapsed cpu time: 0:00:02 Elapsed real time: 0:00:02
Current Stage stats:
[End of Phase1 Routing] Elapsed real time: 0:00:02 
[End of Phase1 Routing] Elapsed cpu  time: sys=0:00:00 usr=0:00:03 total=0:00:03
[End of Phase1 Routing] Stage (MB): Used    1  Alloctr    1  Proc    0 
[End of Phase1 Routing] Total (MB): Used  147  Alloctr  150  Proc 2123 
phase1. Routing result:
phase1. Both Dirs: Overflow =  1298 Max = 5 GRCs =  2796 (1.35%)
phase1. H routing: Overflow =   120 Max = 2 (GRCs = 42) GRCs =  1142 (1.10%)
phase1. V routing: Overflow =  1178 Max = 5 (GRCs =  1) GRCs =  1654 (1.60%)
phase1. M1         Overflow =     0 Max = 1 (GRCs =  1) GRCs =     1 (0.00%)
phase1. M2         Overflow =  1176 Max = 5 (GRCs =  1) GRCs =  1639 (1.59%)
phase1. M3         Overflow =   120 Max = 2 (GRCs = 42) GRCs =  1141 (1.10%)
phase1. M4         Overflow =     1 Max = 1 (GRCs = 15) GRCs =    15 (0.01%)
phase1. M5         Overflow =     0 Max = 0 (GRCs =  0) GRCs =     0 (0.00%)
phase1. M6         Overflow =     0 Max = 0 (GRCs =  0) GRCs =     0 (0.00%)
phase1. M7         Overflow =     0 Max = 0 (GRCs =  0) GRCs =     0 (0.00%)
phase1. M8         Overflow =     0 Max = 0 (GRCs =  0) GRCs =     0 (0.00%)
phase1. M9         Overflow =     0 Max = 0 (GRCs =  0) GRCs =     0 (0.00%)

phase1. Total Wire Length = 1210863.32
phase1. Layer M1 wire length = 30.43
phase1. Layer M2 wire length = 370152.39
phase1. Layer M3 wire length = 397681.14
phase1. Layer M4 wire length = 211501.14
phase1. Layer M5 wire length = 185916.09
phase1. Layer M6 wire length = 15652.82
phase1. Layer M7 wire length = 29929.31
phase1. Layer M8 wire length = 0.00
phase1. Layer M9 wire length = 0.00
phase1. Total Number of Contacts = 243786
phase1. Via VIA12C count = 111815
phase1. Via VIA23C count = 109278
phase1. Via VIA34C count = 13275
phase1. Via VIA45C count = 7695
phase1. Via VIA56C count = 997
phase1. Via VIA67C count = 726
phase1. Via VIA78C count = 0
phase1. Via VIA89C count = 0
phase1. completed.

Start GR phase 2
10% of nets complete Elapsed cpu time: 0:00:00 Elapsed real time: 0:00:00
20% of nets complete Elapsed cpu time: 0:00:00 Elapsed real time: 0:00:00
30% of nets complete Elapsed cpu time: 0:00:00 Elapsed real time: 0:00:00
40% of nets complete Elapsed cpu time: 0:00:00 Elapsed real time: 0:00:00
50% of nets complete Elapsed cpu time: 0:00:00 Elapsed real time: 0:00:00
60% of nets complete Elapsed cpu time: 0:00:00 Elapsed real time: 0:00:00
70% of nets complete Elapsed cpu time: 0:00:00 Elapsed real time: 0:00:00
80% of nets complete Elapsed cpu time: 0:00:00 Elapsed real time: 0:00:00
90% of nets complete Elapsed cpu time: 0:00:00 Elapsed real time: 0:00:00
Current Stage stats:
[End of Phase2 Routing] Elapsed real time: 0:00:00 
[End of Phase2 Routing] Elapsed cpu  time: sys=0:00:00 usr=0:00:00 total=0:00:00
[End of Phase2 Routing] Stage (MB): Used    0  Alloctr    0  Proc    0 
[End of Phase2 Routing] Total (MB): Used  147  Alloctr  150  Proc 2123 
phase2. Routing result:
phase2. Both Dirs: Overflow =   673 Max = 4 GRCs =   849 (0.41%)
phase2. H routing: Overflow =    41 Max = 2 (GRCs =  2) GRCs =    64 (0.06%)
phase2. V routing: Overflow =   631 Max = 4 (GRCs =  1) GRCs =   785 (0.76%)
phase2. M1         Overflow =     0 Max = 1 (GRCs =  1) GRCs =     1 (0.00%)
phase2. M2         Overflow =   631 Max = 4 (GRCs =  1) GRCs =   785 (0.76%)
phase2. M3         Overflow =    41 Max = 2 (GRCs =  2) GRCs =    63 (0.06%)
phase2. M4         Overflow =     0 Max = 0 (GRCs =  0) GRCs =     0 (0.00%)
phase2. M5         Overflow =     0 Max = 0 (GRCs =  0) GRCs =     0 (0.00%)
phase2. M6         Overflow =     0 Max = 0 (GRCs =  0) GRCs =     0 (0.00%)
phase2. M7         Overflow =     0 Max = 0 (GRCs =  0) GRCs =     0 (0.00%)
phase2. M8         Overflow =     0 Max = 0 (GRCs =  0) GRCs =     0 (0.00%)
phase2. M9         Overflow =     0 Max = 0 (GRCs =  0) GRCs =     0 (0.00%)

phase2. Total Wire Length = 1211018.37
phase2. Layer M1 wire length = 30.43
phase2. Layer M2 wire length = 370646.35
phase2. Layer M3 wire length = 397495.70
phase2. Layer M4 wire length = 211076.42
phase2. Layer M5 wire length = 185945.42
phase2. Layer M6 wire length = 15716.18
phase2. Layer M7 wire length = 30107.88
phase2. Layer M8 wire length = 0.00
phase2. Layer M9 wire length = 0.00
phase2. Total Number of Contacts = 243823
phase2. Via VIA12C count = 111810
phase2. Via VIA23C count = 109310
phase2. Via VIA34C count = 13276
phase2. Via VIA45C count = 7692
phase2. Via VIA56C count = 1003
phase2. Via VIA67C count = 732
phase2. Via VIA78C count = 0
phase2. Via VIA89C count = 0
phase2. completed.
Number of multi gcell level routed nets = 7
[End of Whole Chip Routing] Elapsed real time: 0:00:12 
[End of Whole Chip Routing] Elapsed cpu  time: sys=0:00:00 usr=0:00:13 total=0:00:13
[End of Whole Chip Routing] Stage (MB): Used   44  Alloctr   44  Proc    0 
[End of Whole Chip Routing] Total (MB): Used  147  Alloctr  150  Proc 2123 

Information: Global Routing terminated early: false (ZRT-103)

Congestion utilization per direction:
Average vertical track utilization   = 22.65 %
Peak    vertical track utilization   = 140.00 %
Average horizontal track utilization = 30.62 %
Peak    horizontal track utilization = 150.00 %

Current Stage stats:
[GR: Done] Elapsed real time: 0:00:00 
[GR: Done] Elapsed cpu  time: sys=0:00:00 usr=0:00:00 total=0:00:00
[GR: Done] Stage (MB): Used  -10  Alloctr  -10  Proc    0 
[GR: Done] Total (MB): Used  137  Alloctr  140  Proc 2123 
GR Total stats:
[GR: Done] Elapsed real time: 0:00:14 
[GR: Done] Elapsed cpu  time: sys=0:00:00 usr=0:00:17 total=0:00:18
[GR: Done] Stage (MB): Used  132  Alloctr  134  Proc    0 
[GR: Done] Total (MB): Used  137  Alloctr  140  Proc 2123 
Writing out congestion map...
Updating congestion ...
Updating congestion ...
[DBOUT] Elapsed real time: 0:00:00 
[DBOUT] Elapsed cpu  time: sys=0:00:00 usr=0:00:00 total=0:00:00
[DBOUT] Stage (MB): Used -120  Alloctr -122  Proc    0 
[DBOUT] Total (MB): Used    4  Alloctr    5  Proc 2123 
Final total stats:
[End of Global Routing] Elapsed real time: 0:00:14 
[End of Global Routing] Elapsed cpu  time: sys=0:00:00 usr=0:00:17 total=0:00:18
[End of Global Routing] Stage (MB): Used    0  Alloctr    0  Proc    0 
[End of Global Routing] Total (MB): Used    4  Alloctr    5  Proc 2123 
INFO: Derive row count 80 from GR congestion map (321/4)
INFO: Derive col count 80 from GR congestion map (322/4)
Convert timing mode ...
APS-LP[ 1 ]: Congestion map has been initialized.
{ICC2_GENERATED_DEFAULT_SPACING_RULE}
Total number of nets with NDR annotated: 0

npo-clock-opt optimization Phase 17 Iter  1         0.00      0.00         0       0.474           -           0.195

npo-clock-opt optimization Phase 18 Iter  1         0.00      0.00         0       0.474           -           0.195

Use advanced legalizer engine : 0
npo-clock-opt optimization Phase 19 Iter  1         0.00      0.00         0       0.474           -           0.195

Use advanced legalizer engine : 0
npo-clock-opt optimization Phase 20 Iter  1         0.00      0.00         0       0.474           -           0.196
npo-clock-opt optimization Phase 20 Iter  2         0.00      0.00         0       0.474           -           0.196

npo-clock-opt optimization Phase 21 Iter  1         0.00    426.25         0       0.474           -           0.196
npo-clock-opt optimization Phase 21 Iter  2         0.00    426.25         0       0.474           -           0.196
Begin building search trees for block css_phy_tx_top.dlib:SCRATCH_DESIGN_2147483648.design
Done building search trees for block css_phy_tx_top.dlib:SCRATCH_DESIGN_2147483648.design (time 0s)
Begin building search trees for block css_phy_tx_top.dlib:SCRATCH_DESIGN_2147483651.design
Begin building search trees for block css_phy_tx_top.dlib:SCRATCH_DESIGN_2147483650.design
Done building search trees for block css_phy_tx_top.dlib:SCRATCH_DESIGN_2147483650.design (time 0s)
Begin building search trees for block css_phy_tx_top.dlib:SCRATCH_DESIGN_2147483649.design
Begin building search trees for block css_phy_tx_top.dlib:SCRATCH_DESIGN_2147483653.design
Done building search trees for block css_phy_tx_top.dlib:SCRATCH_DESIGN_2147483651.design (time 0s)
Begin building search trees for block css_phy_tx_top.dlib:SCRATCH_DESIGN_2147483652.design
Done building search trees for block css_phy_tx_top.dlib:SCRATCH_DESIGN_2147483652.design (time 0s)
Done building search trees for block css_phy_tx_top.dlib:SCRATCH_DESIGN_2147483649.design (time 0s)
Done building search trees for block css_phy_tx_top.dlib:SCRATCH_DESIGN_2147483653.design (time 0s)
Information: The RC mode used is CTO for design 'css_phy_tx_top'. (NEX-022)
Information: Update timing completed net estimation for all the timing graph nets (TIM-111)
Information: Net estimation statistics: timing graph nets = 42418, routed nets = 335, across physical hierarchy nets = 0, parasitics cached nets = 42418, delay annotated nets = 0, parasitics annotated nets = 0, multi-voltage nets = 0. (TIM-112)
npo-clock-opt optimization Phase 21 Iter  3         0.00      0.00         0       0.525           -           0.201
npo-clock-opt optimization Phase 21 Iter  4         0.00      0.00         0       0.525           -           0.201

npo-clock-opt optimization Phase 22 Iter  1         0.00      0.00         0       0.525           -           0.201

npo-clock-opt optimization Phase 23 Iter  1         0.00      0.00         0       0.525           -           0.201

npo-clock-opt optimization Phase 24 Iter  1         0.00      0.00         0       0.525           -           0.201
----------------------------------------------------------------
running legalize_placement
Information: The net parasitics of block css_phy_tx_top are cleared. (TIM-123)
nplDplc2Placer::setParam(effort,1)
nplDplc2Placer::setParam(debug,0)
nplDplc2Placer::setParam(site_check,2)
nplDplc2Placer::setParam(app_firm_wgt,0)
Warning: Routing direction of metal layer PO is neither "horizontal" nor "vertical".  PDC checks will not be performed on this layer. (PDC-003)
PDC app_options settings =========
	place.legalize.enable_prerouted_net_check: 1
	place.legalize.num_tracks_for_access_check: 1
	place.legalize.use_eol_spacing_for_access_check: 0
	place.legalize.allow_touch_track_for_access_check: 1
	place.legalize.reduce_conservatism_in_eol_check: 0
	place.legalize.preroute_shape_merge_distance: 0.0
	place.legalize.enable_non_preferred_direction_span_check: 0

Layer M1: cached 0 shapes out of 450 total shapes.
Layer M2: cached 0 shapes out of 16724 total shapes.
Cached 28440 vias out of 130190 total vias.

Legalizing Top Level Design css_phy_tx_top ... 
Warning: Routing direction of metal layer PO is neither "horizontal" nor "vertical".  PDC checks will not be performed on this layer. (PDC-003)
=====> Processed 61 ref cells (0 fillers) from library

Initial legalization


Bounds/Regions In This Design:
        Area    Num Cells  Exclusive Name
 (square um)
      824754        42140        Yes DEFAULT_VA

Starting legalizer.
Warning: Exclusive bound 'DEFAULT' has no cells.
Optimizing Exclusive Bound 'DEFAULT_VA' (2/2)
    Done Exclusive Bound 'DEFAULT_VA' (2/2) (7 sec)
Legalization complete (12 total sec)

****************************************
  Report : Placement Attempts
  Site   : unit
****************************************

number of cells:                  42140
number of references:                61
number of site rows:                315
number of locations attempted:   967770
number of locations failed:           0  (0.0%)

Legality of references at locations:
0 references had failures.

Legality of references in rows:
0 references had row failures.

****************************************
  Report : Cell Displacements
****************************************

number of cells aggregated:       41806 (566887 total sites)
avg row height over cells:        2.880 um
rms cell displacement:            0.578 um ( 0.20 row height)
rms weighted cell displacement:   0.578 um ( 0.20 row height)
max cell displacement:            3.536 um ( 1.23 row height)
avg cell displacement:            0.234 um ( 0.08 row height)
avg weighted cell displacement:   0.234 um ( 0.08 row height)
number of cells moved:            14927
number of large displacements:        0
large displacement threshold:     3.000 row height

Displacements of worst 10 cells:
Cell: OPT_copt_h_inst_27496 (NBUFFX2)
  Input location: (592.067,862.614)
  Legal location: (589.84,865.36)
  Displacement:   3.536 um ( 1.23 row height)
Cell: u_form_ppdu/OPT_copt_h_inst_28077 (NBUFFX2)
  Input location: (902.73,269.334)
  Legal location: (904.4,266.32)
  Displacement:   3.446 um ( 1.20 row height)
Cell: u_form_ppdu/OPT_copt_h_inst_28788 (NBUFFX2)
  Input location: (691.408,442.216)
  Legal location: (692.88,439.12)
  Displacement:   3.428 um ( 1.19 row height)
Cell: u_form_ppdu/OPT_copt_h_inst_28563 (NBUFFX2)
  Input location: (860.688,390.375)
  Legal location: (862.16,387.28)
  Displacement:   3.428 um ( 1.19 row height)
Cell: OPT_copt_h_inst_28246 (NBUFFX2)
  Input location: (356.635,465.932)
  Legal location: (353.36,465.04)
  Displacement:   3.394 um ( 1.18 row height)
Cell: OPT_copt_h_inst_21479 (NBUFFX2)
  Input location: (675.979,764.821)
  Legal location: (677.2,761.68)
  Displacement:   3.370 um ( 1.17 row height)
Cell: u_form_ppdu/OPT_copt_h_inst_24502 (NBUFFX2)
  Input location: (751.946,525.141)
  Legal location: (752.72,528.4)
  Displacement:   3.350 um ( 1.16 row height)
Cell: OPT_copt_h_inst_23300 (NBUFFX2)
  Input location: (699.525,586.26)
  Legal location: (700.56,583.12)
  Displacement:   3.307 um ( 1.15 row height)
Cell: u_form_ppdu/OPT_copt_h_inst_27484 (NBUFFX2)
  Input location: (915.85,378.774)
  Legal location: (917.2,375.76)
  Displacement:   3.303 um ( 1.15 row height)
Cell: OPT_copt_h_inst_20669 (NBUFFX2)
  Input location: (208.886,905.357)
  Legal location: (209.68,908.56)
  Displacement:   3.300 um ( 1.15 row height)


Finding violations for search and repair.
Design has no advanced rules
Checking legality
Checking cell legality:
0%....10%....20%....30%....40%....50%....60%....70%....80%....90%....100%
Sorting rows.
Checking spacing rule legality.
0%....10%....20%....30%....40%....50%....60%....70%....80%....90%....100%
Checking packing rule legality.


There are 0 movable cell violations.
Done.

Legalization succeeded.
Total Legalizer CPU: 17.429
----------------------------------------------------------------
Information: The stitching and editing of coupling caps is turned OFF for design 'css_phy_tx_top.dlib:css_phy_tx_top_cts.design'. (TIM-125)
Information: Design css_phy_tx_top_cts has 42422 nets, 0 global routed, 335 detail routed. (NEX-024)
Information: The RC mode used is CTO for design 'css_phy_tx_top'. (NEX-022)
Information: Design Average RC for design css_phy_tx_top_cts  (NEX-011)
Information: r = 0.562500 ohm/um, via_r = 0.900000 ohm/cut, c = 0.098953 ff/um, cc = 0.000000 ff/um (X dir) (NEX-017)
Information: r = 0.562500 ohm/um, via_r = 0.900000 ohm/cut, c = 0.118429 ff/um, cc = 0.000000 ff/um (Y dir) (NEX-017)
Information: Update timing completed net estimation for all the timing graph nets (TIM-111)
Information: Net estimation statistics: timing graph nets = 42420, routed nets = 335, across physical hierarchy nets = 0, parasitics cached nets = 42420, delay annotated nets = 0, parasitics annotated nets = 0, multi-voltage nets = 0. (TIM-112)
Use advanced legalizer engine : 0

Use advanced legalizer engine : 0
npo-clock-opt optimization Phase 25 Iter  1         0.00      0.00         0       0.525           -           0.207
npo-clock-opt optimization Phase 25 Iter  2         0.00      0.00         0       0.525           -           0.207
npo-clock-opt optimization Phase 25 Iter  3         0.00      0.00         0       0.525           -           0.207
PBO-INFO:  LR disabled
npo-clock-opt optimization Phase 25 Iter  4         0.00      0.00         0       0.525           -           0.207
PBO-INFO:  LR disabled
npo-clock-opt optimization Phase 25 Iter  5         0.00      0.00         0       0.525           -           0.207
npo-clock-opt optimization Phase 25 Iter  6         0.00      0.00         0       0.525           -           0.207

npo-clock-opt optimization Phase 26 Iter  1         0.00      0.00         0       0.525           -           0.207
Running CCD-_area
xform.liba_use_cache 0
Information: CTS will work on the following scenarios. (CTS-101)
   default	(Mode: default; Corner: default)
Information: CTS will work on all clocks in active scenarios, including 1 master clocks and 0 generated clocks. (CTS-107)
Information: Clock derating is disabled

CTS related app options set by user:
   cts.common.user_instance_name_prefix = CTS_
   cts.compile.enable_global_route = true
   cts.compile.remove_existing_clock_trees = true

Buffer/Inverter reference list for clock tree synthesis:
   saed90nm_max/NBUFFX16
   saed90nm_max/NBUFFX2
   saed90nm_max/NBUFFX4
   saed90nm_max/NBUFFX8
   saed90nm_max/IBUFFX16
   saed90nm_max/IBUFFX2
   saed90nm_max/IBUFFX4
   saed90nm_max/IBUFFX8
   saed90nm_max/INVX16
   saed90nm_max/INVX2
   saed90nm_max/INVX4
   saed90nm_max/INVX8
There is no CTS reference for ICG cells
There is no CTS reference for register cells
Information: 'default' is identified as primary corner for initial clock tree building. (CTS-103)
Number of Site types in the design = 1
Setting up Chip Core
Chip Core shape: (100000 100000) (9191200 9172000)
Number of unique PDs = 1
Number of Power Domains = 1
Number of Voltage Areas = 1
Number of supply Nets = 2
Number of used supplies = 2
CTS NDR rule list:
   Clock: CLK (mode default); Net Type: sink;     Rule: default rule; Min Layer: M1; Max Layer: M3
   Clock: CLK (mode default); Net Type: internal; Rule: clk_network_NDR_internal; Min Layer: M3; Max Layer: M5
   Clock: CLK (mode default); Net Type: root;     Rule: clk_network_NDR_root; Min Layer: M5; Max Layer: M7

Clock cell spacing rule list:
   No clock cell spacing rule is found.
Scenario default::default : setup = true, hold = true
Use advanced legalizer engine : 0
Warning: Routing direction of metal layer PO is neither "horizontal" nor "vertical".  PDC checks will not be performed on this layer. (PDC-003)
PDC app_options settings =========
	place.legalize.enable_prerouted_net_check: 1
	place.legalize.num_tracks_for_access_check: 1
	place.legalize.use_eol_spacing_for_access_check: 0
	place.legalize.allow_touch_track_for_access_check: 1
	place.legalize.reduce_conservatism_in_eol_check: 0
	place.legalize.preroute_shape_merge_distance: 0.0
	place.legalize.enable_non_preferred_direction_span_check: 0

Layer M1: cached 0 shapes out of 450 total shapes.
Layer M2: cached 0 shapes out of 16724 total shapes.
Cached 28440 vias out of 130190 total vias.
Information: Legalizer's PDC rule check is enabled
Information: Legalizer's advanced rule check is enabled
CCD initialization runtime: cpu 5.598391, elapsed 3.772492, speed up 1.484003.

CCD app options set by user:
   ccd.hold_control_effort = high
   clock_opt.flow.enable_clock_power_recovery = area
   clock_opt.flow.optimize_ndr = true
   clock_opt.hold.effort = high
Information: The netlist and extraction change observers are disabled for further incremental timing updates during on-route optimization. (TIM-119)
Information: The timing has been updated before disabling netlist and extraction change observers. (TIM-121)
CCD: using 6 threads
CTSSC route status detected: clock (VR 0, GR 0, DR 28324), data (VR 42097, GR 0, DR 0); stage = preroute, isPostRoute = FALSE
Total power = 0.000000, Leakage = 0.000000, Internal = 0.000000, Switching = 0.000000

CCD: Initial QOR:
    Scenario default  WNS = 0.000000, WEIGHTED_GROUP_SLACK = 0.000000, TNS = 0.000000, NVP = 0
    Scenario default  WNHS = 0.000000, TNHS = 0.000000, NHVP = 0
RepeaterCount 334, RepeaterArea 2975.846400, CellCount 334, CellArea 2975.846400, FlopCount 9745, FlopArea 246353.817600, LatchCount 0, LatchArea 0.000000
Total power = 0.000000, Leakage = 0.000000, Internal = 0.000000, Switching = 0.000000
Begin building search trees for block css_phy_tx_top.dlib:SCRATCH_DESIGN_2147483649.design
Begin building search trees for block css_phy_tx_top.dlib:SCRATCH_DESIGN_2147483648.design
Begin building search trees for block css_phy_tx_top.dlib:SCRATCH_DESIGN_2147483650.design
Done building search trees for block css_phy_tx_top.dlib:SCRATCH_DESIGN_2147483649.design (time 0s)
Begin building search trees for block css_phy_tx_top.dlib:SCRATCH_DESIGN_2147483651.design
Begin building search trees for block css_phy_tx_top.dlib:SCRATCH_DESIGN_2147483652.design
Begin building search trees for block css_phy_tx_top.dlib:SCRATCH_DESIGN_2147483653.design
Done building search trees for block css_phy_tx_top.dlib:SCRATCH_DESIGN_2147483653.design (time 0s)
Done building search trees for block css_phy_tx_top.dlib:SCRATCH_DESIGN_2147483650.design (time 0s)
Done building search trees for block css_phy_tx_top.dlib:SCRATCH_DESIGN_2147483651.design (time 0s)
Done building search trees for block css_phy_tx_top.dlib:SCRATCH_DESIGN_2147483652.design (time 0s)
Done building search trees for block css_phy_tx_top.dlib:SCRATCH_DESIGN_2147483648.design (time 0s)
Begin building search trees for block css_phy_tx_top.dlib:SCRATCH_DESIGN_2147483654.design
Done building search trees for block css_phy_tx_top.dlib:SCRATCH_DESIGN_2147483654.design (time 0s)
Begin building search trees for block css_phy_tx_top.dlib:SCRATCH_DESIGN_2147483656.design
Begin building search trees for block css_phy_tx_top.dlib:SCRATCH_DESIGN_2147483658.design
Begin building search trees for block css_phy_tx_top.dlib:SCRATCH_DESIGN_2147483657.design
Begin building search trees for block css_phy_tx_top.dlib:SCRATCH_DESIGN_2147483655.design
Done building search trees for block css_phy_tx_top.dlib:SCRATCH_DESIGN_2147483655.design (time 0s)
Done building search trees for block css_phy_tx_top.dlib:SCRATCH_DESIGN_2147483656.design (time 0s)
Done building search trees for block css_phy_tx_top.dlib:SCRATCH_DESIGN_2147483658.design (time 0s)
Done building search trees for block css_phy_tx_top.dlib:SCRATCH_DESIGN_2147483657.design (time 0s)
Begin building search trees for block css_phy_tx_top.dlib:SCRATCH_DESIGN_2147483659.design
Done building search trees for block css_phy_tx_top.dlib:SCRATCH_DESIGN_2147483659.design (time 0s)
13,13|12,1,13|9,9|6,6|3,1,4|4,1,5|4,4|3,3|1,1|1,1|
    Optimization Summary 		

-------------------------------------------------

	# Drivers Attempted               =         59
	# Skipped during isValid and estimate          =          0
	# Failed subgraph evaluation           =          0
	# Failed main graph committ          =          3
	# Successful main graph commit      =         56
	# Subgraph evaluation success rate in percent =     1.0000
	# Sg2Main acceptance ratio in percent      =     0.9492
	# NumCTCells changed               =          0


	# Flow total CPU                  =    21.6087
	# Flow total elapsed                  =     5.0458
	# Flow total speed up                =     4.2825
	# Commit CPU                      =    19.5932
	# Commit elapsed                  =     4.0726
	# Commit speed up                     =     4.8110
	# Generator CPU                      =     0.4918
	# Generator elapsed                  =     0.4917
	# Generator speed up                     =     1.0000
	# Filter CPU                      =     0.8488
	# Filter elapsed                  =     0.2153
	# Filter speed up                     =     3.9433
	# Sg CPU                      =     0.5592
	# Sg elapsed                  =     0.1505
	# Sg speed up                     =     3.7165
	# The rest of flow speed up          =     2.0711

-------------------------------------------------


CCD: After area optimization:
    Scenario default  WNS = 0.000000, WEIGHTED_GROUP_SLACK = 0.000000, TNS = 0.000000, NVP = 0
    Scenario default  WNHS = 0.004323, TNHS = 0.004323, NHVP = 1
RepeaterCount 334, RepeaterArea 2696.601600, CellCount 334, CellArea 2696.601600, FlopCount 9745, FlopArea 246353.817600, LatchCount 0, LatchArea 0.000000
Total power = 0.000000, Leakage = 0.000000, Internal = 0.000000, Switching = 0.000000
Information: The netlist and extraction change observers are enabled for further incremental timing updates. (TIM-120)
 CCD flow runtime: cpu 22.211563, elapsed 5.682772, speed up 3.908579.
Mark clock trees...
Marking clock synthesized attributes

nplDplc2Placer::setParam(effort,1)
nplDplc2Placer::setParam(debug,0)
nplDplc2Placer::setParam(site_check,2)
nplDplc2Placer::setParam(app_firm_wgt,0)
Warning: Routing direction of metal layer PO is neither "horizontal" nor "vertical".  PDC checks will not be performed on this layer. (PDC-003)
PDC app_options settings =========
	place.legalize.enable_prerouted_net_check: 1
	place.legalize.num_tracks_for_access_check: 1
	place.legalize.use_eol_spacing_for_access_check: 0
	place.legalize.allow_touch_track_for_access_check: 1
	place.legalize.reduce_conservatism_in_eol_check: 0
	place.legalize.preroute_shape_merge_distance: 0.0
	place.legalize.enable_non_preferred_direction_span_check: 0

Layer M1: cached 0 shapes out of 450 total shapes.
Layer M2: cached 0 shapes out of 16724 total shapes.
Cached 28440 vias out of 130190 total vias.

Legalizing Top Level Design css_phy_tx_top ... 
Warning: Routing direction of metal layer PO is neither "horizontal" nor "vertical".  PDC checks will not be performed on this layer. (PDC-003)
=====> Processed 61 ref cells (0 fillers) from library

Initial legalization


Bounds/Regions In This Design:
        Area    Num Cells  Exclusive Name
 (square um)
      824754        42140        Yes DEFAULT_VA

Starting legalizer.
Warning: Exclusive bound 'DEFAULT' has no cells.
Optimizing Exclusive Bound 'DEFAULT_VA' (2/2)
    Done Exclusive Bound 'DEFAULT_VA' (2/2) (5 sec)
Legalization complete (11 total sec)

****************************************
  Report : Placement Attempts
  Site   : unit
****************************************

number of cells:                  42140
number of references:                61
number of site rows:                315
number of locations attempted:   836745
number of locations failed:           0  (0.0%)

Legality of references at locations:
0 references had failures.

Legality of references in rows:
0 references had row failures.

****************************************
  Report : Cell Displacements
****************************************

number of cells aggregated:       41806 (566887 total sites)
avg row height over cells:        2.880 um
rms cell displacement:            0.000 um ( 0.00 row height)
rms weighted cell displacement:   0.000 um ( 0.00 row height)
max cell displacement:            0.000 um ( 0.00 row height)
avg cell displacement:            0.000 um ( 0.00 row height)
avg weighted cell displacement:   0.000 um ( 0.00 row height)
number of cells moved:                0
number of large displacements:        0
large displacement threshold:     3.000 row height

Displacements of worst 10 cells:
Cell: u_controller/rem_102/U10 (AND2X1)
  Input location: (847.12,514)
  Legal location: (847.12,514)
  Displacement:   0.000 um ( 0.00 row height)
Cell: u_controller/div_108/U31 (AND2X1)
  Input location: (908.24,565.84)
  Legal location: (908.24,565.84)
  Displacement:   0.000 um ( 0.00 row height)
Cell: u_controller/div_108/U30 (AND2X1)
  Input location: (850.96,565.84)
  Legal location: (850.96,565.84)
  Displacement:   0.000 um ( 0.00 row height)
Cell: u_controller/div_108/U27 (AND2X1)
  Input location: (912.4,562.96)
  Legal location: (912.4,562.96)
  Displacement:   0.000 um ( 0.00 row height)
Cell: u_controller/div_108/U15 (AND2X1)
  Input location: (903.76,554.32)
  Legal location: (903.76,554.32)
  Displacement:   0.000 um ( 0.00 row height)
Cell: u_controller/div_108/U25 (AND2X1)
  Input location: (870.48,568.72)
  Legal location: (870.48,568.72)
  Displacement:   0.000 um ( 0.00 row height)
Cell: u_controller/div_108/U24 (AND2X1)
  Input location: (854.16,574.48)
  Legal location: (854.16,574.48)
  Displacement:   0.000 um ( 0.00 row height)
Cell: u_controller/div_108/U23 (AND2X1)
  Input location: (892.56,571.6)
  Legal location: (892.56,571.6)
  Displacement:   0.000 um ( 0.00 row height)
Cell: u_controller/div_108/U22 (AND2X1)
  Input location: (878.8,568.72)
  Legal location: (878.8,568.72)
  Displacement:   0.000 um ( 0.00 row height)
Cell: u_controller/rem_102/U23 (AND2X1)
  Input location: (830.48,508.24)
  Legal location: (830.48,508.24)
  Displacement:   0.000 um ( 0.00 row height)


Finding violations for search and repair.
Design has no advanced rules
Checking legality
Checking cell legality:
0%....10%....20%....30%....40%....50%....60%....70%....80%....90%....100%
Sorting rows.
Checking spacing rule legality.
0%....10%....20%....30%....40%....50%....60%....70%....80%....90%....100%
Checking packing rule legality.


There are 0 movable cell violations.
Done.

 CCD using TA only patch routing
Warning: Cell contains tie connections which are not connected to real PG. (ZRT-511)
Warning: Ignore contact DIFFCON. (ZRT-015)
Turn off antenna since no rule is specified
Cell Min-Routing-Layer = M2
Cell Max-Routing-Layer = M7
Warning: Ignore 2 top cell ports with no pins. (ZRT-027)
Info: number of net_type_blockage: 0 
Warning: Contact VIA89's lower layer enclosure width does not satisfy end of line enclosure design rule. (ZRT-042)
Warning: Contact VIA89's upper layer enclosure width does not satisfy end of line enclosure design rule. (ZRT-042)
Warning: Contact VIA89's lower layer enclosure height does not satisfy end of line enclosure design rule. (ZRT-042)
Warning: Contact VIA89's upper layer enclosure height does not satisfy end of line enclosure design rule. (ZRT-042)
Warning: Contact VIA89C's lower layer enclosure height does not satisfy end of line enclosure design rule. (ZRT-042)
Warning: Contact VIA89C's upper layer enclosure width does not satisfy end of line enclosure design rule. (ZRT-042)
Warning: Contact VIA89C's lower layer enclosure width does not satisfy end of line enclosure design rule. (ZRT-042)
Warning: Contact VIA89C's upper layer enclosure height does not satisfy end of line enclosure design rule. (ZRT-042)
Via on layer (VIA1) needs more than one tracks
Warning: Layer M1 pitch 0.320 may be too small: wire/via-down 0.315, wire/via-up 0.330. (ZRT-026)
Via on layer (VIA1) needs more than one tracks
Warning: Layer M2 pitch 0.320 may be too small: wire/via-down 0.360, wire/via-up 0.320. (ZRT-026)
soft rule ICC2_GENERATED_DEFAULT_SPACING_RULE_3_8_wire is redundant
soft rule LOPT_M3_M7_3_8_wire is redundant
soft rule LOPT_M6_M7_3_8_wire is redundant
Start Global Route ... 
[Init] Elapsed real time: 0:00:00 
[Init] Elapsed cpu  time: sys=0:00:00 usr=0:00:00 total=0:00:00
[Init] Stage (MB): Used    0  Alloctr    0  Proc    0 
[Init] Total (MB): Used  108  Alloctr  110  Proc 2155 
Printing options for 'route.common.*'

Printing options for 'route.global.*'
global.crosstalk_driven                                 :	 false               
global.debug_compact_coef                               :	 1                   
global.deterministic                                    :	 off                 
global.placement_timing_driven_mode                     :	 false               
global.timing_driven                                    :	 false               

Begin global routing.
Loading parastics information to the router ...
parastics information loaded to the router.
Constructing data structure ...
Design statistics:
Design Bounding Box (0.00,0.00,929.12,927.20)
Number of routing layers = 9
layer M1, dir Hor, min width = 0.14, min space = 0.14 pitch = 0.32
layer M2, dir Ver, min width = 0.16, min space = 0.16 pitch = 0.32
layer M3, dir Hor, min width = 0.16, min space = 0.16 pitch = 0.64
layer M4, dir Ver, min width = 0.16, min space = 0.16 pitch = 0.64
layer M5, dir Hor, min width = 0.16, min space = 0.16 pitch = 1.28
layer M6, dir Ver, min width = 0.16, min space = 0.16 pitch = 1.28
layer M7, dir Hor, min width = 0.16, min space = 0.16 pitch = 2.56
layer M8, dir Ver, min width = 0.16, min space = 0.16 pitch = 3.84
layer M9, dir Hor, min width = 0.45, min space = 0.45 pitch = 5.12
Current Stage stats:
[End of Build Tech Data] Elapsed real time: 0:00:00 
[End of Build Tech Data] Elapsed cpu  time: sys=0:00:00 usr=0:00:00 total=0:00:00
[End of Build Tech Data] Stage (MB): Used    2  Alloctr    2  Proc    0 
[End of Build Tech Data] Total (MB): Used  111  Alloctr  113  Proc 2177 
Warning: No existing global route is available for reuse in incremental global routing. (ZRT-586)
Net statistics:
Total number of nets     = 42423
Number of nets to route  = 335
Number of single or zero port nets = 1
Number of nets with min-layer-mode soft = 335
Number of nets with min-layer-mode soft-cost-medium = 335
Number of nets with max-layer-mode hard = 334
280 nets are partially connected,
 of which 280 are detail routed and 0 are global routed.
57 nets are fully connected,
 of which 57 are detail routed and 0 are global routed.
90 nets have non-default rule clk_network_NDR_internal
1 nets have non-default rule clk_network_NDR_root
Current Stage stats:
[End of Build All Nets] Elapsed real time: 0:00:00 
[End of Build All Nets] Elapsed cpu  time: sys=0:00:00 usr=0:00:01 total=0:00:01
[End of Build All Nets] Stage (MB): Used   13  Alloctr   13  Proc    0 
[End of Build All Nets] Total (MB): Used  124  Alloctr  126  Proc 2177 
Average gCell capacity  1.71	 on layer (1)	 M1
Average gCell capacity  7.89	 on layer (2)	 M2
Average gCell capacity  4.04	 on layer (3)	 M3
Average gCell capacity  3.97	 on layer (4)	 M4
Average gCell capacity  2.05	 on layer (5)	 M5
Average gCell capacity  2.07	 on layer (6)	 M6
Average gCell capacity  1.04	 on layer (7)	 M7
Average gCell capacity  0.49	 on layer (8)	 M8
Average gCell capacity  0.00	 on layer (9)	 M9
Average number of tracks per gCell 9.03	 on layer (1)	 M1
Average number of tracks per gCell 9.02	 on layer (2)	 M2
Average number of tracks per gCell 4.52	 on layer (3)	 M3
Average number of tracks per gCell 4.51	 on layer (4)	 M4
Average number of tracks per gCell 2.26	 on layer (5)	 M5
Average number of tracks per gCell 2.26	 on layer (6)	 M6
Average number of tracks per gCell 1.13	 on layer (7)	 M7
Average number of tracks per gCell 0.76	 on layer (8)	 M8
Average number of tracks per gCell 0.57	 on layer (9)	 M9
Number of gCells = 930258
Current Stage stats:
[End of Build Congestion map] Elapsed real time: 0:00:01 
[End of Build Congestion map] Elapsed cpu  time: sys=0:00:00 usr=0:00:01 total=0:00:01
[End of Build Congestion map] Stage (MB): Used   11  Alloctr   11  Proc    0 
[End of Build Congestion map] Total (MB): Used  136  Alloctr  138  Proc 2177 
Information: RC layer preference is turned off for this design. (ZRT-613)
Total stats:
[End of Build Data] Elapsed real time: 0:00:01 
[End of Build Data] Elapsed cpu  time: sys=0:00:00 usr=0:00:02 total=0:00:02
[End of Build Data] Stage (MB): Used   28  Alloctr   28  Proc    0 
[End of Build Data] Total (MB): Used  136  Alloctr  138  Proc 2177 
Current Stage stats:
[End of Blocked Pin Detection] Elapsed real time: 0:00:00 
[End of Blocked Pin Detection] Elapsed cpu  time: sys=0:00:00 usr=0:00:00 total=0:00:00
[End of Blocked Pin Detection] Stage (MB): Used    0  Alloctr    0  Proc    0 
[End of Blocked Pin Detection] Total (MB): Used  136  Alloctr  138  Proc 2177 
Information: Using 6 threads for routing. (ZRT-444)
multi gcell levels ON

Start GR phase 0
Current Stage stats:
[End of Initial Routing] Elapsed real time: 0:00:00 
[End of Initial Routing] Elapsed cpu  time: sys=0:00:00 usr=0:00:00 total=0:00:00
[End of Initial Routing] Stage (MB): Used    0  Alloctr    0  Proc    0 
[End of Initial Routing] Total (MB): Used  136  Alloctr  139  Proc 2177 
Initial. Routing result:
Initial. Both Dirs: Overflow =    37 Max = 1 GRCs =   240 (0.12%)
Initial. H routing: Overflow =     1 Max = 1 (GRCs =  11) GRCs =    11 (0.01%)
Initial. V routing: Overflow =    36 Max = 1 (GRCs = 229) GRCs =   229 (0.22%)
Initial. M1         Overflow =     0 Max = 1 (GRCs =   1) GRCs =     1 (0.00%)
Initial. M2         Overflow =    36 Max = 1 (GRCs = 229) GRCs =   229 (0.22%)
Initial. M3         Overflow =     1 Max = 1 (GRCs =  10) GRCs =    10 (0.01%)
Initial. M4         Overflow =     0 Max = 0 (GRCs =   0) GRCs =     0 (0.00%)
Initial. M5         Overflow =     0 Max = 0 (GRCs =   0) GRCs =     0 (0.00%)
Initial. M6         Overflow =     0 Max = 0 (GRCs =   0) GRCs =     0 (0.00%)
Initial. M7         Overflow =     0 Max = 0 (GRCs =   0) GRCs =     0 (0.00%)
Initial. M8         Overflow =     0 Max = 0 (GRCs =   0) GRCs =     0 (0.00%)
Initial. M9         Overflow =     0 Max = 0 (GRCs =   0) GRCs =     0 (0.00%)

Initial. Total Wire Length = 205.61
Initial. Layer M1 wire length = 0.00
Initial. Layer M2 wire length = 64.61
Initial. Layer M3 wire length = 141.00
Initial. Layer M4 wire length = 0.00
Initial. Layer M5 wire length = 0.00
Initial. Layer M6 wire length = 0.00
Initial. Layer M7 wire length = 0.00
Initial. Layer M8 wire length = 0.00
Initial. Layer M9 wire length = 0.00
Initial. Total Number of Contacts = 261
Initial. Via VIA12C count = 135
Initial. Via VIA23C count = 126
Initial. Via VIA34C count = 0
Initial. Via VIA45C count = 0
Initial. Via VIA56C count = 0
Initial. Via VIA67C count = 0
Initial. Via VIA78C count = 0
Initial. Via VIA89C count = 0
Initial. completed.

Start GR phase 1
Current Stage stats:
[End of Phase1 Routing] Elapsed real time: 0:00:00 
[End of Phase1 Routing] Elapsed cpu  time: sys=0:00:00 usr=0:00:00 total=0:00:00
[End of Phase1 Routing] Stage (MB): Used    0  Alloctr    0  Proc    0 
[End of Phase1 Routing] Total (MB): Used  136  Alloctr  139  Proc 2177 
phase1. Routing result:
phase1. Both Dirs: Overflow =    37 Max = 1 GRCs =   240 (0.12%)
phase1. H routing: Overflow =     1 Max = 1 (GRCs =  11) GRCs =    11 (0.01%)
phase1. V routing: Overflow =    36 Max = 1 (GRCs = 229) GRCs =   229 (0.22%)
phase1. M1         Overflow =     0 Max = 1 (GRCs =   1) GRCs =     1 (0.00%)
phase1. M2         Overflow =    36 Max = 1 (GRCs = 229) GRCs =   229 (0.22%)
phase1. M3         Overflow =     1 Max = 1 (GRCs =  10) GRCs =    10 (0.01%)
phase1. M4         Overflow =     0 Max = 0 (GRCs =   0) GRCs =     0 (0.00%)
phase1. M5         Overflow =     0 Max = 0 (GRCs =   0) GRCs =     0 (0.00%)
phase1. M6         Overflow =     0 Max = 0 (GRCs =   0) GRCs =     0 (0.00%)
phase1. M7         Overflow =     0 Max = 0 (GRCs =   0) GRCs =     0 (0.00%)
phase1. M8         Overflow =     0 Max = 0 (GRCs =   0) GRCs =     0 (0.00%)
phase1. M9         Overflow =     0 Max = 0 (GRCs =   0) GRCs =     0 (0.00%)

phase1. Total Wire Length = 205.61
phase1. Layer M1 wire length = 0.00
phase1. Layer M2 wire length = 64.60
phase1. Layer M3 wire length = 141.00
phase1. Layer M4 wire length = 0.00
phase1. Layer M5 wire length = 0.00
phase1. Layer M6 wire length = 0.00
phase1. Layer M7 wire length = 0.00
phase1. Layer M8 wire length = 0.00
phase1. Layer M9 wire length = 0.00
phase1. Total Number of Contacts = 261
phase1. Via VIA12C count = 135
phase1. Via VIA23C count = 126
phase1. Via VIA34C count = 0
phase1. Via VIA45C count = 0
phase1. Via VIA56C count = 0
phase1. Via VIA67C count = 0
phase1. Via VIA78C count = 0
phase1. Via VIA89C count = 0
phase1. completed.

Start GR phase 2
Current Stage stats:
[End of Phase2 Routing] Elapsed real time: 0:00:00 
[End of Phase2 Routing] Elapsed cpu  time: sys=0:00:00 usr=0:00:00 total=0:00:00
[End of Phase2 Routing] Stage (MB): Used    0  Alloctr    0  Proc    0 
[End of Phase2 Routing] Total (MB): Used  136  Alloctr  138  Proc 2177 
phase2. Routing result:
phase2. Both Dirs: Overflow =    16 Max = 2 GRCs =   120 (0.06%)
phase2. H routing: Overflow =     0 Max = 1 (GRCs =  7) GRCs =     7 (0.01%)
phase2. V routing: Overflow =    15 Max = 2 (GRCs =  1) GRCs =   113 (0.11%)
phase2. M1         Overflow =     0 Max = 1 (GRCs =  1) GRCs =     1 (0.00%)
phase2. M2         Overflow =    15 Max = 2 (GRCs =  1) GRCs =   113 (0.11%)
phase2. M3         Overflow =     0 Max = 1 (GRCs =  6) GRCs =     6 (0.01%)
phase2. M4         Overflow =     0 Max = 0 (GRCs =  0) GRCs =     0 (0.00%)
phase2. M5         Overflow =     0 Max = 0 (GRCs =  0) GRCs =     0 (0.00%)
phase2. M6         Overflow =     0 Max = 0 (GRCs =  0) GRCs =     0 (0.00%)
phase2. M7         Overflow =     0 Max = 0 (GRCs =  0) GRCs =     0 (0.00%)
phase2. M8         Overflow =     0 Max = 0 (GRCs =  0) GRCs =     0 (0.00%)
phase2. M9         Overflow =     0 Max = 0 (GRCs =  0) GRCs =     0 (0.00%)

phase2. Total Wire Length = 205.61
phase2. Layer M1 wire length = 0.00
phase2. Layer M2 wire length = 64.61
phase2. Layer M3 wire length = 141.01
phase2. Layer M4 wire length = 0.00
phase2. Layer M5 wire length = 0.00
phase2. Layer M6 wire length = 0.00
phase2. Layer M7 wire length = 0.00
phase2. Layer M8 wire length = 0.00
phase2. Layer M9 wire length = 0.00
phase2. Total Number of Contacts = 261
phase2. Via VIA12C count = 135
phase2. Via VIA23C count = 126
phase2. Via VIA34C count = 0
phase2. Via VIA45C count = 0
phase2. Via VIA56C count = 0
phase2. Via VIA67C count = 0
phase2. Via VIA78C count = 0
phase2. Via VIA89C count = 0
phase2. completed.

Start GR phase 3
Current Stage stats:
[End of Phase3 Routing] Elapsed real time: 0:00:00 
[End of Phase3 Routing] Elapsed cpu  time: sys=0:00:00 usr=0:00:00 total=0:00:00
[End of Phase3 Routing] Stage (MB): Used    0  Alloctr    0  Proc    0 
[End of Phase3 Routing] Total (MB): Used  136  Alloctr  138  Proc 2177 
phase3. Routing result:
phase3. Both Dirs: Overflow =    16 Max = 2 GRCs =   120 (0.06%)
phase3. H routing: Overflow =     0 Max = 1 (GRCs =  7) GRCs =     7 (0.01%)
phase3. V routing: Overflow =    15 Max = 2 (GRCs =  1) GRCs =   113 (0.11%)
phase3. M1         Overflow =     0 Max = 1 (GRCs =  1) GRCs =     1 (0.00%)
phase3. M2         Overflow =    15 Max = 2 (GRCs =  1) GRCs =   113 (0.11%)
phase3. M3         Overflow =     0 Max = 1 (GRCs =  6) GRCs =     6 (0.01%)
phase3. M4         Overflow =     0 Max = 0 (GRCs =  0) GRCs =     0 (0.00%)
phase3. M5         Overflow =     0 Max = 0 (GRCs =  0) GRCs =     0 (0.00%)
phase3. M6         Overflow =     0 Max = 0 (GRCs =  0) GRCs =     0 (0.00%)
phase3. M7         Overflow =     0 Max = 0 (GRCs =  0) GRCs =     0 (0.00%)
phase3. M8         Overflow =     0 Max = 0 (GRCs =  0) GRCs =     0 (0.00%)
phase3. M9         Overflow =     0 Max = 0 (GRCs =  0) GRCs =     0 (0.00%)

phase3. Total Wire Length = 205.61
phase3. Layer M1 wire length = 0.00
phase3. Layer M2 wire length = 64.61
phase3. Layer M3 wire length = 141.01
phase3. Layer M4 wire length = 0.00
phase3. Layer M5 wire length = 0.00
phase3. Layer M6 wire length = 0.00
phase3. Layer M7 wire length = 0.00
phase3. Layer M8 wire length = 0.00
phase3. Layer M9 wire length = 0.00
phase3. Total Number of Contacts = 261
phase3. Via VIA12C count = 135
phase3. Via VIA23C count = 126
phase3. Via VIA34C count = 0
phase3. Via VIA45C count = 0
phase3. Via VIA56C count = 0
phase3. Via VIA67C count = 0
phase3. Via VIA78C count = 0
phase3. Via VIA89C count = 0
phase3. completed.
[End of Whole Chip Routing] Elapsed real time: 0:00:02 
[End of Whole Chip Routing] Elapsed cpu  time: sys=0:00:00 usr=0:00:03 total=0:00:03
[End of Whole Chip Routing] Stage (MB): Used   28  Alloctr   28  Proc    0 
[End of Whole Chip Routing] Total (MB): Used  136  Alloctr  138  Proc 2177 

Information: Global Routing terminated early: false (ZRT-103)

Congestion utilization per direction:
Average vertical track utilization   =  1.75 %
Peak    vertical track utilization   = 100.00 %
Average horizontal track utilization =  2.34 %
Peak    horizontal track utilization = 100.00 %

Current Stage stats:
[GR: Done] Elapsed real time: 0:00:00 
[GR: Done] Elapsed cpu  time: sys=0:00:00 usr=0:00:00 total=0:00:00
[GR: Done] Stage (MB): Used  -10  Alloctr  -10  Proc    0 
[GR: Done] Total (MB): Used  127  Alloctr  129  Proc 2177 
GR Total stats:
[GR: Done] Elapsed real time: 0:00:02 
[GR: Done] Elapsed cpu  time: sys=0:00:00 usr=0:00:03 total=0:00:03
[GR: Done] Stage (MB): Used   18  Alloctr   19  Proc   22 
[GR: Done] Total (MB): Used  127  Alloctr  129  Proc 2177 
Updating congestion ...
Updating congestion ...
Final total stats:
[End of Global Routing] Elapsed real time: 0:00:02 
[End of Global Routing] Elapsed cpu  time: sys=0:00:00 usr=0:00:04 total=0:00:04
[End of Global Routing] Stage (MB): Used    0  Alloctr    0  Proc   22 
[End of Global Routing] Total (MB): Used  108  Alloctr  110  Proc 2177 

Start track assignment

Printing options for 'route.common.*'

Printing options for 'route.track.*'
track.crosstalk_driven                                  :	 false               
track.timing_driven                                     :	 false               

Information: Using 6 threads for routing. (ZRT-444)
Information: RC layer preference is turned off for this design. (ZRT-613)

[Track Assign: Read routes] Elapsed real time: 0:00:00 
[Track Assign: Read routes] Elapsed cpu  time: sys=0:00:00 usr=0:00:00 total=0:00:00
[Track Assign: Read routes] Stage (MB): Used    7  Alloctr    7  Proc    0 
[Track Assign: Read routes] Total (MB): Used  112  Alloctr  114  Proc 2177 

Start initial assignment

Assign Horizontal partitions, iteration 0
Routed partition 1/33      
Routed partition 2/33      
Routed partition 3/33      
Routed partition 4/33      
Routed partition 5/33      
Routed partition 6/33      
Routed partition 7/33      
Routed partition 8/33      
Routed partition 9/33      
Routed partition 10/33     
Routed partition 11/33     
Routed partition 12/33     
Routed partition 13/33     
Routed partition 14/33     
Routed partition 15/33     
Routed partition 16/33     
Routed partition 17/33     
Routed partition 18/33     
Routed partition 19/33     
Routed partition 20/33     
Routed partition 21/33     
Routed partition 22/33     
Routed partition 23/33     
Routed partition 24/33     
Routed partition 25/33     
Routed partition 26/33     
Routed partition 27/33     
Routed partition 28/33     
Routed partition 29/33     
Routed partition 30/33     
Routed partition 31/33     
Routed partition 32/33     
Routed partition 33/33     

Assign Vertical partitions, iteration 0
Routed partition 1/33      
Routed partition 2/33      
Routed partition 3/33      
Routed partition 4/33      
Routed partition 5/33      
Routed partition 7/33      
Routed partition 7/33      
Routed partition 8/33      
Routed partition 9/33      
Routed partition 10/33     
Routed partition 11/33     
Routed partition 12/33     
Routed partition 13/33     
Routed partition 14/33     
Routed partition 15/33     
Routed partition 17/33     
Routed partition 17/33     
Routed partition 18/33     
Routed partition 19/33     
Routed partition 20/33     
Routed partition 21/33     
Routed partition 22/33     
Routed partition 24/33     
Routed partition 24/33     
Routed partition 25/33     
Routed partition 27/33     
Routed partition 27/33     
Routed partition 28/33     
Routed partition 29/33     
Routed partition 30/33     
Routed partition 31/33     
Routed partition 32/33     
Routed partition 33/33     

Number of wires with overlap after iteration 0 = 831 of 2366


[Track Assign: Iteration 0] Elapsed real time: 0:00:01 
[Track Assign: Iteration 0] Elapsed cpu  time: sys=0:00:01 usr=0:00:04 total=0:00:05
[Track Assign: Iteration 0] Stage (MB): Used    8  Alloctr    8  Proc  165 
[Track Assign: Iteration 0] Total (MB): Used  112  Alloctr  114  Proc 2342 

Reroute to fix overlaps

Assign Horizontal partitions, iteration 1
Routed partition 1/33      
Routed partition 2/33      
Routed partition 3/33      
Routed partition 4/33      
Routed partition 5/33      
Routed partition 6/33      
Routed partition 7/33      
Routed partition 10/33     
Routed partition 10/33     
Routed partition 11/33     
Routed partition 11/33     
Routed partition 12/33     
Routed partition 13/33     
Routed partition 14/33     
Routed partition 15/33     
Routed partition 16/33     
Routed partition 17/33     
Routed partition 18/33     
Routed partition 19/33     
Routed partition 20/33     
Routed partition 21/33     
Routed partition 22/33     
Routed partition 23/33     
Routed partition 24/33     
Routed partition 25/33     
Routed partition 26/33     
Routed partition 27/33     
Routed partition 28/33     
Routed partition 30/33     
Routed partition 31/33     
Routed partition 31/33     
Routed partition 32/33     
Routed partition 33/33     

Assign Vertical partitions, iteration 1
Routed partition 1/33      
Routed partition 2/33      
Routed partition 3/33      
Routed partition 4/33      
Routed partition 5/33      
Routed partition 6/33      
Routed partition 7/33      
Routed partition 8/33      
Routed partition 9/33      
Routed partition 10/33     
Routed partition 12/33     
Routed partition 12/33     
Routed partition 13/33     
Routed partition 14/33     
Routed partition 15/33     
Routed partition 16/33     
Routed partition 17/33     
Routed partition 18/33     
Routed partition 19/33     
Routed partition 20/33     
Routed partition 21/33     
Routed partition 22/33     
Routed partition 23/33     
Routed partition 24/33     
Routed partition 26/33     
Routed partition 26/33     
Routed partition 27/33     
Routed partition 28/33     
Routed partition 29/33     
Routed partition 30/33     
Routed partition 31/33     
Routed partition 32/33     
Routed partition 33/33     

[Track Assign: Iteration 1] Elapsed real time: 0:00:02 
[Track Assign: Iteration 1] Elapsed cpu  time: sys=0:00:01 usr=0:00:08 total=0:00:10
[Track Assign: Iteration 1] Stage (MB): Used    8  Alloctr    8  Proc  165 
[Track Assign: Iteration 1] Total (MB): Used  112  Alloctr  114  Proc 2342 

Number of wires with overlap after iteration 1 = 105 of 947


Wire length and via report:
---------------------------
Number of M1 wires: 453 		 POLYCON: 0
Number of M2 wires: 146 		 VIA12C: 597
Number of M3 wires: 348 		 VIA23C: 588
Number of M4 wires: 0 		 VIA34C: 0
Number of M5 wires: 0 		 VIA45C: 0
Number of M6 wires: 0 		 VIA56C: 0
Number of M7 wires: 0 		 VIA67C: 0
Number of M8 wires: 0 		 VIA78C: 0
Number of M9 wires: 0 		 VIA89C: 0
Total number of wires: 947 		 vias: 1185

Total M1 wire length: 135.4
Total M2 wire length: 116.0
Total M3 wire length: 324.2
Total M4 wire length: 0.0
Total M5 wire length: 0.0
Total M6 wire length: 0.0
Total M7 wire length: 0.0
Total M8 wire length: 0.0
Total M9 wire length: 0.0
Total wire length: 575.6

Longest M1 wire length: 1.9
Longest M2 wire length: 8.3
Longest M3 wire length: 10.6
Longest M4 wire length: 0.0
Longest M5 wire length: 0.0
Longest M6 wire length: 0.0
Longest M7 wire length: 0.0
Longest M8 wire length: 0.0
Longest M9 wire length: 0.0


[Track Assign: Done] Elapsed real time: 0:00:03 
[Track Assign: Done] Elapsed cpu  time: sys=0:00:01 usr=0:00:09 total=0:00:10
[Track Assign: Done] Stage (MB): Used    3  Alloctr    4  Proc  165 
[Track Assign: Done] Total (MB): Used  108  Alloctr  110  Proc 2342 
Skip detail route
Updating the database ...
Information: The net parasitics of block css_phy_tx_top are cleared. (TIM-123)
1
Done with CCD-_area
Begin building search trees for block css_phy_tx_top.dlib:css_phy_tx_top_cts.design
Done building search trees for block css_phy_tx_top.dlib:css_phy_tx_top_cts.design (time 0s)
Information: The stitching and editing of coupling caps is turned OFF for design 'css_phy_tx_top.dlib:css_phy_tx_top_cts.design'. (TIM-125)
Information: Design css_phy_tx_top_cts has 42422 nets, 0 global routed, 335 detail routed. (NEX-024)
Number of Site types in the design = 1
Setting up Chip Core
Chip Core shape: (100000 100000) (9191200 9172000)
Number of unique PDs = 1
Number of Power Domains = 1
Number of Voltage Areas = 1
Number of supply Nets = 2
Number of used supplies = 2
Information: The RC mode used is CTO for design 'css_phy_tx_top'. (NEX-022)
Information: Design Average RC for design css_phy_tx_top_cts  (NEX-011)
Information: r = 0.562500 ohm/um, via_r = 0.900000 ohm/cut, c = 0.098953 ff/um, cc = 0.000000 ff/um (X dir) (NEX-017)
Information: r = 0.562500 ohm/um, via_r = 0.900000 ohm/cut, c = 0.118429 ff/um, cc = 0.000000 ff/um (Y dir) (NEX-017)
Information: Update timing completed net estimation for all the timing graph nets (TIM-111)
Information: Net estimation statistics: timing graph nets = 42420, routed nets = 335, across physical hierarchy nets = 0, parasitics cached nets = 42420, delay annotated nets = 0, parasitics annotated nets = 0, multi-voltage nets = 0. (TIM-112)

Use advanced legalizer engine : 0
Use advanced legalizer engine : 0
npo-clock-opt optimization Phase 27 Iter  1         0.00      0.00         0       0.525           -           0.219
npo-clock-opt optimization Phase 27 Iter  2         0.00      0.00         0       0.525           -           0.219
npo-clock-opt optimization Phase 27 Iter  3         0.00      0.00         0       0.525           -           0.219
PBO-INFO:  LR disabled
npo-clock-opt optimization Phase 27 Iter  4         0.00      0.00         0       0.525           -           0.219
PBO-INFO:  LR disabled
npo-clock-opt optimization Phase 27 Iter  5         0.00      0.00         0       0.525           -           0.219
npo-clock-opt optimization Phase 27 Iter  6         0.00      0.00         0       0.525           -           0.219

npo-clock-opt optimization Phase 28 Iter  1         0.00      0.00         0       0.525           -           0.219
npo-clock-opt optimization Phase 28 Iter  2         0.00      0.00         0       0.525           -           0.219

npo-clock-opt optimization Phase 29 Iter  1         0.00      0.00         0       0.525           -           0.219
ORB: timingScenario default timingCorner default
INFO: No leakage and power scenarios. Using regular scenarios instead.
INFO: No active leakage scenarios. Leakage will be turned off
ORB: Nominal = 0.181379  Design MT = 1.024000  Target = 0.875499 (4.827 nominal)  MaxRC = 0.350179
ORB: timingScenario default timingCorner default
INFO: No leakage and power scenarios. Using regular scenarios instead.
INFO: No active leakage scenarios. Leakage will be turned off
ORB: Nominal = 0.181379  Design MT = 1.024000  Target = 0.875499 (4.827 nominal)  MaxRC = 0.350179
npo-clock-opt optimization Phase 29 Iter  2         0.00      0.00         0       0.525           -           0.220

npo-clock-opt optimization Phase 30 Iter  1         0.00      0.00         0       0.525           -           0.220
Begin building search trees for block css_phy_tx_top.dlib:SCRATCH_DESIGN_2147483648.design
Begin building search trees for block css_phy_tx_top.dlib:SCRATCH_DESIGN_2147483649.design
Done building search trees for block css_phy_tx_top.dlib:SCRATCH_DESIGN_2147483648.design (time 0s)
Done building search trees for block css_phy_tx_top.dlib:SCRATCH_DESIGN_2147483649.design (time 0s)
Begin building search trees for block css_phy_tx_top.dlib:SCRATCH_DESIGN_2147483650.design
Done building search trees for block css_phy_tx_top.dlib:SCRATCH_DESIGN_2147483650.design (time 0s)
Begin building search trees for block css_phy_tx_top.dlib:SCRATCH_DESIGN_2147483652.design
Begin building search trees for block css_phy_tx_top.dlib:SCRATCH_DESIGN_2147483653.design
Done building search trees for block css_phy_tx_top.dlib:SCRATCH_DESIGN_2147483653.design (time 0s)
Begin building search trees for block css_phy_tx_top.dlib:SCRATCH_DESIGN_2147483651.design
Done building search trees for block css_phy_tx_top.dlib:SCRATCH_DESIGN_2147483652.design (time 0s)
Done building search trees for block css_phy_tx_top.dlib:SCRATCH_DESIGN_2147483651.design (time 0s)

npo-clock-opt optimization Phase 31 Iter  1         0.00      0.00         0       0.525           -           0.222
npo-clock-opt optimization Phase 31 Iter  2         0.00      0.00         0       0.525           -           0.222
Begin building search trees for block css_phy_tx_top.dlib:SCRATCH_DESIGN_2147483648.design
Done building search trees for block css_phy_tx_top.dlib:SCRATCH_DESIGN_2147483648.design (time 0s)
Begin building search trees for block css_phy_tx_top.dlib:SCRATCH_DESIGN_2147483649.design
Done building search trees for block css_phy_tx_top.dlib:SCRATCH_DESIGN_2147483649.design (time 0s)
npo-clock-opt optimization Phase 31 Iter  3         0.00      0.00         0       0.525           -           0.222
npo-clock-opt optimization Phase 31 Iter  4         0.00      0.00         0       0.525           -           0.222

npo-clock-opt optimization Phase 32 Iter  1         0.00      0.00         0       0.525           -           0.222
----------------------------------------------------------------
running legalize_placement
Information: The net parasitics of block css_phy_tx_top are cleared. (TIM-123)
nplDplc2Placer::setParam(effort,1)
nplDplc2Placer::setParam(debug,0)
nplDplc2Placer::setParam(site_check,2)
nplDplc2Placer::setParam(app_firm_wgt,0)
Warning: Routing direction of metal layer PO is neither "horizontal" nor "vertical".  PDC checks will not be performed on this layer. (PDC-003)
PDC app_options settings =========
	place.legalize.enable_prerouted_net_check: 1
	place.legalize.num_tracks_for_access_check: 1
	place.legalize.use_eol_spacing_for_access_check: 0
	place.legalize.allow_touch_track_for_access_check: 1
	place.legalize.reduce_conservatism_in_eol_check: 0
	place.legalize.preroute_shape_merge_distance: 0.0
	place.legalize.enable_non_preferred_direction_span_check: 0

Layer M1: cached 0 shapes out of 898 total shapes.
Layer M2: cached 0 shapes out of 16701 total shapes.
Cached 28440 vias out of 130859 total vias.

Legalizing Top Level Design css_phy_tx_top ... 
Warning: Routing direction of metal layer PO is neither "horizontal" nor "vertical".  PDC checks will not be performed on this layer. (PDC-003)
=====> Processed 61 ref cells (0 fillers) from library

Initial legalization


Bounds/Regions In This Design:
        Area    Num Cells  Exclusive Name
 (square um)
      824754        42140        Yes DEFAULT_VA

Starting legalizer.
Warning: Exclusive bound 'DEFAULT' has no cells.
Optimizing Exclusive Bound 'DEFAULT_VA' (2/2)
    Done Exclusive Bound 'DEFAULT_VA' (2/2) (5 sec)
Legalization complete (11 total sec)

****************************************
  Report : Placement Attempts
  Site   : unit
****************************************

number of cells:                  42140
number of references:                61
number of site rows:                315
number of locations attempted:   836745
number of locations failed:           0  (0.0%)

Legality of references at locations:
0 references had failures.

Legality of references in rows:
0 references had row failures.

****************************************
  Report : Cell Displacements
****************************************

number of cells aggregated:       41806 (566887 total sites)
avg row height over cells:        2.880 um
rms cell displacement:            0.009 um ( 0.00 row height)
rms weighted cell displacement:   0.009 um ( 0.00 row height)
max cell displacement:            2.488 um ( 0.86 row height)
avg cell displacement:            0.000 um ( 0.00 row height)
avg weighted cell displacement:   0.000 um ( 0.00 row height)
number of cells moved:                3
number of large displacements:        0
large displacement threshold:     3.000 row height

Displacements of worst 10 cells:
Cell: u_dqpsk/OPT_copt_h_inst_29099 (NBUFFX2)
  Input location: (467.163,478.274)
  Legal location: (465.36,476.56)
  Displacement:   2.488 um ( 0.86 row height)
Cell: u_interleaver/OPT_copt_h_inst_29100 (NBUFFX2)
  Input location: (397.712,304.623)
  Legal location: (397.84,303.76)
  Displacement:   0.872 um ( 0.30 row height)
Cell: u_dqpsk/U24 (AO22X1)
  Input location: (466.64,476.56)
  Legal location: (467.28,476.56)
  Displacement:   0.640 um ( 0.22 row height)
Cell: u_controller/rem_102/U10 (AND2X1)
  Input location: (847.12,514)
  Legal location: (847.12,514)
  Displacement:   0.000 um ( 0.00 row height)
Cell: u_controller/div_108/U31 (AND2X1)
  Input location: (908.24,565.84)
  Legal location: (908.24,565.84)
  Displacement:   0.000 um ( 0.00 row height)
Cell: u_controller/div_108/U30 (AND2X1)
  Input location: (850.96,565.84)
  Legal location: (850.96,565.84)
  Displacement:   0.000 um ( 0.00 row height)
Cell: u_controller/rem_102/U23 (AND2X1)
  Input location: (830.48,508.24)
  Legal location: (830.48,508.24)
  Displacement:   0.000 um ( 0.00 row height)
Cell: u_controller/div_108/U27 (AND2X1)
  Input location: (912.4,562.96)
  Legal location: (912.4,562.96)
  Displacement:   0.000 um ( 0.00 row height)
Cell: u_controller/div_108/U25 (AND2X1)
  Input location: (870.48,568.72)
  Legal location: (870.48,568.72)
  Displacement:   0.000 um ( 0.00 row height)
Cell: u_controller/div_108/U24 (AND2X1)
  Input location: (854.16,574.48)
  Legal location: (854.16,574.48)
  Displacement:   0.000 um ( 0.00 row height)


Finding violations for search and repair.
Design has no advanced rules
Checking legality
Checking cell legality:
0%....10%....20%....30%....40%....50%....60%....70%....80%....90%....100%
Sorting rows.
Checking spacing rule legality.
0%....10%....20%....30%....40%....50%....60%....70%....80%....90%....100%
Checking packing rule legality.


There are 0 movable cell violations.
Done.

Legalization succeeded.
Total Legalizer CPU: 15.558
----------------------------------------------------------------
Information: The stitching and editing of coupling caps is turned OFF for design 'css_phy_tx_top.dlib:css_phy_tx_top_cts.design'. (TIM-125)
Information: Design css_phy_tx_top_cts has 42422 nets, 0 global routed, 335 detail routed. (NEX-024)
Information: The RC mode used is CTO for design 'css_phy_tx_top'. (NEX-022)
Information: Design Average RC for design css_phy_tx_top_cts  (NEX-011)
Information: r = 0.562500 ohm/um, via_r = 0.900000 ohm/cut, c = 0.098953 ff/um, cc = 0.000000 ff/um (X dir) (NEX-017)
Information: r = 0.562500 ohm/um, via_r = 0.900000 ohm/cut, c = 0.118429 ff/um, cc = 0.000000 ff/um (Y dir) (NEX-017)
Information: Update timing completed net estimation for all the timing graph nets (TIM-111)
Information: Net estimation statistics: timing graph nets = 42420, routed nets = 335, across physical hierarchy nets = 0, parasitics cached nets = 42420, delay annotated nets = 0, parasitics annotated nets = 0, multi-voltage nets = 0. (TIM-112)

npo-clock-opt optimization Phase 33 Iter  1         0.00      0.00         0       0.525           -           0.227

npo-clock-opt optimization Phase 34 Iter  1         0.00      0.00         0       0.525           -           0.227
route_group -all_clock_nets
Warning: Cell contains tie connections which are not connected to real PG. (ZRT-511)
Warning: Ignore contact DIFFCON. (ZRT-015)
Turn off antenna since no rule is specified
Cell Min-Routing-Layer = M2
Cell Max-Routing-Layer = M7
Warning: Ignore 2 top cell ports with no pins. (ZRT-027)
Info: number of net_type_blockage: 0 
Warning: Contact VIA89's lower layer enclosure width does not satisfy end of line enclosure design rule. (ZRT-042)
Warning: Contact VIA89's upper layer enclosure width does not satisfy end of line enclosure design rule. (ZRT-042)
Warning: Contact VIA89's lower layer enclosure height does not satisfy end of line enclosure design rule. (ZRT-042)
Warning: Contact VIA89's upper layer enclosure height does not satisfy end of line enclosure design rule. (ZRT-042)
Warning: Contact VIA89C's lower layer enclosure height does not satisfy end of line enclosure design rule. (ZRT-042)
Warning: Contact VIA89C's upper layer enclosure width does not satisfy end of line enclosure design rule. (ZRT-042)
Warning: Contact VIA89C's lower layer enclosure width does not satisfy end of line enclosure design rule. (ZRT-042)
Warning: Contact VIA89C's upper layer enclosure height does not satisfy end of line enclosure design rule. (ZRT-042)
Via on layer (VIA1) needs more than one tracks
Warning: Layer M1 pitch 0.320 may be too small: wire/via-down 0.315, wire/via-up 0.330. (ZRT-026)
Via on layer (VIA1) needs more than one tracks
Warning: Layer M2 pitch 0.320 may be too small: wire/via-down 0.360, wire/via-up 0.320. (ZRT-026)
soft rule ICC2_GENERATED_DEFAULT_SPACING_RULE_3_8_wire is redundant
soft rule LOPT_M3_M7_3_8_wire is redundant
soft rule LOPT_M6_M7_3_8_wire is redundant
Start Global Route ... 
[Init] Elapsed real time: 0:00:00 
[Init] Elapsed cpu  time: sys=0:00:00 usr=0:00:00 total=0:00:00
[Init] Stage (MB): Used    0  Alloctr    0  Proc    0 
[Init] Total (MB): Used  108  Alloctr  110  Proc 2294 
Printing options for 'route.common.*'

Printing options for 'route.global.*'
global.crosstalk_driven                                 :	 false               
global.debug_compact_coef                               :	 1                   
global.deterministic                                    :	 off                 
global.placement_timing_driven_mode                     :	 false               
global.timing_driven                                    :	 false               

Begin global routing.
Loading parastics information to the router ...
parastics information loaded to the router.
Constructing data structure ...
Design statistics:
Design Bounding Box (0.00,0.00,929.12,927.20)
Number of routing layers = 9
layer M1, dir Hor, min width = 0.14, min space = 0.14 pitch = 0.32
layer M2, dir Ver, min width = 0.16, min space = 0.16 pitch = 0.32
layer M3, dir Hor, min width = 0.16, min space = 0.16 pitch = 0.64
layer M4, dir Ver, min width = 0.16, min space = 0.16 pitch = 0.64
layer M5, dir Hor, min width = 0.16, min space = 0.16 pitch = 1.28
layer M6, dir Ver, min width = 0.16, min space = 0.16 pitch = 1.28
layer M7, dir Hor, min width = 0.16, min space = 0.16 pitch = 2.56
layer M8, dir Ver, min width = 0.16, min space = 0.16 pitch = 3.84
layer M9, dir Hor, min width = 0.45, min space = 0.45 pitch = 5.12
Current Stage stats:
[End of Build Tech Data] Elapsed real time: 0:00:00 
[End of Build Tech Data] Elapsed cpu  time: sys=0:00:00 usr=0:00:00 total=0:00:00
[End of Build Tech Data] Stage (MB): Used    2  Alloctr    2  Proc    0 
[End of Build Tech Data] Total (MB): Used  111  Alloctr  113  Proc 2294 
Net statistics:
Total number of nets     = 42423
Number of nets to route  = 335
Number of single or zero port nets = 1
Number of nets with min-layer-mode soft = 335
Number of nets with min-layer-mode soft-cost-medium = 335
Number of nets with max-layer-mode hard = 334
337 nets are fully connected,
 of which 337 are detail routed and 0 are global routed.
90 nets have non-default rule clk_network_NDR_internal
1 nets have non-default rule clk_network_NDR_root
Current Stage stats:
[End of Build All Nets] Elapsed real time: 0:00:00 
[End of Build All Nets] Elapsed cpu  time: sys=0:00:00 usr=0:00:01 total=0:00:01
[End of Build All Nets] Stage (MB): Used   13  Alloctr   13  Proc    0 
[End of Build All Nets] Total (MB): Used  124  Alloctr  126  Proc 2294 
Average gCell capacity  1.71	 on layer (1)	 M1
Average gCell capacity  7.89	 on layer (2)	 M2
Average gCell capacity  4.04	 on layer (3)	 M3
Average gCell capacity  3.97	 on layer (4)	 M4
Average gCell capacity  2.05	 on layer (5)	 M5
Average gCell capacity  2.07	 on layer (6)	 M6
Average gCell capacity  1.04	 on layer (7)	 M7
Average gCell capacity  0.49	 on layer (8)	 M8
Average gCell capacity  0.00	 on layer (9)	 M9
Average number of tracks per gCell 9.03	 on layer (1)	 M1
Average number of tracks per gCell 9.02	 on layer (2)	 M2
Average number of tracks per gCell 4.52	 on layer (3)	 M3
Average number of tracks per gCell 4.51	 on layer (4)	 M4
Average number of tracks per gCell 2.26	 on layer (5)	 M5
Average number of tracks per gCell 2.26	 on layer (6)	 M6
Average number of tracks per gCell 1.13	 on layer (7)	 M7
Average number of tracks per gCell 0.76	 on layer (8)	 M8
Average number of tracks per gCell 0.57	 on layer (9)	 M9
Number of gCells = 930258
Current Stage stats:
[End of Build Congestion map] Elapsed real time: 0:00:01 
[End of Build Congestion map] Elapsed cpu  time: sys=0:00:00 usr=0:00:01 total=0:00:01
[End of Build Congestion map] Stage (MB): Used   11  Alloctr   11  Proc    0 
[End of Build Congestion map] Total (MB): Used  136  Alloctr  138  Proc 2294 
Information: RC layer preference is turned off for this design. (ZRT-613)
Total stats:
[End of Build Data] Elapsed real time: 0:00:01 
[End of Build Data] Elapsed cpu  time: sys=0:00:00 usr=0:00:02 total=0:00:02
[End of Build Data] Stage (MB): Used   28  Alloctr   28  Proc    0 
[End of Build Data] Total (MB): Used  136  Alloctr  139  Proc 2294 
Current Stage stats:
[End of Blocked Pin Detection] Elapsed real time: 0:00:00 
[End of Blocked Pin Detection] Elapsed cpu  time: sys=0:00:00 usr=0:00:00 total=0:00:00
[End of Blocked Pin Detection] Stage (MB): Used    0  Alloctr    0  Proc    0 
[End of Blocked Pin Detection] Total (MB): Used  136  Alloctr  139  Proc 2294 
Information: Using 6 threads for routing. (ZRT-444)
multi gcell levels ON

Start GR phase 0
Current Stage stats:
[End of Initial Routing] Elapsed real time: 0:00:00 
[End of Initial Routing] Elapsed cpu  time: sys=0:00:00 usr=0:00:00 total=0:00:00
[End of Initial Routing] Stage (MB): Used    0  Alloctr    0  Proc    0 
[End of Initial Routing] Total (MB): Used  136  Alloctr  139  Proc 2294 
Initial. Routing result:
Initial. Both Dirs: Overflow =    15 Max = 1 GRCs =   121 (0.06%)
Initial. H routing: Overflow =     0 Max = 1 (GRCs =   7) GRCs =     7 (0.01%)
Initial. V routing: Overflow =    14 Max = 1 (GRCs = 114) GRCs =   114 (0.11%)
Initial. M1         Overflow =     0 Max = 1 (GRCs =   1) GRCs =     1 (0.00%)
Initial. M2         Overflow =    14 Max = 1 (GRCs = 114) GRCs =   114 (0.11%)
Initial. M3         Overflow =     0 Max = 1 (GRCs =   6) GRCs =     6 (0.01%)
Initial. M4         Overflow =     0 Max = 0 (GRCs =   0) GRCs =     0 (0.00%)
Initial. M5         Overflow =     0 Max = 0 (GRCs =   0) GRCs =     0 (0.00%)
Initial. M6         Overflow =     0 Max = 0 (GRCs =   0) GRCs =     0 (0.00%)
Initial. M7         Overflow =     0 Max = 0 (GRCs =   0) GRCs =     0 (0.00%)
Initial. M8         Overflow =     0 Max = 0 (GRCs =   0) GRCs =     0 (0.00%)
Initial. M9         Overflow =     0 Max = 0 (GRCs =   0) GRCs =     0 (0.00%)

Initial. Total Wire Length = 0.00
Initial. Layer M1 wire length = 0.00
Initial. Layer M2 wire length = 0.00
Initial. Layer M3 wire length = 0.00
Initial. Layer M4 wire length = 0.00
Initial. Layer M5 wire length = 0.00
Initial. Layer M6 wire length = 0.00
Initial. Layer M7 wire length = 0.00
Initial. Layer M8 wire length = 0.00
Initial. Layer M9 wire length = 0.00
Initial. Total Number of Contacts = 0
Initial. Via VIA12C count = 0
Initial. Via VIA23C count = 0
Initial. Via VIA34C count = 0
Initial. Via VIA45C count = 0
Initial. Via VIA56C count = 0
Initial. Via VIA67C count = 0
Initial. Via VIA78C count = 0
Initial. Via VIA89C count = 0
Initial. completed.

Start GR phase 1
Current Stage stats:
[End of Phase1 Routing] Elapsed real time: 0:00:00 
[End of Phase1 Routing] Elapsed cpu  time: sys=0:00:00 usr=0:00:00 total=0:00:00
[End of Phase1 Routing] Stage (MB): Used    0  Alloctr    0  Proc    0 
[End of Phase1 Routing] Total (MB): Used  136  Alloctr  139  Proc 2294 
phase1. Routing result:
phase1. Both Dirs: Overflow =    15 Max = 1 GRCs =   121 (0.06%)
phase1. H routing: Overflow =     0 Max = 1 (GRCs =   7) GRCs =     7 (0.01%)
phase1. V routing: Overflow =    14 Max = 1 (GRCs = 114) GRCs =   114 (0.11%)
phase1. M1         Overflow =     0 Max = 1 (GRCs =   1) GRCs =     1 (0.00%)
phase1. M2         Overflow =    14 Max = 1 (GRCs = 114) GRCs =   114 (0.11%)
phase1. M3         Overflow =     0 Max = 1 (GRCs =   6) GRCs =     6 (0.01%)
phase1. M4         Overflow =     0 Max = 0 (GRCs =   0) GRCs =     0 (0.00%)
phase1. M5         Overflow =     0 Max = 0 (GRCs =   0) GRCs =     0 (0.00%)
phase1. M6         Overflow =     0 Max = 0 (GRCs =   0) GRCs =     0 (0.00%)
phase1. M7         Overflow =     0 Max = 0 (GRCs =   0) GRCs =     0 (0.00%)
phase1. M8         Overflow =     0 Max = 0 (GRCs =   0) GRCs =     0 (0.00%)
phase1. M9         Overflow =     0 Max = 0 (GRCs =   0) GRCs =     0 (0.00%)

phase1. Total Wire Length = 0.00
phase1. Layer M1 wire length = 0.00
phase1. Layer M2 wire length = 0.00
phase1. Layer M3 wire length = 0.00
phase1. Layer M4 wire length = 0.00
phase1. Layer M5 wire length = 0.00
phase1. Layer M6 wire length = 0.00
phase1. Layer M7 wire length = 0.00
phase1. Layer M8 wire length = 0.00
phase1. Layer M9 wire length = 0.00
phase1. Total Number of Contacts = 0
phase1. Via VIA12C count = 0
phase1. Via VIA23C count = 0
phase1. Via VIA34C count = 0
phase1. Via VIA45C count = 0
phase1. Via VIA56C count = 0
phase1. Via VIA67C count = 0
phase1. Via VIA78C count = 0
phase1. Via VIA89C count = 0
phase1. completed.

Start GR phase 2
Current Stage stats:
[End of Phase2 Routing] Elapsed real time: 0:00:00 
[End of Phase2 Routing] Elapsed cpu  time: sys=0:00:00 usr=0:00:00 total=0:00:00
[End of Phase2 Routing] Stage (MB): Used    0  Alloctr    0  Proc    0 
[End of Phase2 Routing] Total (MB): Used  136  Alloctr  139  Proc 2294 
phase2. Routing result:
phase2. Both Dirs: Overflow =    15 Max = 1 GRCs =   121 (0.06%)
phase2. H routing: Overflow =     0 Max = 1 (GRCs =   7) GRCs =     7 (0.01%)
phase2. V routing: Overflow =    14 Max = 1 (GRCs = 114) GRCs =   114 (0.11%)
phase2. M1         Overflow =     0 Max = 1 (GRCs =   1) GRCs =     1 (0.00%)
phase2. M2         Overflow =    14 Max = 1 (GRCs = 114) GRCs =   114 (0.11%)
phase2. M3         Overflow =     0 Max = 1 (GRCs =   6) GRCs =     6 (0.01%)
phase2. M4         Overflow =     0 Max = 0 (GRCs =   0) GRCs =     0 (0.00%)
phase2. M5         Overflow =     0 Max = 0 (GRCs =   0) GRCs =     0 (0.00%)
phase2. M6         Overflow =     0 Max = 0 (GRCs =   0) GRCs =     0 (0.00%)
phase2. M7         Overflow =     0 Max = 0 (GRCs =   0) GRCs =     0 (0.00%)
phase2. M8         Overflow =     0 Max = 0 (GRCs =   0) GRCs =     0 (0.00%)
phase2. M9         Overflow =     0 Max = 0 (GRCs =   0) GRCs =     0 (0.00%)

phase2. Total Wire Length = 0.00
phase2. Layer M1 wire length = 0.00
phase2. Layer M2 wire length = 0.00
phase2. Layer M3 wire length = 0.00
phase2. Layer M4 wire length = 0.00
phase2. Layer M5 wire length = 0.00
phase2. Layer M6 wire length = 0.00
phase2. Layer M7 wire length = 0.00
phase2. Layer M8 wire length = 0.00
phase2. Layer M9 wire length = 0.00
phase2. Total Number of Contacts = 0
phase2. Via VIA12C count = 0
phase2. Via VIA23C count = 0
phase2. Via VIA34C count = 0
phase2. Via VIA45C count = 0
phase2. Via VIA56C count = 0
phase2. Via VIA67C count = 0
phase2. Via VIA78C count = 0
phase2. Via VIA89C count = 0
phase2. completed.
[End of Whole Chip Routing] Elapsed real time: 0:00:01 
[End of Whole Chip Routing] Elapsed cpu  time: sys=0:00:00 usr=0:00:02 total=0:00:02
[End of Whole Chip Routing] Stage (MB): Used   28  Alloctr   28  Proc    0 
[End of Whole Chip Routing] Total (MB): Used  136  Alloctr  139  Proc 2294 

Information: Global Routing terminated early: true (ZRT-103)

Congestion utilization per direction:
Average vertical track utilization   =  1.74 %
Peak    vertical track utilization   = 66.67 %
Average horizontal track utilization =  2.34 %
Peak    horizontal track utilization = 100.00 %

Current Stage stats:
[GR: Done] Elapsed real time: 0:00:00 
[GR: Done] Elapsed cpu  time: sys=0:00:00 usr=0:00:00 total=0:00:00
[GR: Done] Stage (MB): Used  -10  Alloctr  -10  Proc    0 
[GR: Done] Total (MB): Used  127  Alloctr  129  Proc 2294 
GR Total stats:
[GR: Done] Elapsed real time: 0:00:02 
[GR: Done] Elapsed cpu  time: sys=0:00:00 usr=0:00:02 total=0:00:02
[GR: Done] Stage (MB): Used   18  Alloctr   18  Proc    0 
[GR: Done] Total (MB): Used  127  Alloctr  129  Proc 2294 
Updating congestion ...
Updating congestion ...
Final total stats:
[End of Global Routing] Elapsed real time: 0:00:02 
[End of Global Routing] Elapsed cpu  time: sys=0:00:00 usr=0:00:03 total=0:00:03
[End of Global Routing] Stage (MB): Used    0  Alloctr    0  Proc    0 
[End of Global Routing] Total (MB): Used  108  Alloctr  110  Proc 2294 

Start track assignment

Printing options for 'route.common.*'

Printing options for 'route.track.*'
track.crosstalk_driven                                  :	 false               
track.timing_driven                                     :	 false               

Information: Using 6 threads for routing. (ZRT-444)

[Track Assign: Read routes] Elapsed real time: 0:00:00 
[Track Assign: Read routes] Elapsed cpu  time: sys=0:00:00 usr=0:00:00 total=0:00:00
[Track Assign: Read routes] Stage (MB): Used    4  Alloctr    4  Proc    0 
[Track Assign: Read routes] Total (MB): Used  108  Alloctr  110  Proc 2294 
Printing options for 'route.common.*'

Printing options for 'route.detail.*'
detail.force_end_on_preferred_grid                      :	 true                
detail.timing_driven                                    :	 false               

Printing options for 'route.auto_via_ladder.*'

Information: RC layer preference is turned off for this design. (ZRT-613)
[Dr init] Elapsed real time: 0:00:00 
[Dr init] Elapsed cpu  time: sys=0:00:00 usr=0:00:00 total=0:00:00
[Dr init] Stage (MB): Used   11  Alloctr   11  Proc    0 
[Dr init] Total (MB): Used  115  Alloctr  117  Proc 2294 
Total number of nets = 42423, of which 0 are not extracted
Total number of open nets = 42085, of which 0 are frozen
Information: Using 6 threads for routing. (ZRT-444)
Start DR iteration 0: uniform partition
Routed	2/1056 Partitions, Violations =	0
Routed	5/1056 Partitions, Violations =	0
Routed	14/1056 Partitions, Violations =	0
Routed	15/1056 Partitions, Violations =	0
Routed	20/1056 Partitions, Violations =	0
Routed	25/1056 Partitions, Violations =	0
Routed	30/1056 Partitions, Violations =	0
Routed	35/1056 Partitions, Violations =	0
Routed	40/1056 Partitions, Violations =	7
Routed	45/1056 Partitions, Violations =	7
Routed	50/1056 Partitions, Violations =	7
Routed	55/1056 Partitions, Violations =	9
Routed	60/1056 Partitions, Violations =	2
Routed	65/1056 Partitions, Violations =	2
Routed	70/1056 Partitions, Violations =	2
Routed	75/1056 Partitions, Violations =	9
Routed	80/1056 Partitions, Violations =	7
Routed	85/1056 Partitions, Violations =	9
Routed	90/1056 Partitions, Violations =	9
Routed	95/1056 Partitions, Violations =	9
Routed	100/1056 Partitions, Violations =	11
Routed	105/1056 Partitions, Violations =	11
Routed	110/1056 Partitions, Violations =	11
Routed	115/1056 Partitions, Violations =	13
Routed	120/1056 Partitions, Violations =	13
Routed	125/1056 Partitions, Violations =	13
Routed	130/1056 Partitions, Violations =	13
Routed	135/1056 Partitions, Violations =	13
Routed	140/1056 Partitions, Violations =	20
Routed	145/1056 Partitions, Violations =	22
Routed	150/1056 Partitions, Violations =	22
Routed	155/1056 Partitions, Violations =	22
Routed	160/1056 Partitions, Violations =	24
Routed	165/1056 Partitions, Violations =	31
Routed	170/1056 Partitions, Violations =	34
Routed	175/1056 Partitions, Violations =	34
Routed	180/1056 Partitions, Violations =	34
Routed	185/1056 Partitions, Violations =	32
Routed	190/1056 Partitions, Violations =	32
Routed	195/1056 Partitions, Violations =	32
Routed	200/1056 Partitions, Violations =	32
Routed	205/1056 Partitions, Violations =	32
Routed	210/1056 Partitions, Violations =	32
Routed	215/1056 Partitions, Violations =	32
Routed	220/1056 Partitions, Violations =	32
Routed	225/1056 Partitions, Violations =	32
Routed	230/1056 Partitions, Violations =	32
Routed	235/1056 Partitions, Violations =	32
Routed	240/1056 Partitions, Violations =	32
Routed	245/1056 Partitions, Violations =	34
Routed	250/1056 Partitions, Violations =	34
Routed	255/1056 Partitions, Violations =	34
Routed	260/1056 Partitions, Violations =	34
Routed	265/1056 Partitions, Violations =	34
Routed	270/1056 Partitions, Violations =	34
Routed	275/1056 Partitions, Violations =	41
Routed	280/1056 Partitions, Violations =	41
Routed	285/1056 Partitions, Violations =	41
Routed	290/1056 Partitions, Violations =	41
Routed	295/1056 Partitions, Violations =	41
Routed	300/1056 Partitions, Violations =	34
Routed	305/1056 Partitions, Violations =	41
Routed	310/1056 Partitions, Violations =	41
Routed	315/1056 Partitions, Violations =	41
Routed	320/1056 Partitions, Violations =	48
Routed	325/1056 Partitions, Violations =	48
Routed	330/1056 Partitions, Violations =	48
Routed	335/1056 Partitions, Violations =	48
Routed	340/1056 Partitions, Violations =	48
Routed	345/1056 Partitions, Violations =	51
Routed	350/1056 Partitions, Violations =	51
Routed	355/1056 Partitions, Violations =	50
Routed	360/1056 Partitions, Violations =	50
Routed	365/1056 Partitions, Violations =	50
Routed	370/1056 Partitions, Violations =	50
Routed	375/1056 Partitions, Violations =	50
Routed	380/1056 Partitions, Violations =	50
Routed	385/1056 Partitions, Violations =	52
Routed	390/1056 Partitions, Violations =	52
Routed	395/1056 Partitions, Violations =	52
Routed	400/1056 Partitions, Violations =	50
Routed	405/1056 Partitions, Violations =	50
Routed	410/1056 Partitions, Violations =	50
Routed	415/1056 Partitions, Violations =	57
Routed	420/1056 Partitions, Violations =	57
Routed	425/1056 Partitions, Violations =	59
Routed	430/1056 Partitions, Violations =	59
Routed	435/1056 Partitions, Violations =	59
Routed	440/1056 Partitions, Violations =	73
Routed	445/1056 Partitions, Violations =	82
Routed	450/1056 Partitions, Violations =	80
Routed	455/1056 Partitions, Violations =	80
Routed	460/1056 Partitions, Violations =	80
Routed	465/1056 Partitions, Violations =	80
Routed	470/1056 Partitions, Violations =	80
Routed	475/1056 Partitions, Violations =	80
Routed	480/1056 Partitions, Violations =	91
Routed	485/1056 Partitions, Violations =	91
Routed	490/1056 Partitions, Violations =	91
Routed	495/1056 Partitions, Violations =	91
Routed	500/1056 Partitions, Violations =	93
Routed	505/1056 Partitions, Violations =	100
Routed	510/1056 Partitions, Violations =	100
Routed	515/1056 Partitions, Violations =	100
Routed	520/1056 Partitions, Violations =	100
Routed	525/1056 Partitions, Violations =	100
Routed	530/1056 Partitions, Violations =	102
Routed	535/1056 Partitions, Violations =	93
Routed	540/1056 Partitions, Violations =	102
Routed	545/1056 Partitions, Violations =	100
Routed	550/1056 Partitions, Violations =	104
Routed	555/1056 Partitions, Violations =	102
Routed	560/1056 Partitions, Violations =	104
Routed	565/1056 Partitions, Violations =	102
Routed	570/1056 Partitions, Violations =	102
Routed	575/1056 Partitions, Violations =	102
Routed	580/1056 Partitions, Violations =	102
Routed	585/1056 Partitions, Violations =	109
Routed	590/1056 Partitions, Violations =	101
Routed	595/1056 Partitions, Violations =	103
Routed	600/1056 Partitions, Violations =	103
Routed	605/1056 Partitions, Violations =	102
Routed	610/1056 Partitions, Violations =	102
Routed	615/1056 Partitions, Violations =	102
Routed	620/1056 Partitions, Violations =	102
Routed	625/1056 Partitions, Violations =	102
Routed	630/1056 Partitions, Violations =	102
Routed	635/1056 Partitions, Violations =	103
Routed	640/1056 Partitions, Violations =	110
Routed	645/1056 Partitions, Violations =	110
Routed	650/1056 Partitions, Violations =	110
Routed	655/1056 Partitions, Violations =	110
Routed	660/1056 Partitions, Violations =	110
Routed	665/1056 Partitions, Violations =	110
Routed	670/1056 Partitions, Violations =	110
Routed	675/1056 Partitions, Violations =	109
Routed	680/1056 Partitions, Violations =	109
Routed	685/1056 Partitions, Violations =	109
Routed	690/1056 Partitions, Violations =	109
Routed	695/1056 Partitions, Violations =	109
Routed	700/1056 Partitions, Violations =	109
Routed	705/1056 Partitions, Violations =	109
Routed	710/1056 Partitions, Violations =	109
Routed	716/1056 Partitions, Violations =	109
Routed	720/1056 Partitions, Violations =	111
Routed	725/1056 Partitions, Violations =	111
Routed	730/1056 Partitions, Violations =	111
Routed	735/1056 Partitions, Violations =	111
Routed	740/1056 Partitions, Violations =	111
Routed	745/1056 Partitions, Violations =	120
Routed	750/1056 Partitions, Violations =	120
Routed	755/1056 Partitions, Violations =	120
Routed	760/1056 Partitions, Violations =	120
Routed	765/1056 Partitions, Violations =	120
Routed	770/1056 Partitions, Violations =	120
Routed	775/1056 Partitions, Violations =	120
Routed	780/1056 Partitions, Violations =	134
Routed	785/1056 Partitions, Violations =	136
Routed	790/1056 Partitions, Violations =	136
Routed	795/1056 Partitions, Violations =	139
Routed	800/1056 Partitions, Violations =	136
Routed	805/1056 Partitions, Violations =	136
Routed	810/1056 Partitions, Violations =	136
Routed	815/1056 Partitions, Violations =	136
Routed	820/1056 Partitions, Violations =	122
Routed	825/1056 Partitions, Violations =	122
Routed	830/1056 Partitions, Violations =	122
Routed	835/1056 Partitions, Violations =	122
Routed	840/1056 Partitions, Violations =	122
Routed	845/1056 Partitions, Violations =	122
Routed	850/1056 Partitions, Violations =	122
Routed	855/1056 Partitions, Violations =	122
Routed	860/1056 Partitions, Violations =	122
Routed	865/1056 Partitions, Violations =	122
Routed	870/1056 Partitions, Violations =	122
Routed	875/1056 Partitions, Violations =	129
Routed	880/1056 Partitions, Violations =	129
Routed	885/1056 Partitions, Violations =	131
Routed	890/1056 Partitions, Violations =	124
Routed	896/1056 Partitions, Violations =	131
Routed	900/1056 Partitions, Violations =	131
Routed	905/1056 Partitions, Violations =	122
Routed	910/1056 Partitions, Violations =	131
Routed	915/1056 Partitions, Violations =	131
Routed	920/1056 Partitions, Violations =	131
Routed	925/1056 Partitions, Violations =	131
Routed	930/1056 Partitions, Violations =	138
Routed	935/1056 Partitions, Violations =	145
Routed	947/1056 Partitions, Violations =	145
Routed	948/1056 Partitions, Violations =	152
Routed	950/1056 Partitions, Violations =	152
Routed	955/1056 Partitions, Violations =	138
Routed	960/1056 Partitions, Violations =	138
Routed	965/1056 Partitions, Violations =	138
Routed	970/1056 Partitions, Violations =	138
Routed	975/1056 Partitions, Violations =	138
Routed	980/1056 Partitions, Violations =	138
Routed	985/1056 Partitions, Violations =	138
Routed	990/1056 Partitions, Violations =	138
Routed	995/1056 Partitions, Violations =	144
Routed	1000/1056 Partitions, Violations =	145
Routed	1005/1056 Partitions, Violations =	144
Routed	1010/1056 Partitions, Violations =	139
Routed	1018/1056 Partitions, Violations =	139
Routed	1020/1056 Partitions, Violations =	139
Routed	1025/1056 Partitions, Violations =	146
Routed	1030/1056 Partitions, Violations =	146
Routed	1035/1056 Partitions, Violations =	139
Routed	1040/1056 Partitions, Violations =	145
Routed	1045/1056 Partitions, Violations =	145
Routed	1050/1056 Partitions, Violations =	145
Routed	1055/1056 Partitions, Violations =	145

DRC-SUMMARY:
	@@@@@@@ TOTAL VIOLATIONS =	145
	Diff net spacing : 77
	Less than minimum area : 1
	Less than NDR width : 1
	Same net spacing : 15
	Same net via-cut spacing : 1
	Short : 50

[Iter 0] Elapsed real time: 0:00:04 
[Iter 0] Elapsed cpu  time: sys=0:00:00 usr=0:00:16 total=0:00:17
[Iter 0] Stage (MB): Used   20  Alloctr   20  Proc    0 
[Iter 0] Total (MB): Used  124  Alloctr  126  Proc 2294 

End DR iteration 0 with 1056 parts

Start DR iteration 1: non-uniform partition
Routed	1/31 Partitions, Violations =	115
Routed	2/31 Partitions, Violations =	115
Routed	3/31 Partitions, Violations =	115
Routed	4/31 Partitions, Violations =	94
Routed	6/31 Partitions, Violations =	87
Routed	8/31 Partitions, Violations =	87
Routed	8/31 Partitions, Violations =	71
Routed	9/31 Partitions, Violations =	64
Routed	9/31 Partitions, Violations =	64
Routed	10/31 Partitions, Violations =	57
Routed	11/31 Partitions, Violations =	43
Routed	12/31 Partitions, Violations =	36
Routed	13/31 Partitions, Violations =	36
Routed	14/31 Partitions, Violations =	23
Routed	15/31 Partitions, Violations =	23
Routed	18/31 Partitions, Violations =	21
Routed	19/31 Partitions, Violations =	19
Routed	21/31 Partitions, Violations =	17
Routed	21/31 Partitions, Violations =	15
Routed	22/31 Partitions, Violations =	13
Routed	24/31 Partitions, Violations =	11
Routed	24/31 Partitions, Violations =	9
Routed	24/31 Partitions, Violations =	9
Routed	24/31 Partitions, Violations =	7
Routed	25/31 Partitions, Violations =	7
Routed	26/31 Partitions, Violations =	7
Routed	27/31 Partitions, Violations =	5
Routed	28/31 Partitions, Violations =	3
Routed	29/31 Partitions, Violations =	1
Routed	30/31 Partitions, Violations =	1
Routed	31/31 Partitions, Violations =	0

DRC-SUMMARY:
	@@@@@@@ TOTAL VIOLATIONS =	0

[Iter 1] Elapsed real time: 0:00:04 
[Iter 1] Elapsed cpu  time: sys=0:00:00 usr=0:00:18 total=0:00:18
[Iter 1] Stage (MB): Used   20  Alloctr   20  Proc    0 
[Iter 1] Total (MB): Used  124  Alloctr  126  Proc 2294 

End DR iteration 1 with 31 parts

Finish DR since reached 0 DRC

Information: Detail Routing terminated early because DRCs were not converging: false (ZRT-312)
[DR] Elapsed real time: 0:00:04 
[DR] Elapsed cpu  time: sys=0:00:00 usr=0:00:18 total=0:00:18
[DR] Stage (MB): Used    4  Alloctr    5  Proc    0 
[DR] Total (MB): Used  109  Alloctr  111  Proc 2294 
[DR: Done] Elapsed real time: 0:00:04 
[DR: Done] Elapsed cpu  time: sys=0:00:00 usr=0:00:18 total=0:00:18
[DR: Done] Stage (MB): Used    4  Alloctr    5  Proc    0 
[DR: Done] Total (MB): Used  109  Alloctr  111  Proc 2294 

DR finished with 0 open nets, of which 0 are frozen

DR finished with 0 violations

DRC-SUMMARY:
	@@@@@@@ TOTAL VIOLATIONS =	0



Total Wire Length =                    109338 micron
Total Number of Contacts =             26288
Total Number of Wires =                23973
Total Number of PtConns =              4771
Total Number of Routed Wires =       23973
Total Routed Wire Length =           108205 micron
Total Number of Routed Contacts =       26288
	Layer          M1 :         94 micron
	Layer          M2 :      45337 micron
	Layer          M3 :      52151 micron
	Layer          M4 :      10962 micron
	Layer          M5 :        464 micron
	Layer          M6 :        330 micron
	Layer          M7 :          0 micron
	Layer          M8 :          0 micron
	Layer          M9 :          0 micron
	Via        VIA56C :          2
	Via        VIA45C :         15
	Via        VIA34C :        512
	Via   VIA34C(rot) :          6
	Via        VIA23C :      15313
	Via        VIA12C :         27
	Via   VIA12C(rot) :       7445
	Via        VIA12B :          6
	Via   VIA12B(rot) :       2962

 
Redundant via conversion report:
--------------------------------

  Total optimized via conversion rate =  0.00% (0 / 26288 vias)
 
    Layer VIA1       =  0.00% (0      / 10440   vias)
        Un-optimized =  0.00% (0       vias)
        Un-mapped    = 100.00% (10440   vias)
    Layer VIA2       =  0.00% (0      / 15313   vias)
        Un-optimized =  0.00% (0       vias)
        Un-mapped    = 100.00% (15313   vias)
    Layer VIA3       =  0.00% (0      / 518     vias)
        Un-optimized =  0.00% (0       vias)
        Un-mapped    = 100.00% (518     vias)
    Layer VIA4       =  0.00% (0      / 15      vias)
        Un-optimized =  0.00% (0       vias)
        Un-mapped    = 100.00% (15      vias)
    Layer VIA5       =  0.00% (0      / 2       vias)
        Un-optimized =  0.00% (0       vias)
        Un-mapped    = 100.00% (2       vias)
 
  Total double via conversion rate    =  0.00% (0 / 26288 vias)
 
    Layer VIA1       =  0.00% (0      / 10440   vias)
    Layer VIA2       =  0.00% (0      / 15313   vias)
    Layer VIA3       =  0.00% (0      / 518     vias)
    Layer VIA4       =  0.00% (0      / 15      vias)
    Layer VIA5       =  0.00% (0      / 2       vias)
 
  The optimized via conversion rate based on total routed via count =  0.00% (0 / 26288 vias)
 
    Layer VIA1       =  0.00% (0      / 10440   vias)
        Un-optimized =  0.00% (0       vias)
        Un-mapped    = 100.00% (10440   vias)
    Layer VIA2       =  0.00% (0      / 15313   vias)
        Un-optimized =  0.00% (0       vias)
        Un-mapped    = 100.00% (15313   vias)
    Layer VIA3       =  0.00% (0      / 518     vias)
        Un-optimized =  0.00% (0       vias)
        Un-mapped    = 100.00% (518     vias)
    Layer VIA4       =  0.00% (0      / 15      vias)
        Un-optimized =  0.00% (0       vias)
        Un-mapped    = 100.00% (15      vias)
    Layer VIA5       =  0.00% (0      / 2       vias)
        Un-optimized =  0.00% (0       vias)
        Un-mapped    = 100.00% (2       vias)
 

Total number of nets = 42423
0 open nets, of which 0 are frozen
Total number of excluded ports = 0 ports of 0 unplaced cells connected to 0 nets
                                 0 ports without pins of 0 cells connected to 0 nets
                                 0 ports of 0 cover cells connected to 0 non-pg nets
Total number of DRCs = 0
Total number of antenna violations = antenna checking not active
Information: Routes in non-preferred voltage areas = 0 (ZRT-559)

Topology ECO not run, no qualifying violations or in frozen nets.
Updating the database ...
Information: The net parasitics of block css_phy_tx_top are cleared. (TIM-123)
Begin building search trees for block css_phy_tx_top.dlib:css_phy_tx_top_cts.design
Done building search trees for block css_phy_tx_top.dlib:css_phy_tx_top_cts.design (time 0s)
Information: The stitching and editing of coupling caps is turned OFF for design 'css_phy_tx_top.dlib:css_phy_tx_top_cts.design'. (TIM-125)
Information: Design css_phy_tx_top_cts has 42422 nets, 0 global routed, 335 detail routed. (NEX-024)
Information: The RC mode used is CTO for design 'css_phy_tx_top'. (NEX-022)
Information: Design Average RC for design css_phy_tx_top_cts  (NEX-011)
Information: r = 0.562500 ohm/um, via_r = 0.900000 ohm/cut, c = 0.098953 ff/um, cc = 0.000000 ff/um (X dir) (NEX-017)
Information: r = 0.562500 ohm/um, via_r = 0.900000 ohm/cut, c = 0.118429 ff/um, cc = 0.000000 ff/um (Y dir) (NEX-017)
Information: Update timing completed net estimation for all the timing graph nets (TIM-111)
Information: Net estimation statistics: timing graph nets = 42420, routed nets = 335, across physical hierarchy nets = 0, parasitics cached nets = 42420, delay annotated nets = 0, parasitics annotated nets = 0, multi-voltage nets = 0. (TIM-112)

npo-clock-opt optimization Phase 35 Iter  1         0.00      0.00         0       0.525           -           0.230
Enable dominated scenarios

npo-clock-opt optimization complete                 0.00      0.00         0       0.525           -           0.230
Co-efficient Ratio Summary:
4.193421605155  6.578038173730  2.479639287277  7.744187574358  0.485092504098  3.179482333784  -5.567214854587  -2.894454487461  -6.565921317863  -9.017937605874  3.141075243683  9.866615209851  6.078392364085  2.744397341123
8.318115604907  9.699225026083  2.464623950064  1.382370221226  9.387184029619  3.142429406669  -0.968752889964  -6.613180823294  -4.146578893224  -7.876358018112  2.138530546346  0.966910841094  2.700317843881  3.840549064440
3.750206053169  7.663458842299  6.212201167950  7.759678473967  7.862243056717  0.402387977150  -0.032845195897  -0.596111612371  -4.701287496892  -7.205135612169  8.215756731918  1.186901890997  3.334605808244  5.867798731622
7.173894385364  9.669819999761  7.591487347087  7.632106393266  7.679078063326  9.831314288630  -1.878805917928  -3.230072443539  -1.226270137326  -7.050450594780  2.440323516381  6.132038244054  4.100489466110  1.274807589655
4.570746653063  5.624878808820  7.826857253678  4.759133418263  5.409027926377  2.609823652834  -0.626142638674  -6.381676752919  -9.187474122495  -0.513656896621  5.064975051212  6.112099146103  6.181641712107  1.581764365776
7.486041822107  9.584562469756  2.041727387119  3.921160867338  0.650488682345  9.472458902409  -3.368484494994  -4.897111649020  -6.860149344452  -2.000104151691  9.032740340339  2.190227409512  0.915179467443  5.466181308426
8.142690055883  4.607193265224  8.244463794567  3.504870705451  1.682716012888  7.173433718510  -9.939562808373  -3.617852872683  -8.946772737652  -1.169969632707  4.566340261887  3.093155109795  5.580995536993  1.131486763510
0.721709625254  7.515947417690  0.649322209371  1.017031043513  5.811519666269  5.826730883342  -4.349383392435  -0.216216018317  -9.612142522527  -7.311156882104  0.860913756243  0.359347986693  8.022288969284  2.603221585844
5.024802551363  1.359359521353  5.407563451201  2.804123477518  1.265300052200  0.417760313533  -1.833872565081  -6.448557837188  -4.848373212548  -2.936801155033  8.618898739840  4.215581016610  9.007896670112  3.308296178452
5.607471109985  8.514743640423  2.764676979434  9.324216938770  1.551199989997  2.300508202625  -0.754685130179  -1.961421511696  -2.781303441418  -3.355375255650  9.474303408227  9.139988342545  9.020478608464  9.978560495117
7.467457734047  3.171274721421  9.815920740044  4.331414637138  0.413524984361  3.309910198619  -7.452798306103  -1.902827024529  -5.623407359547  -7.269363108696  3.304806796434  7.096827215702  7.411505556476  6.944335976650
5.239565921087  4.802189647382  3.894401463832  4.531610419342  1.605155657803  8.173730247963  -9.287277874418  -7.540401148505  -0.000353417956  -5.833784656721  4.791980872195  4.380647356592  1.217032301793  7.505963310467
0.800933986343  9.509851607812  3.964085274420  8.341123831811  5.604907969922  5.026083246462  -3.950064238237  -0.221226038718  -4.029619414242  -9.406669196875  2.726367254068  0.726470114657  8.793493187635  8.918201219113
5.103696096373  4.141094270014  8.443881384045  0.064440375020  6.053169766345  8.842299621220  -1.167950875967  -8.473967886224  -3.056717140238  -7.977150103284  5.032290642361  1.515557170128  7.396061120513  5.512258827835
1.398268118372  5.190997333443  6.408244586760  9.731622717389  4.385364966981  9.999761759148  -7.347087863210  -6.393266867907  -8.063326083131  -4.288630287880  5.854321916757  2.346715822627  0.037595105045  0.494879240392
8.173631613985  2.544054410021  0.066110127471  8.589655457074  6.653063562487  8.808820782685  -7.253678575913  -3.418263640902  -7.926377360982  -3.652834162614  2.575077221817  6.655195618747  4.022664451365  6.796710502757
0.618562611981  3.446103618147  2.312107158167  5.365776748604  1.822107958456  2.469756204172  -7.387119492116  -0.867338165048  -8.682345047245  -8.902409436848  4.331397072461  1.542206386014  9.244621600010  4.051780909534
5.907689219704  1.709512091590  0.067443546609  2.308426814269  0.055883460719  3.265224824446  -3.794567450487  -0.705451268271  -6.012888817343  -3.718510093956  2.745776954435  2.775869594677  2.637821516996  9.532896452994
6.656262309097  9.409795558072  6.136993113139  7.763510072170  9.625254751594  7.417690064932  -2.209371201703  -1.043513681151  -9.666269682673  -0.883342534938  3.239838614371  6.911593661214  2.422796131115  6.782293082351
9.141628035616  1.286693802201  9.569284260313  2.585844502480  2.551363135935  9.521353540756  -3.451201380412  -3.477518226530  -0.052200141776  -0.313533283387  2.402484237505  7.730364184837  3.112717693680  1.055122867149
4.124225421230  5.316610900762  7.270112330810  7.178452594654  1.109927475148  3.640340476467  -6.979434032421  -6.938770255119  -9.989997330050  -8.202625175468  5.077572789892  1.414872978130  3.341687735537  5.155749943790
9.893602913670  2.642545902020  9.208464997847  1.495117746745  7.734047317127  4.721421981592  -0.740044533141  -4.637138141352  -4.984361430991  -0.198619845279  8.258644977782  7.928733562340  7.250743426936  3.008785336740
3.103784709364  1.515702741133  6.156476694424  6.976650523956  5.921087480218  9.647382389440  -1.463832553161  -0.419342260515  -5.657803917373  -0.247963028727  7.726959531540  1.042719000035  3.318152283378  4.556810475458
7.289445438746  1.656592121786  3.901793750587  4.310467080093  3.986343950985  1.607812396408  -5.274420934112  -3.831811660490  -7.969922602608  -3.246462495006  4.180778809622  6.932922402961  9.315448640666  9.096964278996
4.661318072329  4.414657879322  4.787635891811  2.219113510369  6.096373414109  4.270014844388  -1.384045106444  -0.375020705316  -9.766345984229  -9.621220216795  0.727408624896  7.780438305671  7.041434497715  0.003373509589
7.059611151237  1.470128739689  2.720513551216  9.827835139826  8.118372519099  7.333443640824  -4.586760073162  -2.717389538536  -4.966981099976  -1.759148834708  7.715751416826  6.761111806332  6.984337128863  0.187979581792
8.323007234353  9.122627003732  6.705045049478  0.240392817768  1.613985254814  4.410021206611  -0.127471958965  -5.457074765306  -3.562487980882  -0.782685825367  8.427426209576  3.544116792637  7.261188065283  4.062703253867
4.638167665291  9.918747402249  5.051365679662  1.502757061856  2.611981344610  3.618147231210  -7.158167636577  -6.748604282210  -7.958456346975  -6.204172838711  9.344629944483  8.069252868234  5.948441590240  9.336937439499
4.489711154902  0.686014924445  2.200010405169  1.909534590768  9.219704170951  2.091590006744  -3.546609330842  -6.814269105588  -3.460719426522  -4.824446479456  7.302990938295  1.162485601288  8.718549071851  0.993045270837
3.361785277268  3.894677263765  2.116996953270  7.452994665626  2.309097940979  5.558072613699  -3.113139876351  -0.072170062525  -4.751594841769  -0.064932320937  1.153216062001  3.585365966626  9.583879788334  2.434027329243
5.021621691831  7.961214242252  7.731115678210  4.082351914567  8.035616128078  3.802201156928  -4.260313358584  -4.502480355136  -3.135935052135  -3.540756445120  1.232924109251  8.120743805220  0.042972531353  3.183476246508
1.644855773718  8.484837311254  8.293680105503  3.867149412827  5.421230531070  0.900762927011  -2.330810817845  -2.560747210998  -5.851474464042  -3.276467797943  4.984933455377  0.159322798999  7.231256320262  5.075557503017
9.196142141169  6.278130334141  8.335537515565  0.943790989360  2.913670264254  5.902020920846  -4.997847249511  -7.746745873404  -7.317127572142  -1.981592174004  4.485654321463  8.045566498436  1.331197719861  9.745368820610
3.190282792452  9.562340725954  7.726936300869  6.336740310378  4.709364151570  2.741133615647  -6.694424797665  -0.523956692108  -7.480218064738  -2.389440246383  2.405674909684  2.164729565780  3.818579724796  3.928816777441
8.754040104850  5.000035331795  6.583378455672  1.475458728944  5.438746165659  2.121786390179  -3.750587531046  -7.080093498634  -3.950985260781  -2.396408627442  0.886625241831  1.564604796992  2.503804024646  2.395195413823
7.022122693871  8.402961931424  2.940666909687  5.278996466131  8.072329441465  7.879322478763  -5.891811321911  -3.510369709637  -3.414109527001  -4.844388238404  5.058957995252  0.609520976634  5.885425662122  0.116884077596
7.847396778622  4.305671704023  8.797715000328  4.509589705961  1.151237147012  8.739689272051  -3.551216082783  -5.139826911837  -2.519099833344  -3.640824558676  0.925675139488  9.432740496698  1.990172875914  8.734897776321

npo-clock-opt final QoR
_______________________
Scenario Mapping Table
1: default

Pathgroup Mapping Table
1: **default**
2: **async_default**
3: **clock_gating_default**
4: **in2reg_default**
5: **reg2out_default**
6: **in2out_default**
7: CLK

-----------------------------------------------------------------------------------------------------------
Scene  PG      WNS        TNS    NSV      WHV        THV    NHV
    1   1   0.0000     0.0000      0   0.0000     0.0000      0
    1   2   0.0000     0.0000      0   0.0000     0.0000      0
    1   3   0.0000     0.0000      0   0.0000     0.0000      0
    1   4   0.0000     0.0000      0   0.0000     0.0000      0
    1   5   0.0000     0.0000      0   0.0000     0.0000      0
    1   6   0.0000     0.0000      0   0.0000     0.0000      0
    1   7   0.0000     0.0000      0   0.0000     0.0000      0
--------------------------------------------------------------------------------------------------------------------
Scene  PG      WNS        TNS    NSV      WHV        THV    NHV  MaxTrnV   MaxTranC  MaxCapV    Leakage
    1   *   0.0000     0.0000      0   0.0000     0.0000      0        -          -        -          -
--------------------------------------------------------------------------------------------------------------------
Scene  PG      WNS        TNS    NSV      WHV        THV    NHV  MaxTrnV   MaxTranC  MaxCapV    Leakage         Area    InstCnt     BufCnt     InvCnt
    *   *   0.0000     0.0000      0   0.0000     0.0000      0        -          -        -          -    525139.69      42140      12067       1990
--------------------------------------------------------------------------------------------------------------------

npo-clock-opt final QoR Summary         WNS        TNS    NSV      WHV        THV    NHV  MaxTrnV  MaxCapV    Leakage         Area    InstCnt
npo-clock-opt final QoR Summary      0.0000     0.0000      0   0.0000     0.0000      0        -        -          -    525139.69      42140

npo-clock-opt command complete                CPU:  1005 s (  0.28 hr )  ELAPSE:   830 s (  0.23 hr )  MEM-PEAK:  1068 MB
npo-clock-opt command statistics  CPU=475 sec (0.13 hr) ELAPSED=287 sec (0.08 hr) MEM-PEAK=1.043 GB
Information: The net parasitics of block css_phy_tx_top are cleared. (TIM-123)
Information: The stitching and editing of coupling caps is turned ON for design 'css_phy_tx_top.dlib:css_phy_tx_top_cts.design'. (TIM-125)
Information: Design css_phy_tx_top_cts has 42422 nets, 0 global routed, 335 detail routed. (NEX-024)
Information: The RC mode used is CTO for design 'css_phy_tx_top'. (NEX-022)
Information: Crosstalk analysis has been disabled. (TIM-114)
Information: Design Average RC for design css_phy_tx_top_cts  (NEX-011)
Information: r = 0.562500 ohm/um, via_r = 0.900000 ohm/cut, c = 0.098953 ff/um, cc = 0.000000 ff/um (X dir) (NEX-017)
Information: r = 0.562500 ohm/um, via_r = 0.900000 ohm/cut, c = 0.118429 ff/um, cc = 0.000000 ff/um (Y dir) (NEX-017)
Information: Update timing completed net estimation for all the timing graph nets (TIM-111)
Information: Net estimation statistics: timing graph nets = 42420, routed nets = 335, across physical hierarchy nets = 0, parasitics cached nets = 42420, delay annotated nets = 0, parasitics annotated nets = 0, multi-voltage nets = 0. (TIM-112)
Information: Running auto PG connection. (NDM-099)
1
sizeof_collection [get_cells -hierarchical  "CTS_*"]
334
sizeof_collection [get_cells -hierarchical  "OPT_*"]
9349
report_qor -summary
****************************************
Report : qor
        -summary
Design : css_phy_tx_top
Version: O-2018.06-SP1
Date   : Sat Sep 19 06:28:01 2026
****************************************
Information: Timer using 'SI, Timing Window Analysis, CRPR'. (TIM-050)

Timing
---------------------------------------------------------------------------
Context                                 WNS            TNS            NVE
---------------------------------------------------------------------------
Design             (Setup)            22.52           0.00              0

Design             (Hold)              0.00           0.00              0
---------------------------------------------------------------------------

Miscellaneous
---------------------------------------------------------------------------
Cell Area (netlist):                         525139.66
Cell Area (netlist and physical only):       525139.66
Nets with DRC Violations:        0
1
connect_pg_net -net "VDD" [get_pins -hierarchical */VDD]
connect_pg_net -net "VSS" [get_pins -hierarchical */VSS]
check_pg_drc            
Command check_pg_drc started  at Sat Sep 19 06:28:01 2026
Command check_pg_drc finished at Sat Sep 19 06:28:09 2026
CPU usage for check_pg_drc: 31.21 seconds ( 0.01 hours)
Elapsed time for check_pg_drc: 7.48 seconds ( 0.00 hours)
No errors found.
check_pg_connectivity  
Loading cell instances...
Number of Standard Cells: 42140
Number of Macro Cells: 0
Number of IO Pad Cells: 0
Number of Blocks: 0
Loading P/G wires and vias...
Number of VDD Wires: 252
Number of VDD Vias: 51979
Number of VDD Terminals: 180
Number of VSS Wires: 252
Number of VSS Vias: 51979
Number of VSS Terminals: 180
**************Verify net VDD connectivity*****************
  Number of floating wires: 0
  Number of floating vias: 0
  Number of floating std cells: 0
  Number of floating hard macros: 0
  Number of floating I/O pads: 0
  Number of floating terminals: 0
  Number of floating hierarchical blocks: 0
************************************************************
**************Verify net VSS connectivity*****************
  Number of floating wires: 0
  Number of floating vias: 0
  Number of floating std cells: 0
  Number of floating hard macros: 0
  Number of floating I/O pads: 0
  Number of floating terminals: 0
  Number of floating hierarchical blocks: 0
************************************************************
Overall runtime: 2 seconds.
check_pg_missing_vias   
Check net VDD vias...
Number of missing vias: 0
Checking net VDD vias took 0 seconds.
Check net VSS vias...
Number of missing vias: 0
Checking net VSS vias took 0 seconds.
Overall runtime: 0 seconds.
check_routes -drc true
Warning: Cell contains tie connections which are not connected to real PG. (ZRT-511)
Warning: Ignore contact DIFFCON. (ZRT-015)
Turn off antenna since no rule is specified
Cell Min-Routing-Layer = M2
Cell Max-Routing-Layer = M7
Warning: Ignore 2 top cell ports with no pins. (ZRT-027)
Info: number of net_type_blockage: 0 
Warning: Contact VIA89's lower layer enclosure width does not satisfy end of line enclosure design rule. (ZRT-042)
Warning: Contact VIA89's upper layer enclosure width does not satisfy end of line enclosure design rule. (ZRT-042)
Warning: Contact VIA89's lower layer enclosure height does not satisfy end of line enclosure design rule. (ZRT-042)
Warning: Contact VIA89's upper layer enclosure height does not satisfy end of line enclosure design rule. (ZRT-042)
Warning: Contact VIA89C's lower layer enclosure height does not satisfy end of line enclosure design rule. (ZRT-042)
Warning: Contact VIA89C's upper layer enclosure width does not satisfy end of line enclosure design rule. (ZRT-042)
Warning: Contact VIA89C's lower layer enclosure width does not satisfy end of line enclosure design rule. (ZRT-042)
Warning: Contact VIA89C's upper layer enclosure height does not satisfy end of line enclosure design rule. (ZRT-042)
Via on layer (VIA1) needs more than one tracks
Warning: Layer M1 pitch 0.320 may be too small: wire/via-down 0.315, wire/via-up 0.330. (ZRT-026)
Via on layer (VIA1) needs more than one tracks
Warning: Layer M2 pitch 0.320 may be too small: wire/via-down 0.360, wire/via-up 0.320. (ZRT-026)
soft rule ICC2_GENERATED_DEFAULT_SPACING_RULE_3_8_wire is redundant
soft rule LOPT_M3_M7_3_8_wire is redundant
soft rule LOPT_M6_M7_3_8_wire is redundant


Start checking for open nets ... 

net(u_interleaver/copt_net_9744) has floating ports (dbId = 43808 idx_ = 0 numNodes = 2 numEdges = 0 numCmps = 2)
net(optlc_net_405) has floating ports (dbId = 1 idx_ = 1 numNodes = 2 numEdges = 0 numCmps = 2)
net(optlc_net_406) has floating ports (dbId = 3 idx_ = 3 numNodes = 2 numEdges = 0 numCmps = 2)
net(start_Tx) has floating ports (dbId = 4 idx_ = 4 numNodes = 2 numEdges = 0 numCmps = 2)
net(payloadLength[7]) has floating ports (dbId = 6 idx_ = 5 numNodes = 10 numEdges = 0 numCmps = 10)
net(optlc_net_407) has floating ports (dbId = 7 idx_ = 6 numNodes = 2 numEdges = 0 numCmps = 2)
net(optlc_net_408) has floating ports (dbId = 8 idx_ = 7 numNodes = 2 numEdges = 0 numCmps = 2)
net(payloadLength[4]) has floating ports (dbId = 9 idx_ = 8 numNodes = 3 numEdges = 0 numCmps = 3)
net(optlc_net_409) has floating ports (dbId = 10 idx_ = 9 numNodes = 2 numEdges = 0 numCmps = 2)
net(payloadLength[2]) has floating ports (dbId = 11 idx_ = 10 numNodes = 3 numEdges = 0 numCmps = 3)
net(payload_addr[6]) has floating ports (dbId = 15 idx_ = 12 numNodes = 3 numEdges = 0 numCmps = 3)
net(payload_addr[5]) has floating ports (dbId = 16 idx_ = 13 numNodes = 5 numEdges = 0 numCmps = 5)
net(payload_addr[4]) has floating ports (dbId = 17 idx_ = 14 numNodes = 5 numEdges = 0 numCmps = 5)
net(payload_addr[3]) has floating ports (dbId = 18 idx_ = 15 numNodes = 4 numEdges = 0 numCmps = 4)
net(payload_addr[2]) has floating ports (dbId = 19 idx_ = 16 numNodes = 4 numEdges = 0 numCmps = 4)
net(payload_addr[1]) has floating ports (dbId = 20 idx_ = 17 numNodes = 4 numEdges = 0 numCmps = 4)
net(payload_addr[0]) has floating ports (dbId = 21 idx_ = 18 numNodes = 4 numEdges = 0 numCmps = 4)
net(optlc_net_410) has floating ports (dbId = 22 idx_ = 19 numNodes = 2 numEdges = 0 numCmps = 2)
net(optlc_net_411) has floating ports (dbId = 23 idx_ = 20 numNodes = 2 numEdges = 0 numCmps = 2)
net(optlc_net_412) has floating ports (dbId = 24 idx_ = 21 numNodes = 2 numEdges = 0 numCmps = 2)
net(optlc_net_413) has floating ports (dbId = 25 idx_ = 22 numNodes = 2 numEdges = 0 numCmps = 2)
net(optlc_net_414) has floating ports (dbId = 26 idx_ = 23 numNodes = 2 numEdges = 0 numCmps = 2)
net(optlc_net_415) has floating ports (dbId = 27 idx_ = 24 numNodes = 2 numEdges = 0 numCmps = 2)
net(optlc_net_416) has floating ports (dbId = 29 idx_ = 25 numNodes = 2 numEdges = 0 numCmps = 2)
net(payload_wr_en) has floating ports (dbId = 30 idx_ = 26 numNodes = 2 numEdges = 0 numCmps = 2)
net(Tx_real[7]) has floating ports (dbId = 31 idx_ = 27 numNodes = 3 numEdges = 0 numCmps = 3)
net(Tx_real[6]) has floating ports (dbId = 32 idx_ = 28 numNodes = 3 numEdges = 0 numCmps = 3)
net(Tx_real[5]) has floating ports (dbId = 33 idx_ = 29 numNodes = 3 numEdges = 0 numCmps = 3)
net(Tx_real[4]) has floating ports (dbId = 34 idx_ = 30 numNodes = 3 numEdges = 0 numCmps = 3)
net(Tx_real[3]) has floating ports (dbId = 35 idx_ = 31 numNodes = 3 numEdges = 0 numCmps = 3)
net(Tx_real[2]) has floating ports (dbId = 36 idx_ = 32 numNodes = 3 numEdges = 0 numCmps = 3)
net(Tx_real[1]) has floating ports (dbId = 37 idx_ = 33 numNodes = 3 numEdges = 0 numCmps = 3)
net(Tx_real[0]) has floating ports (dbId = 38 idx_ = 34 numNodes = 3 numEdges = 0 numCmps = 3)
net(Tx_imag[7]) has floating ports (dbId = 39 idx_ = 35 numNodes = 3 numEdges = 0 numCmps = 3)
net(Tx_imag[6]) has floating ports (dbId = 40 idx_ = 36 numNodes = 3 numEdges = 0 numCmps = 3)
net(Tx_imag[5]) has floating ports (dbId = 41 idx_ = 37 numNodes = 3 numEdges = 0 numCmps = 3)
net(Tx_imag[4]) has floating ports (dbId = 42 idx_ = 38 numNodes = 3 numEdges = 0 numCmps = 3)
net(Tx_imag[3]) has floating ports (dbId = 43 idx_ = 39 numNodes = 3 numEdges = 0 numCmps = 3)
net(Tx_imag[2]) has floating ports (dbId = 44 idx_ = 40 numNodes = 3 numEdges = 0 numCmps = 3)
net(Tx_imag[1]) has floating ports (dbId = 45 idx_ = 41 numNodes = 3 numEdges = 0 numCmps = 3)
net(Tx_imag[0]) has floating ports (dbId = 46 idx_ = 42 numNodes = 3 numEdges = 0 numCmps = 3)
net(done_Tx) has floating ports (dbId = 47 idx_ = 43 numNodes = 2 numEdges = 0 numCmps = 2)
net(busy) has floating ports (dbId = 48 idx_ = 44 numNodes = 3 numEdges = 0 numCmps = 3)
net(N51) has floating ports (dbId = 49 idx_ = 45 numNodes = 6 numEdges = 0 numCmps = 6)
net(N52) has floating ports (dbId = 50 idx_ = 46 numNodes = 5 numEdges = 0 numCmps = 5)
net(N53) has floating ports (dbId = 51 idx_ = 47 numNodes = 5 numEdges = 0 numCmps = 5)
net(N54) has floating ports (dbId = 52 idx_ = 48 numNodes = 5 numEdges = 0 numCmps = 5)
net(N55) has floating ports (dbId = 53 idx_ = 49 numNodes = 5 numEdges = 0 numCmps = 5)
net(N56) has floating ports (dbId = 54 idx_ = 50 numNodes = 5 numEdges = 0 numCmps = 5)
net(N57) has floating ports (dbId = 55 idx_ = 51 numNodes = 5 numEdges = 0 numCmps = 5)
net(N58) has floating ports (dbId = 56 idx_ = 52 numNodes = 5 numEdges = 0 numCmps = 5)
net(N59) has floating ports (dbId = 57 idx_ = 53 numNodes = 5 numEdges = 0 numCmps = 5)
net(N60) has floating ports (dbId = 58 idx_ = 54 numNodes = 5 numEdges = 0 numCmps = 5)
net(start_cmd) has floating ports (dbId = 59 idx_ = 55 numNodes = 2 numEdges = 0 numCmps = 2)
net(_0_net_) has floating ports (dbId = 60 idx_ = 56 numNodes = 3 numEdges = 0 numCmps = 3)
net(ctrl_start_frame) has floating ports (dbId = 61 idx_ = 57 numNodes = 4 numEdges = 0 numCmps = 4)
net(ctrl_valid_in) has floating ports (dbId = 62 idx_ = 58 numNodes = 2 numEdges = 0 numCmps = 2)
net(ctrl_bit_in) has floating ports (dbId = 63 idx_ = 59 numNodes = 3 numEdges = 0 numCmps = 3)
net(optlc_net_417) has floating ports (dbId = 64 idx_ = 60 numNodes = 2 numEdges = 0 numCmps = 2)
net(ctrl_busy) has floating ports (dbId = 65 idx_ = 61 numNodes = 3 numEdges = 0 numCmps = 3)
net(padded_bit) has floating ports (dbId = 66 idx_ = 62 numNodes = 4 numEdges = 0 numCmps = 4)
net(padded_valid) has floating ports (dbId = 67 idx_ = 63 numNodes = 4 numEdges = 0 numCmps = 4)
net(i_bit) has floating ports (dbId = 68 idx_ = 64 numNodes = 11 numEdges = 0 numCmps = 11)
net(optlc_net_418) has floating ports (dbId = 69 idx_ = 65 numNodes = 2 numEdges = 0 numCmps = 2)
net(demux_valid) has floating ports (dbId = 70 idx_ = 66 numNodes = 4 numEdges = 0 numCmps = 4)
net(mapper_valid) has floating ports (dbId = 71 idx_ = 67 numNodes = 3 numEdges = 0 numCmps = 3)
net(interleaver_valid) has floating ports (dbId = 72 idx_ = 68 numNodes = 2 numEdges = 0 numCmps = 2)
net(ppdu_i) has floating ports (dbId = 73 idx_ = 69 numNodes = 5 numEdges = 0 numCmps = 5)
net(ppdu_q) has floating ports (dbId = 74 idx_ = 70 numNodes = 6 numEdges = 0 numCmps = 6)
net(ppdu_valid) has floating ports (dbId = 75 idx_ = 71 numNodes = 3 numEdges = 0 numCmps = 3)
net(dqpsk_valid) has floating ports (dbId = 76 idx_ = 72 numNodes = 2 numEdges = 0 numCmps = 2)
net(rem24[4]) has floating ports (dbId = 77 idx_ = 73 numNodes = 7 numEdges = 0 numCmps = 7)
net(N68) has floating ports (dbId = 78 idx_ = 74 numNodes = 6 numEdges = 0 numCmps = 6)
net(csk_start_pending) has floating ports (dbId = 79 idx_ = 75 numNodes = 4 numEdges = 0 numCmps = 4)
net(capture_active) has floating ports (dbId = 80 idx_ = 76 numNodes = 3 numEdges = 0 numCmps = 3)
net(dqpsk_mem_real[0][1]) has floating ports (dbId = 81 idx_ = 77 numNodes = 3 numEdges = 0 numCmps = 3)
net(dqpsk_mem_real[0][0]) has floating ports (dbId = 82 idx_ = 78 numNodes = 2 numEdges = 0 numCmps = 2)
net(dqpsk_mem_real[1][1]) has floating ports (dbId = 83 idx_ = 79 numNodes = 3 numEdges = 0 numCmps = 3)
net(dqpsk_mem_real[1][0]) has floating ports (dbId = 84 idx_ = 80 numNodes = 2 numEdges = 0 numCmps = 2)
net(dqpsk_mem_real[2][1]) has floating ports (dbId = 85 idx_ = 81 numNodes = 3 numEdges = 0 numCmps = 3)
net(dqpsk_mem_real[2][0]) has floating ports (dbId = 86 idx_ = 82 numNodes = 2 numEdges = 0 numCmps = 2)
net(dqpsk_mem_real[3][1]) has floating ports (dbId = 87 idx_ = 83 numNodes = 3 numEdges = 0 numCmps = 3)
net(dqpsk_mem_real[3][0]) has floating ports (dbId = 88 idx_ = 84 numNodes = 2 numEdges = 0 numCmps = 2)
net(dqpsk_mem_real[4][1]) has floating ports (dbId = 89 idx_ = 85 numNodes = 3 numEdges = 0 numCmps = 3)
net(dqpsk_mem_real[4][0]) has floating ports (dbId = 90 idx_ = 86 numNodes = 2 numEdges = 0 numCmps = 2)
net(dqpsk_mem_real[5][1]) has floating ports (dbId = 91 idx_ = 87 numNodes = 3 numEdges = 0 numCmps = 3)
net(dqpsk_mem_real[5][0]) has floating ports (dbId = 92 idx_ = 88 numNodes = 2 numEdges = 0 numCmps = 2)
net(dqpsk_mem_real[6][1]) has floating ports (dbId = 93 idx_ = 89 numNodes = 3 numEdges = 0 numCmps = 3)
net(dqpsk_mem_real[6][0]) has floating ports (dbId = 94 idx_ = 90 numNodes = 2 numEdges = 0 numCmps = 2)
net(dqpsk_mem_real[7][1]) has floating ports (dbId = 95 idx_ = 91 numNodes = 3 numEdges = 0 numCmps = 3)
net(dqpsk_mem_real[7][0]) has floating ports (dbId = 96 idx_ = 92 numNodes = 2 numEdges = 0 numCmps = 2)
net(dqpsk_mem_real[8][1]) has floating ports (dbId = 97 idx_ = 93 numNodes = 3 numEdges = 0 numCmps = 3)
net(dqpsk_mem_real[8][0]) has floating ports (dbId = 98 idx_ = 94 numNodes = 2 numEdges = 0 numCmps = 2)
net(dqpsk_mem_real[9][1]) has floating ports (dbId = 99 idx_ = 95 numNodes = 3 numEdges = 0 numCmps = 3)
net(dqpsk_mem_real[9][0]) has floating ports (dbId = 100 idx_ = 96 numNodes = 2 numEdges = 0 numCmps = 2)
net(dqpsk_mem_real[10][1]) has floating ports (dbId = 101 idx_ = 97 numNodes = 3 numEdges = 0 numCmps = 3)
net(dqpsk_mem_real[10][0]) has floating ports (dbId = 102 idx_ = 98 numNodes = 2 numEdges = 0 numCmps = 2)
net(dqpsk_mem_real[11][1]) has floating ports (dbId = 103 idx_ = 99 numNodes = 3 numEdges = 0 numCmps = 3)
net(dqpsk_mem_real[11][0]) has floating ports (dbId = 104 idx_ = 100 numNodes = 2 numEdges = 0 numCmps = 2)
net(dqpsk_mem_real[12][1]) has floating ports (dbId = 105 idx_ = 101 numNodes = 3 numEdges = 0 numCmps = 3)
net(dqpsk_mem_real[12][0]) has floating ports (dbId = 106 idx_ = 102 numNodes = 2 numEdges = 0 numCmps = 2)
net(dqpsk_mem_real[13][1]) has floating ports (dbId = 107 idx_ = 103 numNodes = 3 numEdges = 0 numCmps = 3)
net(dqpsk_mem_real[13][0]) has floating ports (dbId = 108 idx_ = 104 numNodes = 2 numEdges = 0 numCmps = 2)
net(dqpsk_mem_real[14][1]) has floating ports (dbId = 109 idx_ = 105 numNodes = 3 numEdges = 0 numCmps = 3)
net(dqpsk_mem_real[14][0]) has floating ports (dbId = 110 idx_ = 106 numNodes = 2 numEdges = 0 numCmps = 2)
net(dqpsk_mem_real[15][1]) has floating ports (dbId = 111 idx_ = 107 numNodes = 3 numEdges = 0 numCmps = 3)
net(dqpsk_mem_real[15][0]) has floating ports (dbId = 112 idx_ = 108 numNodes = 2 numEdges = 0 numCmps = 2)
net(dqpsk_mem_real[16][1]) has floating ports (dbId = 113 idx_ = 109 numNodes = 3 numEdges = 0 numCmps = 3)
net(dqpsk_mem_real[16][0]) has floating ports (dbId = 114 idx_ = 110 numNodes = 2 numEdges = 0 numCmps = 2)
net(dqpsk_mem_real[17][1]) has floating ports (dbId = 115 idx_ = 111 numNodes = 3 numEdges = 0 numCmps = 3)
net(dqpsk_mem_real[17][0]) has floating ports (dbId = 116 idx_ = 112 numNodes = 2 numEdges = 0 numCmps = 2)
net(dqpsk_mem_real[18][1]) has floating ports (dbId = 117 idx_ = 113 numNodes = 3 numEdges = 0 numCmps = 3)
net(dqpsk_mem_real[18][0]) has floating ports (dbId = 118 idx_ = 114 numNodes = 2 numEdges = 0 numCmps = 2)
net(dqpsk_mem_real[19][1]) has floating ports (dbId = 119 idx_ = 115 numNodes = 3 numEdges = 0 numCmps = 3)
net(dqpsk_mem_real[19][0]) has floating ports (dbId = 120 idx_ = 116 numNodes = 2 numEdges = 0 numCmps = 2)
net(dqpsk_mem_real[20][1]) has floating ports (dbId = 121 idx_ = 117 numNodes = 3 numEdges = 0 numCmps = 3)
net(dqpsk_mem_real[20][0]) has floating ports (dbId = 122 idx_ = 118 numNodes = 2 numEdges = 0 numCmps = 2)
net(dqpsk_mem_real[21][1]) has floating ports (dbId = 123 idx_ = 119 numNodes = 3 numEdges = 0 numCmps = 3)
net(dqpsk_mem_real[21][0]) has floating ports (dbId = 124 idx_ = 120 numNodes = 2 numEdges = 0 numCmps = 2)
net(dqpsk_mem_real[22][1]) has floating ports (dbId = 125 idx_ = 121 numNodes = 3 numEdges = 0 numCmps = 3)
net(dqpsk_mem_real[22][0]) has floating ports (dbId = 126 idx_ = 122 numNodes = 2 numEdges = 0 numCmps = 2)
net(dqpsk_mem_real[23][1]) has floating ports (dbId = 127 idx_ = 123 numNodes = 3 numEdges = 0 numCmps = 3)
net(dqpsk_mem_real[23][0]) has floating ports (dbId = 128 idx_ = 124 numNodes = 2 numEdges = 0 numCmps = 2)
net(dqpsk_mem_real[24][1]) has floating ports (dbId = 129 idx_ = 125 numNodes = 3 numEdges = 0 numCmps = 3)
net(dqpsk_mem_real[24][0]) has floating ports (dbId = 130 idx_ = 126 numNodes = 2 numEdges = 0 numCmps = 2)
net(dqpsk_mem_real[25][1]) has floating ports (dbId = 131 idx_ = 127 numNodes = 3 numEdges = 0 numCmps = 3)
net(dqpsk_mem_real[25][0]) has floating ports (dbId = 132 idx_ = 128 numNodes = 2 numEdges = 0 numCmps = 2)
net(dqpsk_mem_real[26][1]) has floating ports (dbId = 133 idx_ = 129 numNodes = 3 numEdges = 0 numCmps = 3)
net(dqpsk_mem_real[26][0]) has floating ports (dbId = 134 idx_ = 130 numNodes = 2 numEdges = 0 numCmps = 2)
net(dqpsk_mem_real[27][1]) has floating ports (dbId = 135 idx_ = 131 numNodes = 3 numEdges = 0 numCmps = 3)
net(dqpsk_mem_real[27][0]) has floating ports (dbId = 136 idx_ = 132 numNodes = 2 numEdges = 0 numCmps = 2)
net(dqpsk_mem_real[28][1]) has floating ports (dbId = 137 idx_ = 133 numNodes = 3 numEdges = 0 numCmps = 3)
net(dqpsk_mem_real[28][0]) has floating ports (dbId = 138 idx_ = 134 numNodes = 2 numEdges = 0 numCmps = 2)
net(dqpsk_mem_real[29][1]) has floating ports (dbId = 139 idx_ = 135 numNodes = 3 numEdges = 0 numCmps = 3)
net(dqpsk_mem_real[29][0]) has floating ports (dbId = 140 idx_ = 136 numNodes = 2 numEdges = 0 numCmps = 2)
net(dqpsk_mem_real[30][1]) has floating ports (dbId = 141 idx_ = 137 numNodes = 3 numEdges = 0 numCmps = 3)
net(dqpsk_mem_real[30][0]) has floating ports (dbId = 142 idx_ = 138 numNodes = 2 numEdges = 0 numCmps = 2)
net(dqpsk_mem_real[31][1]) has floating ports (dbId = 143 idx_ = 139 numNodes = 3 numEdges = 0 numCmps = 3)
net(dqpsk_mem_real[31][0]) has floating ports (dbId = 144 idx_ = 140 numNodes = 2 numEdges = 0 numCmps = 2)
net(dqpsk_mem_real[32][1]) has floating ports (dbId = 145 idx_ = 141 numNodes = 3 numEdges = 0 numCmps = 3)
net(dqpsk_mem_real[32][0]) has floating ports (dbId = 146 idx_ = 142 numNodes = 2 numEdges = 0 numCmps = 2)
net(dqpsk_mem_real[33][1]) has floating ports (dbId = 147 idx_ = 143 numNodes = 3 numEdges = 0 numCmps = 3)
net(dqpsk_mem_real[33][0]) has floating ports (dbId = 148 idx_ = 144 numNodes = 2 numEdges = 0 numCmps = 2)
net(dqpsk_mem_real[34][1]) has floating ports (dbId = 149 idx_ = 145 numNodes = 3 numEdges = 0 numCmps = 3)
net(dqpsk_mem_real[34][0]) has floating ports (dbId = 150 idx_ = 146 numNodes = 2 numEdges = 0 numCmps = 2)
net(dqpsk_mem_real[35][1]) has floating ports (dbId = 151 idx_ = 147 numNodes = 3 numEdges = 0 numCmps = 3)
net(dqpsk_mem_real[35][0]) has floating ports (dbId = 152 idx_ = 148 numNodes = 2 numEdges = 0 numCmps = 2)
net(dqpsk_mem_real[36][1]) has floating ports (dbId = 153 idx_ = 149 numNodes = 3 numEdges = 0 numCmps = 3)
net(dqpsk_mem_real[36][0]) has floating ports (dbId = 154 idx_ = 150 numNodes = 2 numEdges = 0 numCmps = 2)
net(dqpsk_mem_real[37][1]) has floating ports (dbId = 155 idx_ = 151 numNodes = 3 numEdges = 0 numCmps = 3)
net(dqpsk_mem_real[37][0]) has floating ports (dbId = 156 idx_ = 152 numNodes = 2 numEdges = 0 numCmps = 2)
net(dqpsk_mem_real[38][1]) has floating ports (dbId = 157 idx_ = 153 numNodes = 3 numEdges = 0 numCmps = 3)
net(dqpsk_mem_real[38][0]) has floating ports (dbId = 158 idx_ = 154 numNodes = 2 numEdges = 0 numCmps = 2)
net(dqpsk_mem_real[39][1]) has floating ports (dbId = 159 idx_ = 155 numNodes = 3 numEdges = 0 numCmps = 3)
net(dqpsk_mem_real[39][0]) has floating ports (dbId = 160 idx_ = 156 numNodes = 2 numEdges = 0 numCmps = 2)
net(dqpsk_mem_real[40][1]) has floating ports (dbId = 161 idx_ = 157 numNodes = 3 numEdges = 0 numCmps = 3)
net(dqpsk_mem_real[40][0]) has floating ports (dbId = 162 idx_ = 158 numNodes = 2 numEdges = 0 numCmps = 2)
net(dqpsk_mem_real[41][1]) has floating ports (dbId = 163 idx_ = 159 numNodes = 3 numEdges = 0 numCmps = 3)
net(dqpsk_mem_real[41][0]) has floating ports (dbId = 164 idx_ = 160 numNodes = 2 numEdges = 0 numCmps = 2)
net(dqpsk_mem_real[42][1]) has floating ports (dbId = 165 idx_ = 161 numNodes = 3 numEdges = 0 numCmps = 3)
net(dqpsk_mem_real[42][0]) has floating ports (dbId = 166 idx_ = 162 numNodes = 2 numEdges = 0 numCmps = 2)
net(dqpsk_mem_real[43][1]) has floating ports (dbId = 167 idx_ = 163 numNodes = 3 numEdges = 0 numCmps = 3)
net(dqpsk_mem_real[43][0]) has floating ports (dbId = 168 idx_ = 164 numNodes = 2 numEdges = 0 numCmps = 2)
net(dqpsk_mem_real[44][1]) has floating ports (dbId = 169 idx_ = 165 numNodes = 3 numEdges = 0 numCmps = 3)
net(dqpsk_mem_real[44][0]) has floating ports (dbId = 170 idx_ = 166 numNodes = 2 numEdges = 0 numCmps = 2)
net(dqpsk_mem_real[45][1]) has floating ports (dbId = 171 idx_ = 167 numNodes = 3 numEdges = 0 numCmps = 3)
net(dqpsk_mem_real[45][0]) has floating ports (dbId = 172 idx_ = 168 numNodes = 2 numEdges = 0 numCmps = 2)
net(dqpsk_mem_real[46][1]) has floating ports (dbId = 173 idx_ = 169 numNodes = 3 numEdges = 0 numCmps = 3)
net(dqpsk_mem_real[46][0]) has floating ports (dbId = 174 idx_ = 170 numNodes = 2 numEdges = 0 numCmps = 2)
net(dqpsk_mem_real[47][1]) has floating ports (dbId = 175 idx_ = 171 numNodes = 3 numEdges = 0 numCmps = 3)
net(dqpsk_mem_real[47][0]) has floating ports (dbId = 176 idx_ = 172 numNodes = 2 numEdges = 0 numCmps = 2)
net(dqpsk_mem_real[48][1]) has floating ports (dbId = 177 idx_ = 173 numNodes = 3 numEdges = 0 numCmps = 3)
net(dqpsk_mem_real[48][0]) has floating ports (dbId = 178 idx_ = 174 numNodes = 2 numEdges = 0 numCmps = 2)
net(dqpsk_mem_real[49][1]) has floating ports (dbId = 179 idx_ = 175 numNodes = 3 numEdges = 0 numCmps = 3)
net(dqpsk_mem_real[49][0]) has floating ports (dbId = 180 idx_ = 176 numNodes = 2 numEdges = 0 numCmps = 2)
net(dqpsk_mem_real[50][1]) has floating ports (dbId = 181 idx_ = 177 numNodes = 3 numEdges = 0 numCmps = 3)
net(dqpsk_mem_real[50][0]) has floating ports (dbId = 182 idx_ = 178 numNodes = 2 numEdges = 0 numCmps = 2)
net(dqpsk_mem_real[51][1]) has floating ports (dbId = 183 idx_ = 179 numNodes = 3 numEdges = 0 numCmps = 3)
net(dqpsk_mem_real[51][0]) has floating ports (dbId = 184 idx_ = 180 numNodes = 2 numEdges = 0 numCmps = 2)
net(dqpsk_mem_real[52][1]) has floating ports (dbId = 185 idx_ = 181 numNodes = 3 numEdges = 0 numCmps = 3)
net(dqpsk_mem_real[52][0]) has floating ports (dbId = 186 idx_ = 182 numNodes = 2 numEdges = 0 numCmps = 2)
net(dqpsk_mem_real[53][1]) has floating ports (dbId = 187 idx_ = 183 numNodes = 3 numEdges = 0 numCmps = 3)
net(dqpsk_mem_real[53][0]) has floating ports (dbId = 188 idx_ = 184 numNodes = 2 numEdges = 0 numCmps = 2)
net(dqpsk_mem_real[54][1]) has floating ports (dbId = 189 idx_ = 185 numNodes = 3 numEdges = 0 numCmps = 3)
net(dqpsk_mem_real[54][0]) has floating ports (dbId = 190 idx_ = 186 numNodes = 2 numEdges = 0 numCmps = 2)
net(dqpsk_mem_real[55][1]) has floating ports (dbId = 191 idx_ = 187 numNodes = 3 numEdges = 0 numCmps = 3)
net(dqpsk_mem_real[55][0]) has floating ports (dbId = 192 idx_ = 188 numNodes = 2 numEdges = 0 numCmps = 2)
net(dqpsk_mem_real[56][1]) has floating ports (dbId = 193 idx_ = 189 numNodes = 3 numEdges = 0 numCmps = 3)
net(dqpsk_mem_real[56][0]) has floating ports (dbId = 194 idx_ = 190 numNodes = 2 numEdges = 0 numCmps = 2)
net(dqpsk_mem_real[57][1]) has floating ports (dbId = 195 idx_ = 191 numNodes = 3 numEdges = 0 numCmps = 3)
net(dqpsk_mem_real[57][0]) has floating ports (dbId = 196 idx_ = 192 numNodes = 2 numEdges = 0 numCmps = 2)
net(dqpsk_mem_real[58][1]) has floating ports (dbId = 197 idx_ = 193 numNodes = 3 numEdges = 0 numCmps = 3)
net(dqpsk_mem_real[58][0]) has floating ports (dbId = 198 idx_ = 194 numNodes = 2 numEdges = 0 numCmps = 2)
net(dqpsk_mem_real[59][1]) has floating ports (dbId = 199 idx_ = 195 numNodes = 3 numEdges = 0 numCmps = 3)
net(dqpsk_mem_real[59][0]) has floating ports (dbId = 200 idx_ = 196 numNodes = 2 numEdges = 0 numCmps = 2)
net(dqpsk_mem_real[60][1]) has floating ports (dbId = 201 idx_ = 197 numNodes = 3 numEdges = 0 numCmps = 3)
net(dqpsk_mem_real[60][0]) has floating ports (dbId = 202 idx_ = 198 numNodes = 2 numEdges = 0 numCmps = 2)
net(dqpsk_mem_real[61][1]) has floating ports (dbId = 203 idx_ = 199 numNodes = 3 numEdges = 0 numCmps = 3)
net(dqpsk_mem_real[61][0]) has floating ports (dbId = 204 idx_ = 200 numNodes = 2 numEdges = 0 numCmps = 2)
net(dqpsk_mem_real[62][1]) has floating ports (dbId = 205 idx_ = 201 numNodes = 3 numEdges = 0 numCmps = 3)

... and 41885 more nets has floating ports 

Total number of nets = 42423, of which 0 are not extracted
Total number of open nets = 42085, of which 0 are frozen

Check 42423 nets, 42085 have Errors

[CHECK OPEN NETS] Elapsed real time: 0:00:00 
[CHECK OPEN NETS] Elapsed cpu  time: sys=0:00:00 usr=0:00:00 total=0:00:00
[CHECK OPEN NETS] Stage (MB): Used    0  Alloctr    0  Proc    0 
[CHECK OPEN NETS] Total (MB): Used  104  Alloctr  106  Proc 2492 
Printing options for 'route.common.*'

Printing options for 'route.detail.*'
detail.force_end_on_preferred_grid                      :	 true                

Printing options for 'route.auto_via_ladder.*'


Begin full DRC check ...

Information: Using 6 threads for routing. (ZRT-444)
Checked	3/81 Partitions, Violations =	0
Checked	4/81 Partitions, Violations =	0
Checked	6/81 Partitions, Violations =	0
Checked	9/81 Partitions, Violations =	0
Checked	12/81 Partitions, Violations =	0
Checked	15/81 Partitions, Violations =	0
Checked	18/81 Partitions, Violations =	0
Checked	21/81 Partitions, Violations =	0
Checked	24/81 Partitions, Violations =	0
Checked	27/81 Partitions, Violations =	0
Checked	30/81 Partitions, Violations =	0
Checked	33/81 Partitions, Violations =	0
Checked	36/81 Partitions, Violations =	0
Checked	39/81 Partitions, Violations =	0
Checked	42/81 Partitions, Violations =	0
Checked	45/81 Partitions, Violations =	0
Checked	48/81 Partitions, Violations =	0
Checked	51/81 Partitions, Violations =	0
Checked	54/81 Partitions, Violations =	0
Checked	63/81 Partitions, Violations =	0
Checked	64/81 Partitions, Violations =	0
Checked	65/81 Partitions, Violations =	0
Checked	66/81 Partitions, Violations =	0
Checked	69/81 Partitions, Violations =	0
Checked	73/81 Partitions, Violations =	0
Checked	75/81 Partitions, Violations =	0
Checked	78/81 Partitions, Violations =	0
Checked	81/81 Partitions, Violations =	0
[DRC CHECK] Elapsed real time: 0:00:01 
[DRC CHECK] Elapsed cpu  time: sys=0:00:00 usr=0:00:06 total=0:00:06
[DRC CHECK] Stage (MB): Used    0  Alloctr    0  Proc    0 
[DRC CHECK] Total (MB): Used  124  Alloctr  126  Proc 2492 
Warning: No antenna rules defined, Skip antenna analysis. (ZRT-309)

DRC-SUMMARY:
	@@@@@@@ TOTAL VIOLATIONS =	0


Total Wire Length =                    109339 micron
Total Number of Contacts =             26288
Total Number of Wires =                24287
Total Number of PtConns =              4773
Total Number of Routed Wires =       24287
Total Routed Wire Length =           108205 micron
Total Number of Routed Contacts =       26288
	Layer          M1 :         94 micron
	Layer          M2 :      45337 micron
	Layer          M3 :      52151 micron
	Layer          M4 :      10962 micron
	Layer          M5 :        464 micron
	Layer          M6 :        330 micron
	Layer          M7 :          0 micron
	Layer          M8 :          0 micron
	Layer          M9 :          0 micron
	Via        VIA56C :          2
	Via        VIA45C :         15
	Via        VIA34C :        512
	Via   VIA34C(rot) :          6
	Via        VIA23C :      15313
	Via        VIA12C :         27
	Via   VIA12C(rot) :       7445
	Via        VIA12B :          6
	Via   VIA12B(rot) :       2962

 
Redundant via conversion report:
--------------------------------

  Total optimized via conversion rate =  0.00% (0 / 26288 vias)
 
    Layer VIA1       =  0.00% (0      / 10440   vias)
        Un-optimized =  0.00% (0       vias)
        Un-mapped    = 100.00% (10440   vias)
    Layer VIA2       =  0.00% (0      / 15313   vias)
        Un-optimized =  0.00% (0       vias)
        Un-mapped    = 100.00% (15313   vias)
    Layer VIA3       =  0.00% (0      / 518     vias)
        Un-optimized =  0.00% (0       vias)
        Un-mapped    = 100.00% (518     vias)
    Layer VIA4       =  0.00% (0      / 15      vias)
        Un-optimized =  0.00% (0       vias)
        Un-mapped    = 100.00% (15      vias)
    Layer VIA5       =  0.00% (0      / 2       vias)
        Un-optimized =  0.00% (0       vias)
        Un-mapped    = 100.00% (2       vias)
 
  Total double via conversion rate    =  0.00% (0 / 26288 vias)
 
    Layer VIA1       =  0.00% (0      / 10440   vias)
    Layer VIA2       =  0.00% (0      / 15313   vias)
    Layer VIA3       =  0.00% (0      / 518     vias)
    Layer VIA4       =  0.00% (0      / 15      vias)
    Layer VIA5       =  0.00% (0      / 2       vias)
 
  The optimized via conversion rate based on total routed via count =  0.00% (0 / 26288 vias)
 
    Layer VIA1       =  0.00% (0      / 10440   vias)
        Un-optimized =  0.00% (0       vias)
        Un-mapped    = 100.00% (10440   vias)
    Layer VIA2       =  0.00% (0      / 15313   vias)
        Un-optimized =  0.00% (0       vias)
        Un-mapped    = 100.00% (15313   vias)
    Layer VIA3       =  0.00% (0      / 518     vias)
        Un-optimized =  0.00% (0       vias)
        Un-mapped    = 100.00% (518     vias)
    Layer VIA4       =  0.00% (0      / 15      vias)
        Un-optimized =  0.00% (0       vias)
        Un-mapped    = 100.00% (15      vias)
    Layer VIA5       =  0.00% (0      / 2       vias)
        Un-optimized =  0.00% (0       vias)
        Un-mapped    = 100.00% (2       vias)
 


Verify Summary:

Total number of nets = 42423, of which 0 are not extracted
Total number of open nets = 42085, of which 0 are frozen
Total number of excluded ports = 0 ports of 0 unplaced cells connected to 0 nets
                                 0 ports without pins of 0 cells connected to 0 nets
                                 0 ports of 0 cover cells connected to 0 non-pg nets
Total number of DRCs = 0
Total number of antenna violations = no antenna rules defined
Total number of tie to rail violations = not checked
Total number of tie to rail directly violations = not checked


########################handel################################
sh rm -rf ../results/worst
sh mkdir -p ../results/worst
sh mkdir -p ../results/worst/reports
sh mkdir -p ../results/worst/outputs
###############################reports#####################
report_timing -delay_type max  -max_paths 10                    > ../results/worst/reports/setup.rpt
report_timing -delay_type min  -max_paths 10                    > ../results/worst/reports/hold.rpt
report_constraint -all_violators                                > ../results/worst/reports/constraints_violated.rpt
report_qor                                                      > ../results/worst/reports/syn_qor.rpt
report_clock_qor -type structure                                > ../results/worst/reports/clock_qor.rpt
write_def                        ../results/worst/outputs/${design}_${current_stage}.def
****************************************
Report : Data Mismatches
Version: O-2018.06-SP1
Date   : Sat Sep 19 06:28:19 2026
****************************************
No mismatches exist on the design.
---------------------------------------
Number of Written DEF Constructs
---------------------------------------
VERSION                        : 1
DIVIDERCHAR                    : 1
BUSBITCHARS                    : 1
DESIGN                         : 1
UNITS                          : 1
PROPERTYDEFINITIONS            : 1
DIEAREA                        : 1
ROW                            : 315
TRACKS                         : 18
VIAS                           : 10
NONDEFAULTRULES                : 5
COMPONENTS                     : 42140
PINS                           : 51
PINPROPERTIES                  : 47
SPECIALNETS                    : 224
NETS                           : 42421
1
write_verilog     -include {all} ../results/worst/outputs/${design}_${current_stage}.v
1
write_sdc         -output     ../results/worst/outputs/${design}_${current_stage}.sdc
1
##################save####################################
save_block -as ${design}_${current_stage} ${design}.dlib:${design}_${current_stage}.design
Information: Saving block 'css_phy_tx_top.dlib:css_phy_tx_top_cts.design'
1
1
icc2_shell> report_clocks
****************************************
Report : clock
Design : css_phy_tx_top
Mode   : default
Version: O-2018.06-SP1
Date   : Sat Sep 19 06:28:48 2026
****************************************


Attributes:
    p - Propagated clock
    G - Generated  clock
    U - Unexpanded generated clock

Clock          Period   Waveform            Attrs     Sources
--------------------------------------------------------------------------------
CLK             50.00   {0 25}              p         {clk}

1
icc2_shell> start_gui
icc2_shell> exit
Maximum memory usage for this session: 1068.40 MB
CPU usage for this session:   1072 seconds (  0.30 hours)
Elapsed time for this session:    915 seconds (  0.25 hours)
Thank you for using IC Compiler II.
